timestamp_end,power_watts_end,kettle_watts_end,kettle_on_true,kettle_on_prob,kettle_on_pred,decision_threshold
2013-02-18 16:00:00,271.1502686,1.0,0,0.4040738046169281,0,0.7
2013-02-18 17:00:00,1267.474121,107.51448,0,0.3996458053588867,0,0.7
2013-02-18 18:00:00,1098.681885,1.0,0,0.3999198377132416,0,0.7
2013-02-18 19:00:00,616.0657349,1.0068259,0,0.5137556195259094,0,0.7
2013-02-18 20:00:00,453.9338074,1.0,0,0.41415712237358093,0,0.7
2013-02-18 21:00:00,828.2887573,1.0,0,0.45414307713508606,0,0.7
2013-02-18 22:00:00,957.5858154,1.0,0,0.2797921895980835,0,0.7
2013-02-18 23:00:00,299.1917419,1.0,0,0.3610742390155792,0,0.7
2013-02-19 00:00:00,314.4112244,1.0,0,0.2542116940021515,0,0.7
2013-02-19 01:00:00,263.7285767,1.0,0,0.4158746898174286,0,0.7
2013-02-19 02:00:00,280.5454407,1.0,0,0.3206726908683777,0,0.7
2013-02-19 03:00:00,290.2882996,1.0,0,0.40479224920272827,0,0.7
2013-02-19 04:00:00,277.664856,1.0,0,0.17513741552829742,0,0.7
2013-02-19 05:00:00,255.3669128,1.0,0,0.273505300283432,0,0.7
2013-02-19 06:00:00,285.5260315,1.0,0,0.17956571280956268,0,0.7
2013-02-19 07:00:00,472.4681091,102.19244,0,0.2053588181734085,0,0.7
2013-02-19 08:00:00,650.6343994,69.17265,0,0.18236105144023895,0,0.7
2013-02-19 09:00:00,375.3558655,1.2226087,0,0.559196949005127,0,0.7
2013-02-19 10:00:00,388.5469055,1.0035273,0,0.4206172525882721,0,0.7
2013-02-19 11:00:00,448.0625,1.0,0,0.47773978114128113,0,0.7
2013-02-19 12:00:00,671.2741699,53.867123,0,0.3717350363731384,0,0.7
2013-02-19 13:00:00,391.4585876,1.0034188,0,0.5186294317245483,0,0.7
2013-02-19 14:00:00,464.4961853,89.80171,0,0.3342847526073456,0,0.7
2013-02-19 15:00:00,332.7295227,1.0,0,0.20671898126602173,0,0.7
2013-02-19 16:00:00,366.3883972,1.0,0,0.2388010025024414,0,0.7
2013-02-19 17:00:00,523.4801636,1.0,0,0.253401517868042,0,0.7
2013-02-19 18:00:00,980.8637085,96.65921,0,0.22687844932079315,0,0.7
2013-02-19 19:00:00,563.7910767,1.0,0,0.37304332852363586,0,0.7
2013-02-19 20:00:00,529.0018311,1.0,0,0.35731202363967896,0,0.7
2013-02-19 21:00:00,653.4156494,1.0034071,0,0.390781044960022,0,0.7
2013-02-19 22:00:00,246.6261139,1.0,0,0.2967217266559601,0,0.7
2013-02-19 23:00:00,252.3410339,1.0,0,0.2074832320213318,0,0.7
2013-02-20 00:00:00,257.2287903,1.0,0,0.19999194145202637,0,0.7
2013-02-20 01:00:00,291.9124146,1.0068611,0,0.22546102106571198,0,0.7
2013-02-20 02:00:00,239.9576721,1.0068847,0,0.17872798442840576,0,0.7
2013-02-20 03:00:00,276.7977905,1.0,0,0.19175300002098083,0,0.7
2013-02-20 04:00:00,251.5410767,1.0,0,0.16138526797294617,0,0.7
2013-02-20 05:00:00,297.3786316,1.0,0,0.1710871160030365,0,0.7
2013-02-20 06:00:00,279.7337036,1.0,0,0.13398905098438263,0,0.7
2013-02-20 07:00:00,362.1654663,68.506874,0,0.13251163065433502,0,0.7
2013-02-20 08:00:00,534.8410645,21.256454,0,0.14271216094493866,0,0.7
2013-02-20 09:00:00,420.135498,1.0051546,0,0.21979057788848877,0,0.7
2013-02-20 10:00:00,0.0,1.0051546,0,0.19569814205169678,0,0.7
2013-02-20 11:00:00,414.4052429,1.0,0,0.2183283269405365,0,0.7
2013-02-20 12:00:00,875.7789307,1.0,0,0.321981281042099,0,0.7
2013-02-20 13:00:00,462.9422302,99.595894,0,0.3515392541885376,0,0.7
2013-02-20 14:00:00,316.4458618,1.0,0,0.37084174156188965,0,0.7
2013-02-20 15:00:00,210.9643555,1.0034364,0,0.37436431646347046,0,0.7
2013-02-20 16:00:00,500.4363708,66.801025,0,0.45453545451164246,0,0.7
2013-02-20 17:00:00,553.1790771,77.65577,0,0.5028560161590576,0,0.7
2013-02-20 18:00:00,479.4145508,1.0,0,0.5146108269691467,0,0.7
2013-02-20 19:00:00,1152.098633,94.982994,0,0.5618602633476257,0,0.7
2013-02-20 20:00:00,918.1634521,1.0,0,0.7278736233711243,1,0.7
2013-02-20 21:00:00,522.614563,1.0,0,0.7305955290794373,1,0.7
2013-02-20 22:00:00,369.7767944,1.0,0,0.6445857286453247,0,0.7
2013-02-20 23:00:00,291.3747864,1.0,0,0.5919504165649414,0,0.7
2013-02-21 00:00:00,270.0251465,1.0,0,0.6657572388648987,0,0.7
2013-02-21 01:00:00,274.4092407,1.0,0,0.6258174180984497,0,0.7
2013-02-21 02:00:00,250.4863892,1.0,0,0.6270821690559387,0,0.7
2013-02-21 03:00:00,241.5895996,1.0,0,0.5367186069488525,0,0.7
2013-02-21 04:00:00,271.7111816,1.0,0,0.5158414840698242,0,0.7
2013-02-21 05:00:00,250.3811188,1.0,0,0.4275468587875366,0,0.7
2013-02-21 06:00:00,275.4504395,1.0,0,0.44907593727111816,0,0.7
2013-02-21 07:00:00,313.0145264,1.0,0,0.37387657165527344,0,0.7
2013-02-21 08:00:00,726.2312012,112.354454,0,0.30746111273765564,0,0.7
2013-02-21 09:00:00,445.9435425,1.0,0,0.5804696679115295,0,0.7
2013-02-21 10:00:00,307.0839233,1.0,0,0.6334967017173767,0,0.7
2013-02-21 11:00:00,440.190979,68.50862,0,0.4137569069862366,0,0.7
2013-02-21 12:00:00,419.1992798,1.0,0,0.43196043372154236,0,0.7
2013-02-21 13:00:00,379.0018311,1.0,0,0.31890159845352173,0,0.7
2013-02-21 14:00:00,901.6328125,1.0,0,0.31333455443382263,0,0.7
2013-02-21 15:00:00,933.2658691,70.15987,0,0.3138112723827362,0,0.7
2013-02-21 16:00:00,535.5276489,5.020513,0,0.2947538197040558,0,0.7
2013-02-21 17:00:00,592.1978149,66.16897,0,0.3752121925354004,0,0.7
2013-02-21 18:00:00,533.3162842,1.0,0,0.37306350469589233,0,0.7
2013-02-21 19:00:00,707.1984863,197.0457,0,0.28859812021255493,0,0.7
2013-02-21 20:00:00,729.2553101,1.0,1,0.3125903606414795,0,0.7
2013-02-21 21:00:00,846.5882568,1.0102739,1,0.23022030293941498,0,0.7
2013-02-21 22:00:00,1092.989014,1.0068493,1,0.1463034600019455,0,0.7
2013-02-21 23:00:00,234.4154663,1.0,1,0.1600784957408905,0,0.7
2013-02-22 00:00:00,201.2513428,1.0,1,0.19820460677146912,0,0.7
2013-02-22 01:00:00,233.1693726,1.0,1,0.2339916080236435,0,0.7
2013-02-22 02:00:00,193.3399353,1.0068847,1,0.26144298911094666,0,0.7
2013-02-22 03:00:00,203.7867432,1.0,1,0.2837844789028168,0,0.7
2013-02-22 04:00:00,200.6595306,1.0,1,0.3337433338165283,0,0.7
2013-02-22 05:00:00,200.5169983,1.0068965,1,0.2935953736305237,0,0.7
2013-02-22 06:00:00,194.6726685,1.0,1,0.30841583013534546,0,0.7
2013-02-22 07:00:00,229.4432373,1.0,1,0.28213098645210266,0,0.7
2013-02-22 08:00:00,463.1329651,156.96913,1,0.36485782265663147,0,0.7
2013-02-22 09:00:00,516.571167,17.187931,1,0.528062641620636,0,0.7
2013-02-22 10:00:00,253.1341705,1.0,1,0.6695693135261536,0,0.7
2013-02-22 11:00:00,333.6184387,106.73024,1,0.6798077821731567,0,0.7
2013-02-22 12:00:00,611.4163818,1.0,1,0.7659611105918884,1,0.7
2013-02-22 13:00:00,992.3905029,98.679726,1,0.7709476947784424,1,0.7
2013-02-22 14:00:00,326.2481995,1.0,1,0.7842247486114502,1,0.7
2013-02-22 15:00:00,248.1099091,1.0034364,1,0.7918744087219238,1,0.7
2013-02-22 16:00:00,1282.666016,20.562925,1,0.786395251750946,1,0.7
2013-02-22 17:00:00,824.0059204,59.962265,1,0.7869048714637756,1,0.7
2013-02-22 18:00:00,488.0145569,1.0,1,0.8245335817337036,1,0.7
2013-02-22 19:00:00,444.0516052,1.0034482,1,0.8138238191604614,1,0.7
2013-02-22 20:00:00,512.2692871,1.0,0,0.8540771007537842,1,0.7
2013-02-22 21:00:00,444.4955444,1.0,0,0.7690097093582153,1,0.7
2013-02-22 22:00:00,274.8892822,1.0,0,0.7830619812011719,1,0.7
2013-02-22 23:00:00,233.7486572,1.0,0,0.3963046669960022,0,0.7
2013-02-23 00:00:00,208.4438477,1.0,0,0.42149028182029724,0,0.7
2013-02-23 01:00:00,202.1931458,1.0034482,0,0.3314482569694519,0,0.7
2013-02-23 02:00:00,226.804657,1.0,0,0.399413526058197,0,0.7
2013-02-23 03:00:00,188.3063049,1.0,0,0.2916003167629242,0,0.7
2013-02-23 04:00:00,208.8075562,1.0,0,0.31804606318473816,0,0.7
2013-02-23 05:00:00,209.7257996,1.0,0,0.2297915667295456,0,0.7
2013-02-23 06:00:00,314.8443298,1.0,0,0.27315858006477356,0,0.7
2013-02-23 07:00:00,211.9819794,1.0,0,0.2709639072418213,0,0.7
2013-02-23 08:00:00,343.115448,1.0,0,0.256754606962204,0,0.7
2013-02-23 09:00:00,618.4399414,88.738304,0,0.232991561293602,0,0.7
2013-02-23 10:00:00,806.8417358,64.72165,0,0.48906275629997253,0,0.7
2013-02-23 11:00:00,343.3411255,1.0,0,0.4659304916858673,0,0.7
2013-02-23 12:00:00,370.2332764,101.48714,0,0.44897565245628357,0,0.7
2013-02-23 13:00:00,508.3130798,1.0034364,0,0.3919902741909027,0,0.7
2013-02-23 14:00:00,403.5798035,81.02178,0,0.3292320966720581,0,0.7
2013-02-23 15:00:00,278.8640442,1.0,0,0.41188812255859375,0,0.7
2013-02-23 16:00:00,227.7353516,1.0035907,0,0.32827872037887573,0,0.7
2013-02-23 17:00:00,401.5931396,1.0,0,0.4480867385864258,0,0.7
2013-02-23 18:00:00,504.2328491,1.0,0,0.3988611400127411,0,0.7
2013-02-23 19:00:00,723.3723145,1.0,0,0.39932167530059814,0,0.7
2013-02-23 20:00:00,956.0895996,0.99626863,0,0.5169474482536316,0,0.7
2013-02-23 21:00:00,487.0404358,1.0,0,0.6219489574432373,0,0.7
2013-02-23 22:00:00,380.0265503,1.0071943,0,0.5796499848365784,0,0.7
2013-02-23 23:00:00,247.723526,1.0,0,0.5663527846336365,0,0.7
2013-02-24 00:00:00,242.9229431,1.0,0,0.5680673718452454,0,0.7
2013-02-24 01:00:00,209.3369141,1.0,0,0.5915878415107727,0,0.7
2013-02-24 02:00:00,240.1309662,1.0035843,0,0.5356212258338928,0,0.7
2013-02-24 03:00:00,225.4412842,1.0,0,0.5500801205635071,0,0.7
2013-02-24 04:00:00,207.5843658,1.0071684,0,0.47028839588165283,0,0.7
2013-02-24 05:00:00,259.0500793,1.0,0,0.48754075169563293,0,0.7
2013-02-24 06:00:00,230.6612854,1.0,0,0.3881641924381256,0,0.7
2013-02-24 07:00:00,243.5989227,1.0,0,0.44326093792915344,0,0.7
2013-02-24 08:00:00,299.0609436,1.0,0,0.3453234136104584,0,0.7
2013-02-24 09:00:00,589.1334839,97.38919,0,0.3418821394443512,0,0.7
2013-02-24 10:00:00,1551.663086,1.0,0,0.5809364914894104,0,0.7
2013-02-24 11:00:00,380.7721558,1.0035907,0,0.5981334447860718,0,0.7
2013-02-24 12:00:00,537.9324951,130.52972,0,0.5242161750793457,0,0.7
2013-02-24 13:00:00,1673.576782,1.0,0,0.5994754433631897,0,0.7
2013-02-24 14:00:00,1200.7948,1.0,0,0.49705222249031067,0,0.7
2013-02-24 15:00:00,221.0747375,1.0035907,0,0.6818721890449524,0,0.7
2013-02-24 16:00:00,197.3652496,1.0,0,0.5776200890541077,0,0.7
2013-02-24 17:00:00,564.4907227,72.47207,0,0.767163097858429,1,0.7
2013-02-24 18:00:00,465.2509155,1.0,0,0.7017279267311096,1,0.7
2013-02-24 19:00:00,541.2306519,1.0,0,0.8220213651657104,1,0.7
2013-02-24 20:00:00,611.7758179,1.0,0,0.6654307842254639,0,0.7
2013-02-24 21:00:00,401.571167,1.003643,0,0.6023916006088257,0,0.7
2013-02-24 22:00:00,228.7175903,1.0,0,0.3465348482131958,0,0.7
2013-02-24 23:00:00,208.4249573,1.0,0,0.5211302042007446,0,0.7
2013-02-25 00:00:00,242.0448761,1.0,0,0.3457334041595459,0,0.7
2013-02-25 01:00:00,238.7359924,1.0,0,0.4519251585006714,0,0.7
2013-02-25 02:00:00,290.1234436,1.0,0,0.27329397201538086,0,0.7
2013-02-25 03:00:00,246.4365997,1.0,0,0.5073434710502625,0,0.7
2013-02-25 04:00:00,250.1282043,1.0,0,0.37580159306526184,0,0.7
2013-02-25 05:00:00,250.7352448,1.0035907,0,0.4507104754447937,0,0.7
2013-02-25 06:00:00,255.6186981,1.0,0,0.21488213539123535,0,0.7
2013-02-25 07:00:00,666.2932739,99.34415,0,0.35949838161468506,0,0.7
2013-02-25 08:00:00,527.2345581,69.959076,0,0.47671589255332947,0,0.7
2013-02-25 09:00:00,422.0958557,1.0,0,0.5714071989059448,0,0.7
2013-02-25 10:00:00,367.7044678,1.5203252,0,0.3317732512950897,0,0.7
2013-02-25 11:00:00,629.7209473,164.07777,0,0.45569854974746704,0,0.7
2013-02-25 12:00:00,1125.952515,9.3,0,0.333290696144104,0,0.7
2013-02-25 13:00:00,805.5438232,41.394596,0,0.43270689249038696,0,0.7
2013-02-25 14:00:00,290.1842651,1.0,0,0.3033086955547333,0,0.7
2013-02-25 15:00:00,212.7688141,1.0018018,0,0.5876616835594177,0,0.7
2013-02-25 16:00:00,245.3063049,1.0,0,0.5754683613777161,0,0.7
2013-02-25 17:00:00,560.8342285,87.60289,0,0.639492928981781,0,0.7
2013-02-25 18:00:00,744.0986938,73.52612,0,0.5478991270065308,0,0.7
2013-02-25 19:00:00,394.7894592,1.0,0,0.5915348529815674,0,0.7
2013-02-25 20:00:00,557.258667,1.0,0,0.5894883275032043,0,0.7
2013-02-25 21:00:00,460.0678711,1.0,0,0.5283682942390442,0,0.7
2013-02-25 22:00:00,389.8108215,1.0,0,0.4141625761985779,0,0.7
2013-02-25 23:00:00,415.396759,1.0,0,0.4490131437778473,0,0.7
2013-02-26 00:00:00,242.1528778,1.0,0,0.38564953207969666,0,0.7
2013-02-26 01:00:00,252.0895996,1.0068729,0,0.4165295362472534,0,0.7
2013-02-26 02:00:00,193.2706146,1.0086058,0,0.3757690191268921,0,0.7
2013-02-26 03:00:00,172.0992584,1.0,0,0.3763875961303711,0,0.7
2013-02-26 04:00:00,188.6530914,1.0,0,0.35890889167785645,0,0.7
2013-02-26 05:00:00,205.107666,1.0,0,0.3836422860622406,0,0.7
2013-02-26 06:00:00,191.5418243,1.0,0,0.34268832206726074,0,0.7
2013-02-26 07:00:00,311.9710693,87.61962,0,0.3783077001571655,0,0.7
2013-02-26 08:00:00,608.1795044,88.342804,0,0.3920513391494751,0,0.7
2013-02-26 09:00:00,357.1469421,1.0,0,0.6616600751876831,0,0.7
2013-02-26 10:00:00,413.6805115,13.100173,0,0.6499225497245789,0,0.7
2013-02-26 11:00:00,332.551178,1.0,0,0.7100602388381958,1,0.7
2013-02-26 12:00:00,365.5949402,1.0,0,0.7429355382919312,1,0.7
2013-02-26 13:00:00,378.0760803,1.0,0,0.7410469651222229,1,0.7
2013-02-26 14:00:00,442.9851074,1.0,0,0.6272679567337036,0,0.7
2013-02-26 15:00:00,458.4096069,1.0,0,0.6282861232757568,0,0.7
2013-02-26 16:00:00,460.2294922,1.0,0,0.6069521903991699,0,0.7
2013-02-26 17:00:00,983.7137451,96.95,0,0.6361982226371765,0,0.7
2013-02-26 18:00:00,939.5214844,87.87184,0,0.6596319675445557,0,0.7
2013-02-26 19:00:00,683.8228149,1.0,0,0.6659479737281799,0,0.7
2013-02-26 20:00:00,553.7576904,1.0036036,0,0.6605711579322815,0,0.7
2013-02-26 21:00:00,498.368988,1.0036101,0,0.6161798238754272,0,0.7
2013-02-26 22:00:00,441.7713318,1.003937,0,0.5145962834358215,0,0.7
2013-02-26 23:00:00,343.2987366,1.016129,0,0.4004014730453491,0,0.7
2013-02-27 00:00:00,312.7388306,1.3516483,0,0.3643037676811218,0,0.7
2013-02-27 01:00:00,357.1791992,1.0,0,0.3185543119907379,0,0.7
2013-02-27 02:00:00,310.7793579,1.512,0,0.22374370694160461,0,0.7
2013-02-27 03:00:00,315.0107117,1.0,0,0.1326730102300644,0,0.7
2013-02-27 04:00:00,309.9227905,1.0077821,0,0.13393083214759827,0,0.7
2013-02-27 05:00:00,313.1705933,1.0059172,0,0.10252691060304642,0,0.7
2013-02-27 06:00:00,329.555542,1.0,0,0.08664004504680634,0,0.7
2013-02-27 07:00:00,574.5127563,71.58998,0,0.06172627955675125,0,0.7
2013-02-27 08:00:00,686.2160645,95.00725,0,0.11521761864423752,0,0.7
2013-02-27 09:00:00,413.1418152,1.0,0,0.10378915071487427,0,0.7
2013-02-27 10:00:00,403.1532898,1.0036036,0,0.08644299954175949,0,0.7
2013-02-27 11:00:00,485.2926941,1.0,0,0.08299657702445984,0,0.7
2013-02-27 12:00:00,518.1561279,1.0,0,0.10851386934518814,0,0.7
2013-02-27 13:00:00,1456.085815,138.00362,0,0.10679303109645844,0,0.7
2013-02-27 14:00:00,814.1538696,1.0,0,0.0804990753531456,0,0.7
2013-02-27 15:00:00,501.3902588,1.0036101,0,0.06765241920948029,0,0.7
2013-02-27 16:00:00,421.8439941,1.0,0,0.10935459285974503,0,0.7
2013-02-27 17:00:00,848.9611206,182.1874,0,0.0988268107175827,0,0.7
2013-02-27 18:00:00,1464.453735,1.0,0,0.09827561676502228,0,0.7
2013-02-27 19:00:00,1001.816406,1.0072203,0,0.15292777121067047,0,0.7
2013-02-27 20:00:00,633.3321533,1.0,0,0.14267469942569733,0,0.7
2013-02-27 21:00:00,512.9408569,1.0108109,0,0.16103701293468475,0,0.7
2013-02-27 22:00:00,538.7189331,1.0,0,0.1614873856306076,0,0.7
2013-02-27 23:00:00,363.8669128,1.0,0,0.14705462753772736,0,0.7
2013-02-28 00:00:00,338.9408569,1.0,0,0.08809098601341248,0,0.7
2013-02-28 01:00:00,399.9470825,1.0,0,0.07576354593038559,0,0.7
2013-02-28 02:00:00,338.5551453,1.0,0,0.07028031349182129,0,0.7
2013-02-28 03:00:00,353.4937134,1.0,0,0.0660628005862236,0,0.7
2013-02-28 04:00:00,349.6265869,1.0,0,0.04271354526281357,0,0.7
2013-02-28 05:00:00,388.149292,1.0,0,0.04114402085542679,0,0.7
2013-02-28 06:00:00,347.2166138,1.0,0,0.04289796203374863,0,0.7
2013-02-28 07:00:00,701.3575439,69.14802,0,0.04301544651389122,0,0.7
2013-02-28 08:00:00,499.4909363,63.35676,0,0.05979890376329422,0,0.7
2013-02-28 09:00:00,341.1630859,1.0,0,0.09371596574783325,0,0.7
2013-02-28 10:00:00,383.500885,1.0,0,0.08019301295280457,0,0.7
2013-02-28 11:00:00,395.5161438,1.0,0,0.08065430074930191,0,0.7
2013-02-28 12:00:00,361.1497192,1.0035971,0,0.07018201798200607,0,0.7
2013-02-28 13:00:00,594.6764526,1.0,0,0.07852225750684738,0,0.7
2013-02-28 14:00:00,581.7490845,86.97653,0,0.05949633568525314,0,0.7
2013-02-28 15:00:00,421.2619019,1.0,0,0.067664735019207,0,0.7
2013-02-28 16:00:00,344.7403259,1.0,0,0.07081018388271332,0,0.7
2013-02-28 17:00:00,593.2559814,152.91531,0,0.11397019773721695,0,0.7
2013-02-28 18:00:00,513.8135986,1.0,0,0.09581555426120758,0,0.7
2013-02-28 19:00:00,467.2087097,1.0,0,0.16554976999759674,0,0.7
2013-02-28 20:00:00,1286.426758,1.0036364,0,0.21289698779582977,0,0.7
2013-02-28 21:00:00,504.2785645,1.0,0,0.23969709873199463,0,0.7
2013-02-28 22:00:00,381.4854126,1.0,0,0.2471049726009369,0,0.7
2013-02-28 23:00:00,204.6125031,1.0,0,0.2082986831665039,0,0.7
2013-03-01 00:00:00,178.6714478,1.0,0,0.21186710894107819,0,0.7
2013-03-01 01:00:00,172.0928497,1.0072072,0,0.24510353803634644,0,0.7
2013-03-01 02:00:00,194.2236176,1.0,0,0.32449185848236084,0,0.7
2013-03-01 03:00:00,160.6470642,1.0071943,0,0.3075767159461975,0,0.7
2013-03-01 04:00:00,154.1513519,1.0071943,0,0.37316522002220154,0,0.7
2013-03-01 05:00:00,199.167572,1.0,0,0.38097453117370605,0,0.7
2013-03-01 06:00:00,173.1459503,1.0,0,0.48836663365364075,0,0.7
2013-03-01 07:00:00,195.9909821,1.0,0,0.48944562673568726,0,0.7
2013-03-01 08:00:00,920.8221436,162.0434,0,0.45086848735809326,0,0.7
2013-03-01 09:00:00,227.0716858,1.0,0,0.847068727016449,1,0.7
2013-03-01 10:00:00,243.2078094,1.0,0,0.9083248376846313,1,0.7
2013-03-01 11:00:00,226.0286713,1.0,0,0.9126018285751343,1,0.7
2013-03-01 12:00:00,479.5883484,123.49009,0,0.9398621320724487,1,0.7
2013-03-01 13:00:00,582.5864258,81.26667,0,0.9409753680229187,1,0.7
2013-03-01 14:00:00,431.0248108,1.0,0,0.9560569524765015,1,0.7
2013-03-01 15:00:00,287.1853943,1.0,0,0.9408078193664551,1,0.7
2013-03-01 16:00:00,215.2696381,1.0,0,0.95831298828125,1,0.7
2013-03-01 17:00:00,713.4078979,189.13693,0,0.9558781981468201,1,0.7
2013-03-01 18:00:00,1014.095764,55.057762,1,0.9650319814682007,1,0.7
2013-03-01 19:00:00,297.8204651,1.0037174,1,0.9698482751846313,1,0.7
2013-03-01 20:00:00,367.3673706,2.202729,1,0.9696462154388428,1,0.7
2013-03-01 21:00:00,369.4883728,1.0,1,0.9538241028785706,1,0.7
2013-03-01 22:00:00,301.6818237,1.0,1,0.9396595358848572,1,0.7
2013-03-01 23:00:00,183.777771,1.0073801,1,0.9317516088485718,1,0.7
2013-03-02 00:00:00,164.9822083,1.0,1,0.9189907312393188,1,0.7
2013-03-02 01:00:00,248.8754425,1.0,1,0.9379686713218689,1,0.7
2013-03-02 02:00:00,199.7087097,1.0,1,0.9296897649765015,1,0.7
2013-03-02 03:00:00,177.5698853,2.117904,1,0.9236632585525513,1,0.7
2013-03-02 04:00:00,155.0626068,1.0,1,0.8933438658714294,1,0.7
2013-03-02 05:00:00,197.1346436,1.0,1,0.8996425867080688,1,0.7
2013-03-02 06:00:00,181.8835144,1.0046189,1,0.8511369228363037,1,0.7
2013-03-02 07:00:00,337.1161499,107.35915,1,0.781167209148407,1,0.7
2013-03-02 08:00:00,467.6569824,1.0,1,0.7142377495765686,1,0.7
2013-03-02 09:00:00,1127.871582,79.759926,1,0.7282111644744873,1,0.7
2013-03-02 10:00:00,635.9729004,1.0,1,0.8215487003326416,1,0.7
2013-03-02 11:00:00,289.5643005,76.936935,1,0.8340570330619812,1,0.7
2013-03-02 12:00:00,440.9003601,70.07027,1,0.8295099139213562,1,0.7
2013-03-02 13:00:00,268.7763977,1.0,1,0.8348833322525024,1,0.7
2013-03-02 14:00:00,462.1335754,93.818344,1,0.8152111768722534,1,0.7
2013-03-02 15:00:00,336.3327332,1.0036036,1,0.7611743211746216,1,0.7
2013-03-02 16:00:00,219.0964355,1.0,1,0.6980851292610168,0,0.7
2013-03-02 17:00:00,396.4946289,117.47112,1,0.6144297122955322,0,0.7
2013-03-02 18:00:00,557.3720703,1.0,0,0.6784409284591675,0,0.7
2013-03-02 19:00:00,347.4046326,1.0,0,0.4467184543609619,0,0.7
2013-03-02 20:00:00,559.5151367,1.0,0,0.5356322526931763,0,0.7
2013-03-02 21:00:00,549.579834,1.0,0,0.5081596374511719,0,0.7
2013-03-02 22:00:00,375.4298706,1.0,0,0.695136308670044,0,0.7
2013-03-02 23:00:00,801.7171021,1.0,0,0.5959469676017761,0,0.7
2013-03-03 00:00:00,828.8309937,1.0,0,0.5889390110969543,0,0.7
2013-03-03 01:00:00,292.719635,1.0,0,0.5330320000648499,0,0.7
2013-03-03 02:00:00,227.2035675,1.0,0,0.6680328249931335,0,0.7
2013-03-03 03:00:00,151.2540283,1.0,0,0.6412586569786072,0,0.7
2013-03-03 04:00:00,185.0802155,1.0,0,0.6157938838005066,0,0.7
2013-03-03 05:00:00,207.2976837,1.0,0,0.5579236745834351,0,0.7
2013-03-03 06:00:00,179.224823,1.0,0,0.6593344211578369,0,0.7
2013-03-03 07:00:00,373.5762939,116.203606,0,0.6175549030303955,0,0.7
2013-03-03 08:00:00,307.6600952,1.0,0,0.6575198173522949,0,0.7
2013-03-03 09:00:00,253.9856567,1.0,0,0.6819043755531311,0,0.7
2013-03-03 10:00:00,323.4937134,80.740074,0,0.7107720971107483,1,0.7
2013-03-03 11:00:00,391.8018494,50.772564,0,0.6669445633888245,0,0.7
2013-03-03 12:00:00,252.8312225,38.640793,0,0.6800273060798645,0,0.7
2013-03-03 13:00:00,204.2803497,1.0,0,0.6777611374855042,0,0.7
2013-03-03 14:00:00,251.5265045,1.0,0,0.6568087935447693,0,0.7
2013-03-03 15:00:00,232.5787659,1.0,0,0.6407280564308167,0,0.7
2013-03-03 16:00:00,204.4589233,1.0,0,0.6033873558044434,0,0.7
2013-03-03 17:00:00,181.2322693,1.0,0,0.5474722981452942,0,0.7
2013-03-03 18:00:00,206.6834564,1.0,0,0.5312405824661255,0,0.7
2013-03-03 19:00:00,941.6549683,1.0,0,0.476595014333725,0,0.7
2013-03-03 20:00:00,1593.353882,78.730354,0,0.7955378293991089,1,0.7
2013-03-03 21:00:00,883.1885986,77.005424,0,0.8580936789512634,1,0.7
2013-03-03 22:00:00,241.0179901,1.0035971,0,0.8253152370452881,1,0.7
2013-03-03 23:00:00,157.1207275,1.0072203,0,0.8678543567657471,1,0.7
2013-03-04 00:00:00,175.8465729,1.0,0,0.8430115580558777,1,0.7
2013-03-04 01:00:00,174.0254059,1.0,0,0.8316985368728638,1,0.7
2013-03-04 02:00:00,153.7613068,1.0,0,0.7977350950241089,1,0.7
2013-03-04 03:00:00,170.4172668,1.0,0,0.7952858209609985,1,0.7
2013-03-04 04:00:00,172.2100525,1.0,0,0.7846143245697021,1,0.7
2013-03-04 05:00:00,153.4400024,1.0,0,0.7961134910583496,1,0.7
2013-03-04 06:00:00,201.7145386,1.0,0,0.7681032419204712,1,0.7
2013-03-04 07:00:00,797.3948364,145.02347,0,0.7881035804748535,1,0.7
2013-03-04 08:00:00,167.2427521,1.0,0,0.9577232599258423,1,0.7
2013-03-04 09:00:00,180.4955292,1.0,0,0.9766902327537537,1,0.7
2013-03-04 10:00:00,218.7567596,1.0,0,0.9770146608352661,1,0.7
2013-03-04 11:00:00,291.7166443,1.0,0,0.9847815632820129,1,0.7
2013-03-04 12:00:00,223.9237823,1.0,0,0.9835058450698853,1,0.7
2013-03-04 13:00:00,199.7495575,1.0,0,0.9848862290382385,1,0.7
2013-03-04 14:00:00,302.5863342,1.0,0,0.9800505638122559,1,0.7
2013-03-04 15:00:00,167.0053711,1.0,0,0.98435378074646,1,0.7
2013-03-04 16:00:00,201.2633514,1.0,0,0.9817697405815125,1,0.7
2013-03-04 17:00:00,655.2307739,1.0072072,0,0.9760311841964722,1,0.7
2013-03-04 18:00:00,522.0072021,65.29009,0,0.9816063642501831,1,0.7
2013-03-04 19:00:00,252.290329,1.0,0,0.9836552739143372,1,0.7
2013-03-04 20:00:00,201.5706635,1.0,0,0.9827589988708496,1,0.7
2013-03-04 21:00:00,359.0284119,83.11712,0,0.9665060639381409,1,0.7
2013-03-04 22:00:00,368.9584961,1.0,0,0.9346570372581482,1,0.7
2013-03-04 23:00:00,201.0397797,1.0,0,0.9434893131256104,1,0.7
2013-03-05 00:00:00,186.9459534,1.0072203,0,0.9322198033332825,1,0.7
2013-03-05 01:00:00,202.9388428,1.0,0,0.933377206325531,1,0.7
2013-03-05 02:00:00,162.069397,1.0,0,0.9221786260604858,1,0.7
2013-03-05 03:00:00,137.4547119,1.0,0,0.9127430319786072,1,0.7
2013-03-05 04:00:00,168.2991028,1.0071943,0,0.8691060543060303,1,0.7
2013-03-05 05:00:00,136.9456482,1.0,0,0.8387139439582825,1,0.7
2013-03-05 06:00:00,177.472168,1.0035971,0,0.7988048791885376,1,0.7
2013-03-05 07:00:00,746.2431641,107.2509,0,0.7182742357254028,1,0.7
2013-03-05 08:00:00,194.8759003,1.0072072,0,0.841945469379425,1,0.7
2013-03-05 09:00:00,174.4295959,1.0,0,0.9003163576126099,1,0.7
2013-03-05 10:00:00,210.359848,1.0,0,0.9067678451538086,1,0.7
2013-03-05 11:00:00,213.3232727,1.0108109,0,0.9172879457473755,1,0.7
2013-03-05 12:00:00,208.6167603,1.0,0,0.9095684885978699,1,0.7
2013-03-05 13:00:00,168.8499146,1.0,0,0.9223396182060242,1,0.7
2013-03-05 14:00:00,175.7928619,1.0071943,0,0.8964473605155945,1,0.7
2013-03-05 15:00:00,208.6816559,1.0,0,0.9051129221916199,1,0.7
2013-03-05 16:00:00,241.1053619,1.0072203,0,0.8394967913627625,1,0.7
2013-03-05 17:00:00,623.0089111,1.0018018,0,0.8544028401374817,1,0.7
2013-03-05 18:00:00,672.1557617,84.1787,0,0.9177538752555847,1,0.7
2013-03-05 19:00:00,211.6958008,1.0,0,0.938032865524292,1,0.7
2013-03-05 20:00:00,445.9628296,1.0,0,0.9389666318893433,1,0.7
2013-03-05 21:00:00,673.2455444,73.95629,0,0.9430047869682312,1,0.7
2013-03-05 22:00:00,497.5688782,1.0,0,0.9402751922607422,1,0.7
2013-03-05 23:00:00,172.9483948,1.0,0,0.9444156289100647,1,0.7
2013-03-06 00:00:00,212.6605835,1.0,0,0.9333615899085999,1,0.7
2013-03-06 01:00:00,156.0978241,1.0,0,0.9387830495834351,1,0.7
2013-03-06 02:00:00,150.4517822,1.0068493,0,0.9318942427635193,1,0.7
2013-03-06 03:00:00,186.5967712,1.0,0,0.9352471828460693,1,0.7
2013-03-06 04:00:00,168.5152588,1.0,0,0.8949272036552429,1,0.7
2013-03-06 05:00:00,156.9331055,1.0,0,0.9010493159294128,1,0.7
2013-03-06 06:00:00,186.7838898,1.0,0,0.883161187171936,1,0.7
2013-03-06 07:00:00,192.4321442,1.0,0,0.852502167224884,1,0.7
2013-03-06 08:00:00,782.5407104,140.0256,0,0.6436488628387451,0,0.7
2013-03-06 09:00:00,1515.526978,1.0,0,0.908713698387146,1,0.7
2013-03-06 10:00:00,999.5116577,1.0,0,0.947726309299469,1,0.7
2013-03-06 11:00:00,378.8339233,1.0,0,0.9394866228103638,1,0.7
2013-03-06 12:00:00,573.8818359,1.0,0,0.9503999948501587,1,0.7
2013-03-06 13:00:00,228.4793549,1.0,0,0.9305254220962524,1,0.7
2013-03-06 14:00:00,163.9058685,1.0,0,0.9433354735374451,1,0.7
2013-03-06 15:00:00,166.9625702,1.0,0,0.9020556807518005,1,0.7
2013-03-06 16:00:00,166.3397827,1.0,0,0.9049307107925415,1,0.7
2013-03-06 17:00:00,548.5133667,1.0068493,0,0.8955180644989014,1,0.7
2013-03-06 18:00:00,563.6569214,77.06035,0,0.9354722499847412,1,0.7
2013-03-06 19:00:00,235.7626495,1.0,0,0.889877200126648,1,0.7
2013-03-06 20:00:00,382.5381775,99.16354,0,0.9338220357894897,1,0.7
2013-03-06 21:00:00,316.6138916,1.0,0,0.914109468460083,1,0.7
2013-03-06 22:00:00,451.6876221,77.19795,0,0.9267215728759766,1,0.7
2013-03-06 23:00:00,144.6921692,1.003413,0,0.8346055150032043,1,0.7
2013-03-07 00:00:00,164.8922272,1.0,0,0.8979669213294983,1,0.7
2013-03-07 01:00:00,152.5670319,1.0,0,0.8478109836578369,1,0.7
2013-03-07 02:00:00,142.1022949,1.0,0,0.9190406203269958,1,0.7
2013-03-07 03:00:00,163.9593658,1.0,0,0.8457489609718323,1,0.7
2013-03-07 04:00:00,152.5925903,1.0,0,0.862978458404541,1,0.7
2013-03-07 05:00:00,141.1023712,1.0,0,0.7576088309288025,1,0.7
2013-03-07 06:00:00,323.5114746,85.13528,0,0.8051883578300476,1,0.7
2013-03-07 07:00:00,588.6030273,88.04754,0,0.7528005838394165,1,0.7
2013-03-07 08:00:00,258.4460144,1.0,0,0.8932292461395264,1,0.7
2013-03-07 09:00:00,193.9699707,1.0,0,0.8991935849189758,1,0.7
2013-03-07 10:00:00,193.7259979,1.0035971,0,0.9149066805839539,1,0.7
2013-03-07 11:00:00,350.6594543,107.059456,0,0.8884533047676086,1,0.7
2013-03-07 12:00:00,332.3238831,17.947842,0,0.8964899182319641,1,0.7
2013-03-07 13:00:00,1482.574829,0.99497485,0,0.8710740804672241,1,0.7
2013-03-07 14:00:00,359.4704895,1.0,0,0.9143121838569641,1,0.7
2013-03-07 15:00:00,226.6077728,1.0,0,0.9144677519798279,1,0.7
2013-03-07 16:00:00,228.9714355,1.0036036,0,0.9322132468223572,1,0.7
2013-03-07 17:00:00,386.0773315,103.60289,0,0.9201390743255615,1,0.7
2013-03-07 18:00:00,573.375,1.0,0,0.9287062287330627,1,0.7
2013-03-07 19:00:00,729.4490967,1.0072072,0,0.9001840949058533,1,0.7
2013-03-07 20:00:00,798.4120483,77.86,0,0.92826908826828,1,0.7
2013-03-07 21:00:00,431.299469,1.0,0,0.8958184123039246,1,0.7
2013-03-07 22:00:00,296.5344238,1.5231389,0,0.9358559250831604,1,0.7
2013-03-07 23:00:00,206.1005249,1.0,0,0.9154755473136902,1,0.7
2013-03-08 00:00:00,154.9619446,1.0,0,0.9102243781089783,1,0.7
2013-03-08 01:00:00,169.8631592,1.0,0,0.8438735008239746,1,0.7
2013-03-08 02:00:00,182.7228241,1.0,0,0.8803629875183105,1,0.7
2013-03-08 03:00:00,189.5216675,1.0,0,0.8833526968955994,1,0.7
2013-03-08 04:00:00,169.2064056,1.0,0,0.8824985027313232,1,0.7
2013-03-08 05:00:00,165.9575958,1.0,0,0.8250088095664978,1,0.7
2013-03-08 06:00:00,292.6967468,61.323742,0,0.8350218534469604,1,0.7
2013-03-08 07:00:00,918.4564209,105.466545,0,0.883855938911438,1,0.7
2013-03-08 08:00:00,267.730011,1.0,0,0.9512128829956055,1,0.7
2013-03-08 09:00:00,398.8894653,65.33635,0,0.9464267492294312,1,0.7
2013-03-08 10:00:00,186.3726196,1.0,0,0.9485427141189575,1,0.7
2013-03-08 11:00:00,193.7170105,1.0,0,0.9596138000488281,1,0.7
2013-03-08 12:00:00,441.8521729,1.007286,0,0.943735659122467,1,0.7
2013-03-08 13:00:00,437.6863098,1.0036036,0,0.9248188138008118,1,0.7
2013-03-08 14:00:00,190.1085815,1.0,0,0.8836079835891724,1,0.7
2013-03-08 15:00:00,162.2384186,1.0036101,0,0.9066259264945984,1,0.7
2013-03-08 16:00:00,338.6643677,56.807972,0,0.91463303565979,1,0.7
2013-03-08 17:00:00,746.8807983,115.899635,0,0.9172494411468506,1,0.7
2013-03-08 18:00:00,740.4821167,122.84837,0,0.9370678067207336,1,0.7
2013-03-08 19:00:00,218.7362061,1.0,0,0.9547721743583679,1,0.7
2013-03-08 20:00:00,266.2829895,1.0071943,0,0.9582393765449524,1,0.7
2013-03-08 21:00:00,1215.054688,1.0035524,0,0.9418174028396606,1,0.7
2013-03-08 22:00:00,445.5073853,1.0,0,0.934739351272583,1,0.7
2013-03-08 23:00:00,160.1465912,1.0,0,0.9525285959243774,1,0.7
2013-03-09 00:00:00,156.8847504,1.0,0,0.954502284526825,1,0.7
2013-03-09 01:00:00,158.7001801,1.0,0,0.9694352746009827,1,0.7
2013-03-09 02:00:00,155.5671387,1.0034423,0,0.9561077952384949,1,0.7
2013-03-09 03:00:00,155.5807037,1.0068847,0,0.9690988659858704,1,0.7
2013-03-09 04:00:00,174.7832184,1.0,0,0.9479448795318604,1,0.7
2013-03-09 05:00:00,148.7095032,1.0068376,0,0.9631388783454895,1,0.7
2013-03-09 06:00:00,178.2536469,1.0,0,0.9409162402153015,1,0.7
2013-03-09 07:00:00,629.3562622,125.55631,0,0.9582263231277466,1,0.7
2013-03-09 08:00:00,285.952301,1.0,0,0.9550163745880127,1,0.7
2013-03-09 09:00:00,221.1335602,1.0,0,0.9747793674468994,1,0.7
2013-03-09 10:00:00,204.526413,1.0,0,0.9680347442626953,1,0.7
2013-03-09 11:00:00,210.5026245,1.0,0,0.9771210551261902,1,0.7
2013-03-09 12:00:00,198.8951111,1.0,0,0.966934859752655,1,0.7
2013-03-09 13:00:00,200.3409424,1.0,0,0.9750840663909912,1,0.7
2013-03-09 14:00:00,209.8269196,1.0068847,0,0.9573558568954468,1,0.7
2013-03-09 15:00:00,197.435318,1.0,0,0.9669403433799744,1,0.7
2013-03-09 16:00:00,236.5526276,1.0,0,0.9409669637680054,1,0.7
2013-03-09 17:00:00,208.3397522,1.0,0,0.9473398327827454,1,0.7
2013-03-09 18:00:00,209.6017609,1.0,0,0.8871726989746094,1,0.7
2013-03-09 19:00:00,297.090271,1.0,0,0.8808186650276184,1,0.7
2013-03-09 20:00:00,567.5856934,1.0,0,0.8144255876541138,1,0.7
2013-03-09 21:00:00,531.3609009,1.0017182,0,0.9202408790588379,1,0.7
2013-03-09 22:00:00,901.4100952,1.0,0,0.808802604675293,1,0.7
2013-03-09 23:00:00,908.7183228,1.0068144,0,0.8197715282440186,1,0.7
2013-03-10 00:00:00,194.5142365,1.0,0,0.7867414951324463,1,0.7
2013-03-10 01:00:00,181.1482086,1.0,0,0.7872635722160339,1,0.7
2013-03-10 02:00:00,226.6429901,1.0,0,0.6891717314720154,0,0.7
2013-03-10 03:00:00,198.8894806,1.0,0,0.7448282241821289,1,0.7
2013-03-10 04:00:00,204.213028,1.0,0,0.6136041283607483,0,0.7
2013-03-10 05:00:00,425.0566406,1.0,0,0.6401560306549072,0,0.7
2013-03-10 06:00:00,372.3462219,1.0,0,0.5354474782943726,0,0.7
2013-03-10 07:00:00,238.4971924,1.0,0,0.6191697120666504,0,0.7
2013-03-10 08:00:00,0.0,1.0,0,0.44257041811943054,0,0.7
2013-03-10 09:00:00,0.0,1.0,0,0.6658997535705566,0,0.7
2013-03-10 10:00:00,0.0,1.0,0,0.6295989751815796,0,0.7
2013-03-10 11:00:00,0.0,1.0,0,0.670898973941803,0,0.7
2013-03-10 12:00:00,0.0,1.0,0,0.5467450618743896,0,0.7
2013-03-10 13:00:00,0.0,1.0,0,0.6789552569389343,0,0.7
2013-03-10 14:00:00,0.0,1.0,0,0.6578596830368042,0,0.7
2013-03-10 15:00:00,0.0,1.0,0,0.7284778952598572,1,0.7
2013-03-10 16:00:00,0.0,1.0,0,0.5798150897026062,0,0.7
2013-03-10 17:00:00,0.0,1.0,0,0.6298351287841797,0,0.7
2013-03-10 18:00:00,0.0,0.0,0,0.46098825335502625,0,0.7
2013-03-10 19:00:00,0.0,0.0,0,0.41028741002082825,0,0.7
2013-03-10 20:00:00,0.0,0.0,0,0.280726820230484,0,0.7
2013-03-10 21:00:00,0.0,0.0,0,0.2863008677959442,0,0.7
2013-03-10 22:00:00,0.0,0.0,0,0.19200436770915985,0,0.7
2013-03-10 23:00:00,0.0,0.0,0,0.16386400163173676,0,0.7
2013-03-11 00:00:00,0.0,0.0,0,0.06811116635799408,0,0.7
2013-03-11 01:00:00,0.0,0.0,0,0.06947966665029526,0,0.7
2013-03-11 02:00:00,0.0,0.0,0,0.056549519300460815,0,0.7
2013-03-11 03:00:00,0.0,0.0,0,0.0539935939013958,0,0.7
2013-03-11 04:00:00,0.0,0.0,0,0.04341082647442818,0,0.7
2013-03-11 05:00:00,0.0,0.0,0,0.042139578610658646,0,0.7
2013-03-11 06:00:00,0.0,0.0,0,0.03477603197097778,0,0.7
2013-03-11 07:00:00,0.0,0.0,0,0.032491233199834824,0,0.7
2013-03-11 08:00:00,0.0,0.0,0,0.02726510912179947,0,0.7
2013-03-11 09:00:00,0.0,0.0,0,0.02726510912179947,0,0.7
2013-03-11 10:00:00,572.06427,256.19952,0,0.02726510912179947,0,0.7
2013-03-11 11:00:00,352.7352295,1.0,1,0.23260287940502167,0,0.7
2013-03-11 12:00:00,301.3399353,1.0,1,0.4529115855693817,0,0.7
2013-03-11 13:00:00,462.2028809,311.5633,1,0.5992404818534851,0,0.7
2013-03-11 14:00:00,364.6678772,1.0,1,0.7030233144760132,1,0.7
2013-03-11 15:00:00,225.9787292,2.1752577,1,0.8330540060997009,1,0.7
2013-03-11 16:00:00,322.749115,1.0,1,0.8599900007247925,1,0.7
2013-03-11 17:00:00,543.6785889,1.0068729,1,0.8621890544891357,1,0.7
2013-03-11 18:00:00,460.5691223,1.0,1,0.8905980587005615,1,0.7
2013-03-11 19:00:00,311.5044861,1.0,1,0.9337654709815979,1,0.7
2013-03-11 20:00:00,279.2007141,1.0,1,0.9455021619796753,1,0.7
2013-03-11 21:00:00,763.2567139,144.05489,1,0.9429646134376526,1,0.7
2013-03-11 22:00:00,327.8815002,1.0,1,0.9525313973426819,1,0.7
2013-03-11 23:00:00,184.5509796,1.0,1,0.9619275331497192,1,0.7
2013-03-12 00:00:00,144.4722748,1.0,1,0.9699986577033997,1,0.7
2013-03-12 01:00:00,170.0806427,1.0,1,0.9765025973320007,1,0.7
2013-03-12 02:00:00,170.7729797,1.0,1,0.9702914953231812,1,0.7
2013-03-12 03:00:00,155.7629242,1.0,1,0.9720398187637329,1,0.7
2013-03-12 04:00:00,169.473114,1.0,1,0.9596897959709167,1,0.7
2013-03-12 05:00:00,157.2369843,1.0103806,1,0.950322687625885,1,0.7
2013-03-12 06:00:00,182.6399994,1.0069205,1,0.9060395359992981,1,0.7
2013-03-12 07:00:00,787.2614136,148.41167,1,0.8598840236663818,1,0.7
2013-03-12 08:00:00,342.7477112,1.0,1,0.926850438117981,1,0.7
2013-03-12 09:00:00,428.6136475,1.0,1,0.9383673667907715,1,0.7
2013-03-12 10:00:00,233.0,1.0,1,0.905807375907898,1,0.7
2013-03-12 11:00:00,441.1000061,1.0,1,0.9205362200737,1,0.7
2013-03-12 12:00:00,871.3137817,1.0,1,0.9122997522354126,1,0.7
2013-03-12 13:00:00,1821.59375,1.0,1,0.9443750977516174,1,0.7
2013-03-12 14:00:00,599.836792,1.0,0,0.9509692192077637,1,0.7
2013-03-12 15:00:00,283.7032471,1.0070052,0,0.9575295448303223,1,0.7
2013-03-12 16:00:00,274.2359924,1.0,0,0.955858588218689,1,0.7
2013-03-12 17:00:00,666.1206665,106.29578,0,0.969123125076294,1,0.7
2013-03-12 18:00:00,530.2398071,1.0,0,0.9549656510353088,1,0.7
2013-03-12 19:00:00,284.9761353,1.0017513,0,0.9441295266151428,1,0.7
2013-03-12 20:00:00,332.7495728,1.0,0,0.9012660384178162,1,0.7
2013-03-12 21:00:00,514.657959,1.0,0,0.9205125570297241,1,0.7
2013-03-12 22:00:00,401.606842,1.0,0,0.7429012060165405,1,0.7
2013-03-12 23:00:00,193.97966,1.010772,0,0.7373395562171936,1,0.7
2013-03-13 00:00:00,153.0389862,1.0,0,0.6425338387489319,0,0.7
2013-03-13 01:00:00,160.9388733,1.0,0,0.6856643557548523,0,0.7
2013-03-13 02:00:00,178.4685974,1.0,0,0.5503065586090088,0,0.7
2013-03-13 03:00:00,153.5823364,1.0071684,0,0.6102105379104614,0,0.7
2013-03-13 04:00:00,232.972702,1.0,0,0.4878179430961609,0,0.7
2013-03-13 05:00:00,187.2176819,1.0,0,0.5484245419502258,0,0.7
2013-03-13 06:00:00,225.5595245,1.0,0,0.3796771466732025,0,0.7
2013-03-13 07:00:00,428.6637268,91.436035,0,0.36763057112693787,0,0.7
2013-03-13 08:00:00,468.6139221,73.66306,0,0.3525329828262329,0,0.7
2013-03-13 09:00:00,258.6349792,1.0,0,0.5929886698722839,0,0.7
2013-03-13 10:00:00,224.7683105,1.0,0,0.48148563504219055,0,0.7
2013-03-13 11:00:00,1276.599609,1.0,0,0.5644850134849548,0,0.7
2013-03-13 12:00:00,386.1202087,1.0035971,0,0.5057092905044556,0,0.7
2013-03-13 13:00:00,222.9966125,1.0017985,0,0.6672343015670776,0,0.7
2013-03-13 14:00:00,367.5743713,153.13261,0,0.8137880563735962,1,0.7
2013-03-13 15:00:00,235.8307953,1.0,0,0.8423978090286255,1,0.7
2013-03-13 16:00:00,228.9729767,1.0,0,0.774803102016449,1,0.7
2013-03-13 17:00:00,426.4544067,1.0,0,0.8124184608459473,1,0.7
2013-03-13 18:00:00,531.4490967,69.46973,0,0.6759644746780396,0,0.7
2013-03-13 19:00:00,243.7145233,1.0,0,0.7641195058822632,1,0.7
2013-03-13 20:00:00,538.4356689,1.0,0,0.6933537721633911,0,0.7
2013-03-13 21:00:00,670.7110596,1.0,0,0.8198188543319702,1,0.7
2013-03-13 22:00:00,445.1098022,1.0,0,0.7766536474227905,1,0.7
2013-03-13 23:00:00,740.7177124,1.0,0,0.8112693428993225,1,0.7
2013-03-14 00:00:00,839.3603516,1.0,0,0.8097507357597351,1,0.7
2013-03-14 01:00:00,181.9441681,1.0,0,0.8071312308311462,1,0.7
2013-03-14 02:00:00,206.0355988,1.0,0,0.7899197340011597,1,0.7
2013-03-14 03:00:00,229.8257141,1.0,0,0.8449805974960327,1,0.7
2013-03-14 04:00:00,190.6694946,1.0034965,0,0.8384972810745239,1,0.7
2013-03-14 05:00:00,372.6661072,1.0,0,0.8705271482467651,1,0.7
2013-03-14 06:00:00,397.2410889,1.0,0,0.842720091342926,1,0.7
2013-03-14 07:00:00,180.5126953,1.0,0,0.8266299962997437,1,0.7
2013-03-14 08:00:00,426.7577209,98.17637,0,0.8802995085716248,1,0.7
2013-03-14 09:00:00,238.9551392,1.0038835,0,0.873581051826477,1,0.7
2013-03-14 10:00:00,270.2083435,1.0,0,0.8681831359863281,1,0.7
2013-03-14 11:00:00,235.7449341,1.0072072,0,0.8265195488929749,1,0.7
2013-03-14 12:00:00,539.8452148,108.05036,0,0.6359657645225525,0,0.7
2013-03-14 13:00:00,398.9239807,68.533806,0,0.7396969795227051,1,0.7
2013-03-14 14:00:00,186.2037048,1.0035907,0,0.7576228380203247,1,0.7
2013-03-14 15:00:00,214.0222931,1.0,0,0.770325243473053,1,0.7
2013-03-14 16:00:00,229.2736511,1.0,0,0.783348560333252,1,0.7
2013-03-14 17:00:00,657.2285156,72.496445,0,0.7766033411026001,1,0.7
2013-03-14 18:00:00,529.8511353,66.11722,0,0.8324783444404602,1,0.7
2013-03-14 19:00:00,244.4575958,1.0,0,0.8268645405769348,1,0.7
2013-03-14 20:00:00,476.5919495,1.0,0,0.8408238887786865,1,0.7
2013-03-14 21:00:00,451.9210205,1.0,0,0.8335660099983215,1,0.7
2013-03-14 22:00:00,346.2941284,1.0,0,0.8321547508239746,1,0.7
2013-03-14 23:00:00,196.2900543,1.0,0,0.812642514705658,1,0.7
2013-03-15 00:00:00,223.9292908,1.0080972,0,0.8028898239135742,1,0.7
2013-03-15 01:00:00,206.4268951,1.0040404,0,0.7198415398597717,1,0.7
2013-03-15 02:00:00,217.1247864,1.0080808,0,0.6996821761131287,0,0.7
2013-03-15 03:00:00,186.2272797,1.0040568,0,0.6940188407897949,0,0.7
2013-03-15 04:00:00,223.1821289,1.0,0,0.655212938785553,0,0.7
2013-03-15 05:00:00,179.8853302,1.0080808,0,0.6105419993400574,0,0.7
2013-03-15 06:00:00,208.7757111,1.0,0,0.606663703918457,0,0.7
2013-03-15 07:00:00,301.4256287,68.30426,0,0.5776352882385254,0,0.7
2013-03-15 08:00:00,482.6237183,71.97727,0,0.5233930945396423,0,0.7
2013-03-15 09:00:00,227.4730682,1.0,0,0.6711199283599854,0,0.7
2013-03-15 10:00:00,303.2719727,1.0,0,0.7080713510513306,1,0.7
2013-03-15 11:00:00,508.9056091,1.0,0,0.7274430394172668,1,0.7
2013-03-15 12:00:00,314.0168152,1.0,0,0.7376049757003784,1,0.7
2013-03-15 13:00:00,218.155777,1.0,0,0.7335709929466248,1,0.7
2013-03-15 14:00:00,195.3355713,1.0037665,0,0.6968899965286255,0,0.7
2013-03-15 15:00:00,218.8241272,1.007435,0,0.6760696768760681,0,0.7
2013-03-15 16:00:00,221.8459015,1.0,0,0.603754460811615,0,0.7
2013-03-15 17:00:00,642.262207,1.0,0,0.5943768620491028,0,0.7
2013-03-15 18:00:00,677.7958984,91.56736,0,0.7021766901016235,1,0.7
2013-03-15 19:00:00,505.5315247,1.0076046,0,0.7420976758003235,1,0.7
2013-03-15 20:00:00,1191.196289,1.0,0,0.7531530261039734,1,0.7
2013-03-15 21:00:00,1069.413086,1.0,0,0.7507072687149048,1,0.7
2013-03-15 22:00:00,498.494873,24.438095,0,0.7726908326148987,1,0.7
2013-03-15 23:00:00,468.8969116,1.0018761,0,0.7487877607345581,1,0.7
2013-03-16 00:00:00,247.9583282,1.0,0,0.7382155656814575,1,0.7
2013-03-16 01:00:00,198.6487885,1.0,0,0.7234137058258057,1,0.7
2013-03-16 02:00:00,186.9495697,1.0,0,0.7233678102493286,1,0.7
2013-03-16 03:00:00,206.4564514,1.0,0,0.6425707340240479,0,0.7
2013-03-16 04:00:00,212.8479004,1.0037383,0,0.6602216362953186,0,0.7
2013-03-16 05:00:00,182.5500031,1.0,0,0.5634600520133972,0,0.7
2013-03-16 06:00:00,202.230896,1.0,0,0.5882927775382996,0,0.7
2013-03-16 07:00:00,268.0378723,1.0,0,0.5065068006515503,0,0.7
2013-03-16 08:00:00,362.9964905,76.66729,0,0.5965622067451477,0,0.7
2013-03-16 09:00:00,634.3033447,63.521072,0,0.47718364000320435,0,0.7
2013-03-16 10:00:00,273.4513855,1.003861,0,0.7897810935974121,1,0.7
2013-03-16 11:00:00,384.9420166,1.0,0,0.8111951947212219,1,0.7
2013-03-16 12:00:00,484.7303467,66.92336,0,0.8206759095191956,1,0.7
2013-03-16 13:00:00,370.6830139,183.05872,0,0.767949640750885,1,0.7
2013-03-16 14:00:00,1386.20813,49.56788,0,0.7956522703170776,1,0.7
2013-03-16 15:00:00,516.361084,1.0,0,0.7214047312736511,1,0.7
2013-03-16 16:00:00,249.774704,1.0,0,0.759453535079956,1,0.7
2013-03-16 17:00:00,619.0302124,75.02991,0,0.6847209334373474,0,0.7
2013-03-16 18:00:00,434.2125549,1.0037524,0,0.7122354507446289,1,0.7
2013-03-16 19:00:00,360.6395874,43.929104,0,0.7328284382820129,1,0.7
2013-03-16 20:00:00,658.6970215,47.94238,0,0.7170543670654297,1,0.7
2013-03-16 21:00:00,782.5133057,1.0,0,0.6061856746673584,0,0.7
2013-03-16 22:00:00,891.7243042,1.0,0,0.52946937084198,0,0.7
2013-03-16 23:00:00,203.9382477,1.0,0,0.5758846998214722,0,0.7
2013-03-17 00:00:00,210.96875,1.0037106,0,0.5888810157775879,0,0.7
2013-03-17 01:00:00,176.0175781,1.0,0,0.638793408870697,0,0.7
2013-03-17 02:00:00,176.0310364,1.0,0,0.6080729961395264,0,0.7
2013-03-17 03:00:00,216.1112976,1.0,0,0.6746482849121094,0,0.7
2013-03-17 04:00:00,171.4939117,1.0,0,0.7300429940223694,1,0.7
2013-03-17 05:00:00,216.0987854,1.0,0,0.7282195091247559,1,0.7
2013-03-17 06:00:00,209.078537,1.0037174,0,0.681400716304779,0,0.7
2013-03-17 07:00:00,312.8518372,71.18284,0,0.6908183097839355,0,0.7
2013-03-17 08:00:00,497.9745789,41.028736,0,0.7892580032348633,1,0.7
2013-03-17 09:00:00,333.9429932,1.0,0,0.8675070405006409,1,0.7
2013-03-17 10:00:00,1089.933472,1.0,0,0.8662911057472229,1,0.7
2013-03-17 11:00:00,1917.656738,1.0,0,0.9159199595451355,1,0.7
2013-03-17 12:00:00,498.7697754,71.57117,0,0.9339526295661926,1,0.7
2013-03-17 13:00:00,1650.011475,66.76538,0,0.935162365436554,1,0.7
2013-03-17 14:00:00,829.3001709,1.0,0,0.8578606843948364,1,0.7
2013-03-17 15:00:00,462.9707336,63.895603,0,0.771104633808136,1,0.7
2013-03-17 16:00:00,1504.114014,93.88104,0,0.7147185206413269,1,0.7
2013-03-17 17:00:00,716.3377075,43.67472,0,0.6810607314109802,0,0.7
2013-03-17 18:00:00,500.7827759,1.0,0,0.4959567189216614,0,0.7
2013-03-17 19:00:00,484.8503723,1.0076046,0,0.5147948861122131,0,0.7
2013-03-17 20:00:00,735.128479,66.70522,0,0.4895680248737335,0,0.7
2013-03-17 21:00:00,432.2108154,1.0018587,0,0.41872718930244446,0,0.7
2013-03-17 22:00:00,222.813797,1.0,0,0.28844842314720154,0,0.7
2013-03-17 23:00:00,200.1933289,1.0,0,0.06936362385749817,0,0.7
2013-03-18 00:00:00,226.8678284,1.0,0,0.08276905864477158,0,0.7
2013-03-18 01:00:00,202.6911011,1.0,0,0.06836292147636414,0,0.7
2013-03-18 02:00:00,200.8672485,1.0,0,0.058748070150613785,0,0.7
2013-03-18 03:00:00,203.8368073,1.0,0,0.060941796749830246,0,0.7
2013-03-18 04:00:00,199.7050629,1.0,0,0.09311876446008682,0,0.7
2013-03-18 05:00:00,186.7100677,1.0,0,0.06596795469522476,0,0.7
2013-03-18 06:00:00,275.6556396,79.77757,0,0.06466787308454514,0,0.7
2013-03-18 07:00:00,314.4956665,1.007435,0,0.06781019270420074,0,0.7
2013-03-18 08:00:00,546.5877075,73.097824,0,0.09271194785833359,0,0.7
2013-03-18 09:00:00,266.9270935,1.0035524,0,0.16378135979175568,0,0.7
2013-03-18 10:00:00,219.3082275,1.0,0,0.16035820543766022,0,0.7
2013-03-18 11:00:00,493.5729675,105.8244,0,0.17968343198299408,0,0.7
2013-03-18 12:00:00,539.3446045,1.0,0,0.3847426176071167,0,0.7
2013-03-18 13:00:00,232.1558228,1.0,0,0.3364228308200836,0,0.7
2013-03-18 14:00:00,234.679245,1.0,0,0.4508936405181885,0,0.7
2013-03-18 15:00:00,550.5043335,1.0,0,0.6040672659873962,0,0.7
2013-03-18 16:00:00,623.5944824,1.0,0,0.6387447118759155,0,0.7
2013-03-18 17:00:00,512.0772095,1.0,0,0.7267545461654663,1,0.7
2013-03-18 18:00:00,705.8543701,167.45865,0,0.7277558445930481,1,0.7
2013-03-18 19:00:00,317.7062988,1.0,0,0.7163408994674683,1,0.7
2013-03-18 20:00:00,239.3916016,1.0,0,0.7098662853240967,1,0.7
2013-03-18 21:00:00,570.8879395,55.035915,0,0.6509174108505249,0,0.7
2013-03-18 22:00:00,367.6221924,1.0,0,0.5295606851577759,0,0.7
2013-03-18 23:00:00,186.1611786,1.0,0,0.5957936644554138,0,0.7
2013-03-19 00:00:00,200.8670197,1.0,0,0.6094304323196411,0,0.7
2013-03-19 01:00:00,222.9513855,1.0,0,0.7074443101882935,1,0.7
2013-03-19 02:00:00,178.9844513,1.0,0,0.6198623776435852,0,0.7
2013-03-19 03:00:00,201.0642395,1.0,0,0.6822870373725891,0,0.7
2013-03-19 04:00:00,168.6868439,1.0,0,0.5824661254882812,0,0.7
2013-03-19 05:00:00,187.975647,1.0,0,0.6339016556739807,0,0.7
2013-03-19 06:00:00,217.1043549,1.0037314,0,0.5592796802520752,0,0.7
2013-03-19 07:00:00,1090.807861,177.23872,0,0.5245369076728821,0,0.7
2013-03-19 08:00:00,897.973999,1.0,0,0.8467135429382324,1,0.7
2013-03-19 09:00:00,546.5595093,1.0,0,0.8880472183227539,1,0.7
2013-03-19 10:00:00,793.6467285,125.6203,0,0.8902617692947388,1,0.7
2013-03-19 11:00:00,396.684845,23.229166,0,0.884348452091217,1,0.7
2013-03-19 12:00:00,201.9792328,1.0,0,0.8633649945259094,1,0.7
2013-03-19 13:00:00,227.1567993,0.9978448,0,0.8457587361335754,1,0.7
2013-03-19 14:00:00,406.6695557,1.0037174,0,0.861719012260437,1,0.7
2013-03-19 15:00:00,235.4366455,1.0,0,0.859342634677887,1,0.7
2013-03-19 16:00:00,294.3754272,1.0,0,0.8351130485534668,1,0.7
2013-03-19 17:00:00,493.9628296,1.0,0,0.827224612236023,1,0.7
2013-03-19 18:00:00,803.8729858,110.255684,0,0.840888500213623,1,0.7
2013-03-19 19:00:00,306.1478271,1.0,0,0.9085933566093445,1,0.7
2013-03-19 20:00:00,236.0795898,1.0,0,0.8979811072349548,1,0.7
2013-03-19 21:00:00,434.1037598,1.0,0,0.9035995602607727,1,0.7
2013-03-19 22:00:00,216.979126,1.0,0,0.8552232384681702,1,0.7
2013-03-19 23:00:00,181.4766083,1.0,0,0.8664386868476868,1,0.7
2013-03-20 00:00:00,206.6412506,1.0,0,0.8327997326850891,1,0.7
2013-03-20 01:00:00,176.0456085,1.0,0,0.8469045758247375,1,0.7
2013-03-20 02:00:00,172.2844696,1.0,0,0.8633986115455627,1,0.7
2013-03-20 03:00:00,217.6339722,1.0,0,0.8463873267173767,1,0.7
2013-03-20 04:00:00,171.5709229,1.0,0,0.7811998128890991,1,0.7
2013-03-20 05:00:00,177.4494781,1.0,0,0.7567487955093384,1,0.7
2013-03-20 06:00:00,229.8013763,1.0,0,0.6805533766746521,0,0.7
2013-03-20 07:00:00,881.0561523,155.94173,0,0.6265785098075867,0,0.7
2013-03-20 08:00:00,560.3214722,1.0,0,0.8950653076171875,1,0.7
2013-03-20 09:00:00,384.1579895,1.0,0,0.8998217582702637,1,0.7
2013-03-20 10:00:00,354.8057556,1.0037453,0,0.9105645418167114,1,0.7
2013-03-20 11:00:00,513.2259521,91.81301,0,0.8845739960670471,1,0.7
2013-03-20 12:00:00,443.3881226,63.36832,0,0.880032479763031,1,0.7
2013-03-20 13:00:00,221.4624634,1.0,0,0.8582671880722046,1,0.7
2013-03-20 14:00:00,299.2162781,79.14616,0,0.8478808999061584,1,0.7
2013-03-20 15:00:00,336.7735901,1.0,0,0.832822859287262,1,0.7
2013-03-20 16:00:00,254.0961609,1.0,0,0.8303316235542297,1,0.7
2013-03-20 17:00:00,421.0878601,90.04414,0,0.7589495182037354,1,0.7
2013-03-20 18:00:00,729.3549194,1.0,0,0.7742319703102112,1,0.7
2013-03-20 19:00:00,347.828064,1.0,0,0.8015313744544983,1,0.7
2013-03-20 20:00:00,609.4852295,1.0036167,0,0.8443877100944519,1,0.7
2013-03-20 21:00:00,570.9458008,1.0036167,0,0.8251646161079407,1,0.7
2013-03-20 22:00:00,500.1008606,1.0,0,0.8232610821723938,1,0.7
2013-03-20 23:00:00,339.5244751,1.0,0,0.7878475785255432,1,0.7
2013-03-21 00:00:00,197.7320557,1.0,0,0.804087221622467,1,0.7
2013-03-21 01:00:00,229.4238129,1.0,0,0.7487503886222839,1,0.7
2013-03-21 02:00:00,207.1603394,1.0,0,0.7591775059700012,1,0.7
2013-03-21 03:00:00,186.9237366,1.0,0,0.6319236755371094,0,0.7
2013-03-21 04:00:00,233.8091125,1.0,0,0.6762763261795044,0,0.7
2013-03-21 05:00:00,182.1463013,1.0076629,0,0.5593695044517517,0,0.7
2013-03-21 06:00:00,217.61026,1.0,0,0.6222987771034241,0,0.7
2013-03-21 07:00:00,338.7922668,96.48944,0,0.498745322227478,0,0.7
2013-03-21 08:00:00,477.5609436,1.0,0,0.5160567164421082,0,0.7
2013-03-21 09:00:00,584.0182495,124.94313,0,0.6133844256401062,0,0.7
2013-03-21 10:00:00,389.1229858,1.0,0,0.6871688365936279,0,0.7
2013-03-21 11:00:00,0.0,1.0,0,0.6863968372344971,0,0.7
2013-03-21 12:00:00,0.0,1.0,0,0.6889512538909912,0,0.7
2013-03-21 13:00:00,396.4590149,1.0,0,0.6836467981338501,0,0.7
2013-03-21 14:00:00,1039.429443,156.63818,0,0.6746383309364319,0,0.7
2013-03-21 15:00:00,766.5363159,1.0017953,0,0.8034703135490417,1,0.7
2013-03-21 16:00:00,1139.186401,1.0037174,0,0.8064202666282654,1,0.7
2013-03-21 17:00:00,740.0436401,84.8833,0,0.8355569243431091,1,0.7
2013-03-21 18:00:00,593.921875,1.0,0,0.8373719453811646,1,0.7
2013-03-21 19:00:00,506.2169189,103.3638,0,0.7653190493583679,1,0.7
2013-03-21 20:00:00,678.8709106,1.0,0,0.7014216780662537,1,0.7
2013-03-21 21:00:00,514.2547607,1.0072727,0,0.7540371417999268,1,0.7
2013-03-21 22:00:00,680.0905762,1.0,0,0.6048637628555298,0,0.7
2013-03-21 23:00:00,940.8551025,1.0,0,0.5216419696807861,0,0.7
2013-03-22 00:00:00,257.065033,1.0018148,0,0.4363577663898468,0,0.7
2013-03-22 01:00:00,284.0104675,1.0,0,0.6245279312133789,0,0.7
2013-03-22 02:00:00,266.9776917,1.0,0,0.5894308090209961,0,0.7
2013-03-22 03:00:00,305.5672913,1.0,0,0.5336039066314697,0,0.7
2013-03-22 04:00:00,299.5512085,1.0,0,0.4749002158641815,0,0.7
2013-03-22 05:00:00,271.1539612,1.0072333,0,0.5230426788330078,0,0.7
2013-03-22 06:00:00,306.6283875,1.0,0,0.39104294776916504,0,0.7
2013-03-22 07:00:00,585.1812134,87.687164,0,0.2811475992202759,0,0.7
2013-03-22 08:00:00,462.3167725,1.0,0,0.5364147424697876,0,0.7
2013-03-22 09:00:00,554.8972168,104.38113,0,0.6339815855026245,0,0.7
2013-03-22 10:00:00,414.8942871,1.0,0,0.5694076418876648,0,0.7
2013-03-22 11:00:00,477.495636,87.073784,0,0.541989803314209,0,0.7
2013-03-22 12:00:00,275.4527893,1.0,0,0.41454803943634033,0,0.7
2013-03-22 13:00:00,239.3304443,1.0,0,0.292716920375824,0,0.7
2013-03-22 14:00:00,211.4208679,1.0,0,0.3016238808631897,0,0.7
2013-03-22 15:00:00,258.4607239,1.0,0,0.31050926446914673,0,0.7
2013-03-22 16:00:00,452.5275269,77.70192,0,0.3270680606365204,0,0.7
2013-03-22 17:00:00,545.5837402,1.0,0,0.3713524639606476,0,0.7
2013-03-22 18:00:00,1600.585571,118.09002,0,0.44317716360092163,0,0.7
2013-03-22 19:00:00,591.1517334,1.0077369,0,0.6408061385154724,0,0.7
2013-03-22 20:00:00,400.1055298,1.0,0,0.6501481533050537,0,0.7
2013-03-22 21:00:00,560.8878784,1.0074074,0,0.6879979372024536,0,0.7
2013-03-22 22:00:00,485.8013916,1.0,0,0.6000911593437195,0,0.7
2013-03-22 23:00:00,309.9350891,1.0076923,0,0.5629445910453796,0,0.7
2013-03-23 00:00:00,237.3170776,1.0076629,0,0.2984822392463684,0,0.7
2013-03-23 01:00:00,184.9806061,1.0,0,0.30558785796165466,0,0.7
2013-03-23 02:00:00,197.1989594,1.0,0,0.18661153316497803,0,0.7
2013-03-23 03:00:00,191.5482788,1.0,0,0.2270129770040512,0,0.7
2013-03-23 04:00:00,199.7873077,1.0,0,0.19248270988464355,0,0.7
2013-03-23 05:00:00,204.5667877,1.0,0,0.2818368971347809,0,0.7
2013-03-23 06:00:00,237.3412628,1.0,0,0.18942023813724518,0,0.7
2013-03-23 07:00:00,422.199646,90.40883,0,0.21467337012290955,0,0.7
2013-03-23 08:00:00,544.6942139,1.0,0,0.2965937852859497,0,0.7
2013-03-23 09:00:00,281.1754456,1.0,0,0.5555379986763,0,0.7
2013-03-23 10:00:00,221.9357605,1.0038462,0,0.4599631428718567,0,0.7
2013-03-23 11:00:00,265.3590088,1.0039448,0,0.4928968548774719,0,0.7
2013-03-23 12:00:00,241.9683075,1.0,0,0.5053551197052002,0,0.7
2013-03-23 13:00:00,233.6000061,1.0,0,0.5617535710334778,0,0.7
2013-03-23 14:00:00,221.3726196,1.0,0,0.44911083579063416,0,0.7
2013-03-23 15:00:00,242.2189636,1.0,0,0.3857475519180298,0,0.7
2013-03-23 16:00:00,401.7789612,147.89433,0,0.3978251814842224,0,0.7
2013-03-23 17:00:00,701.8652954,1.0,0,0.5327045917510986,0,0.7
2013-03-23 18:00:00,562.4100342,1.0076776,0,0.6715149879455566,0,0.7
2013-03-23 19:00:00,1181.510254,1.0,0,0.7775304317474365,1,0.7
2013-03-23 20:00:00,591.1010742,1.0039062,0,0.7634353637695312,1,0.7
2013-03-23 21:00:00,445.6572876,1.0,0,0.7628188729286194,1,0.7
2013-03-23 22:00:00,293.7341614,1.0,0,0.7083432674407959,1,0.7
2013-03-23 23:00:00,210.649826,1.0076923,0,0.6201369762420654,0,0.7
2013-03-24 00:00:00,227.1989594,1.0,0,0.6480686664581299,0,0.7
2013-03-24 01:00:00,206.901886,1.0,0,0.6011204123497009,0,0.7
2013-03-24 02:00:00,178.7333374,1.0,0,0.5365582704544067,0,0.7
2013-03-24 03:00:00,206.8945618,1.0,0,0.5254918932914734,0,0.7
2013-03-24 04:00:00,181.4227448,1.0,0,0.4723750650882721,0,0.7
2013-03-24 05:00:00,193.133667,1.0,0,0.47587525844573975,0,0.7
2013-03-24 06:00:00,235.6300659,1.0,0,0.48156309127807617,0,0.7
2013-03-24 07:00:00,298.5445251,41.80192,0,0.4417743682861328,0,0.7
2013-03-24 08:00:00,488.8719788,32.69423,0,0.3773868680000305,0,0.7
2013-03-24 09:00:00,677.4006958,49.84542,0,0.48493531346321106,0,0.7
2013-03-24 10:00:00,248.8441772,1.0076629,0,0.6339988112449646,0,0.7
2013-03-24 11:00:00,349.7269592,81.35328,0,0.6898142099380493,0,0.7
2013-03-24 12:00:00,804.3533325,105.515564,0,0.6510574221611023,0,0.7
2013-03-24 13:00:00,312.2539063,1.0,0,0.6781438589096069,0,0.7
2013-03-24 14:00:00,1097.113281,1.0,0,0.6925135254859924,0,0.7
2013-03-24 15:00:00,724.6029053,1.0,0,0.6721076369285583,0,0.7
2013-03-24 16:00:00,308.2733459,0.9980806,0,0.5731568336486816,0,0.7
2013-03-24 17:00:00,340.3782043,1.0,0,0.6605141162872314,0,0.7
2013-03-24 18:00:00,543.6859131,1.0,0,0.7581349015235901,1,0.7
2013-03-24 19:00:00,453.29776,1.0,0,0.6337078213691711,0,0.7
2013-03-24 20:00:00,392.0445251,1.0,0,0.5587692856788635,0,0.7
2013-03-24 21:00:00,563.1333618,1.0,0,0.4088461101055145,0,0.7
2013-03-24 22:00:00,600.2889404,1.0,0,0.43274155259132385,0,0.7
2013-03-24 23:00:00,842.2543335,1.0,0,0.2962278127670288,0,0.7
2013-03-25 00:00:00,838.3460083,1.0038388,0,0.5209047794342041,0,0.7
2013-03-25 01:00:00,213.4559326,1.0,0,0.5801659226417542,0,0.7
2013-03-25 02:00:00,180.7589111,1.0,0,0.6311933398246765,0,0.7
2013-03-25 03:00:00,173.8969574,1.0,0,0.5457087159156799,0,0.7
2013-03-25 04:00:00,207.4080963,1.0,0,0.6209207773208618,0,0.7
2013-03-25 05:00:00,202.210434,1.0,0,0.6469308733940125,0,0.7
2013-03-25 06:00:00,317.1730957,1.0,0,0.6801425218582153,0,0.7
2013-03-25 07:00:00,461.95578,70.093864,0,0.6188209056854248,0,0.7
2013-03-25 08:00:00,565.2254639,84.71892,0,0.7083917260169983,1,0.7
2013-03-25 09:00:00,427.5925293,1.0071943,0,0.7892535924911499,1,0.7
2013-03-25 10:00:00,351.8818359,114.440384,0,0.8502985239028931,1,0.7
2013-03-25 11:00:00,334.8512878,1.0,0,0.7810876369476318,1,0.7
2013-03-25 12:00:00,248.3614502,1.0,0,0.7338033318519592,1,0.7
2013-03-25 13:00:00,231.9532013,1.0,0,0.763435423374176,1,0.7
2013-03-25 14:00:00,218.4672394,1.0,0,0.7282572388648987,1,0.7
2013-03-25 15:00:00,292.3506165,1.0078895,0,0.6333781480789185,0,0.7
2013-03-25 16:00:00,842.140625,146.10516,0,0.4988638460636139,0,0.7
2013-03-25 17:00:00,650.2640991,1.0,0,0.724729597568512,1,0.7
2013-03-25 18:00:00,835.2106934,1.0,0,0.7845715880393982,1,0.7
2013-03-25 19:00:00,517.6342773,1.0,0,0.7858149409294128,1,0.7
2013-03-25 20:00:00,507.8431091,1.0,0,0.7262437343597412,1,0.7
2013-03-25 21:00:00,420.171875,1.0,0,0.7375442981719971,1,0.7
2013-03-25 22:00:00,651.8662109,1.0037524,0,0.6577143669128418,0,0.7
2013-03-25 23:00:00,185.4335022,1.0038241,0,0.6337626576423645,0,0.7
2013-03-26 00:00:00,194.10672,1.0,0,0.5625131726264954,0,0.7
2013-03-26 01:00:00,184.0907593,1.0,0,0.615893542766571,0,0.7
2013-03-26 02:00:00,192.9777069,1.0,0,0.5137937068939209,0,0.7
2013-03-26 03:00:00,185.3361969,1.0,0,0.5132337212562561,0,0.7
2013-03-26 04:00:00,189.9778595,1.0,0,0.45185476541519165,0,0.7
2013-03-26 05:00:00,166.0355377,1.0,0,0.5323711633682251,0,0.7
2013-03-26 06:00:00,237.4283295,1.0,0,0.5009863376617432,0,0.7
2013-03-26 07:00:00,966.7657471,158.6855,0,0.4799281656742096,0,0.7
2013-03-26 08:00:00,332.165802,1.0038685,0,0.8503934144973755,1,0.7
2013-03-26 09:00:00,311.5603333,1.0,0,0.8730306029319763,1,0.7
2013-03-26 10:00:00,261.5378113,1.0038314,0,0.8871455788612366,1,0.7
2013-03-26 11:00:00,451.0654907,123.62235,0,0.9066211581230164,1,0.7
2013-03-26 12:00:00,275.2706604,57.113243,0,0.9132483005523682,1,0.7
2013-03-26 13:00:00,512.9188843,88.85521,0,0.9089241623878479,1,0.7
2013-03-26 14:00:00,399.7666626,1.0,0,0.8865274786949158,1,0.7
2013-03-26 15:00:00,1133.324829,1.0,0,0.8774606585502625,1,0.7
2013-03-26 16:00:00,726.0321045,1.0038462,0,0.9401591420173645,1,0.7
2013-03-26 17:00:00,722.1260986,119.97769,0,0.9439108371734619,1,0.7
2013-03-26 18:00:00,760.5214233,1.0,0,0.9469683766365051,1,0.7
2013-03-26 19:00:00,501.5843506,1.0,0,0.9245373606681824,1,0.7
2013-03-26 20:00:00,667.8918457,62.953007,0,0.9327230453491211,1,0.7
2013-03-26 21:00:00,535.2062378,1.0,0,0.8796433806419373,1,0.7
2013-03-26 22:00:00,789.6190186,1.0,0,0.8655209541320801,1,0.7
2013-03-26 23:00:00,789.3369141,1.0,0,0.7168278694152832,1,0.7
2013-03-27 00:00:00,407.4595032,1.003861,0,0.7583115100860596,1,0.7
2013-03-27 01:00:00,237.2993011,1.0038241,0,0.6381331086158752,0,0.7
2013-03-27 02:00:00,220.8152008,1.0,0,0.7145381569862366,1,0.7
2013-03-27 03:00:00,206.4429321,1.0038168,0,0.5253664255142212,0,0.7
2013-03-27 04:00:00,218.3514404,1.0038168,0,0.5766985416412354,0,0.7
2013-03-27 05:00:00,204.2796631,1.0,0,0.43709152936935425,0,0.7
2013-03-27 06:00:00,212.0961151,1.0,0,0.49084901809692383,0,0.7
2013-03-27 07:00:00,233.4865265,1.0076336,0,0.2790401577949524,0,0.7
2013-03-27 08:00:00,540.9750366,46.07061,0,0.1564098447561264,0,0.7
2013-03-27 09:00:00,587.3641357,79.44853,0,0.37230002880096436,0,0.7
2013-03-27 10:00:00,429.2297058,1.0072072,0,0.597663164138794,0,0.7
2013-03-27 11:00:00,405.4670105,1.0,0,0.5203027129173279,0,0.7
2013-03-27 12:00:00,410.0,1.0,0,0.5857945680618286,0,0.7
2013-03-27 13:00:00,537.0338135,1.0,0,0.5301160216331482,0,0.7
2013-03-27 14:00:00,371.9746094,1.0,0,0.6472095847129822,0,0.7
2013-03-27 15:00:00,367.5376587,1.0035778,0,0.5457829833030701,0,0.7
2013-03-27 16:00:00,480.3539429,107.3125,0,0.5660831332206726,0,0.7
2013-03-27 17:00:00,1268.006958,77.4072,0,0.6570252776145935,0,0.7
2013-03-27 18:00:00,998.1073608,1.0,0,0.7633813619613647,1,0.7
2013-03-27 19:00:00,408.3902588,1.0,0,0.7549973726272583,1,0.7
2013-03-27 20:00:00,321.8118591,1.0,0,0.7389571666717529,1,0.7
2013-03-27 21:00:00,352.6465454,1.0,0,0.8051285147666931,1,0.7
2013-03-27 22:00:00,529.0,1.0,0,0.7731102108955383,1,0.7
2013-03-27 23:00:00,299.3745728,1.0,0,0.6805756092071533,0,0.7
2013-03-28 00:00:00,184.6842957,1.0,0,0.41592493653297424,0,0.7
2013-03-28 01:00:00,194.2329865,1.0,0,0.4722071588039398,0,0.7
2013-03-28 02:00:00,188.503418,1.0,0,0.4419567584991455,0,0.7
2013-03-28 03:00:00,187.7208099,1.0,0,0.34855836629867554,0,0.7
2013-03-28 04:00:00,198.8172607,1.0,0,0.36207014322280884,0,0.7
2013-03-28 05:00:00,184.7521057,1.0,0,0.3825899362564087,0,0.7
2013-03-28 06:00:00,201.2525177,1.0038168,0,0.32007864117622375,0,0.7
2013-03-28 07:00:00,284.1346741,1.0,0,0.2742967903614044,0,0.7
2013-03-28 08:00:00,806.7785645,108.71346,0,0.32013800740242004,0,0.7
2013-03-28 09:00:00,461.0769348,1.0036631,0,0.7649599313735962,1,0.7
2013-03-28 10:00:00,390.0923157,1.0,0,0.7601134777069092,1,0.7
2013-03-28 11:00:00,444.5166321,1.0,0,0.7343122959136963,1,0.7
2013-03-28 12:00:00,469.1135864,105.87276,0,0.819469690322876,1,0.7
2013-03-28 13:00:00,305.7132874,1.0,0,0.8480176329612732,1,0.7
2013-03-28 14:00:00,368.6568604,1.0,0,0.7683929204940796,1,0.7
2013-03-28 15:00:00,483.8225098,1.0,0,0.6809752583503723,0,0.7
2013-03-28 16:00:00,512.3721313,86.365456,0,0.7656275629997253,1,0.7
2013-03-28 17:00:00,767.6027832,87.20615,0,0.7526109218597412,1,0.7
2013-03-28 18:00:00,778.473877,1.0,0,0.7938745617866516,1,0.7
2013-03-28 19:00:00,568.5925903,1.0,0,0.7258447408676147,1,0.7
2013-03-28 20:00:00,1836.474609,84.34846,0,0.7414838671684265,1,0.7
2013-03-28 21:00:00,779.1531372,1.0,0,0.7584154605865479,1,0.7
2013-03-28 22:00:00,432.2760315,1.0,0,0.8050539493560791,1,0.7
2013-03-28 23:00:00,286.3110657,1.0,0,0.6484118700027466,0,0.7
2013-03-29 00:00:00,242.3834229,1.0,0,0.7454597353935242,1,0.7
2013-03-29 01:00:00,246.0120239,1.0,0,0.5770683288574219,0,0.7
2013-03-29 02:00:00,242.8871765,1.0,0,0.6613475680351257,0,0.7
2013-03-29 03:00:00,243.8634796,1.0036167,0,0.36779138445854187,0,0.7
2013-03-29 04:00:00,242.5085297,1.0,0,0.37812381982803345,0,0.7
2013-03-29 05:00:00,240.0135651,1.0,0,0.147255539894104,0,0.7
2013-03-29 06:00:00,527.3795166,81.24729,0,0.20044264197349548,0,0.7
2013-03-29 07:00:00,431.8820496,57.764706,0,0.21849893033504486,0,0.7
2013-03-29 08:00:00,235.9290466,1.0,0,0.3667834401130676,0,0.7
2013-03-29 09:00:00,214.9932098,1.007767,0,0.13618408143520355,0,0.7
2013-03-29 10:00:00,216.9537659,1.0019493,0,0.2117699533700943,0,0.7
2013-03-29 11:00:00,218.8181763,1.0,0,0.17949676513671875,0,0.7
2013-03-29 12:00:00,255.109024,1.0,0,0.30422472953796387,0,0.7
2013-03-29 13:00:00,229.4363403,1.0,0,0.15260519087314606,0,0.7
2013-03-29 14:00:00,181.0101471,1.0,0,0.24220910668373108,0,0.7
2013-03-29 15:00:00,206.0304565,1.0,0,0.20863984525203705,0,0.7
2013-03-29 16:00:00,181.2148895,1.0,0,0.2874412536621094,0,0.7
2013-03-29 17:00:00,189.2407379,1.0038685,0,0.17298121750354767,0,0.7
2013-03-29 18:00:00,211.889267,1.0,0,0.17903506755828857,0,0.7
2013-03-29 19:00:00,239.776474,1.0,0,0.21649542450904846,0,0.7
2013-03-29 20:00:00,228.1979828,1.0,0,0.15817779302597046,0,0.7
2013-03-29 21:00:00,202.3350067,1.0,0,0.24432913959026337,0,0.7
2013-03-29 22:00:00,188.6917877,1.0,0,0.13572871685028076,0,0.7
2013-03-29 23:00:00,179.085434,1.0,0,0.12092205137014389,0,0.7
2013-03-30 00:00:00,190.2046967,1.0,0,0.09517858922481537,0,0.7
2013-03-30 01:00:00,176.3053741,1.0,0,0.08799438923597336,0,0.7
2013-03-30 02:00:00,186.3943024,1.0,0,0.07726135104894638,0,0.7
2013-03-30 03:00:00,227.1210022,1.0135659,0,0.07354645431041718,0,0.7
2013-03-30 04:00:00,173.6178436,1.0077369,0,0.05782436579465866,0,0.7
2013-03-30 05:00:00,177.7478943,1.0,0,0.05731184035539627,0,0.7
2013-03-30 06:00:00,206.3411713,1.0,0,0.04732811823487282,0,0.7
2013-03-30 07:00:00,231.0521851,1.0038986,0,0.03923287242650986,0,0.7
2013-03-30 08:00:00,188.4873962,1.0,0,0.03590206429362297,0,0.7
2013-03-30 09:00:00,200.5286255,1.0,0,0.036540184170007706,0,0.7
2013-03-30 10:00:00,208.1512604,1.0,0,0.03572637960314751,0,0.7
2013-03-30 11:00:00,192.2302551,1.0,0,0.03421490639448166,0,0.7
2013-03-30 12:00:00,180.7176514,1.0077071,0,0.03542362153530121,0,0.7
2013-03-30 13:00:00,205.8386536,1.0,0,0.03348543494939804,0,0.7
2013-03-30 14:00:00,185.9074097,1.0,0,0.031998004764318466,0,0.7
2013-03-30 15:00:00,190.1647034,1.0038462,0,0.03292683884501457,0,0.7
2013-03-30 16:00:00,180.9815063,1.0,0,0.03254987671971321,0,0.7
2013-03-30 17:00:00,246.959671,1.0077972,0,0.0330672487616539,0,0.7
2013-03-30 18:00:00,202.1902313,1.0,0,0.035063207149505615,0,0.7
2013-03-30 19:00:00,185.3956299,1.0,0,0.03632877394556999,0,0.7
2013-03-30 20:00:00,207.5260468,1.0,0,0.03635435551404953,0,0.7
2013-03-30 21:00:00,179.4215851,1.0,0,0.03364647552371025,0,0.7
2013-03-30 22:00:00,187.5505066,1.0,0,0.03476006165146828,0,0.7
2013-03-30 23:00:00,178.417511,1.0038835,0,0.03239712491631508,0,0.7
2013-03-31 00:00:00,193.764801,1.0038986,0,0.033231351524591446,0,0.7
2013-03-31 01:00:00,176.5656586,1.0,0,0.03238609433174133,0,0.7
2013-03-31 02:00:00,171.9780731,1.0,0,0.0332966186106205,0,0.7
2013-03-31 03:00:00,169.2411499,1.0,0,0.03383838012814522,0,0.7
2013-03-31 04:00:00,196.2144012,1.0,0,0.031821541488170624,0,0.7
2013-03-31 05:00:00,177.7719574,1.0,0,0.03202234208583832,0,0.7
2013-03-31 06:00:00,175.2276611,1.003861,0,0.033287692815065384,0,0.7
2013-03-31 07:00:00,178.9915466,1.0,0,0.033201999962329865,0,0.7
2013-03-31 08:00:00,236.2765656,1.0,0,0.03169400617480278,0,0.7
2013-03-31 09:00:00,237.4189148,1.0,0,0.03249600529670715,0,0.7
2013-03-31 10:00:00,182.8718414,1.0,0,0.03326678276062012,0,0.7
2013-03-31 11:00:00,182.0505829,1.0,0,0.034685924649238586,0,0.7
2013-03-31 12:00:00,197.0437775,1.003876,0,0.031166793778538704,0,0.7
2013-03-31 13:00:00,173.8013458,1.0,0,0.03119518607854843,0,0.7
2013-03-31 14:00:00,177.0336761,1.0,0,0.030918128788471222,0,0.7
2013-03-31 15:00:00,188.1045532,1.0,0,0.030525485053658485,0,0.7
2013-03-31 16:00:00,197.8313599,1.0077071,0,0.029277583584189415,0,0.7
2013-03-31 17:00:00,187.0573425,1.0,0,0.032189447432756424,0,0.7
2013-03-31 18:00:00,177.1655426,1.0,0,0.03104986809194088,0,0.7
2013-03-31 19:00:00,187.4080963,1.0,0,0.032163023948669434,0,0.7
2013-03-31 20:00:00,211.9543915,1.0,0,0.029699988663196564,0,0.7
2013-03-31 21:00:00,174.9662781,1.0,0,0.03061014972627163,0,0.7
2013-03-31 22:00:00,187.3598022,1.0,0,0.03122754953801632,0,0.7
2013-03-31 23:00:00,231.0876923,1.0,0,0.031180499121546745,0,0.7
2013-04-01 00:00:00,170.3327637,1.0,0,0.030643759295344353,0,0.7
2013-04-01 01:00:00,190.0202637,1.0,0,0.03335480019450188,0,0.7
2013-04-01 02:00:00,176.3598022,1.0,0,0.032476525753736496,0,0.7
2013-04-01 03:00:00,175.7026978,1.0,0,0.031423214823007584,0,0.7
2013-04-01 04:00:00,174.9390869,1.0,0,0.031225983053445816,0,0.7
2013-04-01 05:00:00,187.6429749,1.0,0,0.030577952042222023,0,0.7
2013-04-01 06:00:00,178.5042267,1.0,0,0.03210103511810303,0,0.7
2013-04-01 07:00:00,181.0693665,1.0,0,0.031545210629701614,0,0.7
2013-04-01 08:00:00,188.2355957,1.0,0,0.032513320446014404,0,0.7
2013-04-01 09:00:00,181.6615906,1.0077071,0,0.03162084147334099,0,0.7
2013-04-01 10:00:00,197.4186401,1.0,0,0.03034396842122078,0,0.7
2013-04-01 11:00:00,179.8186493,1.0115607,0,0.030803881585597992,0,0.7
2013-04-01 12:00:00,193.4500885,1.0,0,0.03029949963092804,0,0.7
2013-04-01 13:00:00,226.7779694,1.0038986,0,0.030237767845392227,0,0.7
2013-04-01 14:00:00,221.4771576,1.0,0,0.029989419505000114,0,0.7
2013-04-01 15:00:00,234.1302948,1.0038388,0,0.030971722677350044,0,0.7
2013-04-01 16:00:00,209.7208099,1.0,0,0.03125150129199028,0,0.7
2013-04-01 17:00:00,196.9256744,1.0,0,0.030934199690818787,0,0.7
2013-04-01 18:00:00,175.9254303,1.0,0,0.030249547213315964,0,0.7
2013-04-01 19:00:00,203.9338989,1.0,0,0.03028256446123123,0,0.7
2013-04-01 20:00:00,927.2156982,0.99242425,0,0.03039552830159664,0,0.7
2013-04-01 21:00:00,587.8389893,1.0037665,0,0.12960317730903625,0,0.7
2013-04-01 22:00:00,259.6914063,1.0,0,0.16011479496955872,0,0.7
2013-04-01 23:00:00,227.6329956,1.0,0,0.2056526243686676,0,0.7
2013-04-02 00:00:00,241.6363678,1.0,0,0.27685582637786865,0,0.7
2013-04-02 01:00:00,195.3743744,1.0,0,0.34838542342185974,0,0.7
2013-04-02 02:00:00,201.4302521,1.0,0,0.3288396894931793,0,0.7
2013-04-02 03:00:00,218.9579163,1.0,0,0.3289444148540497,0,0.7
2013-04-02 04:00:00,222.9040375,1.0,0,0.4175839126110077,0,0.7
2013-04-02 05:00:00,231.3848724,1.0,0,0.48924240469932556,0,0.7
2013-04-02 06:00:00,360.4696045,54.235405,0,0.41284671425819397,0,0.7
2013-04-02 07:00:00,621.6308594,64.14015,0,0.4927150309085846,0,0.7
2013-04-02 08:00:00,1070.744629,1.0,0,0.7998579144477844,1,0.7
2013-04-02 09:00:00,956.8010254,1.0,0,0.8937348127365112,1,0.7
2013-04-02 10:00:00,257.3153381,1.0,0,0.885382890701294,1,0.7
2013-04-02 11:00:00,478.9338989,71.172745,0,0.9082088470458984,1,0.7
2013-04-02 12:00:00,574.8848877,1.0038241,0,0.8980892300605774,1,0.7
2013-04-02 13:00:00,1224.270752,1.0038685,0,0.9033315777778625,1,0.7
2013-04-02 14:00:00,414.975769,1.0,0,0.8941710591316223,1,0.7
2013-04-02 15:00:00,258.8296509,1.0038314,0,0.8663305640220642,1,0.7
2013-04-02 16:00:00,646.2147827,113.67626,0,0.8835432529449463,1,0.7
2013-04-02 17:00:00,556.409729,91.667915,0,0.895435631275177,1,0.7
2013-04-02 18:00:00,652.8825684,156.69022,0,0.8056609630584717,1,0.7
2013-04-02 19:00:00,688.7530518,1.0,0,0.7508015036582947,1,0.7
2013-04-02 20:00:00,627.5129395,1.0072595,0,0.6166127920150757,0,0.7
2013-04-02 21:00:00,563.715271,1.0,0,0.5307167768478394,0,0.7
2013-04-02 22:00:00,348.2913818,1.003643,0,0.26006177067756653,0,0.7
2013-04-02 23:00:00,311.318573,1.0,0,0.28454500436782837,0,0.7
2013-04-03 00:00:00,169.1054382,1.0,0,0.20326265692710876,0,0.7
2013-04-03 01:00:00,168.446701,1.0076336,0,0.2575438320636749,0,0.7
2013-04-03 02:00:00,181.0760193,1.0,0,0.2237400859594345,0,0.7
2013-04-03 03:00:00,204.3170319,1.0,0,0.2276315987110138,0,0.7
2013-04-03 04:00:00,180.2873993,1.0,0,0.22309815883636475,0,0.7
2013-04-03 05:00:00,203.2953033,1.0,0,0.22192198038101196,0,0.7
2013-04-03 06:00:00,212.8050385,1.0,0,0.19767749309539795,0,0.7
2013-04-03 07:00:00,442.4553223,112.429115,0,0.2140355110168457,0,0.7
2013-04-03 08:00:00,510.096283,1.0,0,0.37060555815696716,0,0.7
2013-04-03 09:00:00,381.2554932,1.0,0,0.423560231924057,0,0.7
2013-04-03 10:00:00,1085.182617,90.70758,0,0.5039092302322388,0,0.7
2013-04-03 11:00:00,860.81604,1.0036167,0,0.4379335045814514,0,0.7
2013-04-03 12:00:00,719.7185059,141.05673,0,0.5249794721603394,0,0.7
2013-04-03 13:00:00,607.4827271,52.57371,0,0.438534140586853,0,0.7
2013-04-03 14:00:00,513.6239014,1.0,0,0.4658243954181671,0,0.7
2013-04-03 15:00:00,547.7841187,1.0070796,0,0.44622087478637695,0,0.7
2013-04-03 16:00:00,747.4440308,137.09584,0,0.3587409257888794,0,0.7
2013-04-03 17:00:00,985.9661255,124.390656,0,0.39688992500305176,0,0.7
2013-04-03 18:00:00,2371.422607,5.61753,0,0.4130420386791229,0,0.7
2013-04-03 19:00:00,873.140625,1.0,0,0.6507742404937744,0,0.7
2013-04-03 20:00:00,530.0819092,1.0,0,0.617027997970581,0,0.7
2013-04-03 21:00:00,772.9854126,1.003891,0,0.5497556924819946,0,0.7
2013-04-03 22:00:00,933.8641968,1.0,0,0.3368833363056183,0,0.7
2013-04-03 23:00:00,167.251297,1.0,0,0.2870993912220001,0,0.7
2013-04-04 00:00:00,191.0559387,1.0,0,0.2615175247192383,0,0.7
2013-04-04 01:00:00,168.0086365,1.0,0,0.15928532183170319,0,0.7
2013-04-04 02:00:00,184.0823364,1.0,0,0.16852450370788574,0,0.7
2013-04-04 03:00:00,167.0630341,1.0038388,0,0.18135613203048706,0,0.7
2013-04-04 04:00:00,165.4064026,1.0,0,0.12412627786397934,0,0.7
2013-04-04 05:00:00,228.8327637,1.0039139,0,0.09455452859401703,0,0.7
2013-04-04 06:00:00,207.4401398,1.0,0,0.13171987235546112,0,0.7
2013-04-04 07:00:00,461.8362427,122.44071,0,0.13814659416675568,0,0.7
2013-04-04 08:00:00,712.1655273,1.0,0,0.27378228306770325,0,0.7
2013-04-04 09:00:00,359.4338074,1.0072072,0,0.5247030854225159,0,0.7
2013-04-04 10:00:00,367.394043,1.0,0,0.6307149529457092,0,0.7
2013-04-04 11:00:00,586.9529419,82.35432,0,0.617831289768219,0,0.7
2013-04-04 12:00:00,759.0498047,99.54513,0,0.5758576989173889,0,0.7
2013-04-04 13:00:00,645.5652466,1.0,0,0.6837421655654907,0,0.7
2013-04-04 14:00:00,405.293396,1.0035971,0,0.6651853322982788,0,0.7
2013-04-04 15:00:00,392.0939026,1.003795,0,0.6424511671066284,0,0.7
2013-04-04 16:00:00,703.257019,1.0,0,0.5716844797134399,0,0.7
2013-04-04 17:00:00,754.324707,83.4425,0,0.7370342016220093,1,0.7
2013-04-04 18:00:00,469.9094238,1.0,0,0.637572169303894,0,0.7
2013-04-04 19:00:00,575.550293,1.0,0,0.836445152759552,1,0.7
2013-04-04 20:00:00,510.4477844,1.0,0,0.7882004976272583,1,0.7
2013-04-04 21:00:00,291.2957764,1.0,0,0.7752736806869507,1,0.7
2013-04-04 22:00:00,219.8617096,1.0076776,0,0.6985089778900146,0,0.7
2013-04-04 23:00:00,229.1095581,1.0,0,0.45812129974365234,0,0.7
2013-04-05 00:00:00,182.2391663,1.0038314,0,0.4638063311576843,0,0.7
2013-04-05 01:00:00,221.1166382,1.0,0,0.42555320262908936,0,0.7
2013-04-05 02:00:00,196.3373108,1.0,0,0.4069516658782959,0,0.7
2013-04-05 03:00:00,188.827652,1.0,0,0.3339003622531891,0,0.7
2013-04-05 04:00:00,303.6027222,1.0,0,0.33048224449157715,0,0.7
2013-04-05 05:00:00,465.3259888,1.0076923,0,0.23779340088367462,0,0.7
2013-04-05 06:00:00,508.3373413,1.0,0,0.4739278554916382,0,0.7
2013-04-05 07:00:00,567.2727051,91.50995,0,0.46202200651168823,0,0.7
2013-04-05 08:00:00,474.2919617,51.967625,0,0.6044020056724548,0,0.7
2013-04-05 09:00:00,370.8541565,1.0,0,0.44481927156448364,0,0.7
2013-04-05 10:00:00,434.0456848,1.0,0,0.5746600031852722,0,0.7
2013-04-05 11:00:00,576.0180054,205.68115,0,0.46636202931404114,0,0.7
2013-04-05 12:00:00,417.9895325,57.049004,1,0.5673643946647644,0,0.7
2013-04-05 13:00:00,397.1234741,1.0,1,0.42370525002479553,0,0.7
2013-04-05 14:00:00,437.803833,1.0,1,0.494148850440979,0,0.7
2013-04-05 15:00:00,370.7150574,1.0,1,0.47748979926109314,0,0.7
2013-04-05 16:00:00,506.0881958,83.568016,1,0.49337470531463623,0,0.7
2013-04-05 17:00:00,294.3079529,1.0076776,1,0.4627186059951782,0,0.7
2013-04-05 18:00:00,972.128418,1.0,1,0.41155630350112915,0,0.7
2013-04-05 19:00:00,759.7620239,1.0,1,0.5320760607719421,0,0.7
2013-04-05 20:00:00,466.6349487,1.0,1,0.5274072885513306,0,0.7
2013-04-05 21:00:00,705.0796509,1.0,1,0.39749255776405334,0,0.7
2013-04-05 22:00:00,537.5706787,1.0,1,0.36031055450439453,0,0.7
2013-04-05 23:00:00,733.3070068,1.0,1,0.26506295800209045,0,0.7
2013-04-06 00:00:00,169.7377625,1.0,1,0.22955012321472168,0,0.7
2013-04-06 01:00:00,179.1328735,1.0,1,0.18689073622226715,0,0.7
2013-04-06 02:00:00,206.5595856,1.0,1,0.18888889253139496,0,0.7
2013-04-06 03:00:00,166.4344788,1.0,1,0.19138579070568085,0,0.7
2013-04-06 04:00:00,220.8108978,1.0,1,0.18770839273929596,0,0.7
2013-04-06 05:00:00,228.8000031,1.0,1,0.25228220224380493,0,0.7
2013-04-06 06:00:00,166.1016998,1.0,1,0.2480267733335495,0,0.7
2013-04-06 07:00:00,201.0406036,1.0,1,0.333710640668869,0,0.7
2013-04-06 08:00:00,446.7113342,149.19498,1,0.23766791820526123,0,0.7
2013-04-06 09:00:00,377.8677368,1.0,1,0.5213482975959778,0,0.7
2013-04-06 10:00:00,550.9981689,0.9978678,1,0.5359430313110352,0,0.7
2013-04-06 11:00:00,228.4642181,1.007752,1,0.7047909498214722,1,0.7
2013-04-06 12:00:00,240.3139343,1.0,0,0.6792693734169006,0,0.7
2013-04-06 13:00:00,215.9407654,1.0114722,0,0.7593119740486145,1,0.7
2013-04-06 14:00:00,375.0106506,73.21346,0,0.7495967745780945,1,0.7
2013-04-06 15:00:00,264.7964172,1.0,0,0.7736155986785889,1,0.7
2013-04-06 16:00:00,411.3166504,54.252407,0,0.7232685089111328,1,0.7
2013-04-06 17:00:00,424.8556213,1.0038536,0,0.7938479781150818,1,0.7
2013-04-06 18:00:00,266.6851196,1.0,0,0.786399781703949,1,0.7
2013-04-06 19:00:00,567.4325562,1.0039062,0,0.7630660533905029,1,0.7
2013-04-06 20:00:00,503.2904358,1.0,0,0.8128842711448669,1,0.7
2013-04-06 21:00:00,430.2714539,1.0077369,0,0.8214050531387329,1,0.7
2013-04-06 22:00:00,255.0470428,1.0,0,0.8077001571655273,1,0.7
2013-04-06 23:00:00,188.4506073,1.0,0,0.7830778956413269,1,0.7
2013-04-07 00:00:00,195.3817902,1.0,0,0.6990974545478821,0,0.7
2013-04-07 01:00:00,210.744751,1.0,0,0.6747444272041321,0,0.7
2013-04-07 02:00:00,179.9564514,1.0076923,0,0.6843724846839905,0,0.7
2013-04-07 03:00:00,197.0017242,1.0,0,0.619718074798584,0,0.7
2013-04-07 04:00:00,185.3230286,1.0,0,0.5901861190795898,0,0.7
2013-04-07 05:00:00,247.7688293,1.0,0,0.5381878614425659,0,0.7
2013-04-07 06:00:00,223.4048462,1.0076923,0,0.5102700591087341,0,0.7
2013-04-07 07:00:00,410.2052612,105.46911,0,0.4121744930744171,0,0.7
2013-04-07 08:00:00,316.0851135,0.9980769,0,0.5605360865592957,0,0.7
2013-04-07 09:00:00,406.834259,86.19536,0,0.5795544385910034,0,0.7
2013-04-07 10:00:00,260.3758545,1.0,0,0.646564781665802,0,0.7
2013-04-07 11:00:00,255.0401459,1.0,0,0.5985021591186523,0,0.7
2013-04-07 12:00:00,258.0814514,1.0,0,0.5411160588264465,0,0.7
2013-04-07 13:00:00,233.9982758,1.0,0,0.5086023807525635,0,0.7
2013-04-07 14:00:00,352.7330933,67.2846,0,0.4565710425376892,0,0.7
2013-04-07 15:00:00,1579.620239,5.4913297,0,0.48491567373275757,0,0.7
2013-04-07 16:00:00,493.2831116,64.27573,0,0.6299335956573486,0,0.7
2013-04-07 17:00:00,433.0282593,54.88566,0,0.6474233269691467,0,0.7
2013-04-07 18:00:00,332.7651062,1.0,0,0.7466288805007935,1,0.7
2013-04-07 19:00:00,485.1864014,1.0098425,0,0.6643484830856323,0,0.7
2013-04-07 20:00:00,432.8869629,1.0,0,0.7298793792724609,1,0.7
2013-04-07 21:00:00,414.7110596,1.0,0,0.5253762006759644,0,0.7
2013-04-07 22:00:00,271.0989685,1.0,0,0.5566417574882507,0,0.7
2013-04-07 23:00:00,236.9388123,1.0,0,0.34301796555519104,0,0.7
2013-04-08 00:00:00,252.1965179,1.0038685,0,0.4190637767314911,0,0.7
2013-04-08 01:00:00,277.3702393,1.0,0,0.23738154768943787,0,0.7
2013-04-08 02:00:00,272.2106934,1.0,0,0.24565988779067993,0,0.7
2013-04-08 03:00:00,231.4350128,1.0,0,0.14241532981395721,0,0.7
2013-04-08 04:00:00,250.6821289,1.0,0,0.1609012633562088,0,0.7
2013-04-08 05:00:00,267.0171814,1.0,0,0.11581211537122726,0,0.7
2013-04-08 06:00:00,508.5507202,128.34363,0,0.1499401330947876,0,0.7
2013-04-08 07:00:00,1238.611816,1.0,0,0.24431829154491425,0,0.7
2013-04-08 08:00:00,667.5203857,1.0071943,0,0.4625158905982971,0,0.7
2013-04-08 09:00:00,399.6098328,1.0,0,0.36804652214050293,0,0.7
2013-04-08 10:00:00,401.5714417,1.0,0,0.46205371618270874,0,0.7
2013-04-08 11:00:00,420.2714539,1.0,0,0.34347769618034363,0,0.7
2013-04-08 12:00:00,513.9329834,120.969315,0,0.36916273832321167,0,0.7
2013-04-08 13:00:00,1654.990845,1.0072072,0,0.17114748060703278,0,0.7
2013-04-08 14:00:00,983.7886353,1.0,0,0.3008454740047455,0,0.7
2013-04-08 15:00:00,836.6321411,60.860252,0,0.22367602586746216,0,0.7
2013-04-08 16:00:00,592.5836182,70.49907,0,0.6195148229598999,0,0.7
2013-04-08 17:00:00,616.8308716,1.007722,0,0.4275573790073395,0,0.7
2013-04-08 18:00:00,2316.439941,168.492,0,0.42113161087036133,0,0.7
2013-04-08 19:00:00,710.7580566,1.0,0,0.4653748869895935,0,0.7
2013-04-08 20:00:00,512.0682983,1.0,0,0.5614214539527893,0,0.7
2013-04-08 21:00:00,403.461792,1.0076776,0,0.45950886607170105,0,0.7
2013-04-08 22:00:00,187.0103607,1.0,0,0.6046286821365356,0,0.7
2013-04-08 23:00:00,196.8434753,1.0,0,0.49178391695022583,0,0.7
2013-04-09 00:00:00,177.0824585,1.0,0,0.6886725425720215,0,0.7
2013-04-09 01:00:00,190.0855103,1.0038241,0,0.30856817960739136,0,0.7
2013-04-09 02:00:00,192.5371094,1.0,0,0.5203050374984741,0,0.7
2013-04-09 03:00:00,187.1497345,1.0,0,0.30909472703933716,0,0.7
2013-04-09 04:00:00,171.9554749,1.0038241,0,0.502128005027771,0,0.7
2013-04-09 05:00:00,224.6523285,1.0076336,0,0.2226797193288803,0,0.7
2013-04-09 06:00:00,231.1260834,1.0,0,0.328986257314682,0,0.7
2013-04-09 07:00:00,270.6574402,1.0,0,0.19721899926662445,0,0.7
2013-04-09 08:00:00,647.1115112,132.92206,0,0.2369617521762848,0,0.7
2013-04-09 09:00:00,451.8765259,1.0036232,0,0.3722912073135376,0,0.7
2013-04-09 10:00:00,359.8598938,1.0072464,0,0.6415225267410278,0,0.7
2013-04-09 11:00:00,557.1010742,70.13636,0,0.3554362952709198,0,0.7
2013-04-09 12:00:00,472.1459351,67.74291,0,0.6765278577804565,0,0.7
2013-04-09 13:00:00,395.5355225,1.0,0,0.36197733879089355,0,0.7
2013-04-09 14:00:00,444.1724854,57.589596,0,0.5583540797233582,0,0.7
2013-04-09 15:00:00,495.6223755,1.0,0,0.298074334859848,0,0.7
2013-04-09 16:00:00,669.0527954,84.69531,0,0.3914567232131958,0,0.7
2013-04-09 17:00:00,456.6105347,1.0,0,0.4161328375339508,0,0.7
2013-04-09 18:00:00,300.5218201,1.0,0,0.3507636785507202,0,0.7
2013-04-09 19:00:00,394.1256409,1.0,0,0.5641735792160034,0,0.7
2013-04-09 20:00:00,529.588623,173.39215,0,0.4989335536956787,0,0.7
2013-04-09 21:00:00,580.3730469,1.0,0,0.4169235825538635,0,0.7
2013-04-09 22:00:00,224.183075,1.001912,0,0.35677143931388855,0,0.7
2013-04-09 23:00:00,206.03125,1.0,0,0.4284748435020447,0,0.7
2013-04-10 00:00:00,207.6372986,1.0,0,0.4637014865875244,0,0.7
2013-04-10 01:00:00,201.23703,1.0038388,0,0.43787920475006104,0,0.7
2013-04-10 02:00:00,183.9371796,1.0039062,0,0.41836556792259216,0,0.7
2013-04-10 03:00:00,219.3530426,1.0038314,0,0.42437314987182617,0,0.7
2013-04-10 04:00:00,183.6232605,1.0,0,0.3542163372039795,0,0.7
2013-04-10 05:00:00,226.8200989,1.0038388,0,0.31318894028663635,0,0.7
2013-04-10 06:00:00,227.4204102,1.0,0,0.26754030585289,0,0.7
2013-04-10 07:00:00,565.4448242,124.390045,0,0.2522275149822235,0,0.7
2013-04-10 08:00:00,312.1899719,1.0,0,0.5760223269462585,0,0.7
2013-04-10 09:00:00,431.0731812,1.0018182,0,0.603416383266449,0,0.7
2013-04-10 10:00:00,450.2162781,1.0,0,0.6503525972366333,0,0.7
2013-04-10 11:00:00,603.3581543,136.52515,0,0.7031232714653015,1,0.7
2013-04-10 12:00:00,312.8361816,1.0,0,0.7123023867607117,1,0.7
2013-04-10 13:00:00,296.6563721,1.0038685,0,0.7220067977905273,1,0.7
2013-04-10 14:00:00,234.6216278,1.0,0,0.6934509873390198,0,0.7
2013-04-10 15:00:00,262.5500793,1.0,0,0.7202093601226807,1,0.7
2013-04-10 16:00:00,240.7108459,1.0,0,0.7313369512557983,1,0.7
2013-04-10 17:00:00,351.247345,1.0,0,0.6902911067008972,0,0.7
2013-04-10 18:00:00,209.890625,1.0,0,0.6322565674781799,0,0.7
2013-04-10 19:00:00,542.8010864,72.818184,0,0.6879667639732361,0,0.7
2013-04-10 20:00:00,365.1254272,1.0,0,0.7906630039215088,1,0.7
2013-04-10 21:00:00,692.802124,82.25,0,0.8060160279273987,1,0.7
2013-04-10 22:00:00,680.6759033,1.0,0,0.7569067478179932,1,0.7
2013-04-10 23:00:00,841.6134033,1.0,0,0.793300211429596,1,0.7
2013-04-11 00:00:00,186.4487,1.0,0,0.7719576358795166,1,0.7
2013-04-11 01:00:00,177.6141815,1.0,0,0.7730041146278381,1,0.7
2013-04-11 02:00:00,203.7329865,1.0,0,0.735948920249939,1,0.7
2013-04-11 03:00:00,230.9598541,1.0,0,0.7270489931106567,1,0.7
2013-04-11 04:00:00,185.41362,1.0,0,0.7057721018791199,1,0.7
2013-04-11 05:00:00,199.8930969,1.0038685,0,0.6860761642456055,0,0.7
2013-04-11 06:00:00,234.7460632,1.0,0,0.6203556656837463,0,0.7
2013-04-11 07:00:00,764.845459,84.3902,0,0.6143306493759155,0,0.7
2013-04-11 08:00:00,499.3466187,1.0,0,0.8383827805519104,1,0.7
2013-04-11 09:00:00,586.1535645,71.80214,0,0.8757141828536987,1,0.7
2013-04-11 10:00:00,517.1393433,22.165775,0,0.8985486030578613,1,0.7
2013-04-11 11:00:00,668.7816162,80.86786,0,0.8916409611701965,1,0.7
2013-04-11 12:00:00,510.7469788,91.25771,0,0.8658888339996338,1,0.7
2013-04-11 13:00:00,339.3174744,1.0072464,0,0.8470287322998047,1,0.7
2013-04-11 14:00:00,450.6166992,1.0150943,0,0.8685570955276489,1,0.7
2013-04-11 15:00:00,437.2047729,1.0,0,0.8176869750022888,1,0.7
2013-04-11 16:00:00,440.2495422,54.314392,0,0.8358327746391296,1,0.7
2013-04-11 17:00:00,0.0,54.314392,0,0.7643826603889465,1,0.7
2013-04-11 18:00:00,0.0,54.314392,0,0.8571162819862366,1,0.7
2013-04-11 19:00:00,596.9440918,1.0045558,0,0.8476610779762268,1,0.7
2013-04-11 20:00:00,427.2538452,1.0,0,0.9158465266227722,1,0.7
2013-04-11 21:00:00,416.7320862,1.0,0,0.9208478927612305,1,0.7
2013-04-11 22:00:00,232.6218109,1.0,0,0.9416409730911255,1,0.7
2013-04-11 23:00:00,176.2739716,1.0,0,0.9129749536514282,1,0.7
2013-04-12 00:00:00,183.9400635,1.004,0,0.8863646388053894,1,0.7
2013-04-12 01:00:00,177.34729,1.0,0,0.8778396844863892,1,0.7
2013-04-12 02:00:00,191.4155121,1.0,0,0.8807236552238464,1,0.7
2013-04-12 03:00:00,183.7076111,1.0,0,0.838584303855896,1,0.7
2013-04-12 04:00:00,170.2872009,1.0,0,0.8323736190795898,1,0.7
2013-04-12 05:00:00,215.1652374,1.0041237,0,0.8128589391708374,1,0.7
2013-04-12 06:00:00,231.172287,88.15195,0,0.7325094938278198,1,0.7
2013-04-12 07:00:00,517.8892822,84.073555,0,0.7030515670776367,1,0.7
2013-04-12 08:00:00,405.0714417,1.0072203,0,0.8698626756668091,1,0.7
2013-04-12 09:00:00,417.750885,64.05556,0,0.9024752974510193,1,0.7
2013-04-12 10:00:00,260.746521,1.0039761,0,0.8953239917755127,1,0.7
2013-04-12 11:00:00,245.757843,1.004016,0,0.9068720936775208,1,0.7
2013-04-12 12:00:00,227.5507813,1.0,0,0.8826920986175537,1,0.7
2013-04-12 13:00:00,263.4974365,1.0,0,0.8892595767974854,1,0.7
2013-04-12 14:00:00,198.3730774,1.0,0,0.846538245677948,1,0.7
2013-04-12 15:00:00,324.7589722,1.0040241,0,0.8433691263198853,1,0.7
2013-04-12 16:00:00,499.3570251,1.0,0,0.8115214109420776,1,0.7
2013-04-12 17:00:00,1217.020386,53.49091,0,0.8465080261230469,1,0.7
2013-04-12 18:00:00,664.5152588,1.0,0,0.84105384349823,1,0.7
2013-04-12 19:00:00,379.7999878,1.0,0,0.807681143283844,1,0.7
2013-04-12 20:00:00,651.5548096,1.0076629,0,0.7939366698265076,1,0.7
2013-04-12 21:00:00,302.728363,1.0,0,0.7464359998703003,1,0.7
2013-04-12 22:00:00,225.9501648,1.0040241,0,0.7350864410400391,1,0.7
2013-04-12 23:00:00,236.012085,1.0,0,0.7044938206672668,1,0.7
2013-04-13 00:00:00,196.365387,1.0,0,0.6650508642196655,0,0.7
2013-04-13 01:00:00,170.8522339,1.0040984,0,0.6084595322608948,0,0.7
2013-04-13 02:00:00,179.8973846,1.0,0,0.6057858467102051,0,0.7
2013-04-13 03:00:00,168.7909393,1.0,0,0.520584225654602,0,0.7
2013-04-13 04:00:00,201.7306366,1.0,0,0.520390510559082,0,0.7
2013-04-13 05:00:00,194.3797913,1.0,0,0.483396977186203,0,0.7
2013-04-13 06:00:00,173.0192719,1.0,0,0.48341935873031616,0,0.7
2013-04-13 07:00:00,538.7490845,72.24297,0,0.42033129930496216,0,0.7
2013-04-13 08:00:00,347.0830383,1.0040323,0,0.7246847748756409,1,0.7
2013-04-13 09:00:00,931.1992798,1.0039761,0,0.7840358018875122,1,0.7
2013-04-13 10:00:00,638.8112183,1.0079681,0,0.8057603240013123,1,0.7
2013-04-13 11:00:00,478.5767212,1.0,0,0.8399710655212402,1,0.7
2013-04-13 12:00:00,1012.027344,83.10097,0,0.8502645492553711,1,0.7
2013-04-13 13:00:00,307.0971069,1.0,0,0.773357629776001,1,0.7
2013-04-13 14:00:00,910.5460815,1.0,0,0.7314136624336243,1,0.7
2013-04-13 15:00:00,740.4627686,80.5,0,0.6395757794380188,0,0.7
2013-04-13 16:00:00,780.0246582,173.88454,0,0.6449511051177979,0,0.7
2013-04-13 17:00:00,1558.205444,0.9939759,0,0.523441731929779,0,0.7
2013-04-13 18:00:00,310.7026978,0.99800795,0,0.6390301585197449,0,0.7
2013-04-13 19:00:00,419.0641785,1.0,0,0.5868123769760132,0,0.7
2013-04-13 20:00:00,613.8119507,1.0,0,0.6692482233047485,0,0.7
2013-04-13 21:00:00,437.1819763,1.0,0,0.49758198857307434,0,0.7
2013-04-13 22:00:00,642.3631592,1.0,0,0.4972325563430786,0,0.7
2013-04-13 23:00:00,811.0521851,1.0,0,0.41408759355545044,0,0.7
2013-04-14 00:00:00,189.1694946,1.0,0,0.2954167127609253,0,0.7
2013-04-14 01:00:00,189.4940796,1.0,0,0.3753201365470886,0,0.7
2013-04-14 02:00:00,186.752121,1.003992,0,0.4573976397514343,0,0.7
2013-04-14 03:00:00,181.2901001,1.0,0,0.3654467761516571,0,0.7
2013-04-14 04:00:00,218.1747437,1.003992,0,0.31608718633651733,0,0.7
2013-04-14 05:00:00,236.9331055,1.0,0,0.34408867359161377,0,0.7
2013-04-14 06:00:00,175.8531952,1.0040486,0,0.34305524826049805,0,0.7
2013-04-14 07:00:00,446.1276855,141.75,0,0.3617573380470276,0,0.7
2013-04-14 08:00:00,448.1087952,1.0,0,0.46419557929039,0,0.7
2013-04-14 09:00:00,214.0686035,1.0031056,0,0.6272359490394592,0,0.7
2013-04-14 10:00:00,203.8166351,1.0140351,0,0.5367397665977478,0,0.7
2013-04-14 11:00:00,537.6003418,1.0,0,0.7199238538742065,1,0.7
2013-04-14 12:00:00,805.689209,1.0117302,0,0.6912347674369812,0,0.7
2013-04-14 13:00:00,1306.251343,1.0,0,0.7651503682136536,1,0.7
2013-04-14 14:00:00,380.1325378,1.0,0,0.7318916320800781,1,0.7
2013-04-14 15:00:00,308.6379395,57.145653,0,0.7871652245521545,1,0.7
2013-04-14 16:00:00,242.2448273,85.20122,0,0.8423317074775696,1,0.7
2013-04-14 17:00:00,285.258606,1.3160493,0,0.800126850605011,1,0.7
2013-04-14 18:00:00,217.2918091,1.0,0,0.8073977828025818,1,0.7
2013-04-14 19:00:00,528.3413086,66.06387,0,0.8117852807044983,1,0.7
2013-04-14 20:00:00,516.0289307,1.004008,0,0.7941480875015259,1,0.7
2013-04-14 21:00:00,317.2000122,1.0,0,0.7796032428741455,1,0.7
2013-04-14 22:00:00,191.4470978,1.004016,0,0.7578402161598206,1,0.7
2013-04-14 23:00:00,173.0253754,1.0,0,0.8065500855445862,1,0.7
2013-04-15 00:00:00,192.4149628,1.0,0,0.6010974645614624,0,0.7
2013-04-15 01:00:00,171.447464,1.0,0,0.6238872408866882,0,0.7
2013-04-15 02:00:00,190.8999939,1.0079207,0,0.49723905324935913,0,0.7
2013-04-15 03:00:00,170.4776611,0.998,0,0.6575773358345032,0,0.7
2013-04-15 04:00:00,190.9637909,1.0,0,0.5658376812934875,0,0.7
2013-04-15 05:00:00,193.9488068,1.0,0,0.5476263165473938,0,0.7
2013-04-15 06:00:00,306.6839294,152.56512,0,0.43239834904670715,0,0.7
2013-04-15 07:00:00,320.290802,1.0072595,0,0.5734635591506958,0,0.7
2013-04-15 08:00:00,345.4650879,1.0,0,0.4356642961502075,0,0.7
2013-04-15 09:00:00,394.984436,68.92922,0,0.4861874580383301,0,0.7
2013-04-15 10:00:00,402.1626587,1.0,0,0.39560675621032715,0,0.7
2013-04-15 11:00:00,469.4320679,74.068016,0,0.5937831997871399,0,0.7
2013-04-15 12:00:00,289.2367859,1.0,0,0.4746767580509186,0,0.7
2013-04-15 13:00:00,189.3720093,1.0,0,0.5629950761795044,0,0.7
2013-04-15 14:00:00,189.457489,1.0,0,0.3808806836605072,0,0.7
2013-04-15 15:00:00,313.3281555,1.007984,0,0.4242428243160248,0,0.7
2013-04-15 16:00:00,420.3893738,1.0,0,0.3824305236339569,0,0.7
2013-04-15 17:00:00,1150.096558,122.57481,0,0.41865596175193787,0,0.7
2013-04-15 18:00:00,484.8023987,1.0,0,0.48977386951446533,0,0.7
2013-04-15 19:00:00,376.251709,1.0,0,0.5476541519165039,0,0.7
2013-04-15 20:00:00,612.2896729,57.391464,0,0.5458524227142334,0,0.7
2013-04-15 21:00:00,407.4548645,1.0,0,0.41915223002433777,0,0.7
2013-04-15 22:00:00,190.0884399,1.0,0,0.4368622899055481,0,0.7
2013-04-15 23:00:00,202.6318512,1.0,0,0.4695349931716919,0,0.7
2013-04-16 00:00:00,213.4847412,1.0,0,0.5009617805480957,0,0.7
2013-04-16 01:00:00,211.0596313,1.0039761,0,0.43041354417800903,0,0.7
2013-04-16 02:00:00,174.9475403,1.0,0,0.4930369257926941,0,0.7
2013-04-16 03:00:00,200.3457642,1.0,0,0.43128886818885803,0,0.7
2013-04-16 04:00:00,178.5135651,1.0,0,0.4361053705215454,0,0.7
2013-04-16 05:00:00,221.4966125,1.0,0,0.41097840666770935,0,0.7
2013-04-16 06:00:00,521.4700928,139.76096,0,0.40458181500434875,0,0.7
2013-04-16 07:00:00,1199.0,1.0,0,0.7282117605209351,1,0.7
2013-04-16 08:00:00,470.555542,1.0,0,0.8871432542800903,1,0.7
2013-04-16 09:00:00,285.8230286,117.212425,0,0.8736321330070496,1,0.7
2013-04-16 10:00:00,243.4839325,1.0,0,0.8952360153198242,1,0.7
2013-04-16 11:00:00,206.8305054,1.0,0,0.9148131012916565,1,0.7
2013-04-16 12:00:00,300.0223694,1.0,0,0.9109870195388794,1,0.7
2013-04-16 13:00:00,212.9777374,1.0078895,0,0.8835813403129578,1,0.7
2013-04-16 14:00:00,221.8902283,1.0,0,0.8543820381164551,1,0.7
2013-04-16 15:00:00,1101.16394,1.0,0,0.8588455319404602,1,0.7
2013-04-16 16:00:00,672.3639526,1.0,0,0.9523872137069702,1,0.7
2013-04-16 17:00:00,486.0970154,64.54864,0,0.9557960033416748,1,0.7
2013-04-16 18:00:00,238.2163544,1.003937,0,0.959713339805603,1,0.7
2013-04-16 19:00:00,381.0,1.0,0,0.9557379484176636,1,0.7
2013-04-16 20:00:00,627.1785278,57.827137,0,0.9644708037376404,1,0.7
2013-04-16 21:00:00,741.0557251,1.0039682,0,0.9298234581947327,1,0.7
2013-04-16 22:00:00,610.005188,1.0039604,0,0.9404346346855164,1,0.7
2013-04-16 23:00:00,386.6769104,1.0,0,0.9161974787712097,1,0.7
2013-04-17 00:00:00,190.1669464,1.0,0,0.9461930394172668,1,0.7
2013-04-17 01:00:00,168.9673004,1.0,0,0.9340631365776062,1,0.7
2013-04-17 02:00:00,183.1813507,1.0,0,0.9373441338539124,1,0.7
2013-04-17 03:00:00,168.9326477,1.0,0,0.8933216333389282,1,0.7
2013-04-17 04:00:00,169.7311707,1.0,0,0.9321566820144653,1,0.7
2013-04-17 05:00:00,208.7791595,1.004016,0,0.9175193309783936,1,0.7
2013-04-17 06:00:00,219.0313568,1.0,0,0.9091825485229492,1,0.7
2013-04-17 07:00:00,305.5933533,107.65,0,0.8419453501701355,1,0.7
2013-04-17 08:00:00,533.2321167,1.0,0,0.752432107925415,1,0.7
2013-04-17 09:00:00,484.2517395,62.681564,0,0.8686390519142151,1,0.7
2013-04-17 10:00:00,371.791748,1.0036697,0,0.8910397887229919,1,0.7
2013-04-17 11:00:00,217.1406708,1.0039841,0,0.8653808236122131,1,0.7
2013-04-17 12:00:00,668.871582,19.552269,0,0.8830737471580505,1,0.7
2013-04-17 13:00:00,1285.896484,51.07737,0,0.8626417517662048,1,0.7
2013-04-17 14:00:00,407.7258606,1.0,0,0.851806640625,1,0.7
2013-04-17 15:00:00,218.7398682,1.001996,0,0.7929215431213379,1,0.7
2013-04-17 16:00:00,364.4432678,85.14629,0,0.8284205794334412,1,0.7
2013-04-17 17:00:00,314.1898193,1.0,0,0.8132778406143188,1,0.7
2013-04-17 18:00:00,357.4368591,1.0,0,0.8083100914955139,1,0.7
2013-04-17 19:00:00,424.2108765,1.0,0,0.750912606716156,1,0.7
2013-04-17 20:00:00,483.1058044,1.004008,0,0.6913803815841675,0,0.7
2013-04-17 21:00:00,282.6615295,1.0080483,0,0.653287410736084,0,0.7
2013-04-17 22:00:00,195.9162445,1.0,0,0.5842187404632568,0,0.7
2013-04-17 23:00:00,173.247879,1.0,0,0.4513120949268341,0,0.7
2013-04-18 00:00:00,192.2157593,1.0,0,0.4320952296257019,0,0.7
2013-04-18 01:00:00,170.2900543,1.0,0,0.40881428122520447,0,0.7
2013-04-18 02:00:00,186.5246124,1.0,0,0.3449896574020386,0,0.7
2013-04-18 03:00:00,171.1979675,1.0,0,0.35733628273010254,0,0.7
2013-04-18 04:00:00,170.6666718,1.0,0,0.35499757528305054,0,0.7
2013-04-18 05:00:00,204.3996582,1.0,0,0.30523285269737244,0,0.7
2013-04-18 06:00:00,262.9122314,89.11336,0,0.2337835282087326,0,0.7
2013-04-18 07:00:00,393.2797852,22.475836,0,0.2740572392940521,0,0.7
2013-04-18 08:00:00,316.1811829,1.0,0,0.35754236578941345,0,0.7
2013-04-18 09:00:00,438.0378113,1.0,0,0.3255596160888672,0,0.7
2013-04-18 10:00:00,340.2983093,1.0,0,0.371764212846756,0,0.7
2013-04-18 11:00:00,383.9263611,18.148745,0,0.4749153256416321,0,0.7
2013-04-18 12:00:00,700.9508057,95.07748,0,0.3784705698490143,0,0.7
2013-04-18 13:00:00,415.643219,1.0,0,0.3678070604801178,0,0.7
2013-04-18 14:00:00,406.9621887,1.0,0,0.40494057536125183,0,0.7
2013-04-18 15:00:00,328.8129272,1.0,0,0.36150234937667847,0,0.7
2013-04-18 16:00:00,438.9914856,89.519455,0,0.38650205731391907,0,0.7
2013-04-18 17:00:00,485.167511,1.0,0,0.35019561648368835,0,0.7
2013-04-18 18:00:00,528.7347412,1.0,0,0.3391684293746948,0,0.7
2013-04-18 19:00:00,1526.499023,1.0,0,0.3066069185733795,0,0.7
2013-04-18 20:00:00,572.4406128,1.0,0,0.5311318635940552,0,0.7
2013-04-18 21:00:00,472.8139954,1.0,0,0.44493645429611206,0,0.7
2013-04-18 22:00:00,293.9289246,1.0,0,0.4708970785140991,0,0.7
2013-04-18 23:00:00,256.125,1.0080483,0,0.43315932154655457,0,0.7
2013-04-19 00:00:00,177.1040955,1.1404959,0,0.5441792607307434,0,0.7
2013-04-19 01:00:00,196.9897614,1.0,0,0.46108362078666687,0,0.7
2013-04-19 02:00:00,231.0895081,1.0,0,0.39519739151000977,0,0.7
2013-04-19 03:00:00,218.6119995,1.0,0,0.2990179657936096,0,0.7
2013-04-19 04:00:00,506.7447815,1.0,0,0.3165905177593231,0,0.7
2013-04-19 05:00:00,268.3036499,1.0040323,0,0.3794136345386505,0,0.7
2013-04-19 06:00:00,169.1951599,1.0,0,0.4922771751880646,0,0.7
2013-04-19 07:00:00,438.4581909,64.23061,0,0.49620822072029114,0,0.7
2013-04-19 08:00:00,344.0,1.0,0,0.5663808584213257,0,0.7
2013-04-19 09:00:00,421.182312,139.559,0,0.6295695304870605,0,0.7
2013-04-19 10:00:00,233.6433563,0.99786323,0,0.7306200861930847,1,0.7
2013-04-19 11:00:00,515.663147,93.74502,0,0.6487144231796265,0,0.7
2013-04-19 12:00:00,207.5216675,1.0,0,0.715790331363678,1,0.7
2013-04-19 13:00:00,198.5599365,1.0019493,0,0.6910354495048523,0,0.7
2013-04-19 14:00:00,198.0574951,1.0,0,0.7653132081031799,1,0.7
2013-04-19 15:00:00,303.8041687,1.0,0,0.7735298275947571,1,0.7
2013-04-19 16:00:00,465.3274536,91.39406,0,0.7548132538795471,1,0.7
2013-04-19 17:00:00,606.1363525,70.98817,0,0.8030446767807007,1,0.7
2013-04-19 18:00:00,410.8295593,78.68431,0,0.846666157245636,1,0.7
2013-04-19 19:00:00,495.4423218,1.0039293,0,0.8115053176879883,1,0.7
2013-04-19 20:00:00,452.3735046,1.0,0,0.7911695241928101,1,0.7
2013-04-19 21:00:00,468.9844666,1.0,0,0.7743342518806458,1,0.7
2013-04-19 22:00:00,381.9911804,1.0,0,0.7391020655632019,1,0.7
2013-04-19 23:00:00,683.9927979,1.0,0,0.7003633975982666,1,0.7
2013-04-20 00:00:00,627.3980713,1.007722,0,0.6554483771324158,0,0.7
2013-04-20 01:00:00,183.3858185,1.0,0,0.5885953307151794,0,0.7
2013-04-20 02:00:00,169.8747864,1.0,0,0.6387786865234375,0,0.7
2013-04-20 03:00:00,184.456604,1.0,0,0.6328587532043457,0,0.7
2013-04-20 04:00:00,178.2698975,1.0,0,0.6501466631889343,0,0.7
2013-04-20 05:00:00,193.120697,1.0,0,0.5981916189193726,0,0.7
2013-04-20 06:00:00,753.1001587,109.373795,0,0.6595931649208069,0,0.7
2013-04-20 07:00:00,182.6504364,1.0019569,0,0.7633201479911804,1,0.7
2013-04-20 08:00:00,562.9894409,164.45224,0,0.827019453048706,1,0.7
2013-04-20 09:00:00,246.4231415,1.0,0,0.8514323830604553,1,0.7
2013-04-20 10:00:00,204.8213043,1.0,0,0.8917531371116638,1,0.7
2013-04-20 11:00:00,230.5008698,1.0,0,0.8720310926437378,1,0.7
2013-04-20 12:00:00,204.9365387,1.0078278,0,0.8704100847244263,1,0.7
2013-04-20 13:00:00,220.037735,1.0,0,0.8489783406257629,1,0.7
2013-04-20 14:00:00,420.2940063,112.898636,0,0.8574706315994263,1,0.7
2013-04-20 15:00:00,452.146637,70.42248,0,0.8649398684501648,1,0.7
2013-04-20 16:00:00,289.9634094,1.003861,0,0.8890305757522583,1,0.7
2013-04-20 17:00:00,529.6660767,1.0,0,0.8926202058792114,1,0.7
2013-04-20 18:00:00,390.6347656,1.0,0,0.9027228951454163,1,0.7
2013-04-20 19:00:00,436.4663086,1.0039139,0,0.9153120517730713,1,0.7
2013-04-20 20:00:00,419.5652161,1.0077821,0,0.9103168845176697,1,0.7
2013-04-20 21:00:00,275.3275452,1.003876,0,0.8958491683006287,1,0.7
2013-04-20 22:00:00,201.4905396,1.0,0,0.8847886323928833,1,0.7
2013-04-20 23:00:00,223.9930267,1.0,0,0.8795343041419983,1,0.7
2013-04-21 00:00:00,181.730896,1.0,0,0.8485055565834045,1,0.7
2013-04-21 01:00:00,187.8984222,1.0,0,0.7999449968338013,1,0.7
2013-04-21 02:00:00,183.7940674,1.0,0,0.7416344881057739,1,0.7
2013-04-21 03:00:00,165.9776306,1.0,0,0.7254245281219482,1,0.7
2013-04-21 04:00:00,168.3674164,1.0039526,0,0.6447163224220276,0,0.7
2013-04-21 05:00:00,218.674057,1.0,0,0.5179252028465271,0,0.7
2013-04-21 06:00:00,605.2819214,91.42802,0,0.4300204813480377,0,0.7
2013-04-21 07:00:00,1903.400391,1.0,0,0.7577512860298157,1,0.7
2013-04-21 08:00:00,317.1587219,1.0078125,0,0.8372718095779419,1,0.7
2013-04-21 09:00:00,211.1663818,1.003891,0,0.8138119578361511,1,0.7
2013-04-21 10:00:00,248.3500061,1.0,0,0.851476788520813,1,0.7
2013-04-21 11:00:00,435.998291,1.0,0,0.852077305316925,1,0.7
2013-04-21 12:00:00,416.8591309,104.22755,0,0.8710392117500305,1,0.7
2013-04-21 13:00:00,275.8650513,86.47482,0,0.8045651912689209,1,0.7
2013-04-21 14:00:00,239.6787567,1.0083858,0,0.7349619269371033,1,0.7
2013-04-21 15:00:00,237.4878845,35.869648,0,0.688747227191925,0,0.7
2013-04-21 16:00:00,226.4620667,1.0039139,0,0.6865096688270569,0,0.7
2013-04-21 17:00:00,722.6713867,144.53726,0,0.5690603256225586,0,0.7
2013-04-21 18:00:00,404.8307495,1.0077972,0,0.8581175208091736,1,0.7
2013-04-21 19:00:00,454.161499,1.0,0,0.853181779384613,1,0.7
2013-04-21 20:00:00,290.6178894,1.005814,0,0.9260238409042358,1,0.7
2013-04-21 21:00:00,175.6055298,1.0,0,0.8748555183410645,1,0.7
2013-04-21 22:00:00,182.3951416,1.0,0,0.913336455821991,1,0.7
2013-04-21 23:00:00,164.3448334,1.0,0,0.8803724646568298,1,0.7
2013-04-22 00:00:00,185.5875244,1.0,0,0.920693576335907,1,0.7
2013-04-22 01:00:00,166.3922882,1.0037736,0,0.9040457010269165,1,0.7
2013-04-22 02:00:00,161.7037048,1.0,0,0.9162840843200684,1,0.7
2013-04-22 03:00:00,197.7082672,1.0,0,0.8440148234367371,1,0.7
2013-04-22 04:00:00,202.522644,1.0,0,0.809937596321106,1,0.7
2013-04-22 05:00:00,230.3671265,1.0,0,0.7413361668586731,1,0.7
2013-04-22 06:00:00,228.5845032,75.85078,0,0.6686875820159912,0,0.7
2013-04-22 07:00:00,320.9474487,1.0,0,0.4361124038696289,0,0.7
2013-04-22 08:00:00,789.5250244,1.0,0,0.3417171239852905,0,0.7
2013-04-22 09:00:00,586.5162354,1.0038023,0,0.730606198310852,1,0.7
2013-04-22 10:00:00,327.7951355,1.0098232,0,0.7025565505027771,1,0.7
2013-04-22 11:00:00,305.4650269,1.0,0,0.746944785118103,1,0.7
2013-04-22 12:00:00,361.129364,70.348076,0,0.7009794116020203,1,0.7
2013-04-22 13:00:00,331.9465637,14.431559,0,0.7509629726409912,1,0.7
2013-04-22 14:00:00,297.6328735,92.1813,0,0.6643588542938232,0,0.7
2013-04-22 15:00:00,318.0713196,1.0,0,0.6347602605819702,0,0.7
2013-04-22 16:00:00,591.152771,1.0,0,0.5083847045898438,0,0.7
2013-04-22 17:00:00,533.329834,41.73828,0,0.6630807518959045,0,0.7
2013-04-22 18:00:00,702.703186,159.07393,0,0.5252468585968018,0,0.7
2013-04-22 19:00:00,550.6546631,1.0,0,0.6246344447135925,0,0.7
2013-04-22 20:00:00,471.2706909,1.0,0,0.5841167569160461,0,0.7
2013-04-22 21:00:00,729.3798828,1.011236,0,0.6369943618774414,0,0.7
2013-04-22 22:00:00,510.2279053,1.0,0,0.5099803805351257,0,0.7
2013-04-22 23:00:00,625.3981934,1.0,0,0.6008168458938599,0,0.7
2013-04-23 00:00:00,200.7902069,1.0,0,0.4579896926879883,0,0.7
2013-04-23 01:00:00,189.609848,1.0077972,0,0.5554344654083252,0,0.7
2013-04-23 02:00:00,215.0052948,1.0,0,0.4089263677597046,0,0.7
2013-04-23 03:00:00,187.6724701,1.0,0,0.45870837569236755,0,0.7
2013-04-23 04:00:00,206.7702942,1.0,0,0.3344213664531708,0,0.7
2013-04-23 05:00:00,230.7521515,1.0,0,0.44202864170074463,0,0.7
2013-04-23 06:00:00,348.3968201,92.15458,0,0.2772977650165558,0,0.7
2013-04-23 07:00:00,441.0070496,1.0039139,0,0.4505767524242401,0,0.7
2013-04-23 08:00:00,225.5471649,1.0,0,0.418094277381897,0,0.7
2013-04-23 09:00:00,270.3747864,1.0,0,0.46072691679000854,0,0.7
2013-04-23 10:00:00,258.4276123,1.0,0,0.2980269491672516,0,0.7
2013-04-23 11:00:00,204.7138062,1.0039216,0,0.3330596685409546,0,0.7
2013-04-23 12:00:00,424.7543945,199.73756,0,0.30915868282318115,0,0.7
2013-04-23 13:00:00,233.320816,1.0,1,0.4839552640914917,0,0.7
2013-04-23 14:00:00,199.6548157,1.0,1,0.45559757947921753,0,0.7
2013-04-23 15:00:00,262.3214417,1.0,1,0.5036742687225342,0,0.7
2013-04-23 16:00:00,361.9809265,132.41205,1,0.4544680714607239,0,0.7
2013-04-23 17:00:00,238.9461823,47.528713,1,0.5794832706451416,0,0.7
2013-04-23 18:00:00,199.8771362,1.0,1,0.5406789779663086,0,0.7
2013-04-23 19:00:00,391.8449707,1.0,1,0.5090392827987671,0,0.7
2013-04-23 20:00:00,460.4358215,1.0,1,0.572213351726532,0,0.7
2013-04-23 21:00:00,314.6030579,1.0,1,0.6729517579078674,0,0.7
2013-04-23 22:00:00,175.3237305,1.0,1,0.6403255462646484,0,0.7
2013-04-23 23:00:00,192.9078522,1.0,1,0.624701976776123,0,0.7
2013-04-24 00:00:00,169.314621,1.0,1,0.5380551218986511,0,0.7
2013-04-24 01:00:00,219.0528107,1.0,1,0.4944528341293335,0,0.7
2013-04-24 02:00:00,176.9589081,1.0,1,0.43192601203918457,0,0.7
2013-04-24 03:00:00,179.5289154,1.0038835,1,0.41637295484542847,0,0.7
2013-04-24 04:00:00,176.4778137,1.0078585,1,0.3706972301006317,0,0.7
2013-04-24 05:00:00,188.2789154,1.0,1,0.3376464247703552,0,0.7
2013-04-24 06:00:00,193.3790131,1.0039526,1,0.2905428111553192,0,0.7
2013-04-24 07:00:00,463.9982605,111.89592,1,0.24723443388938904,0,0.7
2013-04-24 08:00:00,343.4054565,1.0,1,0.46453896164894104,0,0.7
2013-04-24 09:00:00,329.2728882,1.0,1,0.513226330280304,0,0.7
2013-04-24 10:00:00,404.1116943,39.32866,1,0.5637333393096924,0,0.7
2013-04-24 11:00:00,379.2469482,1.0,1,0.5855109095573425,0,0.7
2013-04-24 12:00:00,418.165802,88.86822,1,0.6039835810661316,0,0.7
2013-04-24 13:00:00,406.4168091,1.0,0,0.5685315132141113,0,0.7
2013-04-24 14:00:00,349.9179382,1.0,0,0.5465663075447083,0,0.7
2013-04-24 15:00:00,382.4503479,1.0,0,0.5223069787025452,0,0.7
2013-04-24 16:00:00,342.2041016,1.0040733,0,0.5401977300643921,0,0.7
2013-04-24 17:00:00,272.6517334,66.044495,0,0.4901973009109497,0,0.7
2013-04-24 18:00:00,333.8097839,1.0,0,0.45525163412094116,0,0.7
2013-04-24 19:00:00,574.6525269,1.0,0,0.4316861927509308,0,0.7
2013-04-24 20:00:00,435.9607544,1.0,0,0.5417085289955139,0,0.7
2013-04-24 21:00:00,193.0068665,1.0,0,0.5028444528579712,0,0.7
2013-04-24 22:00:00,187.1226196,1.0,0,0.535378634929657,0,0.7
2013-04-24 23:00:00,170.318573,1.0,0,0.5537170767784119,0,0.7
2013-04-25 00:00:00,180.785965,1.0,0,0.5618088245391846,0,0.7
2013-04-25 01:00:00,183.1692352,1.0,0,0.5422838926315308,0,0.7
2013-04-25 02:00:00,169.9073792,1.0,0,0.47006115317344666,0,0.7
2013-04-25 03:00:00,188.5171814,1.0,0,0.4278835356235504,0,0.7
2013-04-25 04:00:00,167.0767975,1.0,0,0.34874117374420166,0,0.7
2013-04-25 05:00:00,244.9306793,1.0,0,0.28680410981178284,0,0.7
2013-04-25 06:00:00,1351.85376,116.89879,0,0.2413807362318039,0,0.7
2013-04-25 07:00:00,550.4698486,1.0,0,0.7052876949310303,1,0.7
2013-04-25 08:00:00,364.3811951,67.194336,0,0.7718771696090698,1,0.7
2013-04-25 09:00:00,221.8384857,1.0,0,0.806942343711853,1,0.7
2013-04-25 10:00:00,314.2775879,1.0,0,0.8569220900535583,1,0.7
2013-04-25 11:00:00,224.5567017,1.0,0,0.8705065846443176,1,0.7
2013-04-25 12:00:00,232.4488678,1.0,0,0.8557105660438538,1,0.7
2013-04-25 13:00:00,226.5283966,1.0,0,0.8343189358711243,1,0.7
2013-04-25 14:00:00,219.5335693,1.0,0,0.837306797504425,1,0.7
2013-04-25 15:00:00,265.3367615,1.0,0,0.8501356244087219,1,0.7
2013-04-25 16:00:00,487.3327332,198.59763,0,0.7651157379150391,1,0.7
2013-04-25 17:00:00,260.2301025,1.0,1,0.860686182975769,1,0.7
2013-04-25 18:00:00,235.7910919,1.0,1,0.8846989274024963,1,0.7
2013-04-25 19:00:00,393.7056885,1.0,1,0.9010944366455078,1,0.7
2013-04-25 20:00:00,597.196167,0.997992,1,0.8482658863067627,1,0.7
2013-04-25 21:00:00,344.5599365,1.0,1,0.8720380067825317,1,0.7
2013-04-25 22:00:00,200.4545441,1.0,1,0.8699398040771484,1,0.7
2013-04-25 23:00:00,196.2835083,1.003937,1,0.893930196762085,1,0.7
2013-04-26 00:00:00,186.8488007,1.0,1,0.8657337427139282,1,0.7
2013-04-26 01:00:00,204.0974426,1.0,1,0.8550836443901062,1,0.7
2013-04-26 02:00:00,209.1165161,1.0,1,0.8099602460861206,1,0.7
2013-04-26 03:00:00,172.4030609,1.0,1,0.7450690269470215,1,0.7
2013-04-26 04:00:00,181.015274,1.0039062,1,0.7167186141014099,1,0.7
2013-04-26 05:00:00,219.0782318,1.0,1,0.6037110090255737,0,0.7
2013-04-26 06:00:00,407.5432434,78.14479,1,0.5129441618919373,0,0.7
2013-04-26 07:00:00,1666.860962,1.0,1,0.6024940013885498,0,0.7
2013-04-26 08:00:00,1043.292358,1.0,1,0.8492180109024048,1,0.7
2013-04-26 09:00:00,176.1290283,1.0,1,0.8488155603408813,1,0.7
2013-04-26 10:00:00,255.611969,1.0,1,0.8887218832969666,1,0.7
2013-04-26 11:00:00,220.466095,1.0,1,0.8920389413833618,1,0.7
2013-04-26 12:00:00,377.8301697,194.40625,1,0.9246376156806946,1,0.7
2013-04-26 13:00:00,274.591156,1.0246913,1,0.8846825957298279,1,0.7
2013-04-26 14:00:00,248.8214264,1.0,1,0.8647629022598267,1,0.7
2013-04-26 15:00:00,228.1262817,1.0,1,0.8366663455963135,1,0.7
2013-04-26 16:00:00,436.7935791,1.0,1,0.8618468046188354,1,0.7
2013-04-26 17:00:00,331.1666565,89.69657,1,0.7337478995323181,1,0.7
2013-04-26 18:00:00,192.578949,1.0,1,0.7625442743301392,1,0.7
2013-04-26 19:00:00,862.4260254,1.0,1,0.7494451999664307,1,0.7
2013-04-26 20:00:00,841.4872437,1.379822,1,0.9349989891052246,1,0.7
2013-04-26 21:00:00,481.5826111,1.3926381,1,0.9139090180397034,1,0.7
2013-04-26 22:00:00,261.8057861,1.0,1,0.9192784428596497,1,0.7
2013-04-26 23:00:00,186.9401703,1.0,1,0.9376642107963562,1,0.7
2013-04-27 00:00:00,204.1766663,0.9978992,1,0.9333676695823669,1,0.7
2013-04-27 01:00:00,183.965271,1.0,1,0.9401667714118958,1,0.7
2013-04-27 02:00:00,194.4578247,1.522449,1,0.9298678040504456,1,0.7
2013-04-27 03:00:00,170.663208,1.0,1,0.9358065128326416,1,0.7
2013-04-27 04:00:00,208.7713776,0.9979798,1,0.9120805859565735,1,0.7
2013-04-27 05:00:00,192.63414,1.0,1,0.9036150574684143,1,0.7
2013-04-27 06:00:00,175.235199,1.0,1,0.858359694480896,1,0.7
2013-04-27 07:00:00,549.2619019,97.81159,1,0.8820536732673645,1,0.7
2013-04-27 08:00:00,213.7767944,1.0,1,0.9115954637527466,1,0.7
2013-04-27 09:00:00,190.5954437,1.0,1,0.8512850999832153,1,0.7
2013-04-27 10:00:00,858.9160156,1.0076336,1,0.8626193404197693,1,0.7
2013-04-27 11:00:00,378.2298279,0.9935065,1,0.8983094692230225,1,0.7
2013-04-27 12:00:00,424.0792847,91.98788,1,0.8949020504951477,1,0.7
2013-04-27 13:00:00,948.1335449,28.488317,0,0.9189628958702087,1,0.7
2013-04-27 14:00:00,625.8493042,1.0,0,0.9176034927368164,1,0.7
2013-04-27 15:00:00,229.8618317,1.0,0,0.9147539734840393,1,0.7
2013-04-27 16:00:00,395.2781677,47.835735,0,0.9081242680549622,1,0.7
2013-04-27 17:00:00,425.2250366,49.557335,0,0.9044693112373352,1,0.7
2013-04-27 18:00:00,492.4025574,1.0,0,0.8996878862380981,1,0.7
2013-04-27 19:00:00,410.3850098,1.0,0,0.8536093831062317,1,0.7
2013-04-27 20:00:00,369.7179871,1.0,0,0.7970413565635681,1,0.7
2013-04-27 21:00:00,243.9982605,1.0,0,0.6627728343009949,0,0.7
2013-04-27 22:00:00,290.5181885,1.0,0,0.5486021637916565,0,0.7
2013-04-27 23:00:00,240.6045685,1.0,0,0.5288774371147156,0,0.7
2013-04-28 00:00:00,219.5256653,1.0,0,0.49945417046546936,0,0.7
2013-04-28 01:00:00,242.0571899,1.0,0,0.46753060817718506,0,0.7
2013-04-28 02:00:00,239.1265106,1.0039841,0,0.3867790699005127,0,0.7
2013-04-28 03:00:00,236.0599365,1.0,0,0.40619516372680664,0,0.7
2013-04-28 04:00:00,214.7951355,1.0040568,0,0.31509676575660706,0,0.7
2013-04-28 05:00:00,276.2184448,1.0,0,0.2663882076740265,0,0.7
2013-04-28 06:00:00,290.7848511,1.0,0,0.15996864438056946,0,0.7
2013-04-28 07:00:00,312.4257507,1.0,0,0.15652772784233093,0,0.7
2013-04-28 08:00:00,559.8618774,127.09761,0,0.132237508893013,0,0.7
2013-04-28 09:00:00,273.355896,1.0039841,0,0.18675178289413452,0,0.7
2013-04-28 10:00:00,204.0362091,1.0,0,0.14949171245098114,0,0.7
2013-04-28 11:00:00,273.7329712,95.67002,0,0.19057098031044006,0,0.7
2013-04-28 12:00:00,308.128479,72.587395,0,0.20665183663368225,0,0.7
2013-04-28 13:00:00,304.8082275,1.0,0,0.21053004264831543,0,0.7
2013-04-28 14:00:00,262.1188354,1.0,0,0.27886635065078735,0,0.7
2013-04-28 15:00:00,212.1945343,1.0096618,0,0.22834017872810364,0,0.7
2013-04-28 16:00:00,445.7388306,179.75053,0,0.2635347843170166,0,0.7
2013-04-28 17:00:00,302.0360718,1.0,0,0.32888245582580566,0,0.7
2013-04-28 18:00:00,280.0953979,1.0,0,0.37498781085014343,0,0.7
2013-04-28 19:00:00,469.2827454,1.0,0,0.3597410023212433,0,0.7
2013-04-28 20:00:00,453.0119019,1.0,0,0.4196380376815796,0,0.7
2013-04-28 21:00:00,738.342041,1.0,0,0.4454251527786255,0,0.7
2013-04-28 22:00:00,869.7247314,1.0,0,0.4591294229030609,0,0.7
2013-04-28 23:00:00,181.6987915,1.004008,0,0.4871253967285156,0,0.7
2013-04-29 00:00:00,190.4273376,1.0,0,0.5628756284713745,0,0.7
2013-04-29 01:00:00,177.0677032,1.0,0,0.5437673926353455,0,0.7
2013-04-29 02:00:00,194.3835449,1.0,0,0.6053170561790466,0,0.7
2013-04-29 03:00:00,213.8616486,1.0,0,0.6091808080673218,0,0.7
2013-04-29 04:00:00,193.3639526,1.0040733,0,0.6318421959877014,0,0.7
2013-04-29 05:00:00,192.8295288,1.0,0,0.6039206385612488,0,0.7
2013-04-29 06:00:00,206.0314178,44.15638,0,0.6241590976715088,0,0.7
2013-04-29 07:00:00,365.0696411,101.15416,0,0.5582627654075623,0,0.7
2013-04-29 08:00:00,231.4072723,1.0,0,0.6724373698234558,0,0.7
2013-04-29 09:00:00,196.8006744,1.0354767,0,0.5373731851577759,0,0.7
2013-04-29 10:00:00,211.2606506,1.0,0,0.5750712156295776,0,0.7
2013-04-29 11:00:00,196.4706879,1.0,0,0.4455677568912506,0,0.7
2013-04-29 12:00:00,205.0529022,1.0,0,0.48951950669288635,0,0.7
2013-04-29 13:00:00,296.2979431,1.0047733,0,0.4028714597225189,0,0.7
2013-04-29 14:00:00,506.8612671,78.75304,0,0.42333507537841797,0,0.7
2013-04-29 15:00:00,1524.238159,1.0,0,0.5855603218078613,0,0.7
2013-04-29 16:00:00,742.6856689,97.712746,0,0.7751180529594421,1,0.7
2013-04-29 17:00:00,369.1897583,1.0,0,0.6738039255142212,0,0.7
2013-04-29 18:00:00,572.0872803,70.04931,0,0.7839547395706177,1,0.7
2013-04-29 19:00:00,442.996582,1.0,0,0.6447706818580627,0,0.7
2013-04-29 20:00:00,302.2377014,1.0,0,0.7496751546859741,1,0.7
2013-04-29 21:00:00,181.0542297,1.0,0,0.496017187833786,0,0.7
2013-04-29 22:00:00,193.9404755,1.003992,0,0.5290623307228088,0,0.7
2013-04-29 23:00:00,171.7170105,1.012,0,0.24921749532222748,0,0.7
2013-04-30 00:00:00,180.095993,1.0,0,0.38425976037979126,0,0.7
2013-04-30 01:00:00,178.2383423,1.0,0,0.26622432470321655,0,0.7
2013-04-30 02:00:00,191.9705353,1.0,0,0.3702969253063202,0,0.7
2013-04-30 03:00:00,194.2206726,1.00409,0,0.3446253538131714,0,0.7
2013-04-30 04:00:00,285.0226135,1.0,0,0.4287702143192291,0,0.7
2013-04-30 05:00:00,435.7125549,1.0,0,0.3689959645271301,0,0.7
2013-04-30 06:00:00,345.0683594,67.54637,0,0.5837484002113342,0,0.7
2013-04-30 07:00:00,367.5080872,1.0,0,0.6276487708091736,0,0.7
2013-04-30 08:00:00,230.9248199,1.0,0,0.6618121862411499,0,0.7
2013-04-30 09:00:00,298.4076538,98.314285,0,0.6519550681114197,0,0.7
2013-04-30 10:00:00,299.4035034,1.0,0,0.6336299180984497,0,0.7
2013-04-30 11:00:00,297.8618164,1.0,0,0.5968594551086426,0,0.7
2013-04-30 12:00:00,203.5827637,1.0,0,0.4962143301963806,0,0.7
2013-04-30 13:00:00,202.319046,1.0040323,0,0.46911266446113586,0,0.7
2013-04-30 14:00:00,196.9212341,1.0,0,0.3842499256134033,0,0.7
2013-04-30 15:00:00,254.29776,1.00409,0,0.40297529101371765,0,0.7
2013-04-30 16:00:00,412.1320801,1.0,0,0.34901902079582214,0,0.7
2013-04-30 17:00:00,426.822052,116.866264,0,0.4341276288032532,0,0.7
2013-04-30 18:00:00,207.7649078,1.0,0,0.4913763105869293,0,0.7
2013-04-30 19:00:00,389.9237366,1.0,0,0.5081982612609863,0,0.7
2013-04-30 20:00:00,418.408783,1.0,0,0.43109649419784546,0,0.7
2013-04-30 21:00:00,297.7373962,1.0036496,0,0.5575704574584961,0,0.7
2013-04-30 22:00:00,307.2556458,1.0,0,0.5436476469039917,0,0.7
2013-04-30 23:00:00,323.4165344,1.0,0,0.528908908367157,0,0.7
2013-05-01 00:00:00,326.4465637,1.0,0,0.42623183131217957,0,0.7
2013-05-01 01:00:00,284.7132874,1.0072464,0,0.4241586923599243,0,0.7
2013-05-01 02:00:00,282.7145386,1.007326,0,0.35159265995025635,0,0.7
2013-05-01 03:00:00,304.4863586,1.0036298,0,0.31820303201675415,0,0.7
2013-05-01 04:00:00,283.2793884,1.0,0,0.264933317899704,0,0.7
2013-05-01 05:00:00,424.3418884,69.34846,0,0.2759108543395996,0,0.7
2013-05-01 06:00:00,587.086853,31.577778,0,0.3050062954425812,0,0.7
2013-05-01 07:00:00,303.5739136,1.0,0,0.3307369351387024,0,0.7
2013-05-01 08:00:00,340.5,1.0108109,0,0.36210763454437256,0,0.7
2013-05-01 09:00:00,295.151825,1.0036364,0,0.3479031026363373,0,0.7
2013-05-01 10:00:00,307.3877258,1.0,0,0.3549388349056244,0,0.7
2013-05-01 11:00:00,384.2944336,1.0,0,0.3213706910610199,0,0.7
2013-05-01 12:00:00,454.7119751,99.7704,0,0.32653531432151794,0,0.7
2013-05-01 13:00:00,370.3315735,1.0,0,0.2660425901412964,0,0.7
2013-05-01 14:00:00,464.8925476,42.74312,0,0.24194297194480896,0,0.7
2013-05-01 15:00:00,392.4930725,1.0,0,0.23856984078884125,0,0.7
2013-05-01 16:00:00,435.7904968,48.629562,0,0.24738836288452148,0,0.7
2013-05-01 17:00:00,488.6725464,1.0,0,0.23484504222869873,0,0.7
2013-05-01 18:00:00,463.4394531,1.0,0,0.2228493094444275,0,0.7
2013-05-01 19:00:00,433.0247803,1.0072464,0,0.21606415510177612,0,0.7
2013-05-01 20:00:00,473.7565308,1.0,0,0.210599884390831,0,0.7
2013-05-01 21:00:00,425.3068848,1.0,0,0.19460520148277283,0,0.7
2013-05-01 22:00:00,520.9653931,1.0,0,0.18531043827533722,0,0.7
2013-05-01 23:00:00,731.8467407,1.0,0,0.19137100875377655,0,0.7
2013-05-02 00:00:00,168.152359,1.0,0,0.19575940072536469,0,0.7
2013-05-02 01:00:00,192.9404602,1.0,0,0.21183733642101288,0,0.7
2013-05-02 02:00:00,184.671875,1.0,0,0.2035755068063736,0,0.7
2013-05-02 03:00:00,167.7478333,1.0118577,0,0.21847233176231384,0,0.7
2013-05-02 04:00:00,181.8436432,1.0,0,0.22526046633720398,0,0.7
2013-05-02 05:00:00,316.8754272,72.417496,0,0.2561100423336029,0,0.7
2013-05-02 06:00:00,1352.074341,72.63599,0,0.2568976879119873,0,0.7
2013-05-02 07:00:00,586.2445679,1.0,0,0.5908626317977905,0,0.7
2013-05-02 08:00:00,329.4713135,1.0,0,0.7114099264144897,1,0.7
2013-05-02 09:00:00,355.746521,1.0,0,0.8000551462173462,1,0.7
2013-05-02 10:00:00,390.9291992,65.24501,0,0.7823827862739563,1,0.7
2013-05-02 11:00:00,352.3814392,1.0036036,0,0.8397305607795715,1,0.7
2013-05-02 12:00:00,333.5927734,1.0036036,0,0.7897448539733887,1,0.7
2013-05-02 13:00:00,418.6317749,108.87454,0,0.7917837500572205,1,0.7
2013-05-02 14:00:00,322.7145386,1.0,0,0.7051230072975159,1,0.7
2013-05-02 15:00:00,350.1378784,1.0,0,0.738202691078186,1,0.7
2013-05-02 16:00:00,872.178894,1.0,0,0.5812411904335022,0,0.7
2013-05-02 17:00:00,648.4332275,1.0,0,0.9032337665557861,1,0.7
2013-05-02 18:00:00,476.2013855,1.0,0,0.8875056505203247,1,0.7
2013-05-02 19:00:00,434.7213745,1.6305419,0,0.9213415384292603,1,0.7
2013-05-02 20:00:00,410.227417,1.0,0,0.8991068601608276,1,0.7
2013-05-02 21:00:00,252.3989563,1.0050762,0,0.8899400234222412,1,0.7
2013-05-02 22:00:00,198.904007,1.0,0,0.8173017501831055,1,0.7
2013-05-02 23:00:00,169.2617798,1.0041841,0,0.8538014888763428,1,0.7
2013-05-03 00:00:00,176.4862061,1.0,0,0.7188237905502319,1,0.7
2013-05-03 01:00:00,167.2647095,1.0,0,0.7328754663467407,1,0.7
2013-05-03 02:00:00,165.146347,1.0020534,0,0.6694526672363281,0,0.7
2013-05-03 03:00:00,186.019165,1.0,0,0.6982160210609436,0,0.7
2013-05-03 04:00:00,181.860672,1.0,0,0.608957052230835,0,0.7
2013-05-03 05:00:00,256.0140991,66.224915,0,0.5192577838897705,0,0.7
2013-05-03 06:00:00,327.5924683,82.640686,0,0.46477845311164856,0,0.7
2013-05-03 07:00:00,371.3889771,1.0,0,0.33689355850219727,0,0.7
2013-05-03 08:00:00,247.2258606,1.0,0,0.32317712903022766,0,0.7
2013-05-03 09:00:00,191.968811,1.0,0,0.327171266078949,0,0.7
2013-05-03 10:00:00,254.5839081,1.0,0,0.3488464951515198,0,0.7
2013-05-03 11:00:00,209.6118622,1.0,0,0.2988535761833191,0,0.7
2013-05-03 12:00:00,213.098465,1.0,0,0.3193679451942444,0,0.7
2013-05-03 13:00:00,189.414505,1.0,0,0.26502490043640137,0,0.7
2013-05-03 14:00:00,213.9368591,1.0,0,0.243831068277359,0,0.7
2013-05-03 15:00:00,188.1921844,1.0046083,0,0.20314383506774902,0,0.7
2013-05-03 16:00:00,325.1906433,1.0020618,0,0.1877112239599228,0,0.7
2013-05-03 17:00:00,1062.746826,147.30878,0,0.17997004091739655,0,0.7
2013-05-03 18:00:00,766.9259644,1.4115756,0,0.4535839557647705,0,0.7
2013-05-03 19:00:00,414.829895,1.0,0,0.44767552614212036,0,0.7
2013-05-03 20:00:00,393.2971191,1.0,0,0.48428305983543396,0,0.7
2013-05-03 21:00:00,233.7157593,1.0,0,0.5000603795051575,0,0.7
2013-05-03 22:00:00,216.8590851,1.0,0,0.5763881206512451,0,0.7
2013-05-03 23:00:00,179.4531555,1.0,0,0.4952353835105896,0,0.7
2013-05-04 00:00:00,196.514389,1.0,0,0.5145310163497925,0,0.7
2013-05-04 01:00:00,210.536377,1.0,0,0.5338385105133057,0,0.7
2013-05-04 02:00:00,203.7585602,1.0,0,0.5572599768638611,0,0.7
2013-05-04 03:00:00,166.7815704,1.0,0,0.47629687190055847,0,0.7
2013-05-04 04:00:00,180.2564545,1.0,0,0.5328336954116821,0,0.7
2013-05-04 05:00:00,173.2719421,1.0,0,0.5789361000061035,0,0.7
2013-05-04 06:00:00,365.6066895,140.23166,0,0.5656797289848328,0,0.7
2013-05-04 07:00:00,443.6772461,88.64208,0,0.5825852751731873,0,0.7
2013-05-04 08:00:00,246.2552032,1.0,0,0.7218841314315796,1,0.7
2013-05-04 09:00:00,215.100174,1.0,0,0.7906112670898438,1,0.7
2013-05-04 10:00:00,216.3299255,1.0,0,0.7718660831451416,1,0.7
2013-05-04 11:00:00,259.8237305,1.0,0,0.7433109283447266,1,0.7
2013-05-04 12:00:00,208.2774963,1.0,0,0.7170668840408325,1,0.7
2013-05-04 13:00:00,302.4642334,71.94852,0,0.6871194839477539,0,0.7
2013-05-04 14:00:00,239.0836182,1.0,0,0.6054883003234863,0,0.7
2013-05-04 15:00:00,236.3910065,1.0039604,0,0.5512654185295105,0,0.7
2013-05-04 16:00:00,237.942276,1.0,0,0.45751187205314636,0,0.7
2013-05-04 17:00:00,380.3684082,79.30375,0,0.4084250330924988,0,0.7
2013-05-04 18:00:00,927.3005371,1.0,0,0.3714556396007538,0,0.7
2013-05-04 19:00:00,314.2930298,1.0118343,0,0.547959566116333,0,0.7
2013-05-04 20:00:00,361.6098938,1.0,0,0.5894695520401001,0,0.7
2013-05-04 21:00:00,376.2224121,1.0,0,0.5462049841880798,0,0.7
2013-05-04 22:00:00,624.4329834,1.0,0,0.6193554997444153,0,0.7
2013-05-04 23:00:00,706.2611084,1.0,0,0.643920361995697,0,0.7
2013-05-05 00:00:00,165.5711823,1.0,0,0.6382148861885071,0,0.7
2013-05-05 01:00:00,181.5521393,1.0,0,0.6318930387496948,0,0.7
2013-05-05 02:00:00,167.9915009,1.0,0,0.7144842147827148,1,0.7
2013-05-05 03:00:00,163.8461609,1.0,0,0.7513494491577148,1,0.7
2013-05-05 04:00:00,182.6806335,1.0,0,0.7514432072639465,1,0.7
2013-05-05 05:00:00,172.769104,1.0,0,0.6968952417373657,0,0.7
2013-05-05 06:00:00,413.4202271,114.674934,0,0.7506924867630005,1,0.7
2013-05-05 07:00:00,299.006897,1.0,0,0.850131630897522,1,0.7
2013-05-05 08:00:00,376.8611145,39.178864,0,0.8285912871360779,1,0.7
2013-05-05 09:00:00,190.7618256,1.0,0,0.8566551208496094,1,0.7
2013-05-05 10:00:00,1978.953857,127.802734,0,0.8655858039855957,1,0.7
2013-05-05 11:00:00,861.5996704,123.80507,0,0.9583017826080322,1,0.7
2013-05-05 12:00:00,318.9365234,1.0079365,0,0.9692739844322205,1,0.7
2013-05-05 13:00:00,234.5672913,1.0,0,0.9742510914802551,1,0.7
2013-05-05 14:00:00,241.9745789,1.0079681,0,0.979819118976593,1,0.7
2013-05-05 15:00:00,203.0983124,1.0,0,0.9808629751205444,1,0.7
2013-05-05 16:00:00,179.883255,1.0,0,0.9769171476364136,1,0.7
2013-05-05 17:00:00,171.6351318,1.0,0,0.9661768674850464,1,0.7
2013-05-05 18:00:00,549.1381836,1.007767,0,0.9676559567451477,1,0.7
2013-05-05 19:00:00,898.480896,1.0,0,0.9638630151748657,1,0.7
2013-05-05 20:00:00,518.494873,1.0,0,0.9800096750259399,1,0.7
2013-05-05 21:00:00,427.9118652,1.0019343,0,0.983947217464447,1,0.7
2013-05-05 22:00:00,212.2037659,1.0,0,0.9835711121559143,1,0.7
2013-05-05 23:00:00,179.6797333,1.0,0,0.980302631855011,1,0.7
2013-05-06 00:00:00,170.4111633,1.0,0,0.9602004289627075,1,0.7
2013-05-06 01:00:00,165.8061676,1.0,0,0.9569995403289795,1,0.7
2013-05-06 02:00:00,185.9506836,1.0039062,0,0.9647697806358337,1,0.7
2013-05-06 03:00:00,163.0339508,1.0019608,0,0.962497353553772,1,0.7
2013-05-06 04:00:00,182.0836182,1.0,0,0.9664517641067505,1,0.7
2013-05-06 05:00:00,184.0611267,1.0,0,0.9591329097747803,1,0.7
2013-05-06 06:00:00,531.1347656,126.15686,0,0.9456431269645691,1,0.7
2013-05-06 07:00:00,228.0253754,1.0,0,0.9753718972206116,1,0.7
2013-05-06 08:00:00,241.3829041,1.0,0,0.9729134440422058,1,0.7
2013-05-06 09:00:00,212.150589,1.0039062,0,0.9667651653289795,1,0.7
2013-05-06 10:00:00,190.191452,1.0,0,0.9509609937667847,1,0.7
2013-05-06 11:00:00,218.033905,1.003876,0,0.9262569546699524,1,0.7
2013-05-06 12:00:00,215.2355957,1.0,0,0.8867655992507935,1,0.7
2013-05-06 13:00:00,243.3139954,1.003876,0,0.8431898951530457,1,0.7
2013-05-06 14:00:00,186.984726,1.0,0,0.8563858270645142,1,0.7
2013-05-06 15:00:00,206.016983,1.0039139,0,0.8139910101890564,1,0.7
2013-05-06 16:00:00,193.0689697,1.0,0,0.7787225842475891,1,0.7
2013-05-06 17:00:00,298.2444458,1.0,0,0.6428165435791016,0,0.7
2013-05-06 18:00:00,279.6230774,1.0,0,0.644204318523407,0,0.7
2013-05-06 19:00:00,328.95755,1.0038536,0,0.6102520227432251,0,0.7
2013-05-06 20:00:00,646.7469482,1.0044346,0,0.5148999691009521,0,0.7
2013-05-06 21:00:00,487.9537659,1.0055866,0,0.6234447956085205,0,0.7
2013-05-06 22:00:00,451.3350525,1.0,0,0.6652352213859558,0,0.7
2013-05-06 23:00:00,216.0531769,1.0,0,0.6340939402580261,0,0.7
2013-05-07 00:00:00,164.3762665,1.0,0,0.6595829129219055,0,0.7
2013-05-07 01:00:00,183.3648682,1.0,0,0.5389559268951416,0,0.7
2013-05-07 02:00:00,163.5415955,1.0,0,0.49857014417648315,0,0.7
2013-05-07 03:00:00,218.223938,1.0,0,0.4264799952507019,0,0.7
2013-05-07 04:00:00,179.5854492,1.0,0,0.4297328293323517,0,0.7
2013-05-07 05:00:00,237.9691772,66.67864,0,0.3549332022666931,0,0.7
2013-05-07 06:00:00,293.1056213,60.672306,0,0.3416510224342346,0,0.7
2013-05-07 07:00:00,187.70578,1.0020534,0,0.2858014702796936,0,0.7
2013-05-07 08:00:00,189.8387146,1.0,0,0.3316933214664459,0,0.7
2013-05-07 09:00:00,213.7049713,1.0,0,0.31320255994796753,0,0.7
2013-05-07 10:00:00,211.5621796,1.0,0,0.2691245377063751,0,0.7
2013-05-07 11:00:00,245.1042786,1.0119522,0,0.2685375511646271,0,0.7
2013-05-07 12:00:00,235.356781,1.0,0,0.23804278671741486,0,0.7
2013-05-07 13:00:00,207.0292664,1.007874,0,0.2253437489271164,0,0.7
2013-05-07 14:00:00,169.2214661,1.0,0,0.19033372402191162,0,0.7
2013-05-07 15:00:00,263.9363098,1.0078125,0,0.15245331823825836,0,0.7
2013-05-07 16:00:00,208.7036438,1.0039682,0,0.12627959251403809,0,0.7
2013-05-07 17:00:00,270.0516357,58.22672,0,0.11185505986213684,0,0.7
2013-05-07 18:00:00,239.7375641,1.0,0,0.11079972982406616,0,0.7
2013-05-07 19:00:00,243.9230804,1.0,0,0.08539728820323944,0,0.7
2013-05-07 20:00:00,456.2182007,1.0,0,0.07667366415262222,0,0.7
2013-05-07 21:00:00,447.386322,1.0,0,0.11057028919458389,0,0.7
2013-05-07 22:00:00,263.553833,1.0,0,0.13766731321811676,0,0.7
2013-05-07 23:00:00,186.6815033,1.0,0,0.13174690306186676,0,0.7
2013-05-08 00:00:00,186.935379,1.0,0,0.13058628141880035,0,0.7
2013-05-08 01:00:00,167.826828,1.0,0,0.1404462456703186,0,0.7
2013-05-08 02:00:00,221.2830505,1.0,0,0.14925728738307953,0,0.7
2013-05-08 03:00:00,179.793869,1.0,0,0.12204863876104355,0,0.7
2013-05-08 04:00:00,183.1894226,1.0,0,0.13765192031860352,0,0.7
2013-05-08 05:00:00,401.6382141,164.43378,0,0.1584714651107788,0,0.7
2013-05-08 06:00:00,326.3610229,1.0,0,0.2894800901412964,0,0.7
2013-05-08 07:00:00,329.4494019,1.0037243,0,0.3087705671787262,0,0.7
2013-05-08 08:00:00,414.1904907,1.0,0,0.39836013317108154,0,0.7
2013-05-08 09:00:00,333.7719727,1.0,0,0.49702173471450806,0,0.7
2013-05-08 10:00:00,344.6405334,1.0,0,0.5774659514427185,0,0.7
2013-05-08 11:00:00,333.3833008,1.0075614,0,0.592852771282196,0,0.7
2013-05-08 12:00:00,463.2627869,63.247147,0,0.6084295511245728,0,0.7
2013-05-08 13:00:00,309.4224854,1.0,0,0.6016775369644165,0,0.7
2013-05-08 14:00:00,321.4285583,1.0,0,0.5934256315231323,0,0.7
2013-05-08 15:00:00,378.9830933,1.001912,0,0.5459426641464233,0,0.7
2013-05-08 16:00:00,327.8890686,1.0,0,0.5358018279075623,0,0.7
2013-05-08 17:00:00,350.8163147,1.0,0,0.5022721886634827,0,0.7
2013-05-08 18:00:00,409.7229004,78.939735,0,0.501675009727478,0,0.7
2013-05-08 19:00:00,352.1776733,1.0,0,0.5004203915596008,0,0.7
2013-05-08 20:00:00,368.3441162,1.0,0,0.4494590759277344,0,0.7
2013-05-08 21:00:00,423.1042786,1.0,0,0.4052796959877014,0,0.7
2013-05-08 22:00:00,216.4037476,1.0,0,0.3910005986690521,0,0.7
2013-05-08 23:00:00,172.8979645,1.0117878,0,0.4006326496601105,0,0.7
2013-05-09 00:00:00,165.2637024,1.0,0,0.3464016020298004,0,0.7
2013-05-09 01:00:00,169.6859131,1.0,0,0.3168122172355652,0,0.7
2013-05-09 02:00:00,162.3412628,1.0079051,0,0.2479601949453354,0,0.7
2013-05-09 03:00:00,169.2960358,1.0,0,0.22811096906661987,0,0.7
2013-05-09 04:00:00,158.2550659,1.0,0,0.20108918845653534,0,0.7
2013-05-09 05:00:00,181.2495728,1.0039841,0,0.18856437504291534,0,0.7
2013-05-09 06:00:00,159.7244873,1.0,0,0.15791167318820953,0,0.7
2013-05-09 07:00:00,336.8258667,74.55754,0,0.15554164350032806,0,0.7
2013-05-09 08:00:00,315.1243591,1.0,0,0.2036188542842865,0,0.7
2013-05-09 09:00:00,361.7286682,1.0,0,0.22372616827487946,0,0.7
2013-05-09 10:00:00,319.1586914,1.0,0,0.2772245407104492,0,0.7
2013-05-09 11:00:00,347.7546997,1.0,0,0.29660627245903015,0,0.7
2013-05-09 12:00:00,479.1740723,54.801136,0,0.3586180508136749,0,0.7
2013-05-09 13:00:00,394.2901611,1.0,0,0.39631301164627075,0,0.7
2013-05-09 14:00:00,349.6791687,1.0,0,0.39965373277664185,0,0.7
2013-05-09 15:00:00,340.2436218,1.0,0,0.3661021590232849,0,0.7
2013-05-09 16:00:00,316.0194092,32.79922,0,0.4390062093734741,0,0.7
2013-05-09 17:00:00,192.774704,1.0,0,0.39166024327278137,0,0.7
2013-05-09 18:00:00,203.8188171,1.0,0,0.38815468549728394,0,0.7
2013-05-09 19:00:00,191.9034424,1.0,0,0.32668790221214294,0,0.7
2013-05-09 20:00:00,174.3368225,1.0,0,0.4129714071750641,0,0.7
2013-05-09 21:00:00,174.3013916,1.0060121,0,0.35875585675239563,0,0.7
2013-05-09 22:00:00,206.0847778,1.0,0,0.36107388138771057,0,0.7
2013-05-09 23:00:00,211.656311,1.0,0,0.3177449405193329,0,0.7
2013-05-10 00:00:00,181.4165192,1.0,0,0.3917781114578247,0,0.7
2013-05-10 01:00:00,158.9635468,1.0079207,0,0.32715943455696106,0,0.7
2013-05-10 02:00:00,173.6989594,1.0,0,0.2716858685016632,0,0.7
2013-05-10 03:00:00,163.9930878,1.0,0,0.20718811452388763,0,0.7
2013-05-10 04:00:00,153.2379303,1.0076629,0,0.17212247848510742,0,0.7
2013-05-10 05:00:00,181.2099762,1.0,0,0.11718667298555374,0,0.7
2013-05-10 06:00:00,159.4507751,1.0,0,0.09425024688243866,0,0.7
2013-05-10 07:00:00,332.4620667,75.39645,0,0.07711967080831528,0,0.7
2013-05-10 08:00:00,212.8411102,1.0,0,0.10485278815031052,0,0.7
2013-05-10 09:00:00,351.5634766,1.0,0,0.10308182239532471,0,0.7
2013-05-10 10:00:00,314.2055664,1.0,0,0.16115953028202057,0,0.7
2013-05-10 11:00:00,462.0604553,1.0,0,0.15480747818946838,0,0.7
2013-05-10 12:00:00,605.9454956,72.43071,0,0.27150943875312805,0,0.7
2013-05-10 13:00:00,404.9283142,1.0037665,0,0.2743200957775116,0,0.7
2013-05-10 14:00:00,428.6391602,1.0,0,0.307544082403183,0,0.7
2013-05-10 15:00:00,350.912384,1.0,0,0.25576600432395935,0,0.7
2013-05-10 16:00:00,295.2349854,1.0,0,0.34045109152793884,0,0.7
2013-05-10 17:00:00,180.2650604,1.0,0,0.3161698281764984,0,0.7
2013-05-10 18:00:00,272.3592529,84.296295,0,0.3451739251613617,0,0.7
2013-05-10 19:00:00,393.7915955,1.0,0,0.32673123478889465,0,0.7
2013-05-10 20:00:00,1585.18335,0.99769586,0,0.43988853693008423,0,0.7
2013-05-10 21:00:00,877.227356,1.0078895,0,0.691704273223877,0,0.7
2013-05-10 22:00:00,250.7534485,1.0,0,0.7571110725402832,1,0.7
2013-05-10 23:00:00,174.1082458,1.0079207,0,0.8292744755744934,1,0.7
2013-05-11 00:00:00,163.8551178,1.0,0,0.859660804271698,1,0.7
2013-05-11 01:00:00,176.1161194,1.0,0,0.8928112983703613,1,0.7
2013-05-11 02:00:00,159.7329865,1.0039761,0,0.8860652446746826,1,0.7
2013-05-11 03:00:00,169.6626129,1.0,0,0.8602786660194397,1,0.7
2013-05-11 04:00:00,190.8000031,1.0040404,0,0.8569256067276001,1,0.7
2013-05-11 05:00:00,191.440979,1.0,0,0.8585790991783142,1,0.7
2013-05-11 06:00:00,170.8440247,1.0,0,0.8002193570137024,1,0.7
2013-05-11 07:00:00,375.7394409,15.145709,0,0.7455292344093323,1,0.7
2013-05-11 08:00:00,280.4661865,21.696507,0,0.8406388759613037,1,0.7
2013-05-11 09:00:00,197.0434723,1.0040568,0,0.8647636771202087,1,0.7
2013-05-11 10:00:00,287.1060181,143.63492,0,0.8718965649604797,1,0.7
2013-05-11 11:00:00,1104.133179,1.0046839,0,0.8372277617454529,1,0.7
2013-05-11 12:00:00,643.3678589,1.008316,0,0.9489713907241821,1,0.7
2013-05-11 13:00:00,540.7422485,1.0,0,0.9423515796661377,1,0.7
2013-05-11 14:00:00,884.5365601,93.15304,0,0.9549002647399902,1,0.7
2013-05-11 15:00:00,872.614563,107.2541,0,0.9308089017868042,1,0.7
2013-05-11 16:00:00,532.4616699,1.0077369,0,0.936371922492981,1,0.7
2013-05-11 17:00:00,511.5549927,1.0,0,0.8743453621864319,1,0.7
2013-05-11 18:00:00,479.0050964,1.0,0,0.8322544097900391,1,0.7
2013-05-11 19:00:00,424.1658325,1.0,0,0.740630030632019,1,0.7
2013-05-11 20:00:00,444.378418,1.007984,0,0.7124741077423096,1,0.7
2013-05-11 21:00:00,272.6972351,1.0,0,0.41231435537338257,0,0.7
2013-05-11 22:00:00,176.660965,1.0,0,0.2351098358631134,0,0.7
2013-05-11 23:00:00,184.5899658,1.0,0,0.22460879385471344,0,0.7
2013-05-12 00:00:00,185.2958527,1.0,0,0.26119858026504517,0,0.7
2013-05-12 01:00:00,175.5418091,1.0,0,0.16525064408779144,0,0.7
2013-05-12 02:00:00,179.6876068,1.0,0,0.24450425803661346,0,0.7
2013-05-12 03:00:00,166.177887,1.0,0,0.21133853495121002,0,0.7
2013-05-12 04:00:00,166.1495667,1.0080972,0,0.26600900292396545,0,0.7
2013-05-12 05:00:00,197.3506927,1.0,0,0.14397083222866058,0,0.7
2013-05-12 06:00:00,210.3396912,0.997996,0,0.18494842946529388,0,0.7
2013-05-12 07:00:00,268.7720947,76.43936,0,0.09531422704458237,0,0.7
2013-05-12 08:00:00,404.1717834,56.333992,0,0.12507611513137817,0,0.7
2013-05-12 09:00:00,209.8820496,1.0,0,0.11340036988258362,0,0.7
2013-05-12 10:00:00,252.5381927,1.0,0,0.16239973902702332,0,0.7
2013-05-12 11:00:00,212.6395874,1.0,0,0.13848169147968292,0,0.7
2013-05-12 12:00:00,194.9284515,1.0040241,0,0.19651830196380615,0,0.7
2013-05-12 13:00:00,203.7831268,1.0078895,0,0.21118919551372528,0,0.7
2013-05-12 14:00:00,242.4373932,92.362724,0,0.21593938767910004,0,0.7
2013-05-12 15:00:00,187.7157288,1.0,0,0.19036145508289337,0,0.7
2013-05-12 16:00:00,263.633728,1.0,0,0.17406520247459412,0,0.7
2013-05-12 17:00:00,1942.560913,1.0,0,0.14385376870632172,0,0.7
2013-05-12 18:00:00,615.3759155,60.51098,0,0.567396879196167,0,0.7
2013-05-12 19:00:00,424.218811,1.0,0,0.6467128396034241,0,0.7
2013-05-12 20:00:00,412.9881287,1.0,0,0.7479120492935181,1,0.7
2013-05-12 21:00:00,330.6824341,1.0039682,0,0.7205512523651123,1,0.7
2013-05-12 22:00:00,197.8620148,1.0,0,0.8011008501052856,1,0.7
2013-05-12 23:00:00,180.0357819,1.0,0,0.7226983904838562,1,0.7
2013-05-13 00:00:00,185.8641815,1.0039841,0,0.7512303590774536,1,0.7
2013-05-13 01:00:00,231.7167511,1.0,0,0.6332284808158875,0,0.7
2013-05-13 02:00:00,184.0757294,1.0,0,0.703995943069458,1,0.7
2013-05-13 03:00:00,177.8245239,1.0,0,0.5047390460968018,0,0.7
2013-05-13 04:00:00,178.0155182,1.0,0,0.6030979752540588,0,0.7
2013-05-13 05:00:00,197.0672455,1.0,0,0.4811379611492157,0,0.7
2013-05-13 06:00:00,257.7948608,70.1716,0,0.5716469287872314,0,0.7
2013-05-13 07:00:00,413.2398682,61.48828,0,0.43082454800605774,0,0.7
2013-05-13 08:00:00,199.4476776,1.0,0,0.6865552663803101,0,0.7
2013-05-13 09:00:00,241.3418732,1.0,0,0.6821738481521606,0,0.7
2013-05-13 10:00:00,196.4101715,1.0,0,0.7215445637702942,1,0.7
2013-05-13 11:00:00,224.698822,1.0,0,0.6410232186317444,0,0.7
2013-05-13 12:00:00,206.4837036,1.0,0,0.6348186731338501,0,0.7
2013-05-13 13:00:00,214.3091583,1.0,0,0.4770587980747223,0,0.7
2013-05-13 14:00:00,197.9398651,1.0,0,0.39685502648353577,0,0.7
2013-05-13 15:00:00,454.0617371,181.59438,0,0.2610534131526947,0,0.7
2013-05-13 16:00:00,248.4440613,1.0,0,0.3639052212238312,0,0.7
2013-05-13 17:00:00,216.8044586,1.0040816,0,0.32461559772491455,0,0.7
2013-05-13 18:00:00,215.1560822,1.0,0,0.42975035309791565,0,0.7
2013-05-13 19:00:00,550.8647461,1.0,0,0.33216041326522827,0,0.7
2013-05-13 20:00:00,538.7337036,1.0,0,0.4924894869327545,0,0.7
2013-05-13 21:00:00,635.8936768,1.0075471,0,0.5426951050758362,0,0.7
2013-05-13 22:00:00,344.4603577,1.0,0,0.6020494699478149,0,0.7
2013-05-13 23:00:00,283.51651,1.0,0,0.5991224050521851,0,0.7
2013-05-14 00:00:00,248.1566315,1.0,0,0.6300757527351379,0,0.7
2013-05-14 01:00:00,232.6267395,1.0,0,0.6114351153373718,0,0.7
2013-05-14 02:00:00,226.0207977,1.003795,0,0.6283042430877686,0,0.7
2013-05-14 03:00:00,213.9276886,1.0,0,0.5563849806785583,0,0.7
2013-05-14 04:00:00,211.9965515,1.0,0,0.5731570720672607,0,0.7
2013-05-14 05:00:00,245.543396,1.0,0,0.5398758053779602,0,0.7
2013-05-14 06:00:00,251.121521,1.0,0,0.5275795459747314,0,0.7
2013-05-14 07:00:00,496.0036316,125.001884,0,0.5006070733070374,0,0.7
2013-05-14 08:00:00,597.9439697,37.72328,0,0.7333205938339233,1,0.7
2013-05-14 09:00:00,357.012146,1.0,0,0.7974897623062134,1,0.7
2013-05-14 10:00:00,501.1971436,227.76114,0,0.7922350168228149,1,0.7
2013-05-14 11:00:00,418.874115,75.93869,1,0.7645766735076904,1,0.7
2013-05-14 12:00:00,298.6131287,1.0,1,0.7596376538276672,1,0.7
2013-05-14 13:00:00,306.1111145,1.7619047,1,0.7261453866958618,1,0.7
2013-05-14 14:00:00,486.6624451,6.949597,1,0.664489209651947,0,0.7
2013-05-14 15:00:00,381.4602051,1.0,1,0.6213149428367615,0,0.7
2013-05-14 16:00:00,353.7046509,1.0,1,0.5648329854011536,0,0.7
2013-05-14 17:00:00,443.605957,1.0,1,0.5471452474594116,0,0.7
2013-05-14 18:00:00,356.001709,1.0,1,0.49306246638298035,0,0.7
2013-05-14 19:00:00,449.585022,1.0,1,0.4698289930820465,0,0.7
2013-05-14 20:00:00,548.8144531,1.0,1,0.4561467468738556,0,0.7
2013-05-14 21:00:00,1006.382996,1.0,1,0.48473507165908813,0,0.7
2013-05-14 22:00:00,738.7647095,1.0,1,0.370484322309494,0,0.7
2013-05-14 23:00:00,300.8373718,1.0,1,0.3745282292366028,0,0.7
2013-05-15 00:00:00,224.236618,1.0,1,0.35063013434410095,0,0.7
2013-05-15 01:00:00,196.359375,1.0,1,0.4110049605369568,0,0.7
2013-05-15 02:00:00,234.7517242,1.0,1,0.4114300012588501,0,0.7
2013-05-15 03:00:00,174.5734253,1.0,1,0.4236834943294525,0,0.7
2013-05-15 04:00:00,351.2877197,0.0,1,0.36878424882888794,0,0.7
2013-05-15 05:00:00,382.3944092,0.0,1,0.3787345290184021,0,0.7
2013-05-15 06:00:00,445.8447876,238.50854,1,0.40274325013160706,0,0.7
2013-05-15 07:00:00,475.8244629,1.0,1,0.4404001235961914,0,0.7
2013-05-15 08:00:00,460.8396606,1.0,1,0.5279843807220459,0,0.7
2013-05-15 09:00:00,314.0192871,1.0,1,0.5116734504699707,0,0.7
2013-05-15 10:00:00,326.6707458,1.0,1,0.5128901600837708,0,0.7
2013-05-15 11:00:00,365.2587891,85.8197,1,0.45679688453674316,0,0.7
2013-05-15 12:00:00,580.1778564,1.0037383,1,0.4980980455875397,0,0.7
2013-05-15 13:00:00,504.3345032,62.13729,1,0.4707193672657013,0,0.7
2013-05-15 14:00:00,310.1818237,1.0036832,1,0.44648194313049316,0,0.7
2013-05-15 15:00:00,285.756958,1.0,1,0.47323158383369446,0,0.7
2013-05-15 16:00:00,392.8919067,31.350649,1,0.5484471321105957,0,0.7
2013-05-15 17:00:00,461.5412903,35.769943,1,0.5182152986526489,0,0.7
2013-05-15 18:00:00,516.9650269,1.0,1,0.4516602158546448,0,0.7
2013-05-15 19:00:00,561.4840698,1.0036832,1,0.42042621970176697,0,0.7
2013-05-15 20:00:00,526.8747559,1.0,1,0.44035977125167847,0,0.7
2013-05-15 21:00:00,529.9171143,1.0037037,1,0.3846723139286041,0,0.7
2013-05-15 22:00:00,262.0431824,1.0,1,0.32675713300704956,0,0.7
2013-05-15 23:00:00,234.1808624,1.0,1,0.2801540493965149,0,0.7
2013-05-16 00:00:00,256.1315002,1.0,1,0.24764332175254822,0,0.7
2013-05-16 01:00:00,230.746521,1.0,1,0.22936594486236572,0,0.7
2013-05-16 02:00:00,253.6915131,1.0,1,0.2048218846321106,0,0.7
2013-05-16 03:00:00,290.5923462,1.0074074,1,0.2107943892478943,0,0.7
2013-05-16 04:00:00,226.303299,1.0092081,1,0.17186765372753143,0,0.7
2013-05-16 05:00:00,272.4483337,1.0073937,1,0.18738611042499542,0,0.7
2013-05-16 06:00:00,582.3644409,178.45087,1,0.181183323264122,0,0.7
2013-05-16 07:00:00,649.5282593,1.0,0,0.3904242515563965,0,0.7
2013-05-16 08:00:00,419.7919617,1.0,0,0.4440619647502899,0,0.7
2013-05-16 09:00:00,359.3566284,1.0,0,0.46890345215797424,0,0.7
2013-05-16 10:00:00,349.8441772,1.0036832,0,0.4499951899051666,0,0.7
2013-05-16 11:00:00,431.2495728,178.53973,0,0.467590868473053,0,0.7
2013-05-16 12:00:00,272.8356323,1.0,0,0.45747309923171997,0,0.7
2013-05-16 13:00:00,292.4094849,1.0,0,0.4637753963470459,0,0.7
2013-05-16 14:00:00,256.450592,1.0036968,0,0.36715519428253174,0,0.7
2013-05-16 15:00:00,288.7202148,1.0,0,0.419125497341156,0,0.7
2013-05-16 16:00:00,549.3123779,162.794,0,0.3566114604473114,0,0.7
2013-05-16 17:00:00,1158.385254,1.0036832,0,0.5633492469787598,0,0.7
2013-05-16 18:00:00,735.2171631,93.30855,0,0.7208253145217896,1,0.7
2013-05-16 19:00:00,395.4342651,1.0,0,0.7282190322875977,1,0.7
2013-05-16 20:00:00,566.3428955,52.348232,0,0.7508774399757385,1,0.7
2013-05-16 21:00:00,483.4275818,1.0,0,0.6113188862800598,0,0.7
2013-05-16 22:00:00,261.3989563,1.0037243,0,0.4767770767211914,0,0.7
2013-05-16 23:00:00,255.9842987,1.0,0,0.4150952994823456,0,0.7
2013-05-17 00:00:00,247.0367737,1.0,0,0.4282793700695038,0,0.7
2013-05-17 01:00:00,248.9345093,1.0,0,0.3645068407058716,0,0.7
2013-05-17 02:00:00,243.6148376,1.0,0,0.31375595927238464,0,0.7
2013-05-17 03:00:00,248.4419403,1.0,0,0.24029040336608887,0,0.7
2013-05-17 04:00:00,242.1837158,1.0,0,0.2513221502304077,0,0.7
2013-05-17 05:00:00,268.2526245,1.0,0,0.2158711850643158,0,0.7
2013-05-17 06:00:00,296.6080933,39.66983,0,0.18984222412109375,0,0.7
2013-05-17 07:00:00,624.1176758,101.94004,0,0.1527552604675293,0,0.7
2013-05-17 08:00:00,532.515686,98.83151,0,0.28914132714271545,0,0.7
2013-05-17 09:00:00,413.3061829,1.0,0,0.3352784216403961,0,0.7
2013-05-17 10:00:00,376.5565186,1.0,0,0.2889094352722168,0,0.7
2013-05-17 11:00:00,370.100708,1.0,0,0.35829415917396545,0,0.7
2013-05-17 12:00:00,561.0548706,50.45644,0,0.3257412016391754,0,0.7
2013-05-17 13:00:00,364.3882141,1.0,0,0.33504024147987366,0,0.7
2013-05-17 14:00:00,378.4107056,1.0,0,0.22509072721004486,0,0.7
2013-05-17 15:00:00,408.4303284,64.25483,0,0.24690371751785278,0,0.7
2013-05-17 16:00:00,359.5411682,1.0,0,0.23891374468803406,0,0.7
2013-05-17 17:00:00,455.2570801,1.0,0,0.25229549407958984,0,0.7
2013-05-17 18:00:00,377.4130859,1.0,0,0.32788559794425964,0,0.7
2013-05-17 19:00:00,388.4825134,1.0,0,0.27978086471557617,0,0.7
2013-05-17 20:00:00,602.7106934,1.0,0,0.3119216859340668,0,0.7
2013-05-17 21:00:00,538.0999756,1.0,0,0.2721078395843506,0,0.7
2013-05-17 22:00:00,347.2464905,1.0,0,0.22650966048240662,0,0.7
2013-05-17 23:00:00,336.2134094,1.0,0,0.22296090424060822,0,0.7
2013-05-18 00:00:00,283.0346069,1.0,0,0.23824456334114075,0,0.7
2013-05-18 01:00:00,260.8492126,1.0,0,0.2212810218334198,0,0.7
2013-05-18 02:00:00,288.3622131,1.0,0,0.2459844946861267,0,0.7
2013-05-18 03:00:00,262.6236877,1.0,0,0.20048697292804718,0,0.7
2013-05-18 04:00:00,286.5158386,1.0,0,0.1979505717754364,0,0.7
2013-05-18 05:00:00,601.8894653,1.0,0,0.16386301815509796,0,0.7
2013-05-18 06:00:00,284.0086365,1.0,0,0.30146312713623047,0,0.7
2013-05-18 07:00:00,496.6956482,133.96811,0,0.3130578398704529,0,0.7
2013-05-18 08:00:00,478.1950378,1.0,0,0.3658226728439331,0,0.7
2013-05-18 09:00:00,2178.85791,0.99568963,0,0.3599903881549835,0,0.7
2013-05-18 10:00:00,1029.951294,1.0,0,0.5009683966636658,0,0.7
2013-05-18 11:00:00,533.8660889,1.0,0,0.5280536413192749,0,0.7
2013-05-18 12:00:00,641.0792847,113.27273,0,0.6271493434906006,0,0.7
2013-05-18 13:00:00,442.4473572,66.87266,0,0.5368397235870361,0,0.7
2013-05-18 14:00:00,333.3234863,1.0,0,0.5062332153320312,0,0.7
2013-05-18 15:00:00,332.1097412,1.0,0,0.4239582121372223,0,0.7
2013-05-18 16:00:00,244.4730377,1.007353,0,0.32361549139022827,0,0.7
2013-05-18 17:00:00,562.0288696,77.88268,0,0.22411379218101501,0,0.7
2013-05-18 18:00:00,283.8958435,1.0,0,0.2630314826965332,0,0.7
2013-05-18 19:00:00,289.2946167,1.0076482,0,0.156233549118042,0,0.7
2013-05-18 20:00:00,350.216156,100.44533,0,0.2321576476097107,0,0.7
2013-05-18 21:00:00,463.2144165,1.0,0,0.1497436761856079,0,0.7
2013-05-18 22:00:00,212.1204224,1.0039841,0,0.11735235899686813,0,0.7
2013-05-18 23:00:00,191.8888855,1.0,0,0.09697334468364716,0,0.7
2013-05-19 00:00:00,166.7744751,1.0,0,0.15961164236068726,0,0.7
2013-05-19 01:00:00,178.0142059,1.0,0,0.1772008240222931,0,0.7
2013-05-19 02:00:00,167.7891083,1.0,0,0.16739945113658905,0,0.7
2013-05-19 03:00:00,164.3164368,1.0,0,0.14157727360725403,0,0.7
2013-05-19 04:00:00,184.1574402,1.0,0,0.17430183291435242,0,0.7
2013-05-19 05:00:00,230.9041748,1.0,0,0.15186914801597595,0,0.7
2013-05-19 06:00:00,237.1584473,1.0079051,0,0.13247044384479523,0,0.7
2013-05-19 07:00:00,455.6679382,156.28969,0,0.06371092796325684,0,0.7
2013-05-19 08:00:00,332.8249512,1.0037106,0,0.21076390147209167,0,0.7
2013-05-19 09:00:00,339.2573547,1.0037314,0,0.2461186796426773,0,0.7
2013-05-19 10:00:00,421.4450378,84.154564,0,0.558070957660675,0,0.7
2013-05-19 11:00:00,368.1157227,1.0,0,0.6414486765861511,0,0.7
2013-05-19 12:00:00,588.8103638,100.77903,0,0.6013402938842773,0,0.7
2013-05-19 13:00:00,1675.670288,1.0,0,0.6240798830986023,0,0.7
2013-05-19 14:00:00,499.5216675,1.0,0,0.5793491005897522,0,0.7
2013-05-19 15:00:00,346.7589722,1.0,0,0.5142770409584045,0,0.7
2013-05-19 16:00:00,420.2797852,157.1759,0,0.5230373740196228,0,0.7
2013-05-19 17:00:00,967.2657471,98.413666,0,0.512333333492279,0,0.7
2013-05-19 18:00:00,1074.506348,89.26087,0,0.46466851234436035,0,0.7
2013-05-19 19:00:00,540.9807739,1.0,0,0.3906151354312897,0,0.7
2013-05-19 20:00:00,447.1150513,1.0,0,0.4133884310722351,0,0.7
2013-05-19 21:00:00,288.3091125,1.0,0,0.4460323750972748,0,0.7
2013-05-19 22:00:00,252.6262817,1.0,0,0.5127506852149963,0,0.7
2013-05-19 23:00:00,189.1477051,1.0,0,0.3797585964202881,0,0.7
2013-05-20 00:00:00,177.3396301,1.0,0,0.3055899143218994,0,0.7
2013-05-20 01:00:00,168.0537262,1.0,0,0.3568005859851837,0,0.7
2013-05-20 02:00:00,174.4494019,1.0,0,0.410438597202301,0,0.7
2013-05-20 03:00:00,176.0761261,1.0,0,0.33499929308891296,0,0.7
2013-05-20 04:00:00,164.7679138,1.0,0,0.3412412106990814,0,0.7
2013-05-20 05:00:00,200.144104,1.0,0,0.45541805028915405,0,0.7
2013-05-20 06:00:00,316.3785706,92.177864,0,0.47273218631744385,0,0.7
2013-05-20 07:00:00,284.3072815,1.003876,0,0.43140050768852234,0,0.7
2013-05-20 08:00:00,341.324646,1.0,0,0.39375707507133484,0,0.7
2013-05-20 09:00:00,260.4413757,1.0,0,0.5594075918197632,0,0.7
2013-05-20 10:00:00,397.4634094,83.41122,0,0.5696433782577515,0,0.7
2013-05-20 11:00:00,506.6815796,61.093567,0,0.595708429813385,0,0.7
2013-05-20 12:00:00,369.4562988,1.0,0,0.5747128129005432,0,0.7
2013-05-20 13:00:00,196.2155151,1.0080483,0,0.6320324540138245,0,0.7
2013-05-20 14:00:00,175.2655182,1.0039761,0,0.5285933613777161,0,0.7
2013-05-20 15:00:00,193.2327576,1.0,0,0.5762590765953064,0,0.7
2013-05-20 16:00:00,293.0296021,73.623764,0,0.48475706577301025,0,0.7
2013-05-20 17:00:00,539.491394,1.0,0,0.5798896551132202,0,0.7
2013-05-20 18:00:00,658.3986206,131.2216,0,0.6035162210464478,0,0.7
2013-05-20 19:00:00,750.5059814,56.275417,0,0.5664316415786743,0,0.7
2013-05-20 20:00:00,704.0947266,1.0,0,0.5467449426651001,0,0.7
2013-05-20 21:00:00,604.4088135,1.0,0,0.5501972436904907,0,0.7
2013-05-20 22:00:00,741.9366455,1.0,0,0.45674848556518555,0,0.7
2013-05-20 23:00:00,829.4605103,1.0,0,0.4801909029483795,0,0.7
2013-05-21 00:00:00,254.1802673,1.0073801,0,0.4693642556667328,0,0.7
2013-05-21 01:00:00,273.0779724,1.0,0,0.4731753170490265,0,0.7
2013-05-21 02:00:00,262.8423767,1.0,0,0.4290640652179718,0,0.7
2013-05-21 03:00:00,235.3287659,1.007353,0,0.4033688008785248,0,0.7
2013-05-21 04:00:00,253.5736084,1.0,0,0.38827720284461975,0,0.7
2013-05-21 05:00:00,251.1877136,1.0,0,0.3054825961589813,0,0.7
2013-05-21 06:00:00,256.9790344,1.0037174,0,0.26972419023513794,0,0.7
2013-05-21 07:00:00,244.806839,1.0,0,0.21164250373840332,0,0.7
2013-05-21 08:00:00,566.8519897,121.07865,0,0.25145474076271057,0,0.7
2013-05-21 09:00:00,982.3653564,1.0,0,0.522322416305542,0,0.7
2013-05-21 10:00:00,537.3029785,79.5316,0,0.7550692558288574,1,0.7
2013-05-21 11:00:00,340.715271,1.011194,0,0.7426626086235046,1,0.7
2013-05-21 12:00:00,565.4692993,156.34644,0,0.6934449076652527,0,0.7
2013-05-21 13:00:00,1061.363159,1.0,0,0.678088903427124,0,0.7
2013-05-21 14:00:00,553.5106812,79.34944,0,0.6831287741661072,0,0.7
2013-05-21 15:00:00,360.5617371,1.0,0,0.5874539613723755,0,0.7
2013-05-21 16:00:00,407.1128235,1.0,0,0.4836261570453644,0,0.7
2013-05-21 17:00:00,466.5123291,1.0,0,0.6061865091323853,0,0.7
2013-05-21 18:00:00,368.6260986,1.0,0,0.6045259237289429,0,0.7
2013-05-21 19:00:00,533.5787354,1.0,0,0.6151768565177917,0,0.7
2013-05-21 20:00:00,499.5652771,1.0,0,0.4305402338504791,0,0.7
2013-05-21 21:00:00,320.6333923,1.0,0,0.5246776938438416,0,0.7
2013-05-21 22:00:00,262.7357483,1.0,0,0.4786972105503082,0,0.7
2013-05-21 23:00:00,242.8295593,1.0,0,0.49034348130226135,0,0.7
2013-05-22 00:00:00,249.5008698,1.0,0,0.12776170670986176,0,0.7
2013-05-22 01:00:00,217.2508698,1.0036832,0,0.16904649138450623,0,0.7
2013-05-22 02:00:00,221.5390015,1.0,0,0.14321531355381012,0,0.7
2013-05-22 03:00:00,235.8373718,1.0,0,0.20846031606197357,0,0.7
2013-05-22 04:00:00,217.1634827,1.00369,0,0.13301251828670502,0,0.7
2013-05-22 05:00:00,261.8758545,1.0,0,0.1646067202091217,0,0.7
2013-05-22 06:00:00,371.0514221,84.303535,0,0.1117580384016037,0,0.7
2013-05-22 07:00:00,416.5215759,56.71058,0,0.20052318274974823,0,0.7
2013-05-22 08:00:00,240.2191315,1.0039682,0,0.15114924311637878,0,0.7
2013-05-22 09:00:00,173.5407257,1.004,0,0.22490592300891876,0,0.7
2013-05-22 10:00:00,190.2644501,1.0040486,0,0.18009015917778015,0,0.7
2013-05-22 11:00:00,276.1368408,75.07415,0,0.20023304224014282,0,0.7
2013-05-22 12:00:00,213.5078735,1.0,0,0.17244687676429749,0,0.7
2013-05-22 13:00:00,217.6655121,1.0080645,0,0.18804311752319336,0,0.7
2013-05-22 14:00:00,177.2547607,1.0,0,0.23769788444042206,0,0.7
2013-05-22 15:00:00,204.4842682,1.0,0,0.20387299358844757,0,0.7
2013-05-22 16:00:00,415.7634277,83.29072,0,0.18212631344795227,0,0.7
2013-05-22 17:00:00,365.5559692,1.3843844,0,0.2827809453010559,0,0.7
2013-05-22 18:00:00,192.8697968,1.0,0,0.3482072055339813,0,0.7
2013-05-22 19:00:00,234.2020721,1.0,0,0.367705762386322,0,0.7
2013-05-22 20:00:00,329.7495728,1.0,0,0.29584982991218567,0,0.7
2013-05-22 21:00:00,831.2945557,1.0,0,0.3036128282546997,0,0.7
2013-05-22 22:00:00,481.4648743,1.0,0,0.4373326301574707,0,0.7
2013-05-22 23:00:00,409.1605835,1.0,0,0.4603350758552551,0,0.7
2013-05-23 00:00:00,168.8433075,1.0,0,0.47327885031700134,0,0.7
2013-05-23 01:00:00,153.9557495,1.0,0,0.5418421626091003,0,0.7
2013-05-23 02:00:00,174.515564,1.0,0,0.5767854452133179,0,0.7
2013-05-23 03:00:00,155.129364,1.0,0,0.569645881652832,0,0.7
2013-05-23 04:00:00,399.4882813,97.29435,0,0.5535587072372437,0,0.7
2013-05-23 05:00:00,172.1480255,1.0,0,0.6932480335235596,0,0.7
2013-05-23 06:00:00,154.975647,1.0,0,0.7509040832519531,1,0.7
2013-05-23 07:00:00,194.2054749,1.0,0,0.776731014251709,1,0.7
2013-05-23 08:00:00,181.8458862,1.0,0,0.7001640796661377,1,0.7
2013-05-23 09:00:00,167.6626129,1.0039526,0,0.743353545665741,1,0.7
2013-05-23 10:00:00,197.3734894,1.0,0,0.696140706539154,0,0.7
2013-05-23 11:00:00,166.7359467,1.0,0,0.6422010064125061,0,0.7
2013-05-23 12:00:00,206.4784088,1.003861,0,0.5663785338401794,0,0.7
2013-05-23 13:00:00,201.4931488,1.0,0,0.5648038983345032,0,0.7
2013-05-23 14:00:00,152.7333374,1.0038986,0,0.4923165440559387,0,0.7
2013-05-23 15:00:00,176.0905914,1.0,0,0.43866029381752014,0,0.7
2013-05-23 16:00:00,199.2697601,1.0,0,0.31688836216926575,0,0.7
2013-05-23 17:00:00,180.9948425,1.0,0,0.28753331303596497,0,0.7
2013-05-23 18:00:00,171.7025604,1.0,0,0.26009634137153625,0,0.7
2013-05-23 19:00:00,159.2448578,1.0,0,0.1936422735452652,0,0.7
2013-05-23 20:00:00,150.1751709,1.0078278,0,0.14488662779331207,0,0.7
2013-05-23 21:00:00,179.672348,1.0,0,0.12196757644414902,0,0.7
2013-05-23 22:00:00,153.5357208,1.0,0,0.06900165230035782,0,0.7
2013-05-23 23:00:00,153.4027252,1.0,0,0.061811838299036026,0,0.7
2013-05-24 00:00:00,163.793869,1.0038986,0,0.049049414694309235,0,0.7
2013-05-24 01:00:00,137.3548431,1.0,0,0.03967653959989548,0,0.7
2013-05-24 02:00:00,137.0540466,1.0,0,0.038504716008901596,0,0.7
2013-05-24 03:00:00,168.5262299,1.0,0,0.034268394112586975,0,0.7
2013-05-24 04:00:00,180.6385193,1.0115385,0,0.03243911266326904,0,0.7
2013-05-24 05:00:00,151.6391296,1.0,0,0.03003217652440071,0,0.7
2013-05-24 06:00:00,175.7996674,1.0,0,0.029136504977941513,0,0.7
2013-05-24 07:00:00,144.984848,1.0,0,0.030262107029557228,0,0.7
2013-05-24 08:00:00,153.4621887,1.003795,0,0.028481679037213326,0,0.7
2013-05-24 09:00:00,164.0,1.0,0,0.028430435806512833,0,0.7
2013-05-24 10:00:00,154.4537811,1.0074488,0,0.026712313294410706,0,0.7
2013-05-24 11:00:00,138.8981323,1.003795,0,0.027820445597171783,0,0.7
2013-05-24 12:00:00,163.0656586,1.0,0,0.028188109397888184,0,0.7
2013-05-24 13:00:00,138.5041962,1.0,0,0.026489049196243286,0,0.7
2013-05-24 14:00:00,144.0654297,1.007435,0,0.02684113383293152,0,0.7
2013-05-24 15:00:00,174.6426239,1.0,0,0.027371536940336227,0,0.7
2013-05-24 16:00:00,157.2953033,1.0,0,0.027114233002066612,0,0.7
2013-05-24 17:00:00,152.7583923,1.0,0,0.027282441034913063,0,0.7
2013-05-24 18:00:00,190.7118988,1.0,0,0.027861136943101883,0,0.7
2013-05-24 19:00:00,211.9899292,1.0036764,0,0.02665664255619049,0,0.7
2013-05-24 20:00:00,176.9715729,1.0,0,0.027657167986035347,0,0.7
2013-05-24 21:00:00,187.9966431,1.0,0,0.0281973946839571,0,0.7
2013-05-24 22:00:00,199.6328278,1.0,0,0.027682147920131683,0,0.7
2013-05-24 23:00:00,155.9480743,1.0,0,0.025416068732738495,0,0.7
2013-05-25 00:00:00,142.795639,1.0036968,0,0.027893399819731712,0,0.7
2013-05-25 01:00:00,150.0469055,1.0,0,0.02481943741440773,0,0.7
2013-05-25 02:00:00,134.323822,1.0075047,0,0.025213873013854027,0,0.7
2013-05-25 03:00:00,136.0653229,1.0,0,0.026366733014583588,0,0.7
2013-05-25 04:00:00,147.5286255,1.0,0,0.02654115855693817,0,0.7
2013-05-25 05:00:00,169.8425446,1.0074074,0,0.02701164409518242,0,0.7
2013-05-25 06:00:00,156.5503387,1.0036832,0,0.02904593013226986,0,0.7
2013-05-25 07:00:00,153.6599731,1.0,0,0.029486695304512978,0,0.7
2013-05-25 08:00:00,204.2983093,1.0,0,0.029870161786675453,0,0.7
2013-05-25 09:00:00,224.9263,1.0,0,0.0292211901396513,0,0.7
2013-05-25 10:00:00,173.5764771,1.0,0,0.03015923500061035,0,0.7
2013-05-25 11:00:00,186.7912445,1.0,0,0.03028121590614319,0,0.7
2013-05-25 12:00:00,172.1655426,1.0,0,0.0303686261177063,0,0.7
2013-05-25 13:00:00,159.1976318,1.0,0,0.027209367603063583,0,0.7
2013-05-25 14:00:00,191.4239807,1.0,0,0.026880033314228058,0,0.7
2013-05-25 15:00:00,175.0287628,1.0,0,0.02595512941479683,0,0.7
2013-05-25 16:00:00,170.5726318,1.0,0,0.027749694883823395,0,0.7
2013-05-25 17:00:00,201.2033844,1.0,0,0.027386905625462532,0,0.7
2013-05-25 18:00:00,172.1254272,1.0,0,0.027818460017442703,0,0.7
2013-05-25 19:00:00,149.2699432,1.0,0,0.031140238046646118,0,0.7
2013-05-25 20:00:00,165.5084686,1.0,0,0.029876921325922012,0,0.7
2013-05-25 21:00:00,153.7389832,1.0,0,0.028846371918916702,0,0.7
2013-05-25 22:00:00,152.2876434,1.0,0,0.02948126569390297,0,0.7
2013-05-25 23:00:00,171.3457031,1.0,0,0.028803762048482895,0,0.7
2013-05-26 00:00:00,196.3260498,1.0,0,0.02809257246553898,0,0.7
2013-05-26 01:00:00,137.1579895,1.0076776,0,0.02908497489988804,0,0.7
2013-05-26 02:00:00,148.792923,1.0,0,0.03106721118092537,0,0.7
2013-05-26 03:00:00,142.2806702,1.0,0,0.029054047539830208,0,0.7
2013-05-26 04:00:00,145.7520905,1.0018797,0,0.027451496571302414,0,0.7
2013-05-26 05:00:00,156.2634277,1.0,0,0.02900122106075287,0,0.7
2013-05-26 06:00:00,173.036911,1.0,0,0.027199752628803253,0,0.7
2013-05-26 07:00:00,147.0554657,1.0,0,0.028718717396259308,0,0.7
2013-05-26 08:00:00,177.8802643,1.0,0,0.029838379472494125,0,0.7
2013-05-26 09:00:00,190.648468,1.003876,0,0.02929270640015602,0,0.7
2013-05-26 10:00:00,178.4854279,1.0,0,0.02821558155119419,0,0.7
2013-05-26 11:00:00,167.3570251,1.0,0,0.02797446958720684,0,0.7
2013-05-26 12:00:00,188.7055817,1.0,0,0.027063893154263496,0,0.7
2013-05-26 13:00:00,162.8563995,1.0,0,0.025055544450879097,0,0.7
2013-05-26 14:00:00,182.4415283,1.0,0,0.028132595121860504,0,0.7
2013-05-26 15:00:00,231.4060211,1.0,0,0.026012105867266655,0,0.7
2013-05-26 16:00:00,176.2216339,1.0150375,0,0.027052734047174454,0,0.7
2013-05-26 17:00:00,206.6554718,1.0038462,0,0.028017017990350723,0,0.7
2013-05-26 18:00:00,161.9913788,1.0,0,0.029651325196027756,0,0.7
2013-05-26 19:00:00,151.2438202,1.0,0,0.02725990116596222,0,0.7
2013-05-26 20:00:00,165.3013916,1.0,0,0.02980702370405197,0,0.7
2013-05-26 21:00:00,155.277771,1.0,0,0.02631642296910286,0,0.7
2013-05-26 22:00:00,160.5809784,1.0037879,0,0.029571956023573875,0,0.7
2013-05-26 23:00:00,171.1247864,1.0,0,0.028343701735138893,0,0.7
2013-05-27 00:00:00,138.8356476,1.0,0,0.030461985617876053,0,0.7
2013-05-27 01:00:00,153.368515,1.0,0,0.02988910861313343,0,0.7
2013-05-27 02:00:00,137.6460419,1.0,0,0.03018694557249546,0,0.7
2013-05-27 03:00:00,137.7182159,1.0,0,0.030436689034104347,0,0.7
2013-05-27 04:00:00,169.3184967,1.0,0,0.030084608122706413,0,0.7
2013-05-27 05:00:00,174.9845123,1.0,0,0.02865685150027275,0,0.7
2013-05-27 06:00:00,181.5180054,1.0,0,0.03093154914677143,0,0.7
2013-05-27 07:00:00,162.5865021,1.0,0,0.030960947275161743,0,0.7
2013-05-27 08:00:00,173.1645966,1.0,0,0.031015189364552498,0,0.7
2013-05-27 09:00:00,173.369339,1.0,0,0.029955431818962097,0,0.7
2013-05-27 10:00:00,193.8887024,1.0037524,0,0.027223167940974236,0,0.7
2013-05-27 11:00:00,167.8235321,1.0,0,0.027900662273168564,0,0.7
2013-05-27 12:00:00,196.914032,1.0076482,0,0.027247333899140358,0,0.7
2013-05-27 13:00:00,142.5051422,1.0,0,0.02727867104113102,0,0.7
2013-05-27 14:00:00,145.578125,1.0,0,0.02751094102859497,0,0.7
2013-05-27 15:00:00,160.765213,1.0115385,0,0.02954201027750969,0,0.7
2013-05-27 16:00:00,151.8591003,1.0116054,0,0.025982731953263283,0,0.7
2013-05-27 17:00:00,177.968811,1.0,0,0.029259532690048218,0,0.7
2013-05-27 18:00:00,166.8104401,1.0,0,0.027020031586289406,0,0.7
2013-05-27 19:00:00,165.6170197,1.0,0,0.029240939766168594,0,0.7
2013-05-27 20:00:00,254.7234802,1.0,0,0.028900042176246643,0,0.7
2013-05-27 21:00:00,175.2991333,1.0,0,0.03279855474829674,0,0.7
2013-05-27 22:00:00,177.2695007,1.0,0,0.03498458117246628,0,0.7
2013-05-27 23:00:00,157.7361145,1.0037879,0,0.035257335752248764,0,0.7
2013-05-28 00:00:00,148.6336823,1.0038023,0,0.03018474020063877,0,0.7
2013-05-28 01:00:00,148.8045807,1.0075471,0,0.03169163316488266,0,0.7
2013-05-28 02:00:00,138.3000031,1.007619,0,0.02839655615389347,0,0.7
2013-05-28 03:00:00,158.0,1.0,0,0.031449440866708755,0,0.7
2013-05-28 04:00:00,147.7019043,1.0075614,0,0.0289204940199852,0,0.7
2013-05-28 05:00:00,157.8957672,1.0,0,0.03187862038612366,0,0.7
2013-05-28 06:00:00,170.2486877,1.003795,0,0.03212825953960419,0,0.7
2013-05-28 07:00:00,144.9616699,1.0,0,0.03216833248734474,0,0.7
2013-05-28 08:00:00,178.1471558,1.0,0,0.03270586580038071,0,0.7
2013-05-28 09:00:00,145.2682953,1.0,0,0.032150235027074814,0,0.7
2013-05-28 10:00:00,151.2052612,1.0,0,0.03253183513879776,0,0.7
2013-05-28 11:00:00,179.3708801,1.0,0,0.03283556178212166,0,0.7
2013-05-28 12:00:00,164.9982452,1.0,0,0.02962731011211872,0,0.7
2013-05-28 13:00:00,140.8730164,1.0,0,0.03151968494057655,0,0.7
2013-05-28 14:00:00,163.5388641,1.0,0,0.030144065618515015,0,0.7
2013-05-28 15:00:00,150.7368469,1.0,0,0.027948446571826935,0,0.7
2013-05-28 16:00:00,153.8591309,1.0,0,0.0271769892424345,0,0.7
2013-05-28 17:00:00,171.1857605,1.0,0,0.028549883514642715,0,0.7
2013-05-28 18:00:00,162.0505219,1.0077369,0,0.027695566415786743,0,0.7
2013-05-28 19:00:00,231.3368378,1.0,0,0.02783169224858284,0,0.7
2013-05-28 20:00:00,211.8963165,1.0,0,0.032241273671388626,0,0.7
2013-05-28 21:00:00,186.7172394,1.0,0,0.03122183494269848,0,0.7
2013-05-28 22:00:00,181.2062378,1.007722,0,0.03238389268517494,0,0.7
2013-05-28 23:00:00,157.922287,1.0038835,0,0.028453679755330086,0,0.7
2013-05-29 00:00:00,146.543396,1.0,0,0.029229864478111267,0,0.7
2013-05-29 01:00:00,177.212326,1.0,0,0.026674237102270126,0,0.7
2013-05-29 02:00:00,170.8439178,1.0,0,0.027178296819329262,0,0.7
2013-05-29 03:00:00,147.4344788,1.0,0,0.02648482657968998,0,0.7
2013-05-29 04:00:00,155.5366211,1.0019455,0,0.029019273817539215,0,0.7
2013-05-29 05:00:00,153.1139526,1.003876,0,0.028012840077280998,0,0.7
2013-05-29 06:00:00,183.7975922,1.0,0,0.030448896810412407,0,0.7
2013-05-29 07:00:00,156.8344727,1.0,0,0.028504306450486183,0,0.7
2013-05-29 08:00:00,218.8160095,1.0,0,0.03223781660199165,0,0.7
2013-05-29 09:00:00,177.3801422,1.0,0,0.031225917860865593,0,0.7
2013-05-29 10:00:00,154.769104,1.0,0,0.03320544213056564,0,0.7
2013-05-29 11:00:00,144.223938,1.0,0,0.03326927125453949,0,0.7
2013-05-29 12:00:00,165.7738037,1.0,0,0.031656067818403244,0,0.7
2013-05-29 13:00:00,142.2920227,1.0,0,0.029769234359264374,0,0.7
2013-05-29 14:00:00,147.9175262,1.0039526,0,0.02872636541724205,0,0.7
2013-05-29 15:00:00,172.8894501,1.007874,0,0.027593309059739113,0,0.7
2013-05-29 16:00:00,188.1912079,1.0,0,0.027780670672655106,0,0.7
2013-05-29 17:00:00,174.6023865,1.0,0,0.029208863154053688,0,0.7
2013-05-29 18:00:00,176.6332703,1.0,0,0.030385397374629974,0,0.7
2013-05-29 19:00:00,206.4266205,1.0,0,0.03144340589642525,0,0.7
2013-05-29 20:00:00,176.3979645,1.0038835,0,0.028191126883029938,0,0.7
2013-05-29 21:00:00,222.3378601,1.0,0,0.02891875058412552,0,0.7
2013-05-29 22:00:00,157.4268646,1.0,0,0.02900349348783493,0,0.7
2013-05-29 23:00:00,179.7580872,1.0,0,0.02965843491256237,0,0.7
2013-05-30 00:00:00,148.7996674,1.0,0,0.028237715363502502,0,0.7
2013-05-30 01:00:00,140.0204468,1.0,0,0.028961913660168648,0,0.7
2013-05-30 02:00:00,165.2508545,1.0039293,0,0.02971675619482994,0,0.7
2013-05-30 03:00:00,142.8152618,1.0,0,0.026779651641845703,0,0.7
2013-05-30 04:00:00,145.9338989,1.0,0,0.028700580820441246,0,0.7
2013-05-30 05:00:00,176.9796295,0.9980507,0,0.0292800460010767,0,0.7
2013-05-30 06:00:00,157.6428528,1.0,0,0.031093554571270943,0,0.7
2013-05-30 07:00:00,187.0288696,1.0,0,0.03239656612277031,0,0.7
2013-05-30 08:00:00,177.8904114,1.0,0,0.03391839563846588,0,0.7
2013-05-30 09:00:00,147.3487244,1.0,0,0.03259716182947159,0,0.7
2013-05-30 10:00:00,153.4966125,1.0,0,0.031527936458587646,0,0.7
2013-05-30 11:00:00,164.52211,1.0,0,0.02871398814022541,0,0.7
2013-05-30 12:00:00,150.8108978,1.0,0,0.029594920575618744,0,0.7
2013-05-30 13:00:00,144.9556274,1.0,0,0.0282746572047472,0,0.7
2013-05-30 14:00:00,167.577774,1.0,0,0.027812058106064796,0,0.7
2013-05-30 15:00:00,153.123291,1.0038986,0,0.02767627313733101,0,0.7
2013-05-30 16:00:00,157.5770569,1.0,0,0.02920360304415226,0,0.7
2013-05-30 17:00:00,171.0615387,1.0078125,0,0.028345312923192978,0,0.7
2013-05-30 18:00:00,366.1430969,1.0,0,0.027937328442931175,0,0.7
2013-05-30 19:00:00,250.6806335,1.0,0,0.04942605644464493,0,0.7
2013-05-30 20:00:00,291.9362183,1.0,0,0.06477423757314682,0,0.7
2013-05-30 21:00:00,183.9689636,1.0,0,0.0879560112953186,0,0.7
2013-05-30 22:00:00,204.190567,1.0,0,0.07832387834787369,0,0.7
2013-05-30 23:00:00,181.0915375,1.0,0,0.09737471491098404,0,0.7
2013-05-31 00:00:00,156.1489716,1.0,0,0.07337382435798645,0,0.7
2013-05-31 01:00:00,155.2444458,1.0039216,0,0.07643027603626251,0,0.7
2013-05-31 02:00:00,169.14505,1.0,0,0.06629586964845657,0,0.7
2013-05-31 03:00:00,156.320816,1.0,0,0.07828259468078613,0,0.7
2013-05-31 04:00:00,160.4013672,1.0039139,0,0.07602322846651077,0,0.7
2013-05-31 05:00:00,176.0425873,1.0,0,0.07790334522724152,0,0.7
2013-05-31 06:00:00,158.348877,1.0,0,0.07781125605106354,0,0.7
2013-05-31 07:00:00,274.3356018,72.46351,0,0.09030108153820038,0,0.7
2013-05-31 08:00:00,1112.740967,1.0,0,0.09653723984956741,0,0.7
2013-05-31 09:00:00,333.9216003,1.0,0,0.4873574674129486,0,0.7
2013-05-31 10:00:00,234.5345154,1.0,0,0.5496995449066162,0,0.7
2013-05-31 11:00:00,338.268158,1.0,0,0.6434625387191772,0,0.7
2013-05-31 12:00:00,352.1701355,1.0,0,0.7131112217903137,1,0.7
2013-05-31 13:00:00,320.0367126,72.10536,0,0.713374674320221,1,0.7
2013-05-31 14:00:00,281.5640259,1.0,0,0.6534236669540405,0,0.7
2013-05-31 15:00:00,339.071167,1.0,0,0.5748274922370911,0,0.7
2013-05-31 16:00:00,230.1239014,1.0,0,0.5938335061073303,0,0.7
2013-05-31 17:00:00,223.7176666,1.0,0,0.5802074670791626,0,0.7
2013-05-31 18:00:00,226.9193878,1.0,0,0.4820462763309479,0,0.7
2013-05-31 19:00:00,427.0730286,80.93843,0,0.46481695771217346,0,0.7
2013-05-31 20:00:00,319.2103577,1.0036764,0,0.6337383389472961,0,0.7
2013-05-31 21:00:00,337.2103577,1.0,0,0.6734370589256287,0,0.7
2013-05-31 22:00:00,221.7083282,1.0,0,0.6793500781059265,0,0.7
2013-05-31 23:00:00,170.7731171,1.0039526,0,0.7010904550552368,1,0.7
2013-06-01 00:00:00,158.4013977,1.0,0,0.6553583741188049,0,0.7
2013-06-01 01:00:00,154.8621979,1.008016,0,0.6255187392234802,0,0.7
2013-06-01 02:00:00,173.1299896,1.0,0,0.530535101890564,0,0.7
2013-06-01 03:00:00,189.3091583,1.0,0,0.48485612869262695,0,0.7
2013-06-01 04:00:00,177.5869141,1.0,0,0.3316064774990082,0,0.7
2013-06-01 05:00:00,155.1979218,1.0,0,0.30486828088760376,0,0.7
2013-06-01 06:00:00,156.2150421,1.0,0,0.20737993717193604,0,0.7
2013-06-01 07:00:00,364.9473572,62.423077,0,0.15327633917331696,0,0.7
2013-06-01 08:00:00,184.6232605,1.0,0,0.17092956602573395,0,0.7
2013-06-01 09:00:00,182.7439423,1.0,0,0.20061101019382477,0,0.7
2013-06-01 10:00:00,288.5238953,1.0,0,0.20467469096183777,0,0.7
2013-06-01 11:00:00,208.4429016,1.0,0,0.21126237511634827,0,0.7
2013-06-01 12:00:00,222.6254425,79.256096,0,0.2244982123374939,0,0.7
2013-06-01 13:00:00,190.496521,1.0,0,0.21141740679740906,0,0.7
2013-06-01 14:00:00,180.3888855,1.0,0,0.1793982982635498,0,0.7
2013-06-01 15:00:00,187.0475311,1.0,0,0.1645747870206833,0,0.7
2013-06-01 16:00:00,177.5292053,1.0,0,0.13593080639839172,0,0.7
2013-06-01 17:00:00,208.4175415,1.004008,0,0.13806302845478058,0,0.7
2013-06-01 18:00:00,246.4090118,56.666668,0,0.10921406745910645,0,0.7
2013-06-01 19:00:00,267.0979004,43.28657,0,0.10557533800601959,0,0.7
2013-06-01 20:00:00,390.756134,1.0039682,0,0.10070391744375229,0,0.7
2013-06-01 21:00:00,298.4429016,1.0,0,0.14589431881904602,0,0.7
2013-06-01 22:00:00,214.6282654,1.0,0,0.17072103917598724,0,0.7
2013-06-01 23:00:00,273.6333313,1.0,0,0.14284130930900574,0,0.7
2013-06-02 00:00:00,944.2875366,1.0,0,0.16318149864673615,0,0.7
2013-06-02 01:00:00,303.077179,1.0,0,0.29418331384658813,0,0.7
2013-06-02 02:00:00,180.2239532,1.0,0,0.33109739422798157,0,0.7
2013-06-02 03:00:00,158.6597595,1.0039761,0,0.295217365026474,0,0.7
2013-06-02 04:00:00,164.5400696,1.0,0,0.44198209047317505,0,0.7
2013-06-02 05:00:00,178.0689697,1.0039139,0,0.36438706517219543,0,0.7
2013-06-02 06:00:00,163.989624,1.0120724,0,0.4438233971595764,0,0.7
2013-06-02 07:00:00,185.0380554,1.0,0,0.34005478024482727,0,0.7
2013-06-02 08:00:00,1176.091064,65.2807,0,0.5525518655776978,0,0.7
2013-06-02 09:00:00,534.0126343,1.0,0,0.8174355626106262,1,0.7
2013-06-02 10:00:00,1064.916992,1.0,0,0.9175562858581543,1,0.7
2013-06-02 11:00:00,398.648407,1.0,0,0.9352239966392517,1,0.7
2013-06-02 12:00:00,335.1774902,73.371254,0,0.9570141434669495,1,0.7
2013-06-02 13:00:00,708.055542,1.0,0,0.9537602066993713,1,0.7
2013-06-02 14:00:00,1286.143311,1.0041754,0,0.9576406478881836,1,0.7
2013-06-02 15:00:00,205.878006,0.99796337,0,0.9590718150138855,1,0.7
2013-06-02 16:00:00,180.4268494,1.0,0,0.9688196778297424,1,0.7
2013-06-02 17:00:00,461.2320251,1.0,0,0.9772669076919556,1,0.7
2013-06-02 18:00:00,156.8139191,1.0,0,0.9821811318397522,1,0.7
2013-06-02 19:00:00,289.0799866,1.0,0,0.9838566780090332,1,0.7
2013-06-02 20:00:00,244.9896851,1.004008,0,0.9795615077018738,1,0.7
2013-06-02 21:00:00,193.9095612,1.008016,0,0.9799691438674927,1,0.7
2013-06-02 22:00:00,160.4956512,1.0,0,0.9819952249526978,1,0.7
2013-06-02 23:00:00,191.0918579,1.0,0,0.9794988036155701,1,0.7
2013-06-03 00:00:00,181.1470642,1.0,0,0.9631310105323792,1,0.7
2013-06-03 01:00:00,155.4490509,1.0,0,0.9382933378219604,1,0.7
2013-06-03 02:00:00,172.0986176,1.0,0,0.940731406211853,1,0.7
2013-06-03 03:00:00,156.9208221,1.0,0,0.9079428911209106,1,0.7
2013-06-03 04:00:00,152.3979187,1.0,0,0.8332010507583618,1,0.7
2013-06-03 05:00:00,172.2521667,1.0,0,0.8179212212562561,1,0.7
2013-06-03 06:00:00,153.7951355,1.0,0,0.732029378414154,1,0.7
2013-06-03 07:00:00,166.6596832,1.0,0,0.5811389088630676,0,0.7
2013-06-03 08:00:00,314.2236023,92.23414,0,0.41402268409729004,0,0.7
2013-06-03 09:00:00,182.7667236,1.0,0,0.33142226934432983,0,0.7
2013-06-03 10:00:00,215.0883942,1.0,0,0.3593086898326874,0,0.7
2013-06-03 11:00:00,197.1358185,1.0,0,0.29997575283050537,0,0.7
2013-06-03 12:00:00,352.8758545,166.54546,0,0.2228849083185196,0,0.7
2013-06-03 13:00:00,203.8364563,1.0041068,0,0.25531619787216187,0,0.7
2013-06-03 14:00:00,259.0681458,1.0,0,0.21744726598262787,0,0.7
2013-06-03 15:00:00,207.7834167,1.0,0,0.1478392332792282,0,0.7
2013-06-03 16:00:00,216.7152557,1.0,0,0.10237143933773041,0,0.7
2013-06-03 17:00:00,311.4320068,0.997093,0,0.11425109207630157,0,0.7
2013-06-03 18:00:00,202.1433563,1.0,0,0.09622274339199066,0,0.7
2013-06-03 19:00:00,217.4651642,0.99784017,0,0.11409434676170349,0,0.7
2013-06-03 20:00:00,593.2868042,1.0,0,0.10220810770988464,0,0.7
2013-06-03 21:00:00,183.519165,1.00409,0,0.2966760993003845,0,0.7
2013-06-03 22:00:00,175.5632629,1.0,0,0.33457934856414795,0,0.7
2013-06-03 23:00:00,159.989563,1.0040486,0,0.4105524718761444,0,0.7
2013-06-04 00:00:00,210.238266,1.0,0,0.41953611373901367,0,0.7
2013-06-04 01:00:00,171.8902435,1.0,0,0.48345401883125305,0,0.7
2013-06-04 02:00:00,176.4417419,1.0,0,0.4971023201942444,0,0.7
2013-06-04 03:00:00,157.1507111,1.0,0,0.442777156829834,0,0.7
2013-06-04 04:00:00,168.7822266,1.0,0,0.4339882731437683,0,0.7
2013-06-04 05:00:00,157.5456085,1.0039293,0,0.37760934233665466,0,0.7
2013-06-04 06:00:00,157.6977081,1.0,0,0.353481650352478,0,0.7
2013-06-04 07:00:00,945.0228882,83.23884,0,0.26763224601745605,0,0.7
2013-06-04 08:00:00,453.4091797,1.0,0,0.8155245184898376,1,0.7
2013-06-04 09:00:00,226.3138275,1.0118812,0,0.8660879731178284,1,0.7
2013-06-04 10:00:00,1013.793396,1.0,0,0.8672299385070801,1,0.7
2013-06-04 11:00:00,360.7426147,1.0,0,0.8873600363731384,1,0.7
2013-06-04 12:00:00,191.5626068,1.0,0,0.9079686403274536,1,0.7
2013-06-04 13:00:00,191.8551788,1.0,0,0.9108618497848511,1,0.7
2013-06-04 14:00:00,183.6288147,1.0,0,0.8999441862106323,1,0.7
2013-06-04 15:00:00,267.2406006,1.0,0,0.9237571954727173,1,0.7
2013-06-04 16:00:00,340.3839722,1.0079051,0,0.9240480065345764,1,0.7
2013-06-04 17:00:00,447.5692139,1.0,0,0.9002236127853394,1,0.7
2013-06-04 18:00:00,229.3138885,1.0,0,0.9016127586364746,1,0.7
2013-06-04 19:00:00,300.925354,149.77032,0,0.9195929169654846,1,0.7
2013-06-04 20:00:00,234.0547943,1.0,0,0.9183841347694397,1,0.7
2013-06-04 21:00:00,406.2727356,1.0,0,0.8621614575386047,1,0.7
2013-06-04 22:00:00,217.9501648,1.0,0,0.87898850440979,1,0.7
2013-06-04 23:00:00,166.0,1.0,0,0.8801755309104919,1,0.7
2013-06-05 00:00:00,176.2024078,1.0,0,0.8745970726013184,1,0.7
2013-06-05 01:00:00,158.740036,1.0,0,0.8628602623939514,1,0.7
2013-06-05 02:00:00,178.8499146,1.0,0,0.8258707523345947,1,0.7
2013-06-05 03:00:00,158.4283142,1.0,0,0.7499550580978394,1,0.7
2013-06-05 04:00:00,172.5364532,1.0079523,0,0.7113645076751709,1,0.7
2013-06-05 05:00:00,159.3130493,1.0,0,0.6064378023147583,0,0.7
2013-06-05 06:00:00,202.0915375,1.0,0,0.4656105041503906,0,0.7
2013-06-05 07:00:00,452.5163574,77.36,0,0.36531925201416016,0,0.7
2013-06-05 08:00:00,239.1317139,1.0,0,0.590015709400177,0,0.7
2013-06-05 09:00:00,320.5077515,1.0,0,0.6603391766548157,0,0.7
2013-06-05 10:00:00,326.5961914,1.0,0,0.6480690240859985,0,0.7
2013-06-05 11:00:00,458.1690063,118.92966,0,0.577006995677948,0,0.7
2013-06-05 12:00:00,902.2737427,36.72045,0,0.586744487285614,0,0.7
2013-06-05 13:00:00,968.0917358,1.0,0,0.6584132313728333,0,0.7
2013-06-05 14:00:00,981.5899658,1.0038023,0,0.6287672519683838,0,0.7
2013-06-05 15:00:00,303.8730774,1.0,0,0.5812211632728577,0,0.7
2013-06-05 16:00:00,364.4672546,70.86653,0,0.601710855960846,0,0.7
2013-06-05 17:00:00,325.8189697,1.0,0,0.5370175838470459,0,0.7
2013-06-05 18:00:00,167.4217682,1.0039761,0,0.522373378276825,0,0.7
2013-06-05 19:00:00,308.8926697,1.0,0,0.5608938932418823,0,0.7
2013-06-05 20:00:00,386.7322083,1.0,0,0.5437672734260559,0,0.7
2013-06-05 21:00:00,391.6357422,1.0,0,0.4873495101928711,0,0.7
2013-06-05 22:00:00,239.3440704,1.0,0,0.4116988480091095,0,0.7
2013-06-05 23:00:00,221.2071381,1.0,0,0.4695200026035309,0,0.7
2013-06-06 00:00:00,180.0341949,1.0119284,0,0.4292040467262268,0,0.7
2013-06-06 01:00:00,162.1652527,1.0,0,0.4107201397418976,0,0.7
2013-06-06 02:00:00,176.4456024,1.004,0,0.2950822710990906,0,0.7
2013-06-06 03:00:00,160.547699,1.0,0,0.2883422076702118,0,0.7
2013-06-06 04:00:00,175.5155182,1.0,0,0.3017805218696594,0,0.7
2013-06-06 05:00:00,159.1792603,1.0,0,0.26421165466308594,0,0.7
2013-06-06 06:00:00,175.4473724,1.0,0,0.15633900463581085,0,0.7
2013-06-06 07:00:00,167.8821564,1.0,0,0.15101473033428192,0,0.7
2013-06-06 08:00:00,399.9787598,97.48828,0,0.14718228578567505,0,0.7
2013-06-06 09:00:00,368.3820496,79.71243,0,0.28126317262649536,0,0.7
2013-06-06 10:00:00,343.8735046,1.0,0,0.21624282002449036,0,0.7
2013-06-06 11:00:00,352.0,1.00369,0,0.347326397895813,0,0.7
2013-06-06 12:00:00,1214.608032,109.87947,0,0.36612504720687866,0,0.7
2013-06-06 13:00:00,692.7219238,1.0,0,0.5886979103088379,0,0.7
2013-06-06 14:00:00,355.6098022,1.0,0,0.5495097041130066,0,0.7
2013-06-06 15:00:00,327.8913269,1.0,0,0.521790087223053,0,0.7
2013-06-06 16:00:00,452.51651,1.0,0,0.5523574948310852,0,0.7
2013-06-06 17:00:00,283.456604,125.95874,0,0.5889196395874023,0,0.7
2013-06-06 18:00:00,593.6776733,66.61341,0,0.481581449508667,0,0.7
2013-06-06 19:00:00,393.8132324,1.0,0,0.4688396155834198,0,0.7
2013-06-06 20:00:00,391.9318542,1.0,0,0.4905352294445038,0,0.7
2013-06-06 21:00:00,284.8279419,1.0040404,0,0.533851683139801,0,0.7
2013-06-06 22:00:00,182.1054382,1.004008,0,0.44779321551322937,0,0.7
2013-06-06 23:00:00,184.552536,1.0,0,0.4416653513908386,0,0.7
2013-06-07 00:00:00,168.7700195,1.0,0,0.4987402558326721,0,0.7
2013-06-07 01:00:00,187.4033966,1.0039448,0,0.5157343149185181,0,0.7
2013-06-07 02:00:00,201.7749176,1.0,0,0.52183997631073,0,0.7
2013-06-07 03:00:00,190.6054382,1.0,0,0.4481237828731537,0,0.7
2013-06-07 04:00:00,449.3287659,1.0,0,0.5039079785346985,0,0.7
2013-06-07 05:00:00,322.934845,67.588936,0,0.6631507277488708,0,0.7
2013-06-07 06:00:00,391.3481445,110.34442,0,0.7125035524368286,1,0.7
2013-06-07 07:00:00,260.7019043,1.0,0,0.6729705333709717,0,0.7
2013-06-07 08:00:00,170.1993103,1.008,0,0.7101361155509949,1,0.7
2013-06-07 09:00:00,202.8949127,1.0,0,0.6702793836593628,0,0.7
2013-06-07 10:00:00,245.2255249,1.0,0,0.650268018245697,0,0.7
2013-06-07 11:00:00,333.3054504,65.021194,0,0.5620100498199463,0,0.7
2013-06-07 12:00:00,443.4400635,1.0,0,0.5817039012908936,0,0.7
2013-06-07 13:00:00,196.0016937,1.0,0,0.6620047092437744,0,0.7
2013-06-07 14:00:00,184.758255,1.0,0,0.7036096453666687,1,0.7
2013-06-07 15:00:00,391.73703,79.71485,0,0.6593509912490845,0,0.7
2013-06-07 16:00:00,195.8493195,1.008016,0,0.7232369184494019,1,0.7
2013-06-07 17:00:00,406.501709,1.0,0,0.7032813429832458,1,0.7
2013-06-07 18:00:00,370.2106018,129.79442,0,0.7745355367660522,1,0.7
2013-06-07 19:00:00,448.8372803,1.0,0,0.7314171195030212,1,0.7
2013-06-07 20:00:00,446.3022156,1.0,0,0.7390571236610413,1,0.7
2013-06-07 21:00:00,390.2601929,1.0,0,0.7254840731620789,1,0.7
2013-06-07 22:00:00,707.2908936,1.0,0,0.7303370833396912,1,0.7
2013-06-07 23:00:00,803.734375,1.0,0,0.7099546790122986,1,0.7
2013-06-08 00:00:00,199.3794861,1.0,0,0.6952192783355713,0,0.7
2013-06-08 01:00:00,193.9438782,1.0,0,0.6646559238433838,0,0.7
2013-06-08 02:00:00,186.9120178,1.0,0,0.7349626421928406,1,0.7
2013-06-08 03:00:00,195.3058472,1.0019608,0,0.6964356303215027,0,0.7
2013-06-08 04:00:00,178.8109894,1.0,0,0.6797308325767517,0,0.7
2013-06-08 05:00:00,193.3869934,1.0,0,0.6895046830177307,0,0.7
2013-06-08 06:00:00,189.7439423,1.0039526,0,0.7296645641326904,1,0.7
2013-06-08 07:00:00,360.3280029,94.85375,0,0.70943284034729,1,0.7
2013-06-08 08:00:00,338.0571899,1.0,0,0.7421088814735413,1,0.7
2013-06-08 09:00:00,340.7789307,1.003795,0,0.7304458022117615,1,0.7
2013-06-08 10:00:00,302.871521,1.0,0,0.7755674719810486,1,0.7
2013-06-08 11:00:00,460.0267944,89.70301,0,0.7448850870132446,1,0.7
2013-06-08 12:00:00,310.7299194,1.0,0,0.7978439331054688,1,0.7
2013-06-08 13:00:00,377.3500061,1.0037879,0,0.7431790828704834,1,0.7
2013-06-08 14:00:00,353.9197998,1.0,0,0.7421919107437134,1,0.7
2013-06-08 15:00:00,401.8134766,45.587242,0,0.637137234210968,0,0.7
2013-06-08 16:00:00,617.9435425,53.139404,0,0.6991201043128967,0,0.7
2013-06-08 17:00:00,504.1815186,1.0,0,0.6059058904647827,0,0.7
2013-06-08 18:00:00,913.0864258,1.007435,0,0.6323806047439575,0,0.7
2013-06-08 19:00:00,830.3012695,72.32827,0,0.5759949684143066,0,0.7
2013-06-08 20:00:00,414.1928406,1.0,0,0.5925866961479187,0,0.7
2013-06-08 21:00:00,272.1838379,1.0,0,0.5823130011558533,0,0.7
2013-06-08 22:00:00,261.5523071,1.0,0,0.56431645154953,0,0.7
2013-06-08 23:00:00,267.4545593,1.0080972,0,0.43493443727493286,0,0.7
2013-06-09 00:00:00,170.621521,1.0,0,0.3748795688152313,0,0.7
2013-06-09 01:00:00,182.7547455,1.004008,0,0.38885366916656494,0,0.7
2013-06-09 02:00:00,166.4921722,1.0039682,0,0.405237078666687,0,0.7
2013-06-09 03:00:00,180.7839661,1.0,0,0.34573104977607727,0,0.7
2013-06-09 04:00:00,171.7820129,1.0039841,0,0.38118577003479004,0,0.7
2013-06-09 05:00:00,188.2637939,1.0,0,0.3813828229904175,0,0.7
2013-06-09 06:00:00,286.1446533,127.55315,0,0.4036835730075836,0,0.7
2013-06-09 07:00:00,340.1145935,1.0,0,0.3113754093647003,0,0.7
2013-06-09 08:00:00,333.9723206,1.0,0,0.3679956793785095,0,0.7
2013-06-09 09:00:00,330.8336182,1.0,0,0.4177621304988861,0,0.7
2013-06-09 10:00:00,457.3743286,80.97207,0,0.4960191249847412,0,0.7
2013-06-09 11:00:00,416.8989563,90.23978,0,0.5398129224777222,0,0.7
2013-06-09 12:00:00,356.6417542,1.0,0,0.551899254322052,0,0.7
2013-06-09 13:00:00,365.5597839,1.0037453,0,0.554126501083374,0,0.7
2013-06-09 14:00:00,373.3258667,1.0,0,0.5850901007652283,0,0.7
2013-06-09 15:00:00,320.7961731,1.0,0,0.5375711917877197,0,0.7
2013-06-09 16:00:00,527.9265137,87.316666,0,0.4912037253379822,0,0.7
2013-06-09 17:00:00,324.5043945,1.0,0,0.47080615162849426,0,0.7
2013-06-09 18:00:00,396.6453247,1.0,0,0.4757133722305298,0,0.7
2013-06-09 19:00:00,619.0418701,1.0037736,0,0.46577563881874084,0,0.7
2013-06-09 20:00:00,486.4091797,1.0,0,0.2798033654689789,0,0.7
2013-06-09 21:00:00,275.7195129,1.0,0,0.28439033031463623,0,0.7
2013-06-09 22:00:00,181.5233917,1.004,0,0.27107465267181396,0,0.7
2013-06-09 23:00:00,188.6579437,1.0,0,0.35471346974372864,0,0.7
2013-06-10 00:00:00,173.0191345,1.0,0,0.3380014896392822,0,0.7
2013-06-10 01:00:00,186.5318451,1.0039761,0,0.38441479206085205,0,0.7
2013-06-10 02:00:00,174.7706909,1.0,0,0.3409246802330017,0,0.7
2013-06-10 03:00:00,181.956604,1.0080321,0,0.32109135389328003,0,0.7
2013-06-10 04:00:00,223.7565155,1.004016,0,0.2896447777748108,0,0.7
2013-06-10 05:00:00,214.6573944,1.0,0,0.2391246110200882,0,0.7
2013-06-10 06:00:00,357.358429,131.1122,0,0.22866030037403107,0,0.7
2013-06-10 07:00:00,454.5907593,1.0,0,0.2728225886821747,0,0.7
2013-06-10 08:00:00,380.2377625,1.0037594,0,0.4295463562011719,0,0.7
2013-06-10 09:00:00,323.5547791,1.0037314,0,0.4762536585330963,0,0.7
2013-06-10 10:00:00,434.2844543,57.942165,0,0.5357643365859985,0,0.7
2013-06-10 11:00:00,186.4380493,1.0,0,0.5406635999679565,0,0.7
2013-06-10 12:00:00,446.9872742,56.559223,0,0.553711473941803,0,0.7
2013-06-10 13:00:00,868.6314087,1.0,0,0.546135663986206,0,0.7
2013-06-10 14:00:00,474.3393555,1.0,0,0.5896667838096619,0,0.7
2013-06-10 15:00:00,205.6013794,1.0,0,0.5353707671165466,0,0.7
2013-06-10 16:00:00,313.4656982,142.02165,0,0.6719056367874146,0,0.7
2013-06-10 17:00:00,417.8118286,74.98419,0,0.5844529867172241,0,0.7
2013-06-10 18:00:00,288.321167,1.0,0,0.5919116139411926,0,0.7
2013-06-10 19:00:00,227.8551788,1.0,0,0.5651120543479919,0,0.7
2013-06-10 20:00:00,420.2352905,1.0,0,0.5454672574996948,0,0.7
2013-06-10 21:00:00,545.1240845,1.0,0,0.4670662581920624,0,0.7
2013-06-10 22:00:00,461.5750427,1.0,0,0.5299187302589417,0,0.7
2013-06-10 23:00:00,587.1573486,1.0,0,0.5406398773193359,0,0.7
2013-06-11 00:00:00,186.510376,1.0,0,0.6135304570198059,0,0.7
2013-06-11 01:00:00,167.9249573,1.004065,0,0.5464112162590027,0,0.7
2013-06-11 02:00:00,182.6573486,1.0,0,0.5582104325294495,0,0.7
2013-06-11 03:00:00,165.1864166,1.0,0,0.5002465844154358,0,0.7
2013-06-11 04:00:00,182.3397522,1.0,0,0.5514245629310608,0,0.7
2013-06-11 05:00:00,275.3703613,78.12375,0,0.5125389695167542,0,0.7
2013-06-11 06:00:00,185.0629425,1.0,0,0.5524871349334717,0,0.7
2013-06-11 07:00:00,345.3977966,61.92,0,0.6084975004196167,0,0.7
2013-06-11 08:00:00,188.1091919,1.00409,0,0.636996328830719,0,0.7
2013-06-11 09:00:00,234.5392609,1.0,0,0.6597363352775574,0,0.7
2013-06-11 10:00:00,260.6323242,86.01437,0,0.616077721118927,0,0.7
2013-06-11 11:00:00,304.2678528,109.51767,0,0.5593953132629395,0,0.7
2013-06-11 12:00:00,910.9569702,1.0,0,0.4996833801269531,0,0.7
2013-06-11 13:00:00,457.3932495,1.0,0,0.769607663154602,1,0.7
2013-06-11 14:00:00,184.7111053,1.0,0,0.7305783033370972,1,0.7
2013-06-11 15:00:00,182.5736237,1.0020081,0,0.6985896825790405,0,0.7
2013-06-11 16:00:00,292.1799316,101.77328,0,0.7102640271186829,1,0.7
2013-06-11 17:00:00,290.2422791,1.0,0,0.7404765486717224,1,0.7
2013-06-11 18:00:00,329.1022034,1.0,0,0.759026050567627,1,0.7
2013-06-11 19:00:00,494.880127,1.0,0,0.6911860704421997,0,0.7
2013-06-11 20:00:00,417.4517212,1.0037037,0,0.7578306198120117,1,0.7
2013-06-11 21:00:00,326.7452393,1.0,0,0.7471784949302673,1,0.7
2013-06-11 22:00:00,170.9153748,1.0040486,0,0.7638027667999268,1,0.7
2013-06-11 23:00:00,183.4731445,1.0039761,0,0.7264111638069153,1,0.7
2013-06-12 00:00:00,218.4664307,1.0,0,0.6838732361793518,0,0.7
2013-06-12 01:00:00,176.4904633,1.0040568,0,0.6268743276596069,0,0.7
2013-06-12 02:00:00,163.746521,1.0,0,0.644167423248291,0,0.7
2013-06-12 03:00:00,179.9084625,1.00409,0,0.5861482620239258,0,0.7
2013-06-12 04:00:00,163.5654449,1.0,0,0.5814526081085205,0,0.7
2013-06-12 05:00:00,204.5944061,1.0,0,0.5034973621368408,0,0.7
2013-06-12 06:00:00,396.0866699,152.40881,0,0.5426149964332581,0,0.7
2013-06-12 07:00:00,527.5721436,27.766666,0,0.6136282682418823,0,0.7
2013-06-12 08:00:00,363.144104,1.0,0,0.766900897026062,1,0.7
2013-06-12 09:00:00,361.1101685,1.0,0,0.7303678393363953,1,0.7
2013-06-12 10:00:00,501.5035095,73.53902,0,0.7462752461433411,1,0.7
2013-06-12 11:00:00,488.1916504,1.0,0,0.7414380311965942,1,0.7
2013-06-12 12:00:00,419.1954956,96.009094,0,0.7400553226470947,1,0.7
2013-06-12 13:00:00,371.3942566,1.0,0,0.635187566280365,0,0.7
2013-06-12 14:00:00,346.9135742,1.0054545,0,0.570259153842926,0,0.7
2013-06-12 15:00:00,351.243042,1.0071943,0,0.5589485764503479,0,0.7
2013-06-12 16:00:00,296.0187073,59.587814,0,0.5310524702072144,0,0.7
2013-06-12 17:00:00,372.4707031,1.0,0,0.4919513761997223,0,0.7
2013-06-12 18:00:00,302.4898071,1.0,0,0.4608134329319,0,0.7
2013-06-12 19:00:00,406.0,1.0,0,0.4731985032558441,0,0.7
2013-06-12 20:00:00,435.5675659,1.0,0,0.4752669334411621,0,0.7
2013-06-12 21:00:00,602.2297974,1.0037665,0,0.4221416711807251,0,0.7
2013-06-12 22:00:00,334.6849365,1.0,0,0.47218525409698486,0,0.7
2013-06-12 23:00:00,255.049408,1.004008,0,0.4341573715209961,0,0.7
2013-06-13 00:00:00,219.0650635,1.0040241,0,0.4183032214641571,0,0.7
2013-06-13 01:00:00,193.606781,1.0,0,0.3564353883266449,0,0.7
2013-06-13 02:00:00,175.8983002,1.0,0,0.3206300437450409,0,0.7
2013-06-13 03:00:00,192.8747864,1.0,0,0.26612547039985657,0,0.7
2013-06-13 04:00:00,174.6960297,1.004008,0,0.2134929895401001,0,0.7
2013-06-13 05:00:00,328.3858032,80.77539,0,0.20213496685028076,0,0.7
2013-06-13 06:00:00,537.0,1.0,0,0.2311764359474182,0,0.7
2013-06-13 07:00:00,602.2578125,86.08484,0,0.4149949848651886,0,0.7
2013-06-13 08:00:00,411.0585327,1.0,0,0.5097613334655762,0,0.7
2013-06-13 09:00:00,358.7717896,1.0,0,0.5521273016929626,0,0.7
2013-06-13 10:00:00,345.5865173,1.0,0,0.5796363353729248,0,0.7
2013-06-13 11:00:00,496.4060364,119.52973,0,0.6157798767089844,0,0.7
2013-06-13 12:00:00,556.2203369,91.80581,0,0.5608907341957092,0,0.7
2013-06-13 13:00:00,341.5202637,1.0,0,0.5359992980957031,0,0.7
2013-06-13 14:00:00,361.2276611,1.0,0,0.49048176407814026,0,0.7
2013-06-13 15:00:00,751.6936035,1.0,0,0.5761244893074036,0,0.7
2013-06-13 16:00:00,946.1153564,70.2033,0,0.6121659278869629,0,0.7
2013-06-13 17:00:00,491.4068909,53.175823,0,0.6443430781364441,0,0.7
2013-06-13 18:00:00,613.9707031,88.677536,0,0.5972437262535095,0,0.7
2013-06-13 19:00:00,573.2089844,1.0070423,0,0.6063863635063171,0,0.7
2013-06-13 20:00:00,479.1228638,1.0036968,0,0.5294466614723206,0,0.7
2013-06-13 21:00:00,738.7783203,1.0,0,0.5020439624786377,0,0.7
2013-06-13 22:00:00,762.861084,1.0,0,0.2753334939479828,0,0.7
2013-06-13 23:00:00,180.7606812,1.0039841,0,0.3084928095340729,0,0.7
2013-06-14 00:00:00,164.9210968,1.0,0,0.3146438002586365,0,0.7
2013-06-14 01:00:00,176.8896484,1.0,0,0.4168424606323242,0,0.7
2013-06-14 02:00:00,179.3333282,1.0,0,0.30857980251312256,0,0.7
2013-06-14 03:00:00,167.2521515,1.0,0,0.3915660083293915,0,0.7
2013-06-14 04:00:00,182.8486938,1.0,0,0.3382764160633087,0,0.7
2013-06-14 05:00:00,334.422821,82.56947,0,0.44406384229660034,0,0.7
2013-06-14 06:00:00,186.336792,1.0078125,0,0.47509416937828064,0,0.7
2013-06-14 07:00:00,206.5209808,1.011811,0,0.5670751333236694,0,0.7
2013-06-14 08:00:00,176.8278809,1.0,0,0.4631149172782898,0,0.7
2013-06-14 09:00:00,220.5173645,1.0,0,0.5276684165000916,0,0.7
2013-06-14 10:00:00,197.8778381,1.0079207,0,0.40137118101119995,0,0.7
2013-06-14 11:00:00,234.4665527,1.0,0,0.4281061589717865,0,0.7
2013-06-14 12:00:00,205.8405609,1.0,0,0.3475182056427002,0,0.7
2013-06-14 13:00:00,214.5627136,1.0,0,0.3863283395767212,0,0.7
2013-06-14 14:00:00,185.8769226,1.0078585,0,0.3125057816505432,0,0.7
2013-06-14 15:00:00,226.0854645,1.003937,0,0.287990540266037,0,0.7
2013-06-14 16:00:00,194.4341278,1.0,0,0.2586214244365692,0,0.7
2013-06-14 17:00:00,221.2991486,1.0,0,0.19714489579200745,0,0.7
2013-06-14 18:00:00,183.7829132,1.0,0,0.1785079836845398,0,0.7
2013-06-14 19:00:00,210.1669464,1.0,0,0.13270264863967896,0,0.7
2013-06-14 20:00:00,202.7302399,1.0,0,0.10846734791994095,0,0.7
2013-06-14 21:00:00,207.6064758,1.0,0,0.096070796251297,0,0.7
2013-06-14 22:00:00,216.6769257,1.0,0,0.07247549295425415,0,0.7
2013-06-14 23:00:00,173.9896088,1.0,0,0.04424768313765526,0,0.7
2013-06-15 00:00:00,170.5371399,1.0,0,0.041656386107206345,0,0.7
2013-06-15 01:00:00,168.8829651,1.0,0,0.03849266842007637,0,0.7
2013-06-15 02:00:00,196.5445251,1.0,0,0.036094047129154205,0,0.7
2013-06-15 03:00:00,159.1455536,1.0,0,0.03633960708975792,0,0.7
2013-06-15 04:00:00,175.7155151,1.0,0,0.03573480620980263,0,0.7
2013-06-15 05:00:00,183.2224121,1.0,0,0.03640052676200867,0,0.7
2013-06-15 06:00:00,174.0565033,1.0,0,0.034506358206272125,0,0.7
2013-06-15 07:00:00,193.0888824,1.0078278,0,0.03426237031817436,0,0.7
2013-06-15 08:00:00,180.0957336,1.0,0,0.033598702400922775,0,0.7
2013-06-15 09:00:00,214.4898376,1.0,0,0.03499901294708252,0,0.7
2013-06-15 10:00:00,180.0102234,1.0,0,0.033798497170209885,0,0.7
2013-06-15 11:00:00,198.5349274,1.0078895,0,0.033663902431726456,0,0.7
2013-06-15 12:00:00,175.8894501,1.0,0,0.03376409411430359,0,0.7
2013-06-15 13:00:00,172.218277,1.0,0,0.03244491294026375,0,0.7
2013-06-15 14:00:00,176.9880676,1.0,0,0.032218120992183685,0,0.7
2013-06-15 15:00:00,184.5153656,1.003937,0,0.029822519049048424,0,0.7
2013-06-15 16:00:00,221.9148254,1.0,0,0.03125721216201782,0,0.7
2013-06-15 17:00:00,226.5595245,1.0,0,0.030851108953356743,0,0.7
2013-06-15 18:00:00,184.0288086,1.0,0,0.03160712495446205,0,0.7
2013-06-15 19:00:00,178.9710388,1.0,0,0.03183410316705704,0,0.7
2013-06-15 20:00:00,197.0355377,1.0,0,0.03174259513616562,0,0.7
2013-06-15 21:00:00,172.497467,1.0039604,0,0.030744187533855438,0,0.7
2013-06-15 22:00:00,190.3565216,1.0,0,0.030688855797052383,0,0.7
2013-06-15 23:00:00,173.8668976,1.0,0,0.029269879683852196,0,0.7
2013-06-16 00:00:00,172.123291,1.0,0,0.029837803915143013,0,0.7
2013-06-16 01:00:00,157.2849731,1.0039062,0,0.029927385970950127,0,0.7
2013-06-16 02:00:00,162.9656982,1.0,0,0.03066645748913288,0,0.7
2013-06-16 03:00:00,171.5225677,1.0038835,0,0.03028407320380211,0,0.7
2013-06-16 04:00:00,163.6933746,1.0,0,0.028955502435564995,0,0.7
2013-06-16 05:00:00,195.8877258,1.0,0,0.02997521311044693,0,0.7
2013-06-16 06:00:00,166.206543,1.0,0,0.029666842892766,0,0.7
2013-06-16 07:00:00,221.8416595,1.0,0,0.031147846952080727,0,0.7
2013-06-16 08:00:00,204.9930878,1.007752,0,0.03229810670018196,0,0.7
2013-06-16 09:00:00,223.5979309,1.0,0,0.03273257613182068,0,0.7
2013-06-16 10:00:00,185.621582,1.0,0,0.03306625410914421,0,0.7
2013-06-16 11:00:00,188.9153748,1.0,0,0.03095070645213127,0,0.7
2013-06-16 12:00:00,169.4635468,1.0,0,0.02988670952618122,0,0.7
2013-06-16 13:00:00,197.0379333,1.0,0,0.029277438297867775,0,0.7
2013-06-16 14:00:00,184.1391754,1.0,0,0.029824966564774513,0,0.7
2013-06-16 15:00:00,223.762558,1.0,0,0.029103484004735947,0,0.7
2013-06-16 16:00:00,198.3497467,1.0039604,0,0.031121307983994484,0,0.7
2013-06-16 17:00:00,208.7106171,1.0078125,0,0.031054701656103134,0,0.7
2013-06-16 18:00:00,227.0,1.0,0,0.03193620964884758,0,0.7
2013-06-16 19:00:00,242.7380066,1.0,0,0.030323687940835953,0,0.7
2013-06-16 20:00:00,435.5848999,1.0,0,0.03228979557752609,0,0.7
2013-06-16 21:00:00,366.1087952,1.0,0,0.05790619179606438,0,0.7
2013-06-16 22:00:00,222.658493,1.0,0,0.07818025350570679,0,0.7
2013-06-16 23:00:00,165.9774323,1.0,0,0.07724732160568237,0,0.7
2013-06-17 00:00:00,177.3639526,1.0,0,0.08733414858579636,0,0.7
2013-06-17 01:00:00,158.036087,1.0,0,0.08868789672851562,0,0.7
2013-06-17 02:00:00,172.0703278,1.0040241,0,0.07864440232515335,0,0.7
2013-06-17 03:00:00,162.8516541,1.001996,0,0.06838793307542801,0,0.7
2013-06-17 04:00:00,165.0206604,1.0,0,0.08593329787254333,0,0.7
2013-06-17 05:00:00,172.8800049,1.0,0,0.09632115811109543,0,0.7
2013-06-17 06:00:00,161.6948242,1.0,0,0.09151051193475723,0,0.7
2013-06-17 07:00:00,175.3263855,1.004016,0,0.09075666218996048,0,0.7
2013-06-17 08:00:00,297.6560364,162.09543,0,0.0915897935628891,0,0.7
2013-06-17 09:00:00,321.1855164,1.0,0,0.11533650755882263,0,0.7
2013-06-17 10:00:00,807.631958,1.0,0,0.12156423926353455,0,0.7
2013-06-17 11:00:00,299.506073,1.004,0,0.41643229126930237,0,0.7
2013-06-17 12:00:00,220.0343018,1.01,0,0.4857739806175232,0,0.7
2013-06-17 13:00:00,531.5864868,1.0,0,0.5017697811126709,0,0.7
2013-06-17 14:00:00,631.4240723,1.0,0,0.5511606931686401,0,0.7
2013-06-17 15:00:00,262.5473328,1.0,0,0.5843397378921509,0,0.7
2013-06-17 16:00:00,209.7965851,1.0,0,0.5999731421470642,0,0.7
2013-06-17 17:00:00,170.3901978,1.0079681,0,0.5526298880577087,0,0.7
2013-06-17 18:00:00,220.949234,1.0,0,0.6500479578971863,0,0.7
2013-06-17 19:00:00,375.7772217,1.0,0,0.684603750705719,0,0.7
2013-06-17 20:00:00,380.9369812,1.0,0,0.694017767906189,0,0.7
2013-06-17 21:00:00,174.6348114,1.0,0,0.6414666771888733,0,0.7
2013-06-17 22:00:00,179.6260529,1.0,0,0.7907941341400146,1,0.7
2013-06-17 23:00:00,175.9577026,1.0,0,0.7756582498550415,1,0.7
2013-06-18 00:00:00,159.6277466,1.004,0,0.79913330078125,1,0.7
2013-06-18 01:00:00,168.8671265,1.0,0,0.707650363445282,1,0.7
2013-06-18 02:00:00,175.0979767,1.0,0,0.7568787336349487,1,0.7
2013-06-18 03:00:00,204.3231812,1.0,0,0.6695089936256409,0,0.7
2013-06-18 04:00:00,177.2521362,1.0,0,0.6556283831596375,0,0.7
2013-06-18 05:00:00,159.5223389,1.0,0,0.5050906538963318,0,0.7
2013-06-18 06:00:00,231.2675781,62.112648,0,0.5026779770851135,0,0.7
2013-06-18 07:00:00,449.2304993,57.94246,0,0.3504392206668854,0,0.7
2013-06-18 08:00:00,166.3164063,1.001996,0,0.5524753928184509,0,0.7
2013-06-18 09:00:00,236.7996521,72.048195,0,0.5180836915969849,0,0.7
2013-06-18 10:00:00,213.4703827,1.0,0,0.583743691444397,0,0.7
2013-06-18 11:00:00,306.7668457,92.29921,0,0.47301483154296875,0,0.7
2013-06-18 12:00:00,889.5967407,1.0037736,0,0.4938022792339325,0,0.7
2013-06-18 13:00:00,510.4231567,1.0075614,0,0.6306301355361938,0,0.7
2013-06-18 14:00:00,763.6696167,1.0,0,0.6841040253639221,0,0.7
2013-06-18 15:00:00,383.6269836,1.0,0,0.62279212474823,0,0.7
2013-06-18 16:00:00,345.4191284,1.0,0,0.6446296572685242,0,0.7
2013-06-18 17:00:00,439.8048706,71.155205,0,0.6475103497505188,0,0.7
2013-06-18 18:00:00,509.0923157,79.68053,0,0.6312057375907898,0,0.7
2013-06-18 19:00:00,578.5523071,1.0038168,0,0.6249852180480957,0,0.7
2013-06-18 20:00:00,409.6217957,1.0,0,0.6096938252449036,0,0.7
2013-06-18 21:00:00,331.0964355,1.0019647,0,0.5992098450660706,0,0.7
2013-06-18 22:00:00,183.1547546,1.0039216,0,0.5622286796569824,0,0.7
2013-06-18 23:00:00,178.2966156,1.0,0,0.595748245716095,0,0.7
2013-06-19 00:00:00,169.7385406,1.0,0,0.5748706459999084,0,0.7
2013-06-19 01:00:00,165.2406769,1.0039448,0,0.5989860892295837,0,0.7
2013-06-19 02:00:00,166.3423767,1.0,0,0.5721184015274048,0,0.7
2013-06-19 03:00:00,174.3464203,1.0,0,0.5965366363525391,0,0.7
2013-06-19 04:00:00,175.0602417,1.0,0,0.5413973331451416,0,0.7
2013-06-19 05:00:00,172.2220306,1.0,0,0.5160876512527466,0,0.7
2013-06-19 06:00:00,423.6672668,85.17444,0,0.39160531759262085,0,0.7
2013-06-19 07:00:00,563.3079834,40.467804,0,0.5941664576530457,0,0.7
2013-06-19 08:00:00,368.5952454,1.0,0,0.6757674217224121,0,0.7
2013-06-19 09:00:00,374.4566956,1.0,0,0.6886484622955322,0,0.7
2013-06-19 10:00:00,347.1801147,1.0074906,0,0.64430832862854,0,0.7
2013-06-19 11:00:00,348.6424866,1.0,0,0.6735165119171143,0,0.7
2013-06-19 12:00:00,501.6476746,51.41418,0,0.6462869644165039,0,0.7
2013-06-19 13:00:00,906.9849854,1.0,0,0.6767755150794983,0,0.7
2013-06-19 14:00:00,567.6642456,1.0,0,0.6799307465553284,0,0.7
2013-06-19 15:00:00,348.6280212,1.0,0,0.6248885989189148,0,0.7
2013-06-19 16:00:00,383.7745361,76.608696,0,0.7002008557319641,1,0.7
2013-06-19 17:00:00,258.504303,1.0,0,0.6399478316307068,0,0.7
2013-06-19 18:00:00,194.245285,1.0039139,0,0.6673059463500977,0,0.7
2013-06-19 19:00:00,855.9804688,1.0,0,0.6682778596878052,0,0.7
2013-06-19 20:00:00,1902.678955,1.0,0,0.7679252624511719,1,0.7
2013-06-19 21:00:00,527.4647217,1.0,0,0.8362013101577759,1,0.7
2013-06-19 22:00:00,347.8969116,1.0,0,0.8596879839897156,1,0.7
2013-06-19 23:00:00,232.0827637,1.0,0,0.8737907409667969,1,0.7
2013-06-20 00:00:00,202.3431549,1.0,0,0.884312629699707,1,0.7
2013-06-20 01:00:00,179.3900299,1.0,0,0.8966770768165588,1,0.7
2013-06-20 02:00:00,179.7392731,1.0,0,0.8077822327613831,1,0.7
2013-06-20 03:00:00,164.9674683,1.0,0,0.7231988906860352,1,0.7
2013-06-20 04:00:00,174.8652802,1.0,0,0.6912779808044434,0,0.7
2013-06-20 05:00:00,192.2780609,1.0040323,0,0.7501809000968933,1,0.7
2013-06-20 06:00:00,295.5,123.12302,0,0.6251891851425171,0,0.7
2013-06-20 07:00:00,163.4536133,1.0,0,0.7196019887924194,1,0.7
2013-06-20 08:00:00,171.3696747,1.0,0,0.667095959186554,0,0.7
2013-06-20 09:00:00,187.8191071,1.0,0,0.7385023832321167,1,0.7
2013-06-20 10:00:00,219.5111084,1.0,0,0.6083597540855408,0,0.7
2013-06-20 11:00:00,174.9603424,1.0,0,0.6340934634208679,0,0.7
2013-06-20 12:00:00,166.316864,1.0,0,0.516005277633667,0,0.7
2013-06-20 13:00:00,176.3622437,1.0,0,0.5684412121772766,0,0.7
2013-06-20 14:00:00,212.615387,1.0,0,0.32810670137405396,0,0.7
2013-06-20 15:00:00,163.0927887,1.0,0,0.3227246105670929,0,0.7
2013-06-20 16:00:00,345.4689026,73.83961,0,0.2768119275569916,0,0.7
2013-06-20 17:00:00,364.6010437,1.0119522,0,0.2744233310222626,0,0.7
2013-06-20 18:00:00,192.0478668,1.0,0,0.26779070496559143,0,0.7
2013-06-20 19:00:00,466.8859558,1.0,0,0.20775021612644196,0,0.7
2013-06-20 20:00:00,394.4675903,1.0,0,0.28819307684898376,0,0.7
2013-06-20 21:00:00,379.3345032,1.0,0,0.31004515290260315,0,0.7
2013-06-20 22:00:00,295.3166809,1.0120482,0,0.29091528058052063,0,0.7
2013-06-20 23:00:00,184.9708862,1.0,0,0.28399458527565,0,0.7
2013-06-21 00:00:00,176.9449158,1.0,0,0.2774670422077179,0,0.7
2013-06-21 01:00:00,171.3275909,1.0,0,0.34494471549987793,0,0.7
2013-06-21 02:00:00,155.5496521,1.0,0,0.3223212659358978,0,0.7
2013-06-21 03:00:00,165.5782318,1.0,0,0.3158813714981079,0,0.7
2013-06-21 04:00:00,205.0137482,1.004,0,0.2908478379249573,0,0.7
2013-06-21 05:00:00,180.6496582,1.0,0,0.38826867938041687,0,0.7
2013-06-21 06:00:00,215.4266205,66.001976,0,0.3969603478908539,0,0.7
2013-06-21 07:00:00,428.0910645,69.92843,0,0.37050795555114746,0,0.7
2013-06-21 08:00:00,213.9068909,1.0,0,0.5415008664131165,0,0.7
2013-06-21 09:00:00,193.7013702,1.0,0,0.6742399334907532,0,0.7
2013-06-21 10:00:00,172.8622437,1.0,0,0.6671626567840576,0,0.7
2013-06-21 11:00:00,191.1462555,1.0,0,0.5753423571586609,0,0.7
2013-06-21 12:00:00,198.8135529,1.011976,0,0.49619871377944946,0,0.7
2013-06-21 13:00:00,200.6865387,1.0,0,0.4177044928073883,0,0.7
2013-06-21 14:00:00,217.7452698,1.0,0,0.3284653425216675,0,0.7
2013-06-21 15:00:00,276.5463867,79.34387,0,0.27670177817344666,0,0.7
2013-06-21 16:00:00,200.9794464,1.0119047,0,0.22975873947143555,0,0.7
2013-06-21 17:00:00,208.3831635,1.0,0,0.22120149433612823,0,0.7
2013-06-21 18:00:00,299.0631409,1.0,0,0.1777406632900238,0,0.7
2013-06-21 19:00:00,421.9897766,1.0,0,0.161070317029953,0,0.7
2013-06-21 20:00:00,406.5582581,1.0,0,0.22623074054718018,0,0.7
2013-06-21 21:00:00,279.8465576,1.0118812,0,0.2510982155799866,0,0.7
2013-06-21 22:00:00,204.037674,1.0,0,0.25706303119659424,0,0.7
2013-06-21 23:00:00,175.5093384,1.0,0,0.2441583275794983,0,0.7
2013-06-22 00:00:00,173.5119934,1.003992,0,0.23411203920841217,0,0.7
2013-06-22 01:00:00,171.6061096,1.0,0,0.1983172446489334,0,0.7
2013-06-22 02:00:00,171.5932159,1.0,0,0.16380220651626587,0,0.7
2013-06-22 03:00:00,170.4542389,1.0,0,0.14818061888217926,0,0.7
2013-06-22 04:00:00,163.6850281,1.0,0,0.14344967901706696,0,0.7
2013-06-22 05:00:00,162.7189026,1.0,0,0.13680273294448853,0,0.7
2013-06-22 06:00:00,188.9778137,1.0,0,0.11729699373245239,0,0.7
2013-06-22 07:00:00,576.2064209,131.8367,0,0.10824543982744217,0,0.7
2013-06-22 08:00:00,423.9982605,1.0,0,0.3755989372730255,0,0.7
2013-06-22 09:00:00,213.588028,1.0,0,0.47774696350097656,0,0.7
2013-06-22 10:00:00,198.0271606,1.0,0,0.5030853748321533,0,0.7
2013-06-22 11:00:00,253.9718323,1.0,0,0.5679505467414856,0,0.7
2013-06-22 12:00:00,293.8441772,65.07171,0,0.6137901544570923,0,0.7
2013-06-22 13:00:00,359.1063538,1.0,0,0.61149662733078,0,0.7
2013-06-22 14:00:00,252.1457977,1.0,0,0.5724995732307434,0,0.7
2013-06-22 15:00:00,253.3339081,1.2882483,0,0.6050088405609131,0,0.7
2013-06-22 16:00:00,171.4512787,1.0,0,0.6135114431381226,0,0.7
2013-06-22 17:00:00,210.8431091,1.0,0,0.5941131114959717,0,0.7
2013-06-22 18:00:00,223.0923004,1.0,0,0.5062270760536194,0,0.7
2013-06-22 19:00:00,336.9743652,1.0,0,0.4915115237236023,0,0.7
2013-06-22 20:00:00,399.5917664,0.99804306,0,0.5450091361999512,0,0.7
2013-06-22 21:00:00,327.1329956,1.0,0,0.5845264792442322,0,0.7
2013-06-22 22:00:00,159.9880371,1.008016,0,0.5968347787857056,0,0.7
2013-06-22 23:00:00,181.4718933,1.0,0,0.586024284362793,0,0.7
2013-06-23 00:00:00,156.9625854,1.0120482,0,0.5698775053024292,0,0.7
2013-06-23 01:00:00,175.06633,1.003992,0,0.47674867510795593,0,0.7
2013-06-23 02:00:00,155.473587,1.0,0,0.3759276568889618,0,0.7
2013-06-23 03:00:00,211.3066406,1.0,0,0.29820048809051514,0,0.7
2013-06-23 04:00:00,174.3868256,1.0,0,0.25138843059539795,0,0.7
2013-06-23 05:00:00,175.5783081,1.0,0,0.21476180851459503,0,0.7
2013-06-23 06:00:00,155.4651947,1.0,0,0.16817976534366608,0,0.7
2013-06-23 07:00:00,215.048111,66.0,0,0.12296982109546661,0,0.7
2013-06-23 08:00:00,552.5610352,1.0,0,0.09220640361309052,0,0.7
2013-06-23 09:00:00,616.6436157,1.0,0,0.27007946372032166,0,0.7
2013-06-23 10:00:00,231.4241943,1.0,0,0.3598797619342804,0,0.7
2013-06-23 11:00:00,385.527771,1.0,0,0.43196025490760803,0,0.7
2013-06-23 12:00:00,319.5492249,83.22682,0,0.44584691524505615,0,0.7
2013-06-23 13:00:00,469.6535034,53.001987,0,0.5263770222663879,0,0.7
2013-06-23 14:00:00,385.5220947,1.004,0,0.5187219381332397,0,0.7
2013-06-23 15:00:00,498.774353,83.57905,0,0.5349640250205994,0,0.7
2013-06-23 16:00:00,445.0761414,1.0,0,0.4649960398674011,0,0.7
2013-06-23 17:00:00,359.3133545,1.0,0,0.540976881980896,0,0.7
2013-06-23 18:00:00,423.8900452,1.0,0,0.5322484970092773,0,0.7
2013-06-23 19:00:00,442.5256042,1.0,0,0.5091434717178345,0,0.7
2013-06-23 20:00:00,645.6951904,1.0,0,0.4553675651550293,0,0.7
2013-06-23 21:00:00,856.4611206,1.0,0,0.569074809551239,0,0.7
2013-06-23 22:00:00,182.7618256,1.0,0,0.6140735149383545,0,0.7
2013-06-23 23:00:00,188.9217682,1.0,0,0.6885966658592224,0,0.7
2013-06-24 00:00:00,161.7235565,1.0,0,0.660240650177002,0,0.7
2013-06-24 01:00:00,177.7483063,1.0,0,0.6994642615318298,0,0.7
2013-06-24 02:00:00,169.8722382,1.0,0,0.6914823651313782,0,0.7
2013-06-24 03:00:00,160.1856842,1.0,0,0.7162562608718872,1,0.7
2013-06-24 04:00:00,190.036087,1.0,0,0.6189807057380676,0,0.7
2013-06-24 05:00:00,163.1552887,1.0,0,0.6019692420959473,0,0.7
2013-06-24 06:00:00,398.2605591,99.45,0,0.5071154832839966,0,0.7
2013-06-24 07:00:00,249.656311,58.32193,0,0.7094687819480896,1,0.7
2013-06-24 08:00:00,173.8617706,1.0,0,0.6424505710601807,0,0.7
2013-06-24 09:00:00,215.3327637,1.0,0,0.6884730458259583,0,0.7
2013-06-24 10:00:00,258.8913269,1.0,0,0.5286162495613098,0,0.7
2013-06-24 11:00:00,179.5008545,1.0,0,0.6513062715530396,0,0.7
2013-06-24 12:00:00,207.4202423,1.0,0,0.5186903476715088,0,0.7
2013-06-24 13:00:00,184.6512756,1.0,0,0.5600702166557312,0,0.7
2013-06-24 14:00:00,215.4295502,1.0040486,0,0.3986337184906006,0,0.7
2013-06-24 15:00:00,193.8957214,1.0,0,0.5217342376708984,0,0.7
2013-06-24 16:00:00,187.9402771,1.004016,0,0.38617566227912903,0,0.7
2013-06-24 17:00:00,394.6666565,105.91252,0,0.39275819063186646,0,0.7
2013-06-24 18:00:00,228.6479645,1.0,0,0.45075365900993347,0,0.7
2013-06-24 19:00:00,318.7770386,1.0,0,0.5658334493637085,0,0.7
2013-06-24 20:00:00,508.3476868,72.78667,0,0.5009450316429138,0,0.7
2013-06-24 21:00:00,369.8967285,1.0,0,0.6345313787460327,0,0.7
2013-06-24 22:00:00,189.4642792,1.0020243,0,0.46277251839637756,0,0.7
2013-06-24 23:00:00,187.9864349,1.0,0,0.5120101571083069,0,0.7
2013-06-25 00:00:00,176.4718018,1.0,0,0.47684934735298157,0,0.7
2013-06-25 01:00:00,214.9041138,1.0,0,0.4862876534461975,0,0.7
2013-06-25 02:00:00,165.0206909,1.0040241,0,0.41328832507133484,0,0.7
2013-06-25 03:00:00,187.036087,1.0,0,0.3847227692604065,0,0.7
2013-06-25 04:00:00,163.6989441,1.0,0,0.3494494557380676,0,0.7
2013-06-25 05:00:00,193.2350922,1.004065,0,0.3700738251209259,0,0.7
2013-06-25 06:00:00,426.1398315,85.76626,0,0.31674647331237793,0,0.7
2013-06-25 07:00:00,299.4555054,1.0,0,0.506169319152832,0,0.7
2013-06-25 08:00:00,270.0546875,1.0,0,0.6162693500518799,0,0.7
2013-06-25 09:00:00,215.0255585,1.0,0,0.6869637370109558,0,0.7
2013-06-25 10:00:00,268.459198,1.0020081,0,0.6457322239875793,0,0.7
2013-06-25 11:00:00,369.0209351,1.0,0,0.6718084216117859,0,0.7
2013-06-25 12:00:00,396.5667725,1.0079681,0,0.6685253381729126,0,0.7
2013-06-25 13:00:00,279.4266357,1.0,0,0.6716787219047546,0,0.7
2013-06-25 14:00:00,293.0740051,1.0039841,0,0.58880215883255,0,0.7
2013-06-25 15:00:00,241.3192596,1.0039761,0,0.5995168089866638,0,0.7
2013-06-25 16:00:00,247.2474365,1.0,0,0.5340445637702942,0,0.7
2013-06-25 17:00:00,314.5078125,111.1494,0,0.46619006991386414,0,0.7
2013-06-25 18:00:00,206.1972809,1.0,0,0.4216572344303131,0,0.7
2013-06-25 19:00:00,364.2654114,1.0,0,0.4369562566280365,0,0.7
2013-06-25 20:00:00,391.9710388,1.0,0,0.491020530462265,0,0.7
2013-06-25 21:00:00,404.2050781,1.0,0,0.4604165256023407,0,0.7
2013-06-25 22:00:00,187.7326508,1.0,0,0.45508432388305664,0,0.7
2013-06-25 23:00:00,175.235199,1.0,0,0.5353755354881287,0,0.7
2013-06-26 00:00:00,185.1790466,1.0,0,0.44853609800338745,0,0.7
2013-06-26 01:00:00,168.3999939,1.0,0,0.3950912356376648,0,0.7
2013-06-26 02:00:00,182.6262817,1.001992,0,0.3178199231624603,0,0.7
2013-06-26 03:00:00,166.9897919,1.0,0,0.2979010045528412,0,0.7
2013-06-26 04:00:00,181.0085754,1.0,0,0.2474375218153,0,0.7
2013-06-26 05:00:00,180.1578979,1.0,0,0.20669500529766083,0,0.7
2013-06-26 06:00:00,386.2549133,62.590363,0,0.17218834161758423,0,0.7
2013-06-26 07:00:00,887.1115112,48.97561,0,0.2831387221813202,0,0.7
2013-06-26 08:00:00,637.5797119,1.0,0,0.5538389682769775,0,0.7
2013-06-26 09:00:00,352.3029175,1.0035273,0,0.6247095465660095,0,0.7
2013-06-26 10:00:00,343.4533081,1.0,0,0.6379539370536804,0,0.7
2013-06-26 11:00:00,348.9948425,1.0,0,0.6913639307022095,0,0.7
2013-06-26 12:00:00,355.2495728,1.0,0,0.6931767463684082,0,0.7
2013-06-26 13:00:00,403.8810425,115.05115,0,0.6207650303840637,0,0.7
2013-06-26 14:00:00,331.7196655,1.0,0,0.6067333221435547,0,0.7
2013-06-26 15:00:00,344.5329895,1.0,0,0.6001704335212708,0,0.7
2013-06-26 16:00:00,319.0826111,1.0,0,0.5805183053016663,0,0.7
2013-06-26 17:00:00,271.0426636,1.0,0,0.4557908773422241,0,0.7
2013-06-26 18:00:00,294.7128296,1.0,0,0.44314542412757874,0,0.7
2013-06-26 19:00:00,386.8391113,1.0070922,0,0.43820920586586,0,0.7
2013-06-26 20:00:00,376.0272217,1.0,0,0.48549407720565796,0,0.7
2013-06-26 21:00:00,408.914093,1.0,0,0.3474661707878113,0,0.7
2013-06-26 22:00:00,182.1999969,1.0,0,0.3785727024078369,0,0.7
2013-06-26 23:00:00,181.7423706,1.004016,0,0.3605687916278839,0,0.7
2013-06-27 00:00:00,189.6260681,1.0,0,0.35638147592544556,0,0.7
2013-06-27 01:00:00,165.8612518,1.0,0,0.25453582406044006,0,0.7
2013-06-27 02:00:00,202.1428528,1.0,0,0.2462822049856186,0,0.7
2013-06-27 03:00:00,183.6320343,1.0,0,0.17875240743160248,0,0.7
2013-06-27 04:00:00,189.3843536,1.0,0,0.14896485209465027,0,0.7
2013-06-27 05:00:00,530.7796631,1.0,0,0.1233249381184578,0,0.7
2013-06-27 06:00:00,210.2978058,1.0,0,0.2713308334350586,0,0.7
2013-06-27 07:00:00,396.930603,91.5197,0,0.4229418933391571,0,0.7
2013-06-27 08:00:00,347.3066406,1.0,0,0.516889750957489,0,0.7
2013-06-27 09:00:00,190.4497375,1.0,0,0.5593330264091492,0,0.7
2013-06-27 10:00:00,206.5459137,1.0,0,0.5751834511756897,0,0.7
2013-06-27 11:00:00,231.0340118,1.0039761,0,0.627203106880188,0,0.7
2013-06-27 12:00:00,227.681427,1.008016,0,0.6081008315086365,0,0.7
2013-06-27 13:00:00,206.4932251,1.0,0,0.610772967338562,0,0.7
2013-06-27 14:00:00,193.1396942,1.0,0,0.5706773400306702,0,0.7
2013-06-27 15:00:00,207.1680756,1.0039761,0,0.6059815287590027,0,0.7
2013-06-27 16:00:00,199.8188019,1.0,0,0.5424998998641968,0,0.7
2013-06-27 17:00:00,304.3747864,1.0,0,0.5207625031471252,0,0.7
2013-06-27 18:00:00,206.1759796,1.0,0,0.5471323728561401,0,0.7
2013-06-27 19:00:00,281.8773499,1.0,0,0.5359506607055664,0,0.7
2013-06-27 20:00:00,406.7097778,1.0,0,0.5234991312026978,0,0.7
2013-06-27 21:00:00,286.644928,1.0,0,0.5885235071182251,0,0.7
2013-06-27 22:00:00,181.677475,1.0,0,0.5834510922431946,0,0.7
2013-06-27 23:00:00,183.6564636,1.0039682,0,0.5173860192298889,0,0.7
2013-06-28 00:00:00,170.0748291,1.0,0,0.40445682406425476,0,0.7
2013-06-28 01:00:00,177.3713837,1.004016,0,0.3113590478897095,0,0.7
2013-06-28 02:00:00,208.7176819,1.0,0,0.23101596534252167,0,0.7
2013-06-28 03:00:00,175.5949097,1.0,0,0.19481833279132843,0,0.7
2013-06-28 04:00:00,180.1746521,1.0,0,0.15203383564949036,0,0.7
2013-06-28 05:00:00,178.1734619,1.0020202,0,0.12988562881946564,0,0.7
2013-06-28 06:00:00,182.0068665,1.0,0,0.10319161415100098,0,0.7
2013-06-28 07:00:00,658.9770508,125.38856,0,0.09257138520479202,0,0.7
2013-06-28 08:00:00,741.8490601,1.0,0,0.3647589385509491,0,0.7
2013-06-28 09:00:00,998.6678467,1.0070796,0,0.44753605127334595,0,0.7
2013-06-28 10:00:00,565.4888306,3.064632,0,0.43028998374938965,0,0.7
2013-06-28 11:00:00,543.9232178,49.540634,0,0.5384311676025391,0,0.7
2013-06-28 12:00:00,369.0479431,37.525913,0,0.5012238025665283,0,0.7
2013-06-28 13:00:00,684.0705566,1.0039604,0,0.49883145093917847,0,0.7
2013-06-28 14:00:00,452.8134766,0.99570817,0,0.372688889503479,0,0.7
2013-06-28 15:00:00,515.446167,1.0,0,0.4297713339328766,0,0.7
2013-06-28 16:00:00,356.1896667,1.0,0,0.3657236099243164,0,0.7
2013-06-28 17:00:00,358.77005,76.030365,0,0.3862623870372772,0,0.7
2013-06-28 18:00:00,252.2478333,1.0,0,0.2548482120037079,0,0.7
2013-06-28 19:00:00,186.4165192,1.0,0,0.3202469050884247,0,0.7
2013-06-28 20:00:00,383.8181763,1.0,0,0.2812124788761139,0,0.7
2013-06-28 21:00:00,408.9384766,1.0,0,0.35441499948501587,0,0.7
2013-06-28 22:00:00,238.982666,1.0081301,0,0.25647294521331787,0,0.7
2013-06-28 23:00:00,233.839035,1.0,0,0.3612651228904724,0,0.7
2013-06-29 00:00:00,185.5008698,1.0080808,0,0.2933965027332306,0,0.7
2013-06-29 01:00:00,168.3752136,1.004016,0,0.33816200494766235,0,0.7
2013-06-29 02:00:00,178.1499176,1.0080483,0,0.23149356245994568,0,0.7
2013-06-29 03:00:00,180.0271149,1.0,0,0.22223682701587677,0,0.7
2013-06-29 04:00:00,168.0862885,1.004016,0,0.13684597611427307,0,0.7
2013-06-29 05:00:00,190.2973022,1.0,0,0.1496112048625946,0,0.7
2013-06-29 06:00:00,272.4517212,114.57172,0,0.10407329350709915,0,0.7
2013-06-29 07:00:00,833.7783813,1.0039062,0,0.12493371963500977,0,0.7
2013-06-29 08:00:00,537.3804321,1.0,0,0.4322540760040283,0,0.7
2013-06-29 09:00:00,204.4253845,1.008016,0,0.5682603716850281,0,0.7
2013-06-29 10:00:00,233.6122437,1.0,0,0.6461210250854492,0,0.7
2013-06-29 11:00:00,291.7955322,77.07984,0,0.6899943947792053,0,0.7
2013-06-29 12:00:00,797.9492798,1.0,0,0.755125880241394,1,0.7
2013-06-29 13:00:00,473.7219238,1.0,0,0.8034570217132568,1,0.7
2013-06-29 14:00:00,196.4105682,1.0,0,0.7378578782081604,1,0.7
2013-06-29 15:00:00,207.314621,1.004016,0,0.7892865538597107,1,0.7
2013-06-29 16:00:00,280.6112976,65.9498,0,0.8505533337593079,1,0.7
2013-06-29 17:00:00,227.6352692,1.0,0,0.8486081957817078,1,0.7
2013-06-29 18:00:00,178.4329376,1.0,0,0.8336589336395264,1,0.7
2013-06-29 19:00:00,561.6344604,1.0,0,0.8256602883338928,1,0.7
2013-06-29 20:00:00,458.9200134,0.99788135,0,0.9029011130332947,1,0.7
2013-06-29 21:00:00,360.6194458,1.0,0,0.9084877371788025,1,0.7
2013-06-29 22:00:00,478.1158447,1.0,0,0.9033217430114746,1,0.7
2013-06-29 23:00:00,280.9220276,1.0,0,0.8978986740112305,1,0.7
2013-06-30 00:00:00,228.8820496,1.0,0,0.9146230220794678,1,0.7
2013-06-30 01:00:00,185.0276337,1.0,0,0.9032683968544006,1,0.7
2013-06-30 02:00:00,164.5314026,1.0,0,0.8826175928115845,1,0.7
2013-06-30 03:00:00,178.1470032,1.0,0,0.8557218313217163,1,0.7
2013-06-30 04:00:00,168.3829041,1.0,0,0.8473916053771973,1,0.7
2013-06-30 05:00:00,185.1612396,1.0,0,0.8221598267555237,1,0.7
2013-06-30 06:00:00,202.1921844,1.0,0,0.7729954719543457,1,0.7
2013-06-30 07:00:00,262.0826111,97.908,0,0.7288119792938232,1,0.7
2013-06-30 08:00:00,212.5586243,1.0,0,0.657670259475708,0,0.7
2013-06-30 09:00:00,186.0493164,1.0,0,0.5634639263153076,0,0.7
2013-06-30 10:00:00,205.8307495,1.0,0,0.48653334379196167,0,0.7
2013-06-30 11:00:00,189.0534515,1.0,0,0.3702555000782013,0,0.7
2013-06-30 12:00:00,209.4071503,1.0,0,0.31992107629776,0,0.7
2013-06-30 13:00:00,784.9327393,1.0,0,0.2141721248626709,0,0.7
2013-06-30 14:00:00,701.7750854,1.0,0,0.5489416122436523,0,0.7
2013-06-30 15:00:00,339.1157227,66.53984,0,0.5247832536697388,0,0.7
2013-06-30 16:00:00,243.3065033,1.0,0,0.5348913073539734,0,0.7
2013-06-30 17:00:00,387.6811829,1.0020081,0,0.5337329506874084,0,0.7
2013-06-30 18:00:00,240.4651947,1.0,0,0.5445169806480408,0,0.7
2013-06-30 19:00:00,475.9878235,1.0039761,0,0.47642117738723755,0,0.7
2013-06-30 20:00:00,363.8403931,1.0,0,0.4615155756473541,0,0.7
2013-06-30 21:00:00,418.6836853,1.0,0,0.40983766317367554,0,0.7
2013-06-30 22:00:00,245.2393951,1.0,0,0.47760602831840515,0,0.7
2013-06-30 23:00:00,174.1925049,1.0,0,0.4309651851654053,0,0.7
2013-07-01 00:00:00,188.0102234,1.004008,0,0.45991042256355286,0,0.7
2013-07-01 01:00:00,164.5500031,1.0,0,0.4801536202430725,0,0.7
2013-07-01 02:00:00,179.6034241,1.0,0,0.5174918174743652,0,0.7
2013-07-01 03:00:00,194.8284302,1.0,0,0.5508915185928345,0,0.7
2013-07-01 04:00:00,194.4288177,1.0040323,0,0.5426872372627258,0,0.7
2013-07-01 05:00:00,158.7272797,1.0,0,0.5720303058624268,0,0.7
2013-07-01 06:00:00,288.7635803,118.38171,0,0.5069304704666138,0,0.7
2013-07-01 07:00:00,285.055542,1.007435,0,0.5361876487731934,0,0.7
2013-07-01 08:00:00,177.7283783,1.0,0,0.4784168004989624,0,0.7
2013-07-01 09:00:00,205.828125,1.0,0,0.47190991044044495,0,0.7
2013-07-01 10:00:00,279.1678162,85.32535,0,0.3118700087070465,0,0.7
2013-07-01 11:00:00,523.6144409,1.0,0,0.31096869707107544,0,0.7
2013-07-01 12:00:00,728.7509155,48.55511,0,0.4271414279937744,0,0.7
2013-07-01 13:00:00,390.5434265,1.0,0,0.5433264970779419,0,0.7
2013-07-01 14:00:00,233.0136108,1.0,0,0.47183936834335327,0,0.7
2013-07-01 15:00:00,308.1003418,75.45365,0,0.4509342908859253,0,0.7
2013-07-01 16:00:00,280.5784912,1.0,0,0.45693886280059814,0,0.7
2013-07-01 17:00:00,504.3114319,89.01815,0,0.47122910618782043,0,0.7
2013-07-01 18:00:00,472.8685913,1.006993,0,0.41848450899124146,0,0.7
2013-07-01 19:00:00,431.003479,1.0,0,0.4081788957118988,0,0.7
2013-07-01 20:00:00,496.0415344,1.0040404,0,0.41845762729644775,0,0.7
2013-07-01 21:00:00,568.4588623,1.002,0,0.438485324382782,0,0.7
2013-07-01 22:00:00,500.9877319,1.0039448,0,0.4374282658100128,0,0.7
2013-07-01 23:00:00,625.1877441,1.0,0,0.40673378109931946,0,0.7
2013-07-02 00:00:00,178.4085541,1.0,0,0.4291924238204956,0,0.7
2013-07-02 01:00:00,161.36586,1.0,0,0.46810534596443176,0,0.7
2013-07-02 02:00:00,176.7318268,1.0,0,0.49514156579971313,0,0.7
2013-07-02 03:00:00,162.5633545,1.0,0,0.5233486294746399,0,0.7
2013-07-02 04:00:00,172.0972748,1.0,0,0.5166544914245605,0,0.7
2013-07-02 05:00:00,173.8760681,1.0,0,0.5151662826538086,0,0.7
2013-07-02 06:00:00,289.1065674,82.588,0,0.4741908311843872,0,0.7
2013-07-02 07:00:00,371.9547119,57.32738,0,0.5169375538825989,0,0.7
2013-07-02 08:00:00,251.7294922,1.0,0,0.4803551733493805,0,0.7
2013-07-02 09:00:00,233.3781891,1.0,0,0.5068807601928711,0,0.7
2013-07-02 10:00:00,290.2069702,121.67129,0,0.46733495593070984,0,0.7
2013-07-02 11:00:00,195.7855988,1.0,0,0.46590563654899597,0,0.7
2013-07-02 12:00:00,443.0567017,1.0,0,0.43860357999801636,0,0.7
2013-07-02 13:00:00,204.8344879,1.0,0,0.500087559223175,0,0.7
2013-07-02 14:00:00,178.6712341,1.0,0,0.5127571225166321,0,0.7
2013-07-02 15:00:00,383.0189514,108.71744,0,0.5184648036956787,0,0.7
2013-07-02 16:00:00,305.4075928,1.0,0,0.5546718239784241,0,0.7
2013-07-02 17:00:00,371.8461609,1.006,0,0.6007221341133118,0,0.7
2013-07-02 18:00:00,522.2214355,1.0,0,0.6320855617523193,0,0.7
2013-07-02 19:00:00,553.918396,1.0,0,0.6761795282363892,0,0.7
2013-07-02 20:00:00,577.996582,1.0,0,0.711122453212738,1,0.7
2013-07-02 21:00:00,423.7315063,1.0,0,0.7172181606292725,1,0.7
2013-07-02 22:00:00,236.6907196,1.0,0,0.6600421667098999,0,0.7
2013-07-02 23:00:00,191.4089355,1.0,0,0.675548255443573,0,0.7
2013-07-03 00:00:00,228.2657623,1.0,0,0.614921510219574,0,0.7
2013-07-03 01:00:00,188.8344727,1.0,0,0.6099990010261536,0,0.7
2013-07-03 02:00:00,166.040741,1.0,0,0.5777777433395386,0,0.7
2013-07-03 03:00:00,189.2091827,1.0040323,0,0.5865880250930786,0,0.7
2013-07-03 04:00:00,165.4974365,1.0160966,0,0.5118981003761292,0,0.7
2013-07-03 05:00:00,199.1547546,1.0,0,0.5292450189590454,0,0.7
2013-07-03 06:00:00,546.6923218,174.25652,0,0.45194709300994873,0,0.7
2013-07-03 07:00:00,300.1207581,1.0072072,0,0.7749457359313965,1,0.7
2013-07-03 08:00:00,332.54422,1.0,0,0.7867413759231567,1,0.7
2013-07-03 09:00:00,393.9742737,71.695274,0,0.803434431552887,1,0.7
2013-07-03 10:00:00,290.3856506,1.0,0,0.8085894584655762,1,0.7
2013-07-03 11:00:00,261.6201172,1.0,0,0.8207128643989563,1,0.7
2013-07-03 12:00:00,264.7918701,1.0035026,0,0.772484540939331,1,0.7
2013-07-03 13:00:00,266.4236755,1.0,0,0.732198178768158,1,0.7
2013-07-03 14:00:00,355.4429016,89.29877,0,0.6963876485824585,0,0.7
2013-07-03 15:00:00,541.4506226,1.0,0,0.6910999417304993,0,0.7
2013-07-03 16:00:00,313.3189697,1.0035524,0,0.7555816173553467,1,0.7
2013-07-03 17:00:00,440.7529907,1.0,0,0.7693927884101868,1,0.7
2013-07-03 18:00:00,478.6751709,1.0070796,0,0.7900823950767517,1,0.7
2013-07-03 19:00:00,641.6224365,1.007326,0,0.8051295876502991,1,0.7
2013-07-03 20:00:00,436.4417725,1.0,0,0.778689980506897,1,0.7
2013-07-03 21:00:00,373.1322021,1.0,0,0.7198199033737183,1,0.7
2013-07-03 22:00:00,604.425354,1.0,0,0.6582436561584473,0,0.7
2013-07-03 23:00:00,735.2322388,1.0,0,0.6549855470657349,0,0.7
2013-07-04 00:00:00,167.1942139,1.0,0,0.5945421457290649,0,0.7
2013-07-04 01:00:00,184.7962646,1.0,0,0.6247949600219727,0,0.7
2013-07-04 02:00:00,166.3986511,1.0,0,0.5999109745025635,0,0.7
2013-07-04 03:00:00,182.067688,1.0,0,0.5792056322097778,0,0.7
2013-07-04 04:00:00,172.5540314,1.0,0,0.5539084672927856,0,0.7
2013-07-04 05:00:00,234.5135193,1.0,0,0.5499018430709839,0,0.7
2013-07-04 06:00:00,974.7700806,58.570396,0,0.45889711380004883,0,0.7
2013-07-04 07:00:00,742.7190552,59.060497,0,0.730108916759491,1,0.7
2013-07-04 08:00:00,847.7397461,1.0,0,0.7907293438911438,1,0.7
2013-07-04 09:00:00,395.5549927,1.0,0,0.8546005487442017,1,0.7
2013-07-04 10:00:00,193.998291,1.0,0,0.8463091850280762,1,0.7
2013-07-04 11:00:00,219.0612183,1.0,0,0.8702457547187805,1,0.7
2013-07-04 12:00:00,309.504303,1.0,0,0.868137538433075,1,0.7
2013-07-04 13:00:00,215.2089081,1.0039761,0,0.8776177167892456,1,0.7
2013-07-04 14:00:00,251.4364319,1.007984,0,0.8618848323822021,1,0.7
2013-07-04 15:00:00,250.6355743,1.0,0,0.8759700655937195,1,0.7
2013-07-04 16:00:00,359.116333,1.0,0,0.8418196439743042,1,0.7
2013-07-04 17:00:00,384.6648865,97.004074,0,0.8672260642051697,1,0.7
2013-07-04 18:00:00,400.6217651,1.0,0,0.8511133790016174,1,0.7
2013-07-04 19:00:00,446.6411133,65.88623,0,0.8883922696113586,1,0.7
2013-07-04 20:00:00,382.8598633,1.0079051,0,0.8542569279670715,1,0.7
2013-07-04 21:00:00,236.4758606,1.0039761,0,0.863466203212738,1,0.7
2013-07-04 22:00:00,183.0412445,1.0039761,0,0.8201095461845398,1,0.7
2013-07-04 23:00:00,308.0601501,1.006,0,0.8230121731758118,1,0.7
2013-07-05 00:00:00,182.2973938,1.0,0,0.6110609173774719,0,0.7
2013-07-05 01:00:00,183.8318939,1.0,0,0.632743775844574,0,0.7
2013-07-05 02:00:00,184.1735382,1.0121212,0,0.5319142937660217,0,0.7
2013-07-05 03:00:00,171.5787659,1.0,0,0.5322627425193787,0,0.7
2013-07-05 04:00:00,186.4931488,1.0040241,0,0.3237541913986206,0,0.7
2013-07-05 05:00:00,178.1749573,1.008016,0,0.3018779456615448,0,0.7
2013-07-05 06:00:00,192.8537445,1.0,0,0.28855374455451965,0,0.7
2013-07-05 07:00:00,331.5570984,134.82411,0,0.28452491760253906,0,0.7
2013-07-05 08:00:00,263.9434814,1.0039761,0,0.2766681909561157,0,0.7
2013-07-05 09:00:00,205.28125,1.0079365,0,0.23719823360443115,0,0.7
2013-07-05 10:00:00,251.2935181,1.004,0,0.2203642874956131,0,0.7
2013-07-05 11:00:00,227.3321838,1.0080483,0,0.1619420349597931,0,0.7
2013-07-05 12:00:00,207.8399353,1.0,0,0.13968400657176971,0,0.7
2013-07-05 13:00:00,213.3816071,1.0,0,0.12071535736322403,0,0.7
2013-07-05 14:00:00,202.8236237,1.0,0,0.11707959324121475,0,0.7
2013-07-05 15:00:00,373.495636,98.03327,0,0.09723987430334091,0,0.7
2013-07-05 16:00:00,305.380127,73.29878,0,0.12923242151737213,0,0.7
2013-07-05 17:00:00,386.5595703,71.541176,0,0.1330341100692749,0,0.7
2013-07-05 18:00:00,586.1784058,77.46085,0,0.20168444514274597,0,0.7
2013-07-05 19:00:00,541.7800293,1.0,0,0.22092893719673157,0,0.7
2013-07-05 20:00:00,527.5112915,1.0,0,0.26603731513023376,0,0.7
2013-07-05 21:00:00,475.3282471,1.0,0,0.22335048019886017,0,0.7
2013-07-05 22:00:00,737.4295654,1.0,0,0.2599245607852936,0,0.7
2013-07-05 23:00:00,618.5518799,1.0,0,0.23027262091636658,0,0.7
2013-07-06 00:00:00,428.7167358,1.004016,0,0.22195294499397278,0,0.7
2013-07-06 01:00:00,205.9659271,1.0,0,0.21865954995155334,0,0.7
2013-07-06 02:00:00,209.8057861,1.0,0,0.28539904952049255,0,0.7
2013-07-06 03:00:00,171.2810364,1.0,0,0.25302615761756897,0,0.7
2013-07-06 04:00:00,188.1800995,1.0,0,0.26888930797576904,0,0.7
2013-07-06 05:00:00,174.6626434,1.0,0,0.30638155341148376,0,0.7
2013-07-06 06:00:00,186.2310333,1.0,0,0.3887067437171936,0,0.7
2013-07-06 07:00:00,183.0938568,1.0,0,0.3781096041202545,0,0.7
2013-07-06 08:00:00,469.8826599,70.02554,0,0.3636307120323181,0,0.7
2013-07-06 09:00:00,751.5385742,0.977193,0,0.6167211532592773,0,0.7
2013-07-06 10:00:00,430.8850708,1.0035461,0,0.7803704142570496,1,0.7
2013-07-06 11:00:00,281.8986511,1.0,0,0.7963178753852844,1,0.7
2013-07-06 12:00:00,270.2605896,1.0,0,0.784908652305603,1,0.7
2013-07-06 13:00:00,559.2861938,115.84991,0,0.7827020883560181,1,0.7
2013-07-06 14:00:00,742.5479736,1.0078431,0,0.8136252760887146,1,0.7
2013-07-06 15:00:00,250.6526184,1.0,0,0.783272922039032,1,0.7
2013-07-06 16:00:00,246.3598022,1.0,0,0.7855907082557678,1,0.7
2013-07-06 17:00:00,181.4013519,1.0,0,0.8241502642631531,1,0.7
2013-07-06 18:00:00,224.2393951,1.0,0,0.8642395734786987,1,0.7
2013-07-06 19:00:00,407.0708313,1.0,0,0.8569585084915161,1,0.7
2013-07-06 20:00:00,376.4060974,1.0,0,0.8436293601989746,1,0.7
2013-07-06 21:00:00,197.7618256,1.0,0,0.8580554127693176,1,0.7
2013-07-06 22:00:00,190.6243591,1.0,0,0.8884239792823792,1,0.7
2013-07-06 23:00:00,173.221283,1.0,0,0.8634864687919617,1,0.7
2013-07-07 00:00:00,188.2284241,1.0,0,0.7992390990257263,1,0.7
2013-07-07 01:00:00,183.3372955,1.0,0,0.730481743812561,1,0.7
2013-07-07 02:00:00,189.3016968,1.0,0,0.7320482730865479,1,0.7
2013-07-07 03:00:00,169.5644073,1.0,0,0.6731042861938477,0,0.7
2013-07-07 04:00:00,181.3588409,1.0,0,0.5982117056846619,0,0.7
2013-07-07 05:00:00,187.795578,1.0,0,0.5073555707931519,0,0.7
2013-07-07 06:00:00,214.0940247,15.150602,0,0.42529794573783875,0,0.7
2013-07-07 07:00:00,305.0466309,128.33836,0,0.36149871349334717,0,0.7
2013-07-07 08:00:00,258.288208,1.0,0,0.3237901031970978,0,0.7
2013-07-07 09:00:00,198.7983093,1.0,0,0.2835403382778168,0,0.7
2013-07-07 10:00:00,277.3667297,78.53112,0,0.23815606534481049,0,0.7
2013-07-07 11:00:00,204.5919037,1.0041494,0,0.18637210130691528,0,0.7
2013-07-07 12:00:00,272.2084656,1.0,0,0.1813707798719406,0,0.7
2013-07-07 13:00:00,210.9106293,1.0080972,0,0.13152870535850525,0,0.7
2013-07-07 14:00:00,201.7891998,1.0,0,0.1275733858346939,0,0.7
2013-07-07 15:00:00,195.3720551,1.0120724,0,0.07627846300601959,0,0.7
2013-07-07 16:00:00,251.6897125,1.0,0,0.07315488904714584,0,0.7
2013-07-07 17:00:00,370.6986389,3.4616978,0,0.0637035146355629,0,0.7
2013-07-07 18:00:00,263.7356873,0.29183674,0,0.08347069472074509,0,0.7
2013-07-07 19:00:00,391.4136658,1.0020283,0,0.08291949331760406,0,0.7
2013-07-07 20:00:00,405.5008545,1.0,0,0.10395461320877075,0,0.7
2013-07-07 21:00:00,418.2922363,1.0,0,0.13515961170196533,0,0.7
2013-07-07 22:00:00,335.3627014,1.0,0,0.1626100242137909,0,0.7
2013-07-07 23:00:00,231.0557404,1.0,0,0.1728774458169937,0,0.7
2013-07-08 00:00:00,214.815567,1.0,0,0.16949087381362915,0,0.7
2013-07-08 01:00:00,161.1520233,1.0,0,0.1836702674627304,0,0.7
2013-07-08 02:00:00,170.8426361,1.0,0,0.18039283156394958,0,0.7
2013-07-08 03:00:00,177.2842712,1.0,0,0.17217528820037842,0,0.7
2013-07-08 04:00:00,169.5050812,1.0,0,0.1480320245027542,0,0.7
2013-07-08 05:00:00,168.7225037,1.0,0,0.18614895641803741,0,0.7
2013-07-08 06:00:00,170.893219,1.0,0,0.1880979686975479,0,0.7
2013-07-08 07:00:00,227.0170593,66.293175,0,0.19617190957069397,0,0.7
2013-07-08 08:00:00,737.2767334,1.0039604,0,0.16760511696338654,0,0.7
2013-07-08 09:00:00,451.6197815,1.004008,0,0.5763353109359741,0,0.7
2013-07-08 10:00:00,204.9526978,1.0,0,0.6571166515350342,0,0.7
2013-07-08 11:00:00,229.8800659,1.0041152,0,0.6928116083145142,0,0.7
2013-07-08 12:00:00,287.0440674,1.0,0,0.7059336304664612,1,0.7
2013-07-08 13:00:00,599.666687,1.0038023,0,0.7491217851638794,1,0.7
2013-07-08 14:00:00,606.0125122,1.0,0,0.7532950639724731,1,0.7
2013-07-08 15:00:00,229.5269318,1.0,0,0.7413725256919861,1,0.7
2013-07-08 16:00:00,289.3164368,1.0040816,0,0.7547339797019958,1,0.7
2013-07-08 17:00:00,771.2885132,1.0080645,0,0.8130922913551331,1,0.7
2013-07-08 18:00:00,727.2667847,1.0,0,0.8399627208709717,1,0.7
2013-07-08 19:00:00,177.8667755,1.0040733,0,0.8377036452293396,1,0.7
2013-07-08 20:00:00,233.0336761,1.0,0,0.8677646517753601,1,0.7
2013-07-08 21:00:00,207.0742035,1.0,0,0.8972553014755249,1,0.7
2013-07-08 22:00:00,188.698822,1.0,0,0.9016388058662415,1,0.7
2013-07-08 23:00:00,171.6300659,1.0,0,0.903090238571167,1,0.7
2013-07-09 00:00:00,167.5762787,1.004016,0,0.893427312374115,1,0.7
2013-07-09 01:00:00,170.8395233,1.0040816,0,0.9125345945358276,1,0.7
2013-07-09 02:00:00,181.7225037,1.0,0,0.9145848751068115,1,0.7
2013-07-09 03:00:00,194.3181,1.0040241,0,0.899118185043335,1,0.7
2013-07-09 04:00:00,167.1032104,1.0,0,0.8501598834991455,1,0.7
2013-07-09 05:00:00,161.4694977,1.0,0,0.8172913789749146,1,0.7
2013-07-09 06:00:00,169.4719849,1.0,0,0.7476436495780945,1,0.7
2013-07-09 07:00:00,176.4966125,1.0,0,0.6336371898651123,0,0.7
2013-07-09 08:00:00,175.4145508,1.0,0,0.523305356502533,0,0.7
2013-07-09 09:00:00,201.9272461,1.0041068,0,0.41765695810317993,0,0.7
2013-07-09 10:00:00,202.7428131,1.0,0,0.33543330430984497,0,0.7
2013-07-09 11:00:00,193.1891937,1.0,0,0.27902644872665405,0,0.7
2013-07-09 12:00:00,193.2538147,1.0,0,0.20352639257907867,0,0.7
2013-07-09 13:00:00,192.1015167,1.0,0,0.1831989735364914,0,0.7
2013-07-09 14:00:00,176.1283722,1.0,0,0.14340011775493622,0,0.7
2013-07-09 15:00:00,157.5827637,1.004065,0,0.09235910326242447,0,0.7
2013-07-09 16:00:00,168.216217,1.0,0,0.0767400935292244,0,0.7
2013-07-09 17:00:00,207.8969574,1.0041152,0,0.0562237948179245,0,0.7
2013-07-09 18:00:00,198.2246552,1.0,0,0.04225573316216469,0,0.7
2013-07-09 19:00:00,169.5126495,1.0040984,0,0.028494466096162796,0,0.7
2013-07-09 20:00:00,223.7668915,1.0,0,0.031021319329738617,0,0.7
2013-07-09 21:00:00,175.9526978,1.0040984,0,0.02929762378334999,0,0.7
2013-07-09 22:00:00,170.7901917,1.0,0,0.030472461134195328,0,0.7
2013-07-09 23:00:00,162.419632,1.0,0,0.029049506410956383,0,0.7
2013-07-10 00:00:00,165.8612518,1.0,0,0.02907288260757923,0,0.7
2013-07-10 01:00:00,176.4873047,1.0,0,0.02894396334886551,0,0.7
2013-07-10 02:00:00,156.6084747,1.01,0,0.028812220320105553,0,0.7
2013-07-10 03:00:00,170.5229187,1.0,0,0.030869396403431892,0,0.7
2013-07-10 04:00:00,167.7397308,1.0,0,0.028812143951654434,0,0.7
2013-07-10 05:00:00,164.9075317,1.0,0,0.029152074828743935,0,0.7
2013-07-10 06:00:00,162.8865967,1.0,0,0.029728205874562263,0,0.7
2013-07-10 07:00:00,171.5697327,1.001996,0,0.02929999865591526,0,0.7
2013-07-10 08:00:00,219.6220398,1.0040323,0,0.029428064823150635,0,0.7
2013-07-10 09:00:00,200.7745819,1.0,0,0.03031202219426632,0,0.7
2013-07-10 10:00:00,200.7512665,1.0040241,0,0.031073298305273056,0,0.7
2013-07-10 11:00:00,206.1590576,1.0,0,0.03175237774848938,0,0.7
2013-07-10 12:00:00,174.1993256,1.0,0,0.029113933444023132,0,0.7
2013-07-10 13:00:00,172.0625,1.0,0,0.030010471120476723,0,0.7
2013-07-10 14:00:00,177.6993256,1.0,0,0.028131749480962753,0,0.7
2013-07-10 15:00:00,166.158783,1.0081136,0,0.027819499373435974,0,0.7
2013-07-10 16:00:00,167.5743256,1.0,0,0.02768249623477459,0,0.7
2013-07-10 17:00:00,173.7614288,1.0,0,0.028645306825637817,0,0.7
2013-07-10 18:00:00,179.4653168,1.0,0,0.02824489213526249,0,0.7
2013-07-10 19:00:00,162.8711853,1.0,0,0.029406100511550903,0,0.7
2013-07-10 20:00:00,229.59729,1.0,0,0.030294787138700485,0,0.7
2013-07-10 21:00:00,199.5888367,1.0,0,0.030847828835248947,0,0.7
2013-07-10 22:00:00,164.7252502,1.0,0,0.030463479459285736,0,0.7
2013-07-10 23:00:00,211.0836182,1.0,0,0.032466474920511246,0,0.7
2013-07-11 00:00:00,171.4554749,1.0,0,0.029481863602995872,0,0.7
2013-07-11 01:00:00,167.6506805,1.0,0,0.0332072414457798,0,0.7
2013-07-11 02:00:00,162.6638184,1.0,0,0.03018498793244362,0,0.7
2013-07-11 03:00:00,164.8739166,1.0,0,0.029684916138648987,0,0.7
2013-07-11 04:00:00,170.5501709,1.0,0,0.028842993080615997,0,0.7
2013-07-11 05:00:00,157.9485474,1.0,0,0.029759779572486877,0,0.7
2013-07-11 06:00:00,164.4055023,1.0,0,0.029968077316880226,0,0.7
2013-07-11 07:00:00,174.1245728,1.004,0,0.029848681762814522,0,0.7
2013-07-11 08:00:00,162.3876495,1.0,0,0.030751235783100128,0,0.7
2013-07-11 09:00:00,189.7426605,1.0,0,0.03100603260099888,0,0.7
2013-07-11 10:00:00,202.9671783,1.0,0,0.029665997251868248,0,0.7
2013-07-11 11:00:00,184.4146729,1.004016,0,0.030793489888310432,0,0.7
2013-07-11 12:00:00,181.0555573,1.0079051,0,0.029450485482811928,0,0.7
2013-07-11 13:00:00,173.4673615,1.0,0,0.02931097522377968,0,0.7
2013-07-11 14:00:00,210.1135559,1.0,0,0.028982769697904587,0,0.7
2013-07-11 15:00:00,168.3005066,1.0,0,0.027415307238698006,0,0.7
2013-07-11 16:00:00,171.8571472,1.0,0,0.028098460286855698,0,0.7
2013-07-11 17:00:00,158.1158447,1.0,0,0.028751278296113014,0,0.7
2013-07-11 18:00:00,200.4129639,1.003937,0,0.028044123202562332,0,0.7
2013-07-11 19:00:00,183.9188232,1.0,0,0.02872413769364357,0,0.7
2013-07-11 20:00:00,152.9172363,1.0,0,0.02996191754937172,0,0.7
2013-07-11 21:00:00,168.6788788,1.0,0,0.030760204419493675,0,0.7
2013-07-11 22:00:00,204.5962219,1.0,0,0.02822338603436947,0,0.7
2013-07-11 23:00:00,160.7392731,1.0,0,0.030139949172735214,0,0.7
2013-07-12 00:00:00,171.590271,1.0,0,0.030112143605947495,0,0.7
2013-07-12 01:00:00,169.8419189,1.0080321,0,0.03022949956357479,0,0.7
2013-07-12 02:00:00,157.4417877,1.0,0,0.028517363592982292,0,0.7
2013-07-12 03:00:00,169.9288177,1.0,0,0.030206788331270218,0,0.7
2013-07-12 04:00:00,172.7825317,1.0,0,0.027778418734669685,0,0.7
2013-07-12 05:00:00,206.9625854,1.0,0,0.029725294560194016,0,0.7
2013-07-12 06:00:00,166.5670624,1.0,0,0.028361329808831215,0,0.7
2013-07-12 07:00:00,223.1721802,1.0,0,0.030171850696206093,0,0.7
2013-07-12 08:00:00,359.1195984,99.97614,0,0.030961839482188225,0,0.7
2013-07-12 09:00:00,490.8237305,1.0,0,0.04740521311759949,0,0.7
2013-07-12 10:00:00,556.994751,1.0,0,0.09976489841938019,0,0.7
2013-07-12 11:00:00,213.2593231,1.0,0,0.1363665610551834,0,0.7
2013-07-12 12:00:00,312.7573547,131.7465,0,0.16476358473300934,0,0.7
2013-07-12 13:00:00,256.9707947,1.0,0,0.19078947603702545,0,0.7
2013-07-12 14:00:00,345.3551636,61.841896,0,0.2466437965631485,0,0.7
2013-07-12 15:00:00,206.7745209,1.0,0,0.24282605946063995,0,0.7
2013-07-12 16:00:00,766.5298462,75.77137,0,0.25179919600486755,0,0.7
2013-07-12 17:00:00,423.7548218,1.0117878,0,0.33388906717300415,0,0.7
2013-07-12 18:00:00,442.227356,1.0039682,0,0.49046728014945984,0,0.7
2013-07-12 19:00:00,443.1592407,1.0,0,0.5494937300682068,0,0.7
2013-07-12 20:00:00,433.498291,1.0,0,0.5372036695480347,0,0.7
2013-07-12 21:00:00,406.6626587,1.0,0,0.5537207722663879,0,0.7
2013-07-12 22:00:00,180.910965,1.0039682,0,0.6051179766654968,0,0.7
2013-07-12 23:00:00,173.9571228,1.0,0,0.6665178537368774,0,0.7
2013-07-13 00:00:00,172.8500824,1.0,0,0.6384384632110596,0,0.7
2013-07-13 01:00:00,180.4488678,1.0039841,0,0.6857312917709351,0,0.7
2013-07-13 02:00:00,168.6051331,1.0,0,0.6618347764015198,0,0.7
2013-07-13 03:00:00,171.305603,1.0080645,0,0.6494920253753662,0,0.7
2013-07-13 04:00:00,171.743103,1.0,0,0.5815644264221191,0,0.7
2013-07-13 05:00:00,178.7283478,1.0,0,0.5372393131256104,0,0.7
2013-07-13 06:00:00,162.9309082,1.0,0,0.4756908714771271,0,0.7
2013-07-13 07:00:00,173.1572723,1.0,0,0.43638673424720764,0,0.7
2013-07-13 08:00:00,499.4850464,101.83499,0,0.34372302889823914,0,0.7
2013-07-13 09:00:00,197.1592407,1.003992,0,0.6727901101112366,0,0.7
2013-07-13 10:00:00,352.0383301,1.00409,0,0.7064060568809509,1,0.7
2013-07-13 11:00:00,306.7086792,1.0,0,0.7515347599983215,1,0.7
2013-07-13 12:00:00,391.3989868,68.73045,0,0.7509644627571106,1,0.7
2013-07-13 13:00:00,394.0151367,1.0,0,0.7774525284767151,1,0.7
2013-07-13 14:00:00,206.5757599,1.0100402,0,0.7503721117973328,1,0.7
2013-07-13 15:00:00,192.1010132,1.0,0,0.7334269881248474,1,0.7
2013-07-13 16:00:00,453.4679565,158.389,0,0.7031632661819458,1,0.7
2013-07-13 17:00:00,381.5641785,1.0020534,0,0.7176111340522766,1,0.7
2013-07-13 18:00:00,300.6050415,1.0,0,0.7398233413696289,1,0.7
2013-07-13 19:00:00,429.7852478,1.0082304,0,0.7225965857505798,1,0.7
2013-07-13 20:00:00,400.8840332,1.0,0,0.763163685798645,1,0.7
2013-07-13 21:00:00,367.2600708,1.0,0,0.7530088424682617,1,0.7
2013-07-13 22:00:00,242.1632996,1.0,0,0.7588518261909485,1,0.7
2013-07-13 23:00:00,224.0470581,1.0,0,0.7531682252883911,1,0.7
2013-07-14 00:00:00,227.4898987,1.0,0,0.7496145367622375,1,0.7
2013-07-14 01:00:00,213.4620514,1.0,0,0.7577791810035706,1,0.7
2013-07-14 02:00:00,181.6345215,1.0,0,0.7322112917900085,1,0.7
2013-07-14 03:00:00,169.4097748,1.0,0,0.6438313722610474,0,0.7
2013-07-14 04:00:00,174.7116394,1.0,0,0.5757871866226196,0,0.7
2013-07-14 05:00:00,179.514389,1.0,0,0.4991544783115387,0,0.7
2013-07-14 06:00:00,174.3423309,1.0082644,0,0.41928112506866455,0,0.7
2013-07-14 07:00:00,311.5188904,98.3134,0,0.33090439438819885,0,0.7
2013-07-14 08:00:00,310.0441284,1.0083333,0,0.31660720705986023,0,0.7
2013-07-14 09:00:00,235.5851593,1.0,0,0.2651735246181488,0,0.7
2013-07-14 10:00:00,220.5731049,1.0082644,0,0.2550910711288452,0,0.7
2013-07-14 11:00:00,329.5255127,121.765305,0,0.225089892745018,0,0.7
2013-07-14 12:00:00,894.4285889,51.708,0,0.23548705875873566,0,0.7
2013-07-14 13:00:00,1946.189575,1.004016,0,0.44972676038742065,0,0.7
2013-07-14 14:00:00,402.5979309,1.0,0,0.4878444969654083,0,0.7
2013-07-14 15:00:00,209.0956421,1.0,0,0.4574216604232788,0,0.7
2013-07-14 16:00:00,399.5059814,1.0120724,0,0.5549513101577759,0,0.7
2013-07-14 17:00:00,376.224884,1.0,0,0.49686503410339355,0,0.7
2013-07-14 18:00:00,442.5826111,1.0,0,0.5379500389099121,0,0.7
2013-07-14 19:00:00,388.3815002,1.0020618,0,0.4019206166267395,0,0.7
2013-07-14 20:00:00,386.6409302,1.0,0,0.3371378183364868,0,0.7
2013-07-14 21:00:00,246.2588196,1.0,0,0.1828334629535675,0,0.7
2013-07-14 22:00:00,188.0639801,1.0,0,0.17936880886554718,0,0.7
2013-07-14 23:00:00,186.7478943,1.0,0,0.12415700405836105,0,0.7
2013-07-15 00:00:00,190.8739471,1.0,0,0.17245891690254211,0,0.7
2013-07-15 01:00:00,199.6114807,1.0,0,0.12499026954174042,0,0.7
2013-07-15 02:00:00,188.5008392,1.0,0,0.13504569232463837,0,0.7
2013-07-15 03:00:00,172.1313171,1.0040241,0,0.129701629281044,0,0.7
2013-07-15 04:00:00,172.9343414,1.0,0,0.20991072058677673,0,0.7
2013-07-15 05:00:00,186.2074127,1.0,0,0.14073452353477478,0,0.7
2013-07-15 06:00:00,408.2260742,77.18201,0,0.1185106635093689,0,0.7
2013-07-15 07:00:00,205.4418182,1.0,0,0.19543348252773285,0,0.7
2013-07-15 08:00:00,221.0910645,1.0,0,0.33532094955444336,0,0.7
2013-07-15 09:00:00,207.8077545,1.0,0,0.23946884274482727,0,0.7
2013-07-15 10:00:00,220.6100769,1.0,0,0.16389110684394836,0,0.7
2013-07-15 11:00:00,219.3445435,1.0,0,0.1467932015657425,0,0.7
2013-07-15 12:00:00,228.8905792,1.0,0,0.1425866335630417,0,0.7
2013-07-15 13:00:00,209.3993225,1.0,0,0.09329959750175476,0,0.7
2013-07-15 14:00:00,214.063858,1.0,0,0.20536302030086517,0,0.7
2013-07-15 15:00:00,190.2739563,1.0,0,0.17105290293693542,0,0.7
2013-07-15 16:00:00,193.647644,1.0,0,0.15807171165943146,0,0.7
2013-07-15 17:00:00,268.3459473,0.99483204,0,0.1294335424900055,0,0.7
2013-07-15 18:00:00,404.5778503,137.50917,0,0.13151074945926666,0,0.7
2013-07-15 19:00:00,462.1686401,1.0,0,0.17394942045211792,0,0.7
2013-07-15 20:00:00,446.1632996,1.0,0,0.23087850213050842,0,0.7
2013-07-15 21:00:00,337.5764771,1.0,0,0.23901638388633728,0,0.7
2013-07-15 22:00:00,231.8036957,1.0,0,0.29023560881614685,0,0.7
2013-07-15 23:00:00,202.1174469,1.0,0,0.27509671449661255,0,0.7
2013-07-16 00:00:00,239.5514374,1.0,0,0.2770618498325348,0,0.7
2013-07-16 01:00:00,216.3260498,1.0,0,0.2140323370695114,0,0.7
2013-07-16 02:00:00,201.616806,1.003992,0,0.2205539494752884,0,0.7
2013-07-16 03:00:00,202.4637451,1.0,0,0.17522063851356506,0,0.7
2013-07-16 04:00:00,193.125,1.0,0,0.17683932185173035,0,0.7
2013-07-16 05:00:00,198.6425018,1.0,0,0.14065034687519073,0,0.7
2013-07-16 06:00:00,434.3232727,122.91428,0,0.14671191573143005,0,0.7
2013-07-16 07:00:00,871.1428833,1.0141343,0,0.25127553939819336,0,0.7
2013-07-16 08:00:00,1117.954346,1.0,0,0.5117005109786987,0,0.7
2013-07-16 09:00:00,494.5317383,1.0,0,0.5308391451835632,0,0.7
2013-07-16 10:00:00,628.2327881,9.186736,0,0.5933140516281128,0,0.7
2013-07-16 11:00:00,353.5323181,1.0,0,0.5737377405166626,0,0.7
2013-07-16 12:00:00,979.6733398,1.0035026,0,0.5665740370750427,0,0.7
2013-07-16 13:00:00,455.9516296,1.0,0,0.4378734230995178,0,0.7
2013-07-16 14:00:00,409.4292908,1.0,0,0.4226768910884857,0,0.7
2013-07-16 15:00:00,487.8310242,98.93924,0,0.318479061126709,0,0.7
2013-07-16 16:00:00,695.1411133,38.17926,0,0.4185938239097595,0,0.7
2013-07-16 17:00:00,255.1491547,1.0,0,0.2622818052768707,0,0.7
2013-07-16 18:00:00,545.9822388,1.0035461,0,0.34424567222595215,0,0.7
2013-07-16 19:00:00,421.1362915,1.0035273,0,0.2567024827003479,0,0.7
2013-07-16 20:00:00,438.6661072,1.0,0,0.39916756749153137,0,0.7
2013-07-16 21:00:00,385.794281,1.0,0,0.23835156857967377,0,0.7
2013-07-16 22:00:00,250.6717224,1.0,0,0.3001687824726105,0,0.7
2013-07-16 23:00:00,253.7878723,1.0,0,0.1498142033815384,0,0.7
2013-07-17 00:00:00,229.4983215,1.0,0,0.2742193341255188,0,0.7
2013-07-17 01:00:00,235.9109192,1.0,0,0.1782766431570053,0,0.7
2013-07-17 02:00:00,277.4899292,1.0079681,0,0.2217976152896881,0,0.7
2013-07-17 03:00:00,268.4655457,1.0,0,0.09996657818555832,0,0.7
2013-07-17 04:00:00,227.2289581,1.0,0,0.1651766449213028,0,0.7
2013-07-17 05:00:00,242.8067169,1.0,0,0.09800811856985092,0,0.7
2013-07-17 06:00:00,461.0210571,87.97585,0,0.11686146259307861,0,0.7
2013-07-17 07:00:00,284.1203308,1.0,0,0.1478622555732727,0,0.7
2013-07-17 08:00:00,278.6252136,1.0082816,0,0.24924282729625702,0,0.7
2013-07-17 09:00:00,271.8302612,1.0,0,0.23512502014636993,0,0.7
2013-07-17 10:00:00,271.8585815,1.0041152,0,0.25647300481796265,0,0.7
2013-07-17 11:00:00,272.7892151,1.0,0,0.21983225643634796,0,0.7
2013-07-17 12:00:00,284.2994995,1.0,0,0.219107523560524,0,0.7
2013-07-17 13:00:00,263.6078186,1.0,0,0.2019900530576706,0,0.7
2013-07-17 14:00:00,269.4135742,1.0,0,0.2499978244304657,0,0.7
2013-07-17 15:00:00,328.9386597,1.0,0,0.23046040534973145,0,0.7
2013-07-17 16:00:00,638.748291,88.51386,0,0.24032793939113617,0,0.7
2013-07-17 17:00:00,342.0306702,1.0,0,0.3620730936527252,0,0.7
2013-07-17 18:00:00,1041.30127,81.522606,0,0.4332588016986847,0,0.7
2013-07-17 19:00:00,581.4741211,1.0035971,0,0.3911438286304474,0,0.7
2013-07-17 20:00:00,466.7796631,1.0073665,0,0.4478900730609894,0,0.7
2013-07-17 21:00:00,429.5979614,1.0,0,0.36910051107406616,0,0.7
2013-07-17 22:00:00,605.0762939,1.0,0,0.33721351623535156,0,0.7
2013-07-17 23:00:00,770.8453369,1.0041237,0,0.2997131049633026,0,0.7
2013-07-18 00:00:00,250.9395905,1.0,0,0.27127209305763245,0,0.7
2013-07-18 01:00:00,225.4730682,1.0,0,0.276070237159729,0,0.7
2013-07-18 02:00:00,242.7983246,1.0,0,0.3284200429916382,0,0.7
2013-07-18 03:00:00,235.8131256,1.0040323,0,0.3383602499961853,0,0.7
2013-07-18 04:00:00,243.1414185,1.0,0,0.29229027032852173,0,0.7
2013-07-18 05:00:00,221.289566,1.0,0,0.2754977345466614,0,0.7
2013-07-18 06:00:00,453.4858704,109.8629,0,0.26538795232772827,0,0.7
2013-07-18 07:00:00,193.8817596,1.0082135,0,0.3762258291244507,0,0.7
2013-07-18 08:00:00,253.4451904,1.0,0,0.42857247591018677,0,0.7
2013-07-18 09:00:00,235.6403351,1.0,0,0.5797414183616638,0,0.7
2013-07-18 10:00:00,208.0571442,1.0035651,0,0.5709541440010071,0,0.7
2013-07-18 11:00:00,203.6083984,1.0,0,0.5778337717056274,0,0.7
2013-07-18 12:00:00,188.5117798,1.0,0,0.5151709914207458,0,0.7
2013-07-18 13:00:00,203.567337,1.0,0,0.527327299118042,0,0.7
2013-07-18 14:00:00,218.8218536,1.0,0,0.49996376037597656,0,0.7
2013-07-18 15:00:00,191.4141388,1.0,0,0.42860671877861023,0,0.7
2013-07-18 16:00:00,199.4528656,1.0,0,0.3567531406879425,0,0.7
2013-07-18 17:00:00,208.6447754,1.0,0,0.36332327127456665,0,0.7
2013-07-18 18:00:00,216.4545441,1.0,0,0.2966611981391907,0,0.7
2013-07-18 19:00:00,166.3020172,1.0,0,0.2310960292816162,0,0.7
2013-07-18 20:00:00,181.3265991,1.0035524,0,0.2058803290128708,0,0.7
2013-07-18 21:00:00,213.7969818,1.0035524,0,0.16463863849639893,0,0.7
2013-07-18 22:00:00,227.5414581,1.0,0,0.15124787390232086,0,0.7
2013-07-18 23:00:00,283.331665,1.0072333,0,0.11516711115837097,0,0.7
2013-07-19 00:00:00,240.3653259,1.0,0,0.08598169684410095,0,0.7
2013-07-19 01:00:00,172.4047241,1.0,0,0.07283484190702438,0,0.7
2013-07-19 02:00:00,153.4941101,1.0,0,0.0704287737607956,0,0.7
2013-07-19 03:00:00,178.2478943,1.007435,0,0.05232149735093117,0,0.7
2013-07-19 04:00:00,179.5598602,1.0037453,0,0.05008365213871002,0,0.7
2013-07-19 05:00:00,172.1517639,1.0,0,0.042058952152729034,0,0.7
2013-07-19 06:00:00,176.704895,1.0018553,0,0.041063059121370316,0,0.7
2013-07-19 07:00:00,176.7740326,1.0,0,0.034880299121141434,0,0.7
2013-07-19 08:00:00,196.6947784,1.0,0,0.03975260257720947,0,0.7
2013-07-19 09:00:00,188.1092377,1.0,0,0.037164200097322464,0,0.7
2013-07-19 10:00:00,196.5841675,1.0,0,0.03743020072579384,0,0.7
2013-07-19 11:00:00,206.8588257,1.0,0,0.033710550516843796,0,0.7
2013-07-19 12:00:00,179.0722656,1.0,0,0.034746576100587845,0,0.7
2013-07-19 13:00:00,224.2352905,1.0,0,0.0338875874876976,0,0.7
2013-07-19 14:00:00,219.2621918,1.0,0,0.035852741450071335,0,0.7
2013-07-19 15:00:00,169.5419464,1.0,0,0.03322739154100418,0,0.7
2013-07-19 16:00:00,162.2151337,1.0,0,0.03606172651052475,0,0.7
2013-07-19 17:00:00,166.1711426,1.0037524,0,0.03246736153960228,0,0.7
2013-07-19 18:00:00,187.7915955,1.0018976,0,0.033193666487932205,0,0.7
2013-07-19 19:00:00,165.0487366,1.0,0,0.029872436076402664,0,0.7
2013-07-19 20:00:00,181.3865509,1.0,0,0.032420407980680466,0,0.7
2013-07-19 21:00:00,214.063858,1.0,0,0.032023508101701736,0,0.7
2013-07-19 22:00:00,174.3075562,1.0,0,0.03416033461689949,0,0.7
2013-07-19 23:00:00,173.6851807,1.0,0,0.034887682646512985,0,0.7
2013-07-20 00:00:00,169.0539703,1.0,0,0.03373701125383377,0,0.7
2013-07-20 01:00:00,172.8383789,1.0,0,0.029930638149380684,0,0.7
2013-07-20 02:00:00,154.6969757,1.0,0,0.03096718341112137,0,0.7
2013-07-20 03:00:00,172.0084381,1.0035907,0,0.02937816083431244,0,0.7
2013-07-20 04:00:00,179.5075836,1.0,0,0.03033670037984848,0,0.7
2013-07-20 05:00:00,224.9848175,1.0,0,0.029324602335691452,0,0.7
2013-07-20 06:00:00,173.1266937,1.0,0,0.031303904950618744,0,0.7
2013-07-20 07:00:00,177.7512665,1.0,0,0.030984364449977875,0,0.7
2013-07-20 08:00:00,179.9881744,1.00369,0,0.031791508197784424,0,0.7
2013-07-20 09:00:00,187.3783722,1.00369,0,0.02906576171517372,0,0.7
2013-07-20 10:00:00,168.033844,1.0,0,0.03041563183069229,0,0.7
2013-07-20 11:00:00,172.3040466,1.0,0,0.02930307574570179,0,0.7
2013-07-20 12:00:00,166.8175659,1.0018485,0,0.029219120740890503,0,0.7
2013-07-20 13:00:00,177.7571716,1.0,0,0.028834020718932152,0,0.7
2013-07-20 14:00:00,205.7111511,1.0,0,0.02915211208164692,0,0.7
2013-07-20 15:00:00,176.4198914,1.0,0,0.028675785288214684,0,0.7
2013-07-20 16:00:00,186.2495728,1.0,0,0.028722647577524185,0,0.7
2013-07-20 17:00:00,172.2842712,1.0,0,0.028767891228199005,0,0.7
2013-07-20 18:00:00,168.9325409,1.0,0,0.029001735150814056,0,0.7
2013-07-20 19:00:00,198.0489807,1.0035714,0,0.02919941581785679,0,0.7
2013-07-20 20:00:00,210.1711884,1.0,0,0.028566667810082436,0,0.7
2013-07-20 21:00:00,169.2533722,1.0,0,0.030032243579626083,0,0.7
2013-07-20 22:00:00,160.6949158,1.0,0,0.029694020748138428,0,0.7
2013-07-20 23:00:00,174.7834167,1.0,0,0.029650608077645302,0,0.7
2013-07-21 00:00:00,169.0422974,1.0037453,0,0.02803109772503376,0,0.7
2013-07-21 01:00:00,152.6683655,1.0,0,0.028541838750243187,0,0.7
2013-07-21 02:00:00,163.9016876,1.0,0,0.028190435841679573,0,0.7
2013-07-21 03:00:00,175.5668335,1.007533,0,0.028709521517157555,0,0.7
2013-07-21 04:00:00,154.6999969,1.0,0,0.029118159785866737,0,0.7
2013-07-21 05:00:00,178.7891083,1.0,0,0.03065275214612484,0,0.7
2013-07-21 06:00:00,178.3671722,1.0018761,0,0.029835468158125877,0,0.7
2013-07-21 07:00:00,162.9338989,1.0,0,0.029593797400593758,0,0.7
2013-07-21 08:00:00,168.4013672,1.0,0,0.030088746920228004,0,0.7
2013-07-21 09:00:00,167.9165192,1.0037314,0,0.027460534125566483,0,0.7
2013-07-21 10:00:00,213.0458374,1.0037243,0,0.02823537029325962,0,0.7
2013-07-21 11:00:00,207.7898254,1.0,0,0.027960235252976418,0,0.7
2013-07-21 12:00:00,191.0575256,1.0,0,0.02833007462322712,0,0.7
2013-07-21 13:00:00,190.5610199,1.0,0,0.029142990708351135,0,0.7
2013-07-21 14:00:00,190.9018555,1.0075188,0,0.028437986969947815,0,0.7
2013-07-21 15:00:00,192.4822388,1.0,0,0.027382321655750275,0,0.7
2013-07-21 16:00:00,187.3079529,1.0,0,0.027035724371671677,0,0.7
2013-07-21 17:00:00,164.9324341,1.0,0,0.02746085822582245,0,0.7
2013-07-21 18:00:00,183.8935852,1.0,0,0.027686413377523422,0,0.7
2013-07-21 19:00:00,160.1875,1.0,0,0.027659570798277855,0,0.7
2013-07-21 20:00:00,175.9644623,1.0035651,0,0.02868317998945713,0,0.7
2013-07-21 21:00:00,185.375,1.0,0,0.029188795015215874,0,0.7
2013-07-21 22:00:00,156.7461853,1.0070922,0,0.028425708413124084,0,0.7
2013-07-21 23:00:00,178.8291016,1.0,0,0.030351176857948303,0,0.7
2013-07-22 00:00:00,172.0879822,1.0036563,0,0.02920820191502571,0,0.7
2013-07-22 01:00:00,209.9356995,1.0,0,0.030056070536375046,0,0.7
2013-07-22 02:00:00,169.072876,1.0,0,0.03063981980085373,0,0.7
2013-07-22 03:00:00,177.1015167,1.0036968,0,0.031591013073921204,0,0.7
2013-07-22 04:00:00,154.9627686,1.0,0,0.031639229506254196,0,0.7
2013-07-22 05:00:00,176.1742859,1.0,0,0.03027932718396187,0,0.7
2013-07-22 06:00:00,183.5008392,1.0,0,0.02992701716721058,0,0.7
2013-07-22 07:00:00,159.2733459,1.0,0,0.028775179758667946,0,0.7
2013-07-22 08:00:00,180.2115021,1.0,0,0.030635470524430275,0,0.7
2013-07-22 09:00:00,204.6920471,1.0,0,0.0293399877846241,0,0.7
2013-07-22 10:00:00,177.5185852,1.0,0,0.03065299801528454,0,0.7
2013-07-22 11:00:00,200.2428284,1.0,0,0.03126756101846695,0,0.7
2013-07-22 12:00:00,190.9680176,1.0,0,0.03093595802783966,0,0.7
2013-07-22 13:00:00,157.9629059,1.0,0,0.029779432341456413,0,0.7
2013-07-22 14:00:00,168.2255859,1.0,0,0.03046908602118492,0,0.7
2013-07-22 15:00:00,200.4033661,1.007286,0,0.028404098004102707,0,0.7
2013-07-22 16:00:00,183.9124603,1.0035778,0,0.028879540041089058,0,0.7
2013-07-22 17:00:00,169.4755554,1.0,0,0.028246058151125908,0,0.7
2013-07-22 18:00:00,209.816803,1.0,0,0.029493816196918488,0,0.7
2013-07-22 19:00:00,184.8991547,1.0,0,0.028061769902706146,0,0.7
2013-07-22 20:00:00,221.6050415,1.0,0,0.030143754556775093,0,0.7
2013-07-22 21:00:00,242.3367004,1.0,0,0.03026282601058483,0,0.7
2013-07-22 22:00:00,216.7613373,1.0148976,0,0.03055095486342907,0,0.7
2013-07-22 23:00:00,175.8705902,1.0037594,0,0.030935965478420258,0,0.7
2013-07-23 00:00:00,186.3939362,1.0,0,0.03194163739681244,0,0.7
2013-07-23 01:00:00,203.7710419,1.0,0,0.02993164397776127,0,0.7
2013-07-23 02:00:00,174.3148193,1.0,0,0.03047986701130867,0,0.7
2013-07-23 03:00:00,155.6835022,1.0036101,0,0.029646411538124084,0,0.7
2013-07-23 04:00:00,173.8296814,1.0,0,0.03052131086587906,0,0.7
2013-07-23 05:00:00,186.8922577,1.0036697,0,0.029392583295702934,0,0.7
2013-07-23 06:00:00,202.6178436,1.0035588,0,0.03282191604375839,0,0.7
2013-07-23 07:00:00,179.8367004,1.0035524,0,0.03133203089237213,0,0.7
2013-07-23 08:00:00,175.4410706,1.0,0,0.03419744223356247,0,0.7
2013-07-23 09:00:00,192.3602753,1.0035398,0,0.03182896226644516,0,0.7
2013-07-23 10:00:00,183.2907562,1.0,0,0.03239518776535988,0,0.7
2013-07-23 11:00:00,178.8907623,1.0,0,0.03178901597857475,0,0.7
2013-07-23 12:00:00,208.2554626,1.0,0,0.032073210924863815,0,0.7
2013-07-23 13:00:00,170.6694641,1.0,0,0.029617110267281532,0,0.7
2013-07-23 14:00:00,192.6689148,1.0,0,0.0315820649266243,0,0.7
2013-07-23 15:00:00,180.4562225,1.0,0,0.03129693865776062,0,0.7
2013-07-23 16:00:00,169.7617493,1.0,0,0.030711598694324493,0,0.7
2013-07-23 17:00:00,159.2057343,1.0,0,0.030270664021372795,0,0.7
2013-07-23 18:00:00,179.3926239,1.0,0,0.03016682155430317,0,0.7
2013-07-23 19:00:00,184.3942413,1.0,0,0.029816333204507828,0,0.7
2013-07-23 20:00:00,223.3619537,1.0,0,0.03054259903728962,0,0.7
2013-07-23 21:00:00,226.4369812,1.0,0,0.03155893087387085,0,0.7
2013-07-23 22:00:00,192.7831879,1.0,0,0.03151978552341461,0,0.7
2013-07-23 23:00:00,176.3680725,1.0,0,0.031530167907476425,0,0.7
2013-07-24 00:00:00,154.7310944,1.0,0,0.030491365119814873,0,0.7
2013-07-24 01:00:00,169.7558899,1.0,0,0.029107794165611267,0,0.7
2013-07-24 02:00:00,170.0202026,1.0,0,0.027545038610696793,0,0.7
2013-07-24 03:00:00,162.6767731,1.0106195,0,0.02791154570877552,0,0.7
2013-07-24 04:00:00,172.3771057,1.0035398,0,0.028237419202923775,0,0.7
2013-07-24 05:00:00,177.625,1.0070423,0,0.028433190658688545,0,0.7
2013-07-24 06:00:00,176.1382751,1.0035336,0,0.030069496482610703,0,0.7
2013-07-24 07:00:00,166.514328,1.0,0,0.030091043561697006,0,0.7
2013-07-24 08:00:00,190.7356873,1.0072727,0,0.02880004234611988,0,0.7
2013-07-24 09:00:00,192.2276611,1.0,0,0.02824593335390091,0,0.7
2013-07-24 10:00:00,178.9090881,1.0,0,0.028125163167715073,0,0.7
2013-07-24 11:00:00,202.31987,1.0,0,0.029080919921398163,0,0.7
2013-07-24 12:00:00,237.7529449,1.0,0,0.028300264850258827,0,0.7
2013-07-24 13:00:00,195.777771,1.0,0,0.02902730368077755,0,0.7
2013-07-24 14:00:00,175.2946167,1.0,0,0.029948897659778595,0,0.7
2013-07-24 15:00:00,177.5235748,1.0036697,0,0.028761373832821846,0,0.7
2013-07-24 16:00:00,161.3226929,1.0,0,0.026643147692084312,0,0.7
2013-07-24 17:00:00,164.9915619,1.0,0,0.028505731374025345,0,0.7
2013-07-24 18:00:00,193.2332153,1.0,0,0.027372242882847786,0,0.7
2013-07-24 19:00:00,235.2285767,1.0,0,0.028641551733016968,0,0.7
2013-07-24 20:00:00,219.0050507,1.0,0,0.030040064826607704,0,0.7
2013-07-24 21:00:00,241.8787842,1.0,0,0.03263120725750923,0,0.7
2013-07-24 22:00:00,200.6285706,1.005618,0,0.03226836025714874,0,0.7
2013-07-24 23:00:00,172.3282776,1.0,0,0.03086802363395691,0,0.7
2013-07-25 00:00:00,167.292923,1.0037174,0,0.030170459300279617,0,0.7
2013-07-25 01:00:00,166.2276611,1.0,0,0.02915434166789055,0,0.7
2013-07-25 02:00:00,184.6043701,1.0,0,0.0301013495773077,0,0.7
2013-07-25 03:00:00,199.0623932,1.0,0,0.028952280059456825,0,0.7
2013-07-25 04:00:00,174.8215485,1.008881,0,0.02915066108107567,0,0.7
2013-07-25 05:00:00,169.6121368,1.0,0,0.031650278717279434,0,0.7
2013-07-25 06:00:00,179.7348022,1.0,0,0.03196669742465019,0,0.7
2013-07-25 07:00:00,182.8195648,1.0,0,0.02990484982728958,0,0.7
2013-07-25 08:00:00,166.7588501,1.0,0,0.03049275651574135,0,0.7
2013-07-25 09:00:00,179.6868744,1.0070299,0,0.03102262318134308,0,0.7
2013-07-25 10:00:00,174.6936035,1.0,0,0.030996063724160194,0,0.7
2013-07-25 11:00:00,195.8905792,1.0035149,0,0.030348848551511765,0,0.7
2013-07-25 12:00:00,187.8885193,1.0,0,0.03163135424256325,0,0.7
2013-07-25 13:00:00,195.350174,1.0,0,0.030819706618785858,0,0.7
2013-07-25 14:00:00,205.9663239,1.0,0,0.029909001663327217,0,0.7
2013-07-25 15:00:00,176.1260529,1.0,0,0.028661560267210007,0,0.7
2013-07-25 16:00:00,171.0386505,1.0018315,0,0.029166551306843758,0,0.7
2013-07-25 17:00:00,188.7609406,1.0,0,0.028644738718867302,0,0.7
2013-07-25 18:00:00,204.1075592,1.0,0,0.028501106426119804,0,0.7
2013-07-25 19:00:00,176.3546143,1.0,0,0.029185183346271515,0,0.7
2013-07-25 20:00:00,181.6481476,1.0,0,0.029554439708590508,0,0.7
2013-07-25 21:00:00,170.2158508,1.0,0,0.02989112213253975,0,0.7
2013-07-25 22:00:00,173.0740814,1.0037594,0,0.028579100966453552,0,0.7
2013-07-25 23:00:00,243.8209534,1.0,0,0.028566855937242508,0,0.7
2013-07-26 00:00:00,164.2424316,1.0,0,0.030058078467845917,0,0.7
2013-07-26 01:00:00,171.502533,1.0072072,0,0.03302969038486481,0,0.7
2013-07-26 02:00:00,170.6891937,1.0,0,0.033757660537958145,0,0.7
2013-07-26 03:00:00,165.8716278,1.0,0,0.03208238258957863,0,0.7
2013-07-26 04:00:00,169.4864807,1.0035336,0,0.03287062421441078,0,0.7
2013-07-26 05:00:00,179.1030426,1.0071048,0,0.030536700040102005,0,0.7
2013-07-26 06:00:00,175.5540466,1.0,0,0.0321916863322258,0,0.7
2013-07-26 07:00:00,168.4797363,1.0,0,0.030692223459482193,0,0.7
2013-07-26 08:00:00,219.0625,1.0,0,0.03095775470137596,0,0.7
2013-07-26 09:00:00,192.0826263,1.0,0,0.03126145526766777,0,0.7
2013-07-26 10:00:00,188.0135193,1.0,0,0.031994979828596115,0,0.7
2013-07-26 11:00:00,208.0151825,1.0,0,0.032634664326906204,0,0.7
2013-07-26 12:00:00,186.3468018,1.0071048,0,0.0301223024725914,0,0.7
2013-07-26 13:00:00,198.0910645,1.0,0,0.03201601654291153,0,0.7
2013-07-26 14:00:00,196.0875397,1.0,0,0.030913641676306725,0,0.7
2013-07-26 15:00:00,195.4747467,1.0,0,0.02984311804175377,0,0.7
2013-07-26 16:00:00,163.7453613,1.0,0,0.029272204264998436,0,0.7
2013-07-26 17:00:00,166.1989899,1.0,0,0.031161852180957794,0,0.7
2013-07-26 18:00:00,188.0809479,1.0,0,0.029337165877223015,0,0.7
2013-07-26 19:00:00,158.9006805,1.0,0,0.028369499370455742,0,0.7
2013-07-26 20:00:00,180.7655945,1.0,0,0.02988242916762829,0,0.7
2013-07-26 21:00:00,219.0101318,1.0,0,0.030566828325390816,0,0.7
2013-07-26 22:00:00,198.0589294,1.00369,0,0.03025387041270733,0,0.7
2013-07-26 23:00:00,202.8175659,1.0,0,0.033717501908540726,0,0.7
2013-07-27 00:00:00,169.1146698,1.0,0,0.03175809234380722,0,0.7
2013-07-27 01:00:00,161.4788513,1.0,0,0.031679023057222366,0,0.7
2013-07-27 02:00:00,168.3288422,1.0,0,0.03095596469938755,0,0.7
2013-07-27 03:00:00,180.3209534,1.0,0,0.028178531676530838,0,0.7
2013-07-27 04:00:00,155.8883209,1.0,0,0.02900252677500248,0,0.7
2013-07-27 05:00:00,184.2381744,1.0,0,0.02968827821314335,0,0.7
2013-07-27 06:00:00,178.2504272,1.0036167,0,0.029559923335909843,0,0.7
2013-07-27 07:00:00,162.1908722,1.0018215,0,0.029545344412326813,0,0.7
2013-07-27 08:00:00,177.2030487,1.0072595,0,0.031367260962724686,0,0.7
2013-07-27 09:00:00,194.1655426,1.0,0,0.02913052774965763,0,0.7
2013-07-27 10:00:00,186.6114807,1.0,0,0.0299529992043972,0,0.7
2013-07-27 11:00:00,195.8952637,1.0,0,0.02966967411339283,0,0.7
2013-07-27 12:00:00,192.112793,1.0035843,0,0.029754599556326866,0,0.7
2013-07-27 13:00:00,188.2478943,1.0,0,0.028999093919992447,0,0.7
2013-07-27 14:00:00,221.4629669,1.0,0,0.02930108644068241,0,0.7
2013-07-27 15:00:00,230.3905792,1.0,0,0.028359435498714447,0,0.7
2013-07-27 16:00:00,199.2845154,1.0,0,0.028464635834097862,0,0.7
2013-07-27 17:00:00,935.1055298,87.90311,0,0.02857392095029354,0,0.7
2013-07-27 18:00:00,502.3494873,100.64808,0,0.1509111374616623,0,0.7
2013-07-27 19:00:00,503.7714844,74.117294,0,0.17467431724071503,0,0.7
2013-07-27 20:00:00,448.4797974,1.0,0,0.2268373966217041,0,0.7
2013-07-27 21:00:00,312.5801086,1.0,0,0.2999889850616455,0,0.7
2013-07-27 22:00:00,269.2428284,1.0081466,0,0.31930777430534363,0,0.7
2013-07-27 23:00:00,252.1972961,1.0,0,0.2945135533809662,0,0.7
2013-07-28 00:00:00,240.1079254,1.0,0,0.33147114515304565,0,0.7
2013-07-28 01:00:00,205.9494171,1.0,0,0.352917343378067,0,0.7
2013-07-28 02:00:00,195.1353607,1.0,0,0.36558693647384644,0,0.7
2013-07-28 03:00:00,180.5919037,1.0,0,0.32626259326934814,0,0.7
2013-07-28 04:00:00,213.2263489,1.0206611,0,0.4198859930038452,0,0.7
2013-07-28 05:00:00,179.4483948,1.0020964,0,0.4591022729873657,0,0.7
2013-07-28 06:00:00,268.8637085,73.966736,0,0.44970929622650146,0,0.7
2013-07-28 07:00:00,301.6490173,1.0122951,0,0.4605526030063629,0,0.7
2013-07-28 08:00:00,1162.948364,1.0,0,0.5354006290435791,0,0.7
2013-07-28 09:00:00,362.4965515,1.0,0,0.8460781574249268,1,0.7
2013-07-28 10:00:00,264.0977783,101.47658,0,0.8607771992683411,1,0.7
2013-07-28 11:00:00,248.2294464,69.72634,0,0.8648125529289246,1,0.7
2013-07-28 12:00:00,339.5392456,1.0,0,0.8945908546447754,1,0.7
2013-07-28 13:00:00,388.0202637,1.0,0,0.8510704040527344,1,0.7
2013-07-28 14:00:00,236.8020325,1.0,0,0.8103059530258179,1,0.7
2013-07-28 15:00:00,601.2836304,1.0,0,0.7276692390441895,1,0.7
2013-07-28 16:00:00,427.6725464,1.0,0,0.7920409440994263,1,0.7
2013-07-28 17:00:00,226.2322083,1.0,0,0.7527587413787842,1,0.7
2013-07-28 18:00:00,398.3254089,1.0040733,0,0.7628804445266724,1,0.7
2013-07-28 19:00:00,420.711853,1.0040568,0,0.743912398815155,1,0.7
2013-07-28 20:00:00,388.2318115,1.0,0,0.7035389542579651,1,0.7
2013-07-28 21:00:00,273.368866,1.0,0,0.6898404359817505,0,0.7
2013-07-28 22:00:00,185.4370728,1.0040241,0,0.680306613445282,0,0.7
2013-07-28 23:00:00,190.1438293,1.0,0,0.6914132237434387,0,0.7
2013-07-29 00:00:00,171.0950775,1.0,0,0.70374995470047,1,0.7
2013-07-29 01:00:00,183.8321991,1.0,0,0.732912003993988,1,0.7
2013-07-29 02:00:00,179.5451508,1.0,0,0.7095674276351929,1,0.7
2013-07-29 03:00:00,176.098465,1.0,0,0.6813991069793701,0,0.7
2013-07-29 04:00:00,180.0528107,1.0,0,0.6196156740188599,0,0.7
2013-07-29 05:00:00,180.2568054,1.0,0,0.5469799041748047,0,0.7
2013-07-29 06:00:00,265.8310547,111.247986,0,0.46380963921546936,0,0.7
2013-07-29 07:00:00,368.8884888,1.0091575,0,0.39213916659355164,0,0.7
2013-07-29 08:00:00,338.4186401,1.0,0,0.38524192571640015,0,0.7
2013-07-29 09:00:00,362.8622437,1.0,0,0.3347589373588562,0,0.7
2013-07-29 10:00:00,371.6163025,1.0,0,0.3237253427505493,0,0.7
2013-07-29 11:00:00,607.1345215,1.0,0,0.40279334783554077,0,0.7
2013-07-29 12:00:00,954.4598999,77.52305,0,0.45580604672431946,0,0.7
2013-07-29 13:00:00,424.7657166,1.0,0,0.43152034282684326,0,0.7
2013-07-29 14:00:00,268.8986511,1.0,0,0.39848968386650085,0,0.7
2013-07-29 15:00:00,274.9407654,1.0,0,0.36451268196105957,0,0.7
2013-07-29 16:00:00,642.4249268,216.30756,0,0.38083353638648987,0,0.7
2013-07-29 17:00:00,595.237915,1.0070423,1,0.3278732895851135,0,0.7
2013-07-29 18:00:00,446.8913269,1.0,1,0.3291999399662018,0,0.7
2013-07-29 19:00:00,593.9017334,1.0035149,1,0.27480265498161316,0,0.7
2013-07-29 20:00:00,683.2601929,1.0,1,0.35929250717163086,0,0.7
2013-07-29 21:00:00,586.9896851,1.0,1,0.3129448890686035,0,0.7
2013-07-29 22:00:00,624.7530518,1.0,1,0.33980733156204224,0,0.7
2013-07-29 23:00:00,493.3717346,1.004016,1,0.26337745785713196,0,0.7
2013-07-30 00:00:00,628.9896851,1.0040486,1,0.35672831535339355,0,0.7
2013-07-30 01:00:00,203.1448212,1.0,1,0.2655457854270935,0,0.7
2013-07-30 02:00:00,183.8852692,1.001988,1,0.3217806816101074,0,0.7
2013-07-30 03:00:00,176.8000031,1.0,1,0.22576595842838287,0,0.7
2013-07-30 04:00:00,170.7069855,1.0,1,0.3111608028411865,0,0.7
2013-07-30 05:00:00,179.7775879,1.0,1,0.23140975832939148,0,0.7
2013-07-30 06:00:00,178.8691864,1.0,1,0.3618716299533844,0,0.7
2013-07-30 07:00:00,277.527771,84.9502,1,0.26711219549179077,0,0.7
2013-07-30 08:00:00,251.209259,1.0,1,0.40713539719581604,0,0.7
2013-07-30 09:00:00,181.3136902,1.0,1,0.2727572023868561,0,0.7
2013-07-30 10:00:00,180.487854,1.0,1,0.3991256654262543,0,0.7
2013-07-30 11:00:00,188.8638,1.0,1,0.22901739180088043,0,0.7
2013-07-30 12:00:00,207.5248718,1.0,1,0.2626764178276062,0,0.7
2013-07-30 13:00:00,246.1245728,82.59281,1,0.1367669701576233,0,0.7
2013-07-30 14:00:00,179.9691772,1.0,1,0.16330450773239136,0,0.7
2013-07-30 15:00:00,246.9499969,1.0,1,0.13597644865512848,0,0.7
2013-07-30 16:00:00,257.164917,93.59406,1,0.15144899487495422,0,0.7
2013-07-30 17:00:00,368.4166565,1.004065,0,0.11786496639251709,0,0.7
2013-07-30 18:00:00,320.199646,108.679016,0,0.18253783881664276,0,0.7
2013-07-30 19:00:00,390.1794739,39.684425,0,0.1594468653202057,0,0.7
2013-07-30 20:00:00,397.4846802,1.0040984,0,0.2179226130247116,0,0.7
2013-07-30 21:00:00,279.0698547,1.0040486,0,0.19927099347114563,0,0.7
2013-07-30 22:00:00,246.2508545,1.0,0,0.22862419486045837,0,0.7
2013-07-30 23:00:00,221.3555603,1.0,0,0.15703189373016357,0,0.7
2013-07-31 00:00:00,193.2677917,1.0,0,0.1761857271194458,0,0.7
2013-07-31 01:00:00,191.8651886,1.0,0,0.11761616915464401,0,0.7
2013-07-31 02:00:00,165.1521301,1.0039761,0,0.1319987028837204,0,0.7
2013-07-31 03:00:00,179.9142303,1.0,0,0.10955766588449478,0,0.7
2013-07-31 04:00:00,187.2874298,1.0039841,0,0.13518579304218292,0,0.7
2013-07-31 05:00:00,203.7316284,1.0,0,0.12026000767946243,0,0.7
2013-07-31 06:00:00,374.8768005,139.1284,0,0.14964346587657928,0,0.7
2013-07-31 07:00:00,282.6369934,1.0,0,0.206531822681427,0,0.7
2013-07-31 08:00:00,294.6439819,1.0,0,0.27290526032447815,0,0.7
2013-07-31 09:00:00,343.2491455,1.0,0,0.2750857472419739,0,0.7
2013-07-31 10:00:00,342.774292,99.747986,0,0.3279217481613159,0,0.7
2013-07-31 11:00:00,421.4155273,84.047035,0,0.3427579700946808,0,0.7
2013-07-31 12:00:00,307.5144348,1.0,0,0.37681451439857483,0,0.7
2013-07-31 13:00:00,343.3572693,82.8873,0,0.3254104554653168,0,0.7
2013-07-31 14:00:00,299.4873047,1.0,0,0.320552259683609,0,0.7
2013-07-31 15:00:00,255.1708984,1.0,0,0.3518751859664917,0,0.7
2013-07-31 16:00:00,713.5462646,1.0,0,0.3138015866279602,0,0.7
2013-07-31 17:00:00,769.8776855,104.546,0,0.3676980137825012,0,0.7
2013-07-31 18:00:00,494.8561707,1.0,0,0.3623599708080292,0,0.7
2013-07-31 19:00:00,617.4602661,1.0,0,0.44433921575546265,0,0.7
2013-07-31 20:00:00,481.8084717,1.0,0,0.388987272977829,0,0.7
2013-07-31 21:00:00,675.2513428,1.0,0,0.3164918124675751,0,0.7
2013-07-31 22:00:00,588.6368408,1.0,0,0.25513389706611633,0,0.7
2013-07-31 23:00:00,387.5042725,1.0,0,0.30369606614112854,0,0.7
2013-08-01 00:00:00,186.8240204,1.0,0,0.27472904324531555,0,0.7
2013-08-01 01:00:00,184.6999969,1.0,0,0.27984073758125305,0,0.7
2013-08-01 02:00:00,177.5680237,1.0,0,0.2005208283662796,0,0.7
2013-08-01 03:00:00,184.4810333,1.003992,0,0.22002053260803223,0,0.7
2013-08-01 04:00:00,164.5941772,1.0,0,0.22339995205402374,0,0.7
2013-08-01 05:00:00,183.4570465,1.0,0,0.2335175722837448,0,0.7
2013-08-01 06:00:00,358.7947388,75.31337,0,0.19999928772449493,0,0.7
2013-08-01 07:00:00,625.5875244,27.68714,0,0.32053035497665405,0,0.7
2013-08-01 08:00:00,1031.492065,1.0,0,0.563198447227478,0,0.7
2013-08-01 09:00:00,418.2593079,1.0072072,0,0.7168563008308411,1,0.7
2013-08-01 10:00:00,360.1028748,1.0071429,0,0.7289978265762329,1,0.7
2013-08-01 11:00:00,1220.883301,121.63884,0,0.7594988346099854,1,0.7
2013-08-01 12:00:00,560.8140259,44.026882,0,0.7528753280639648,1,0.7
2013-08-01 13:00:00,373.9797974,1.0,0,0.7841889262199402,1,0.7
2013-08-01 14:00:00,381.5834656,1.0,0,0.7276071906089783,1,0.7
2013-08-01 15:00:00,364.6218567,1.0,0,0.7716172933578491,1,0.7
2013-08-01 16:00:00,488.3894653,82.32056,0,0.734238862991333,1,0.7
2013-08-01 17:00:00,466.1245728,46.290806,0,0.7791992425918579,1,0.7
2013-08-01 18:00:00,340.4840393,1.0,0,0.5812644362449646,0,0.7
2013-08-01 19:00:00,406.3642578,1.0040984,0,0.5797500014305115,0,0.7
2013-08-01 20:00:00,364.8282776,1.0,0,0.4832325875759125,0,0.7
2013-08-01 21:00:00,321.2218628,1.0040984,0,0.5791559219360352,0,0.7
2013-08-01 22:00:00,270.0704651,1.0,0,0.32992976903915405,0,0.7
2013-08-01 23:00:00,265.3097534,1.0,0,0.23512709140777588,0,0.7
2013-08-02 00:00:00,248.1787567,1.0,0,0.14144296944141388,0,0.7
2013-08-02 01:00:00,276.4570007,1.0,0,0.19284743070602417,0,0.7
2013-08-02 02:00:00,253.277771,1.0,0,0.10733018815517426,0,0.7
2013-08-02 03:00:00,212.7912445,1.0,0,0.1108207032084465,0,0.7
2013-08-02 04:00:00,211.4155426,1.0041237,0,0.07103024423122406,0,0.7
2013-08-02 05:00:00,218.2630615,1.0,0,0.09288294613361359,0,0.7
2013-08-02 06:00:00,399.1011963,138.90741,0,0.0654970034956932,0,0.7
2013-08-02 07:00:00,340.4200745,1.0041754,0,0.08257894217967987,0,0.7
2013-08-02 08:00:00,276.0,1.0,0,0.07899488508701324,0,0.7
2013-08-02 09:00:00,187.8293915,1.0,0,0.09927244484424591,0,0.7
2013-08-02 10:00:00,225.2006683,1.0,0,0.1083618700504303,0,0.7
2013-08-02 11:00:00,296.1377563,1.0082644,0,0.0982787162065506,0,0.7
2013-08-02 12:00:00,373.5354614,59.97521,0,0.1692737191915512,0,0.7
2013-08-02 13:00:00,450.354126,1.0,0,0.17783764004707336,0,0.7
2013-08-02 14:00:00,224.2609406,1.0,0,0.200876846909523,0,0.7
2013-08-02 15:00:00,213.1481476,1.0,0,0.2338799089193344,0,0.7
2013-08-02 16:00:00,391.2363892,76.3253,0,0.24375498294830322,0,0.7
2013-08-02 17:00:00,327.5893555,100.616165,0,0.2820604741573334,0,0.7
2013-08-02 18:00:00,398.2284241,1.0,0,0.276548832654953,0,0.7
2013-08-02 19:00:00,412.9680176,1.0,0,0.30005931854248047,0,0.7
2013-08-02 20:00:00,457.8254089,1.0,0,0.3370989263057709,0,0.7
2013-08-02 21:00:00,301.5942688,1.0,0,0.32158994674682617,0,0.7
2013-08-02 22:00:00,189.8074341,1.0,0,0.3425825238227844,0,0.7
2013-08-02 23:00:00,188.5784149,1.0,0,0.33251070976257324,0,0.7
2013-08-03 00:00:00,196.295105,1.0,0,0.3851196765899658,0,0.7
2013-08-03 01:00:00,168.798645,1.0,0,0.36119216680526733,0,0.7
2013-08-03 02:00:00,188.028717,1.004158,0,0.38052451610565186,0,0.7
2013-08-03 03:00:00,177.4966278,1.0,0,0.32633987069129944,0,0.7
2013-08-03 04:00:00,185.497467,1.0,0,0.3622201383113861,0,0.7
2013-08-03 05:00:00,186.798645,1.0041494,0,0.2918287217617035,0,0.7
2013-08-03 06:00:00,372.008728,124.73566,0,0.2787741720676422,0,0.7
2013-08-03 07:00:00,565.6746826,1.0,0,0.35117635130882263,0,0.7
2013-08-03 08:00:00,551.0521851,1.0040241,0,0.5908254981040955,0,0.7
2013-08-03 09:00:00,219.3096466,1.0,0,0.5964109897613525,0,0.7
2013-08-03 10:00:00,216.5786743,1.0,0,0.6026332378387451,0,0.7
2013-08-03 11:00:00,198.471283,1.0,0,0.5981308817863464,0,0.7
2013-08-03 12:00:00,211.0812225,1.0,0,0.6210392117500305,0,0.7
2013-08-03 13:00:00,262.3969116,74.1556,0,0.5667926073074341,0,0.7
2013-08-03 14:00:00,193.6638489,1.0,0,0.5125827193260193,0,0.7
2013-08-03 15:00:00,383.4598389,67.65326,0,0.5247477889060974,0,0.7
2013-08-03 16:00:00,767.7680054,89.39535,0,0.6035904884338379,0,0.7
2013-08-03 17:00:00,1090.078247,1.0,0,0.750700831413269,1,0.7
2013-08-03 18:00:00,494.3496704,1.0,0,0.833240270614624,1,0.7
2013-08-03 19:00:00,450.606781,1.0,0,0.8475853204727173,1,0.7
2013-08-03 20:00:00,448.7877808,1.0,0,0.84562087059021,1,0.7
2013-08-03 21:00:00,391.4433289,1.0062112,0,0.8116576075553894,1,0.7
2013-08-03 22:00:00,601.7942505,1.0,0,0.8234298229217529,1,0.7
2013-08-03 23:00:00,736.0791016,1.0,0,0.7522234916687012,1,0.7
2013-08-04 00:00:00,270.4179382,1.0,0,0.7367082238197327,1,0.7
2013-08-04 01:00:00,278.8832397,1.0082816,0,0.717006266117096,1,0.7
2013-08-04 02:00:00,240.5655823,1.0041494,0,0.7846386432647705,1,0.7
2013-08-04 03:00:00,263.1762695,1.0,0,0.6342098712921143,0,0.7
2013-08-04 04:00:00,267.586731,1.0,0,0.604096531867981,0,0.7
2013-08-04 05:00:00,240.81633,1.0,0,0.5651595592498779,0,0.7
2013-08-04 06:00:00,306.1473083,90.65462,0,0.6370511054992676,0,0.7
2013-08-04 07:00:00,377.8576355,1.0,0,0.4809878468513489,0,0.7
2013-08-04 08:00:00,259.6271057,1.0,0,0.40824565291404724,0,0.7
2013-08-04 09:00:00,271.0964355,1.0041068,0,0.2788064181804657,0,0.7
2013-08-04 10:00:00,251.1116791,1.0041152,0,0.3468666076660156,0,0.7
2013-08-04 11:00:00,269.471283,1.0041754,0,0.21894371509552002,0,0.7
2013-08-04 12:00:00,273.0084534,1.0,0,0.19210177659988403,0,0.7
2013-08-04 13:00:00,309.2077637,1.0,0,0.14705854654312134,0,0.7
2013-08-04 14:00:00,267.6571045,1.0,0,0.16914503276348114,0,0.7
2013-08-04 15:00:00,255.8578644,1.0040733,0,0.12065435200929642,0,0.7
2013-08-04 16:00:00,264.5574341,1.0,0,0.12650515139102936,0,0.7
2013-08-04 17:00:00,292.2714844,90.81038,0,0.11356872320175171,0,0.7
2013-08-04 18:00:00,262.699646,1.0020202,0,0.13648721575737,0,0.7
2013-08-04 19:00:00,385.9187927,1.0,0,0.12137670069932938,0,0.7
2013-08-04 20:00:00,424.7032471,1.0,0,0.12502242624759674,0,0.7
2013-08-04 21:00:00,237.9388733,1.004008,0,0.13907600939273834,0,0.7
2013-08-04 22:00:00,241.0287628,1.0,0,0.14091891050338745,0,0.7
2013-08-04 23:00:00,206.7152557,1.0,0,0.14071035385131836,0,0.7
2013-08-05 00:00:00,166.5220337,1.0,0,0.12721525132656097,0,0.7
2013-08-05 01:00:00,183.5272064,1.0,0,0.13043828308582306,0,0.7
2013-08-05 02:00:00,177.0203705,1.0,0,0.11771327257156372,0,0.7
2013-08-05 03:00:00,206.7808228,1.0080321,0,0.12023863941431046,0,0.7
2013-08-05 04:00:00,209.774353,1.0,0,0.11520372331142426,0,0.7
2013-08-05 05:00:00,167.9659882,1.0,0,0.11284571141004562,0,0.7
2013-08-05 06:00:00,461.3302917,90.98793,0,0.10589009523391724,0,0.7
2013-08-05 07:00:00,406.3786621,1.0073127,0,0.21829108893871307,0,0.7
2013-08-05 08:00:00,495.966095,1.0,0,0.2921738624572754,0,0.7
2013-08-05 09:00:00,522.7508545,1.0,0,0.3780573010444641,0,0.7
2013-08-05 10:00:00,499.0650635,1.0,0,0.40904292464256287,0,0.7
2013-08-05 11:00:00,513.5714111,1.0107527,0,0.4584604799747467,0,0.7
2013-08-05 12:00:00,526.4785767,1.0,0,0.47003692388534546,0,0.7
2013-08-05 13:00:00,509.3999939,73.28804,0,0.4645678997039795,0,0.7
2013-08-05 14:00:00,454.9136963,1.0,0,0.4455573856830597,0,0.7
2013-08-05 15:00:00,186.2588806,1.0,0,0.4588623642921448,0,0.7
2013-08-05 16:00:00,334.0467224,1.0,0,0.5125008225440979,0,0.7
2013-08-05 17:00:00,447.144104,71.047806,0,0.4728480875492096,0,0.7
2013-08-05 18:00:00,345.5102844,134.03476,0,0.4854423701763153,0,0.7
2013-08-05 19:00:00,465.9573975,1.0,0,0.477207750082016,0,0.7
2013-08-05 20:00:00,380.2470398,1.0,0,0.5189140439033508,0,0.7
2013-08-05 21:00:00,234.502533,1.0,0,0.4299779534339905,0,0.7
2013-08-05 22:00:00,236.7538147,1.0,0,0.5050196647644043,0,0.7
2013-08-05 23:00:00,231.7949219,1.0040816,0,0.4570431411266327,0,0.7
2013-08-06 00:00:00,238.8027191,1.0,0,0.446289986371994,0,0.7
2013-08-06 01:00:00,164.2906036,1.0,0,0.3787209689617157,0,0.7
2013-08-06 02:00:00,184.2981262,1.002004,0,0.38859421014785767,0,0.7
2013-08-06 03:00:00,181.3505096,1.0,0,0.2865161895751953,0,0.7
2013-08-06 04:00:00,173.2290649,1.0,0,0.23385384678840637,0,0.7
2013-08-06 05:00:00,180.5326385,1.0,0,0.20753715932369232,0,0.7
2013-08-06 06:00:00,261.4598999,96.82072,0,0.19266442954540253,0,0.7
2013-08-06 07:00:00,289.624115,1.0119522,0,0.1836399883031845,0,0.7
2013-08-06 08:00:00,210.7240143,1.001996,0,0.18013402819633484,0,0.7
2013-08-06 09:00:00,257.2825317,1.0020243,0,0.1754308044910431,0,0.7
2013-08-06 10:00:00,369.4991455,126.729675,0,0.19226530194282532,0,0.7
2013-08-06 11:00:00,222.3457642,1.0,0,0.2264374941587448,0,0.7
2013-08-06 12:00:00,258.5008545,58.008114,0,0.22593142092227936,0,0.7
2013-08-06 13:00:00,212.7038879,1.0,0,0.204269140958786,0,0.7
2013-08-06 14:00:00,216.7091827,1.0,0,0.17877475917339325,0,0.7
2013-08-06 15:00:00,350.4380493,106.95564,0,0.14673244953155518,0,0.7
2013-08-06 16:00:00,374.302063,74.142265,0,0.14518626034259796,0,0.7
2013-08-06 17:00:00,360.3316345,1.0041667,0,0.16332487761974335,0,0.7
2013-08-06 18:00:00,325.6587524,1.0,0,0.17272190749645233,0,0.7
2013-08-06 19:00:00,393.5101929,1.0,0,0.18737675249576569,0,0.7
2013-08-06 20:00:00,452.8934021,1.0,0,0.1963314265012741,0,0.7
2013-08-06 21:00:00,276.2033997,1.0080808,0,0.20217540860176086,0,0.7
2013-08-06 22:00:00,259.4668884,1.0,0,0.22473207116127014,0,0.7
2013-08-06 23:00:00,220.772644,1.0,0,0.21016360819339752,0,0.7
2013-08-07 00:00:00,208.0411682,1.0,0,0.2673277258872986,0,0.7
2013-08-07 01:00:00,194.6230621,1.0039761,0,0.24435460567474365,0,0.7
2013-08-07 02:00:00,172.1027374,1.0,0,0.2336921989917755,0,0.7
2013-08-07 03:00:00,184.8189697,1.0,0,0.21428903937339783,0,0.7
2013-08-07 04:00:00,190.671814,1.0,0,0.23097509145736694,0,0.7
2013-08-07 05:00:00,171.4618073,1.0,0,0.2047116458415985,0,0.7
2013-08-07 06:00:00,558.7938843,142.51765,0,0.20971670746803284,0,0.7
2013-08-07 07:00:00,260.5874023,1.0,0,0.4735599458217621,0,0.7
2013-08-07 08:00:00,765.9285889,1.0,0,0.6304521560668945,0,0.7
2013-08-07 09:00:00,737.3414917,1.0,0,0.6047075986862183,0,0.7
2013-08-07 10:00:00,209.1275787,1.008,0,0.7061604261398315,1,0.7
2013-08-07 11:00:00,220.3982697,1.0,0,0.6849840879440308,0,0.7
2013-08-07 12:00:00,710.1589966,1.0,0,0.7134397029876709,1,0.7
2013-08-07 13:00:00,484.8261719,1.0,0,0.7033000588417053,1,0.7
2013-08-07 14:00:00,382.7806091,1.0,0,0.7643167972564697,1,0.7
2013-08-07 15:00:00,234.7062836,1.0,0,0.7414928674697876,1,0.7
2013-08-07 16:00:00,380.5140381,80.345924,0,0.7740631699562073,1,0.7
2013-08-07 17:00:00,757.3892822,118.51515,0,0.7546707987785339,1,0.7
2013-08-07 18:00:00,417.9268799,1.0082644,0,0.8378083109855652,1,0.7
2013-08-07 19:00:00,416.0821838,1.0020243,0,0.8175692558288574,1,0.7
2013-08-07 20:00:00,418.0120544,1.0,0,0.8390903472900391,1,0.7
2013-08-07 21:00:00,255.994873,1.0039841,0,0.8123852610588074,1,0.7
2013-08-07 22:00:00,173.4392395,1.004008,0,0.8530617356300354,1,0.7
2013-08-07 23:00:00,185.9201355,1.0,0,0.814440131187439,1,0.7
2013-08-08 00:00:00,183.5354004,1.0039761,0,0.8056963086128235,1,0.7
2013-08-08 01:00:00,176.1649475,1.0,0,0.8248093128204346,1,0.7
2013-08-08 02:00:00,175.1550293,1.0,0,0.8413659930229187,1,0.7
2013-08-08 03:00:00,179.227829,1.0,0,0.7839252948760986,1,0.7
2013-08-08 04:00:00,178.7923889,1.0,0,0.7395945191383362,1,0.7
2013-08-08 05:00:00,224.6940155,1.0,0,0.6547731161117554,0,0.7
2013-08-08 06:00:00,276.3111877,82.27364,0,0.6176465153694153,0,0.7
2013-08-08 07:00:00,499.7122498,1.0079051,0,0.510718584060669,0,0.7
2013-08-08 08:00:00,194.1029205,1.0040241,0,0.7291077971458435,1,0.7
2013-08-08 09:00:00,202.3695984,1.0,0,0.7758694291114807,1,0.7
2013-08-08 10:00:00,425.9138184,1.0,0,0.7236465215682983,1,0.7
2013-08-08 11:00:00,220.1955414,1.0,0,0.7753190994262695,1,0.7
2013-08-08 12:00:00,435.7207031,66.17132,0,0.7197903394699097,1,0.7
2013-08-08 13:00:00,289.1689453,1.004008,0,0.7318761348724365,1,0.7
2013-08-08 14:00:00,264.0915222,1.0,0,0.7239620685577393,1,0.7
2013-08-08 15:00:00,376.730835,1.0,0,0.7453120946884155,1,0.7
2013-08-08 16:00:00,279.8961182,1.0,0,0.6852062940597534,0,0.7
2013-08-08 17:00:00,430.7420959,61.91235,0,0.7045512199401855,1,0.7
2013-08-08 18:00:00,323.8536987,1.004008,0,0.6262457966804504,0,0.7
2013-08-08 19:00:00,553.581604,76.81212,0,0.6601312756538391,0,0.7
2013-08-08 20:00:00,481.9762573,1.0,0,0.6958815455436707,0,0.7
2013-08-08 21:00:00,449.781189,1.0,0,0.6822904944419861,0,0.7
2013-08-08 22:00:00,245.521225,1.0,0,0.6997880339622498,0,0.7
2013-08-08 23:00:00,191.2986298,1.0,0,0.715290367603302,1,0.7
2013-08-09 00:00:00,245.9761963,1.0,0,0.7112992405891418,1,0.7
2013-08-09 01:00:00,191.5557404,1.001996,0,0.6801766753196716,0,0.7
2013-08-09 02:00:00,175.9279633,1.0,0,0.6453617811203003,0,0.7
2013-08-09 03:00:00,183.1846161,1.0,0,0.6133624911308289,0,0.7
2013-08-09 04:00:00,189.4271088,1.0,0,0.5364823341369629,0,0.7
2013-08-09 05:00:00,167.2663269,1.0039604,0,0.481316477060318,0,0.7
2013-08-09 06:00:00,183.7598572,1.0,0,0.4165080189704895,0,0.7
2013-08-09 07:00:00,424.0369568,108.30739,0,0.4056391716003418,0,0.7
2013-08-09 08:00:00,355.9557495,39.05645,0,0.5014228820800781,0,0.7
2013-08-09 09:00:00,212.1487885,1.003992,0,0.5446346998214722,0,0.7
2013-08-09 10:00:00,250.035965,1.0,0,0.5191094279289246,0,0.7
2013-08-09 11:00:00,242.774353,1.0,0,0.5322515964508057,0,0.7
2013-08-09 12:00:00,379.013916,78.490906,0,0.46146392822265625,0,0.7
2013-08-09 13:00:00,879.0484009,1.0059289,0,0.5199950933456421,0,0.7
2013-08-09 14:00:00,505.4266052,1.0,0,0.6151926517486572,0,0.7
2013-08-09 15:00:00,572.7470093,1.0,0,0.6236900091171265,0,0.7
2013-08-09 16:00:00,841.5571289,130.37373,0,0.6433388590812683,0,0.7
2013-08-09 17:00:00,245.0570984,1.0,0,0.5974231362342834,0,0.7
2013-08-09 18:00:00,474.4561462,1.0,0,0.6021093130111694,0,0.7
2013-08-09 19:00:00,425.3288269,1.0,0,0.5339251756668091,0,0.7
2013-08-09 20:00:00,404.5533142,1.0,0,0.5543931126594543,0,0.7
2013-08-09 21:00:00,484.6037598,79.75625,0,0.4594835638999939,0,0.7
2013-08-09 22:00:00,254.2037354,1.0,0,0.4493964910507202,0,0.7
2013-08-09 23:00:00,245.0120239,1.003992,0,0.30236491560935974,0,0.7
2013-08-10 00:00:00,217.1034546,1.0,0,0.4107127785682678,0,0.7
2013-08-10 01:00:00,220.3373566,1.0,0,0.3231445848941803,0,0.7
2013-08-10 02:00:00,192.4212341,1.0,0,0.35374459624290466,0,0.7
2013-08-10 03:00:00,187.1056213,1.0039604,0,0.2334623783826828,0,0.7
2013-08-10 04:00:00,187.2353973,1.0039526,0,0.2826308012008667,0,0.7
2013-08-10 05:00:00,168.7366638,1.001996,0,0.23770110309123993,0,0.7
2013-08-10 06:00:00,214.4826355,66.50099,0,0.27822232246398926,0,0.7
2013-08-10 07:00:00,372.593689,77.37376,0,0.1713676154613495,0,0.7
2013-08-10 08:00:00,396.7698975,1.0,0,0.25260281562805176,0,0.7
2013-08-10 09:00:00,738.942688,1.0,0,0.28142279386520386,0,0.7
2013-08-10 10:00:00,270.1876221,1.0,0,0.502616286277771,0,0.7
2013-08-10 11:00:00,359.1989441,102.587425,0,0.4412209093570709,0,0.7
2013-08-10 12:00:00,265.5738831,1.0,0,0.413458913564682,0,0.7
2013-08-10 13:00:00,626.9664307,1.0,0,0.4753926694393158,0,0.7
2013-08-10 14:00:00,810.3568726,1.0119047,0,0.5380240678787231,0,0.7
2013-08-10 15:00:00,238.7870789,1.0,0,0.6427984237670898,0,0.7
2013-08-10 16:00:00,316.4268494,72.528,0,0.5980462431907654,0,0.7
2013-08-10 17:00:00,281.4448242,1.0,0,0.7069524526596069,1,0.7
2013-08-10 18:00:00,316.1672363,116.07028,0,0.639862596988678,0,0.7
2013-08-10 19:00:00,389.5979309,1.004065,0,0.677460789680481,0,0.7
2013-08-10 20:00:00,437.0414429,1.0,0,0.5927992463111877,0,0.7
2013-08-10 21:00:00,249.0068665,1.0,0,0.6394903659820557,0,0.7
2013-08-10 22:00:00,190.5795898,1.0,0,0.5293403267860413,0,0.7
2013-08-10 23:00:00,181.1202698,1.0,0,0.5939258337020874,0,0.7
2013-08-11 00:00:00,173.9653931,1.0,0,0.5816798806190491,0,0.7
2013-08-11 01:00:00,177.2736664,1.004,0,0.6166236996650696,0,0.7
2013-08-11 02:00:00,182.6620636,1.0,0,0.543451726436615,0,0.7
2013-08-11 03:00:00,182.4285736,1.0,0,0.5534818172454834,0,0.7
2013-08-11 04:00:00,169.4341888,1.0,0,0.4850247800350189,0,0.7
2013-08-11 05:00:00,178.2711639,1.0,0,0.4634411931037903,0,0.7
2013-08-11 06:00:00,198.9242706,1.0,0,0.3501703143119812,0,0.7
2013-08-11 07:00:00,546.1027222,140.76237,0,0.30410850048065186,0,0.7
2013-08-11 08:00:00,212.3109894,1.0,0,0.6739890575408936,0,0.7
2013-08-11 09:00:00,219.0583191,1.0,0,0.6929808259010315,0,0.7
2013-08-11 10:00:00,197.3213654,1.008016,0,0.6386919021606445,0,0.7
2013-08-11 11:00:00,207.6384125,1.008,0,0.6823002696037292,0,0.7
2013-08-11 12:00:00,205.4546967,1.0,0,0.6543360948562622,0,0.7
2013-08-11 13:00:00,205.8686066,1.0,0,0.6454096436500549,0,0.7
2013-08-11 14:00:00,194.5745697,1.0,0,0.5410217642784119,0,0.7
2013-08-11 15:00:00,240.1275482,41.050404,0,0.5078113079071045,0,0.7
2013-08-11 16:00:00,342.3186646,73.47668,0,0.41111934185028076,0,0.7
2013-08-11 17:00:00,218.677475,1.0,0,0.501449704170227,0,0.7
2013-08-11 18:00:00,399.1316223,1.0,0,0.42412516474723816,0,0.7
2013-08-11 19:00:00,476.1403809,1.0,0,0.6680625677108765,0,0.7
2013-08-11 20:00:00,414.9047546,1.0,0,0.7023732662200928,1,0.7
2013-08-11 21:00:00,638.725647,1.0,0,0.7443070411682129,1,0.7
2013-08-11 22:00:00,764.2003784,1.0,0,0.6718107461929321,0,0.7
2013-08-11 23:00:00,185.7896576,1.0,0,0.7814976572990417,1,0.7
2013-08-12 00:00:00,180.8155212,1.0,0,0.7402039170265198,1,0.7
2013-08-12 01:00:00,175.6127319,1.0,0,0.7277698516845703,1,0.7
2013-08-12 02:00:00,178.4379272,1.0,0,0.6939077377319336,0,0.7
2013-08-12 03:00:00,180.9810638,1.0,0,0.7011979818344116,1,0.7
2013-08-12 04:00:00,168.5068665,1.0,0,0.6413558721542358,0,0.7
2013-08-12 05:00:00,176.5051422,1.0,0,0.6132991313934326,0,0.7
2013-08-12 06:00:00,388.2115479,71.02209,0,0.5730114579200745,0,0.7
2013-08-12 07:00:00,163.2048187,1.0,0,0.6842561364173889,0,0.7
2013-08-12 08:00:00,272.9413757,99.45564,0,0.6461713910102844,0,0.7
2013-08-12 09:00:00,216.1917877,1.0039841,0,0.6943003535270691,0,0.7
2013-08-12 10:00:00,195.6260681,1.0,0,0.6811904907226562,0,0.7
2013-08-12 11:00:00,220.1433563,1.0,0,0.6563732028007507,0,0.7
2013-08-12 12:00:00,240.522995,1.0,0,0.6271939277648926,0,0.7
2013-08-12 13:00:00,195.1247864,1.0,0,0.5440136790275574,0,0.7
2013-08-12 14:00:00,202.2006836,1.004008,0,0.5221980214118958,0,0.7
2013-08-12 15:00:00,214.6006775,1.0,0,0.42928221821784973,0,0.7
2013-08-12 16:00:00,190.7594452,1.0,0,0.3987790644168854,0,0.7
2013-08-12 17:00:00,178.257782,1.0,0,0.3378607928752899,0,0.7
2013-08-12 18:00:00,180.4681549,1.0,0,0.2982868254184723,0,0.7
2013-08-12 19:00:00,161.0445251,1.0,0,0.23885269463062286,0,0.7
2013-08-12 20:00:00,178.3769379,1.0039682,0,0.22766253352165222,0,0.7
2013-08-12 21:00:00,365.8084412,95.22156,0,0.15748406946659088,0,0.7
2013-08-12 22:00:00,377.209198,1.0,0,0.21329161524772644,0,0.7
2013-08-12 23:00:00,189.1519928,1.0,0,0.17160527408123016,0,0.7
2013-08-13 00:00:00,190.5232391,1.0,0,0.1998499184846878,0,0.7
2013-08-13 01:00:00,171.5951996,1.0,0,0.15260489284992218,0,0.7
2013-08-13 02:00:00,205.4716949,1.0020081,0,0.15626339614391327,0,0.7
2013-08-13 03:00:00,203.5716705,1.0,0,0.11414062976837158,0,0.7
2013-08-13 04:00:00,168.4819946,1.004016,0,0.10018844157457352,0,0.7
2013-08-13 05:00:00,168.1869659,1.0,0,0.08983689546585083,0,0.7
2013-08-13 06:00:00,179.146347,1.0,0,0.09648211300373077,0,0.7
2013-08-13 07:00:00,304.0,62.222,0,0.07897081226110458,0,0.7
2013-08-13 08:00:00,241.0294189,1.0019011,0,0.10201911628246307,0,0.7
2013-08-13 09:00:00,347.7945557,1.0,0,0.09914568066596985,0,0.7
2013-08-13 10:00:00,284.4455872,1.0038685,0,0.16974599659442902,0,0.7
2013-08-13 11:00:00,187.3734894,1.0,0,0.1619834303855896,0,0.7
2013-08-13 12:00:00,205.0292053,1.0,0,0.19078320264816284,0,0.7
2013-08-13 13:00:00,194.9930267,1.0,0,0.17095398902893066,0,0.7
2013-08-13 14:00:00,161.6403503,1.0,0,0.16303609311580658,0,0.7
2013-08-13 15:00:00,175.682373,1.0,0,0.13981427252292633,0,0.7
2013-08-13 16:00:00,180.0563202,1.0,0,0.12086299806833267,0,0.7
2013-08-13 17:00:00,205.1541138,1.0,0,0.11010236293077469,0,0.7
2013-08-13 18:00:00,184.319046,1.0,0,0.10713870823383331,0,0.7
2013-08-13 19:00:00,174.5743561,1.0,0,0.09412632882595062,0,0.7
2013-08-13 20:00:00,171.519165,1.0,0,0.09459584951400757,0,0.7
2013-08-13 21:00:00,305.7792969,91.05811,0,0.07375167310237885,0,0.7
2013-08-13 22:00:00,324.0735168,1.0,0,0.08480662107467651,0,0.7
2013-08-13 23:00:00,219.2602081,1.0,0,0.08623985946178436,0,0.7
2013-08-14 00:00:00,199.394516,1.0,0,0.11202334612607956,0,0.7
2013-08-14 01:00:00,182.1976013,1.0,0,0.09225591272115707,0,0.7
2013-08-14 02:00:00,170.4653931,1.0,0,0.08804907649755478,0,0.7
2013-08-14 03:00:00,178.0901337,1.0,0,0.07291998714208603,0,0.7
2013-08-14 04:00:00,168.5743561,1.002,0,0.06294164061546326,0,0.7
2013-08-14 05:00:00,168.8694153,1.0,0,0.05699477344751358,0,0.7
2013-08-14 06:00:00,181.6826782,1.0,0,0.05957872420549393,0,0.7
2013-08-14 07:00:00,209.912674,58.76494,0,0.055224157869815826,0,0.7
2013-08-14 08:00:00,278.4429321,1.0038536,0,0.05848925560712814,0,0.7
2013-08-14 09:00:00,379.2800598,1.0,0,0.059434618800878525,0,0.7
2013-08-14 10:00:00,343.2384949,1.0,0,0.08746832609176636,0,0.7
2013-08-14 11:00:00,340.6485596,1.0,0,0.10354822129011154,0,0.7
2013-08-14 12:00:00,511.9346313,60.49009,0,0.11546772718429565,0,0.7
2013-08-14 13:00:00,358.8122864,1.0,0,0.20133091509342194,0,0.7
2013-08-14 14:00:00,332.5430908,1.0,0,0.21239227056503296,0,0.7
2013-08-14 15:00:00,345.0909119,1.0,0,0.2123984843492508,0,0.7
2013-08-14 16:00:00,195.4421844,1.0,0,0.20606867969036102,0,0.7
2013-08-14 17:00:00,162.0516357,1.0,0,0.2238505780696869,0,0.7
2013-08-14 18:00:00,178.465271,1.0,0,0.2205255925655365,0,0.7
2013-08-14 19:00:00,239.6838531,1.0,0,0.20601479709148407,0,0.7
2013-08-14 20:00:00,166.5025787,1.0040323,0,0.221165269613266,0,0.7
2013-08-14 21:00:00,176.9520569,1.0,0,0.2539632022380829,0,0.7
2013-08-14 22:00:00,198.9206848,1.0,0,0.27000629901885986,0,0.7
2013-08-14 23:00:00,217.875,1.003992,0,0.25280916690826416,0,0.7
2013-08-15 00:00:00,176.6615143,1.0,0,0.25532084703445435,0,0.7
2013-08-15 01:00:00,184.7538757,1.0,0,0.24051961302757263,0,0.7
2013-08-15 02:00:00,169.5527191,1.0,0,0.22255967557430267,0,0.7
2013-08-15 03:00:00,175.6401367,1.0,0,0.1907283067703247,0,0.7
2013-08-15 04:00:00,174.0274048,1.0081466,0,0.1579040139913559,0,0.7
2013-08-15 05:00:00,168.7717133,1.003992,0,0.11665938049554825,0,0.7
2013-08-15 06:00:00,180.6218109,1.0,0,0.0935722067952156,0,0.7
2013-08-15 07:00:00,528.2161865,76.527885,0,0.08137452602386475,0,0.7
2013-08-15 08:00:00,1175.379028,1.0043956,0,0.21823446452617645,0,0.7
2013-08-15 09:00:00,199.8419189,1.0,0,0.39474835991859436,0,0.7
2013-08-15 10:00:00,188.9740448,1.0,0,0.4347915053367615,0,0.7
2013-08-15 11:00:00,524.4060059,145.54762,0,0.4698122441768646,0,0.7
2013-08-15 12:00:00,214.5584259,1.0,0,0.5254514813423157,0,0.7
2013-08-15 13:00:00,308.4176636,1.0075614,0,0.5673868060112,0,0.7
2013-08-15 14:00:00,503.7194519,73.445656,0,0.5396068096160889,0,0.7
2013-08-15 15:00:00,447.9878845,1.0,0,0.5266313552856445,0,0.7
2013-08-15 16:00:00,383.3878174,151.80792,0,0.5828892588615417,0,0.7
2013-08-15 17:00:00,291.6871643,1.0,0,0.663260281085968,0,0.7
2013-08-15 18:00:00,474.7702942,77.149704,0,0.561165452003479,0,0.7
2013-08-15 19:00:00,415.2474365,1.0,0,0.6474056839942932,0,0.7
2013-08-15 20:00:00,412.9185181,1.0,0,0.6493458151817322,0,0.7
2013-08-15 21:00:00,563.2990723,1.0,0,0.7372604608535767,1,0.7
2013-08-15 22:00:00,777.5271606,1.0040241,0,0.6961328983306885,0,0.7
2013-08-15 23:00:00,180.3022003,1.0,0,0.7737820148468018,1,0.7
2013-08-16 00:00:00,178.5381927,1.004016,0,0.7721007466316223,1,0.7
2013-08-16 01:00:00,188.3941498,1.0,0,0.8216593861579895,1,0.7
2013-08-16 02:00:00,169.9117584,1.0,0,0.7949422597885132,1,0.7
2013-08-16 03:00:00,175.8760681,1.0,0,0.7979693412780762,1,0.7
2013-08-16 04:00:00,214.8674774,1.0,0,0.7269428968429565,1,0.7
2013-08-16 05:00:00,198.6413727,1.0,0,0.7133229374885559,1,0.7
2013-08-16 06:00:00,438.6410828,136.59209,0,0.6736536026000977,0,0.7
2013-08-16 07:00:00,222.1860809,0.9979592,0,0.745296835899353,1,0.7
2013-08-16 08:00:00,388.7835388,1.0079523,0,0.7316522598266602,1,0.7
2013-08-16 09:00:00,540.2636108,1.0,0,0.8022254109382629,1,0.7
2013-08-16 10:00:00,224.8333282,1.0,0,0.8326951861381531,1,0.7
2013-08-16 11:00:00,285.276825,90.938774,0,0.8246933221817017,1,0.7
2013-08-16 12:00:00,977.2732544,1.0,0,0.8064390420913696,1,0.7
2013-08-16 13:00:00,566.7879028,1.0,0,0.8027169704437256,1,0.7
2013-08-16 14:00:00,242.1564636,1.0081967,0,0.8291411399841309,1,0.7
2013-08-16 15:00:00,217.305603,10.666667,0,0.8522359132766724,1,0.7
2013-08-16 16:00:00,369.1663818,144.26422,0,0.8645391464233398,1,0.7
2013-08-16 17:00:00,256.9573364,1.0,0,0.8715988993644714,1,0.7
2013-08-16 18:00:00,264.044281,1.004158,0,0.8709937334060669,1,0.7
2013-08-16 19:00:00,614.4990845,1.0,0,0.8609982132911682,1,0.7
2013-08-16 20:00:00,429.6262817,1.0,0,0.8949248194694519,1,0.7
2013-08-16 21:00:00,230.9175262,1.0,0,0.8855457901954651,1,0.7
2013-08-16 22:00:00,196.8782196,1.0,0,0.8994243144989014,1,0.7
2013-08-16 23:00:00,186.4427032,1.007984,0,0.8276898860931396,1,0.7
2013-08-17 00:00:00,168.8261566,1.0,0,0.8469111919403076,1,0.7
2013-08-17 01:00:00,183.121582,1.0039761,0,0.8103669881820679,1,0.7
2013-08-17 02:00:00,177.64151,1.002,0,0.8067148923873901,1,0.7
2013-08-17 03:00:00,183.686615,1.0,0,0.7490826845169067,1,0.7
2013-08-17 04:00:00,165.0052338,1.0,0,0.7923616766929626,1,0.7
2013-08-17 05:00:00,381.5827332,77.054214,0,0.6747092604637146,0,0.7
2013-08-17 06:00:00,194.0532684,1.0,0,0.8128836750984192,1,0.7
2013-08-17 07:00:00,222.1408997,1.0,0,0.7590128183364868,1,0.7
2013-08-17 08:00:00,216.9266205,1.0,0,0.813444972038269,1,0.7
2013-08-17 09:00:00,220.5731354,1.0,0,0.6756064295768738,0,0.7
2013-08-17 10:00:00,267.5790405,1.0,0,0.7106813192367554,1,0.7
2013-08-17 11:00:00,215.2945251,1.0,0,0.596902072429657,0,0.7
2013-08-17 12:00:00,217.5051422,1.0,0,0.5877748727798462,0,0.7
2013-08-17 13:00:00,231.0102386,1.004008,0,0.38099679350852966,0,0.7
2013-08-17 14:00:00,192.5240479,1.0,0,0.3088982403278351,0,0.7
2013-08-17 15:00:00,186.6382294,1.0,0,0.28437432646751404,0,0.7
2013-08-17 16:00:00,226.9234772,1.0,0,0.23235084116458893,0,0.7
2013-08-17 17:00:00,198.7081909,1.0,0,0.1767176389694214,0,0.7
2013-08-17 18:00:00,178.8986206,1.0,0,0.1677057147026062,0,0.7
2013-08-17 19:00:00,193.5760651,1.0,0,0.13864998519420624,0,0.7
2013-08-17 20:00:00,200.2298431,1.004016,0,0.09839661419391632,0,0.7
2013-08-17 21:00:00,225.8767395,1.003992,0,0.0842745378613472,0,0.7
2013-08-17 22:00:00,183.4896851,1.0,0,0.07882746309041977,0,0.7
2013-08-17 23:00:00,181.0139313,1.0040404,0,0.08058235049247742,0,0.7
2013-08-18 00:00:00,209.8485413,1.0,0,0.06391660869121552,0,0.7
2013-08-18 01:00:00,213.4845428,1.0,0,0.05530938506126404,0,0.7
2013-08-18 02:00:00,169.0174255,1.0,0,0.047872379422187805,0,0.7
2013-08-18 03:00:00,182.0239258,1.0,0,0.04519868269562721,0,0.7
2013-08-18 04:00:00,184.2452545,1.004016,0,0.04067960008978844,0,0.7
2013-08-18 05:00:00,168.7979279,1.008016,0,0.03798673674464226,0,0.7
2013-08-18 06:00:00,176.2876892,1.0,0,0.03527560457587242,0,0.7
2013-08-18 07:00:00,232.3079529,81.34136,0,0.03556475415825844,0,0.7
2013-08-18 08:00:00,440.3054504,47.622528,0,0.03548148646950722,0,0.7
2013-08-18 09:00:00,210.671875,1.0040323,0,0.0686287209391594,0,0.7
2013-08-18 10:00:00,207.329895,1.0020367,0,0.09588149189949036,0,0.7
2013-08-18 11:00:00,199.6592102,1.0080321,0,0.10367124527692795,0,0.7
2013-08-18 12:00:00,191.3253479,1.0,0,0.1173148900270462,0,0.7
2013-08-18 13:00:00,199.2231903,1.0,0,0.11458127945661545,0,0.7
2013-08-18 14:00:00,196.7602692,1.0,0,0.10605300217866898,0,0.7
2013-08-18 15:00:00,284.027771,94.39358,0,0.09519538283348083,0,0.7
2013-08-18 16:00:00,246.9383545,1.0,0,0.12659072875976562,0,0.7
2013-08-18 17:00:00,973.7670288,1.0,0,0.11963909864425659,0,0.7
2013-08-18 18:00:00,615.0462646,82.94377,0,0.43754908442497253,0,0.7
2013-08-18 19:00:00,495.3304749,1.0,0,0.5051966309547424,0,0.7
2013-08-18 20:00:00,750.5606079,1.0,0,0.6228526830673218,0,0.7
2013-08-18 21:00:00,789.7288818,1.0039682,0,0.5954477787017822,0,0.7
2013-08-18 22:00:00,250.9738159,1.0,0,0.6566891074180603,0,0.7
2013-08-18 23:00:00,220.847229,1.0080645,0,0.6491652131080627,0,0.7
2013-08-19 00:00:00,188.8445587,1.0,0,0.7143628001213074,1,0.7
2013-08-19 01:00:00,185.7430573,1.0,0,0.7105885148048401,1,0.7
2013-08-19 02:00:00,173.4776611,0.9979798,0,0.7675673365592957,1,0.7
2013-08-19 03:00:00,184.1162415,1.0,0,0.735119640827179,1,0.7
2013-08-19 04:00:00,180.5606842,1.0040323,0,0.7269409894943237,1,0.7
2013-08-19 05:00:00,175.4406128,1.0,0,0.7357022166252136,1,0.7
2013-08-19 06:00:00,318.7236633,77.17103,0,0.7381547093391418,1,0.7
2013-08-19 07:00:00,314.7937012,61.094,0,0.7851630449295044,1,0.7
2013-08-19 08:00:00,698.9118652,1.0,0,0.7642260789871216,1,0.7
2013-08-19 09:00:00,703.2081909,95.8996,0,0.89165860414505,1,0.7
2013-08-19 10:00:00,216.6851196,1.004016,0,0.9126537442207336,1,0.7
2013-08-19 11:00:00,287.9134827,1.004008,0,0.9082707166671753,1,0.7
2013-08-19 12:00:00,214.792099,1.0,0,0.9101133346557617,1,0.7
2013-08-19 13:00:00,185.8764954,1.0,0,0.8942370414733887,1,0.7
2013-08-19 14:00:00,201.9064636,1.0,0,0.8880776762962341,1,0.7
2013-08-19 15:00:00,209.763382,1.0,0,0.8609795570373535,1,0.7
2013-08-19 16:00:00,279.3041992,1.0,0,0.8503300547599792,1,0.7
2013-08-19 17:00:00,299.8719788,75.76494,0,0.8419087529182434,1,0.7
2013-08-19 18:00:00,332.7530212,1.0,0,0.821462869644165,1,0.7
2013-08-19 19:00:00,431.493927,1.0,0,0.7973701357841492,1,0.7
2013-08-19 20:00:00,418.6027527,1.008016,0,0.8489544987678528,1,0.7
2013-08-19 21:00:00,189.3494873,1.0,0,0.8557075262069702,1,0.7
2013-08-19 22:00:00,175.9369659,1.0,0,0.696557343006134,0,0.7
2013-08-19 23:00:00,226.4452057,1.0,0,0.7270039319992065,1,0.7
2013-08-20 00:00:00,170.4734192,1.0080808,0,0.6559436321258545,0,0.7
2013-08-20 01:00:00,185.3996582,1.0,0,0.6999316215515137,0,0.7
2013-08-20 02:00:00,183.2331543,1.0040486,0,0.5729502439498901,0,0.7
2013-08-20 03:00:00,167.1563568,1.004,0,0.5602577924728394,0,0.7
2013-08-20 04:00:00,180.1689453,1.0,0,0.47006115317344666,0,0.7
2013-08-20 05:00:00,162.0137939,1.004016,0,0.4407096803188324,0,0.7
2013-08-20 06:00:00,175.5215149,1.0040568,0,0.35620108246803284,0,0.7
2013-08-20 07:00:00,496.2561035,90.91222,0,0.2955232560634613,0,0.7
2013-08-20 08:00:00,353.5505981,1.0036298,0,0.5377427935600281,0,0.7
2013-08-20 09:00:00,230.8756409,1.0,0,0.6040396094322205,0,0.7
2013-08-20 10:00:00,251.3824615,105.226265,0,0.4727785587310791,0,0.7
2013-08-20 11:00:00,269.3333435,1.0,0,0.5224590301513672,0,0.7
2013-08-20 12:00:00,216.9234772,1.0,0,0.5429162383079529,0,0.7
2013-08-20 13:00:00,278.5906677,1.0,0,0.5186525583267212,0,0.7
2013-08-20 14:00:00,252.9982452,1.0080321,0,0.46333861351013184,0,0.7
2013-08-20 15:00:00,198.9623871,1.0,0,0.4698607623577118,0,0.7
2013-08-20 16:00:00,269.9008789,95.97992,0,0.4601752460002899,0,0.7
2013-08-20 17:00:00,215.0482788,1.0,0,0.41073328256607056,0,0.7
2013-08-20 18:00:00,460.1451111,227.73022,0,0.3681621849536896,0,0.7
2013-08-20 19:00:00,393.873291,1.0,1,0.5919784307479858,0,0.7
2013-08-20 20:00:00,433.0617371,1.0,1,0.6477926969528198,0,0.7
2013-08-20 21:00:00,390.4266357,1.0,1,0.6631472706794739,0,0.7
2013-08-20 22:00:00,539.6955566,1.003992,1,0.6518024206161499,0,0.7
2013-08-20 23:00:00,740.663147,1.0,1,0.6995866894721985,0,0.7
2013-08-21 00:00:00,191.0017242,1.0,1,0.6848185062408447,0,0.7
2013-08-21 01:00:00,174.9587555,1.0,1,0.6890168190002441,0,0.7
2013-08-21 02:00:00,238.2852325,1.0,1,0.5912104249000549,0,0.7
2013-08-21 03:00:00,185.0496521,1.0040568,1,0.657663881778717,0,0.7
2013-08-21 04:00:00,223.0702057,1.0,1,0.565071702003479,0,0.7
2013-08-21 05:00:00,238.8860168,58.096,1,0.599696159362793,0,0.7
2013-08-21 06:00:00,445.2478027,70.91351,1,0.45325973629951477,0,0.7
2013-08-21 07:00:00,318.831604,1.0035907,1,0.6366232633590698,0,0.7
2013-08-21 08:00:00,408.1559753,1.0,1,0.5380327105522156,0,0.7
2013-08-21 09:00:00,342.7727966,1.0,1,0.6591243743896484,0,0.7
2013-08-21 10:00:00,389.6140747,1.0,1,0.6291416883468628,0,0.7
2013-08-21 11:00:00,505.9894409,59.866905,1,0.7146396636962891,1,0.7
2013-08-21 12:00:00,737.0632935,96.80322,1,0.683960497379303,0,0.7
2013-08-21 13:00:00,643.6432495,1.0,1,0.7416992783546448,1,0.7
2013-08-21 14:00:00,427.2898865,61.490402,1,0.6671639084815979,0,0.7
2013-08-21 15:00:00,391.466095,1.0,1,0.6959014534950256,0,0.7
2013-08-21 16:00:00,467.388031,92.36667,1,0.6180419325828552,0,0.7
2013-08-21 17:00:00,271.6871643,1.0,1,0.6254653334617615,0,0.7
2013-08-21 18:00:00,569.8031006,62.73951,1,0.5358238220214844,0,0.7
2013-08-21 19:00:00,576.1776733,1.0,0,0.5327461361885071,0,0.7
2013-08-21 20:00:00,435.9966125,1.0,0,0.5289027094841003,0,0.7
2013-08-21 21:00:00,194.7508545,1.0,0,0.48410534858703613,0,0.7
2013-08-21 22:00:00,191.9779968,1.0080972,0,0.5278280377388,0,0.7
2013-08-21 23:00:00,186.8796539,1.0,0,0.46505457162857056,0,0.7
2013-08-22 00:00:00,176.7457581,1.0,0,0.4040926992893219,0,0.7
2013-08-22 01:00:00,180.6468658,1.0081301,0,0.3470764756202698,0,0.7
2013-08-22 02:00:00,187.5350494,1.0,0,0.35799160599708557,0,0.7
2013-08-22 03:00:00,171.9152527,1.0,0,0.3123350739479065,0,0.7
2013-08-22 04:00:00,180.0731354,1.0,0,0.3378099203109741,0,0.7
2013-08-22 05:00:00,229.3494873,68.36437,0,0.24788811802864075,0,0.7
2013-08-22 06:00:00,251.2027435,1.0,0,0.27966633439064026,0,0.7
2013-08-22 07:00:00,375.3179321,83.694885,0,0.2058282494544983,0,0.7
2013-08-22 08:00:00,339.9505005,1.0,0,0.31490471959114075,0,0.7
2013-08-22 09:00:00,367.6402893,1.0,0,0.30329740047454834,0,0.7
2013-08-22 10:00:00,423.593689,1.0,0,0.4234340190887451,0,0.7
2013-08-22 11:00:00,527.1352539,111.143616,0,0.3951601982116699,0,0.7
2013-08-22 12:00:00,276.0379944,1.0,0,0.553782045841217,0,0.7
2013-08-22 13:00:00,276.34375,66.61508,0,0.4843774437904358,0,0.7
2013-08-22 14:00:00,390.0289001,1.0040486,0,0.4456811249256134,0,0.7
2013-08-22 15:00:00,412.003418,1.0020202,0,0.41483014822006226,0,0.7
2013-08-22 16:00:00,701.9677124,77.23077,0,0.43200966715812683,0,0.7
2013-08-22 17:00:00,358.2229919,1.0020704,0,0.37635940313339233,0,0.7
2013-08-22 18:00:00,335.2345886,97.515526,0,0.36317020654678345,0,0.7
2013-08-22 19:00:00,463.0636902,1.0,0,0.37881752848625183,0,0.7
2013-08-22 20:00:00,414.9288025,1.008316,0,0.3024085462093353,0,0.7
2013-08-22 21:00:00,259.637146,1.0020492,0,0.26753753423690796,0,0.7
2013-08-22 22:00:00,173.3072968,1.0,0,0.28572070598602295,0,0.7
2013-08-22 23:00:00,190.887558,1.0,0,0.3481611907482147,0,0.7
2013-08-23 00:00:00,217.6326599,1.0,0,0.38638657331466675,0,0.7
2013-08-23 01:00:00,186.063797,1.004008,0,0.3769807815551758,0,0.7
2013-08-23 02:00:00,187.4410248,1.008016,0,0.39456725120544434,0,0.7
2013-08-23 03:00:00,179.7319641,1.0,0,0.32770922780036926,0,0.7
2013-08-23 04:00:00,176.878006,1.0,0,0.302430123090744,0,0.7
2013-08-23 05:00:00,183.1241455,1.0,0,0.24608108401298523,0,0.7
2013-08-23 06:00:00,441.7460327,102.62103,0,0.24085111916065216,0,0.7
2013-08-23 07:00:00,281.5609741,1.0039841,0,0.3978951871395111,0,0.7
2013-08-23 08:00:00,207.4241943,1.0121458,0,0.5069096684455872,0,0.7
2013-08-23 09:00:00,630.5701904,1.0,0,0.5233387351036072,0,0.7
2013-08-23 10:00:00,745.5292969,1.0,0,0.6574987173080444,0,0.7
2013-08-23 11:00:00,211.9645233,1.0,0,0.6863929629325867,0,0.7
2013-08-23 12:00:00,215.3891754,1.0081632,0,0.7007464170455933,1,0.7
2013-08-23 13:00:00,192.1065979,1.0081799,0,0.7010865807533264,1,0.7
2013-08-23 14:00:00,226.3006744,1.0,0,0.7058906555175781,1,0.7
2013-08-23 15:00:00,217.5305023,1.0,0,0.7143914699554443,1,0.7
2013-08-23 16:00:00,166.1655426,1.0,0,0.7097761631011963,1,0.7
2013-08-23 17:00:00,289.5942383,1.0,0,0.6677765250205994,0,0.7
2013-08-23 18:00:00,443.04422,1.0,0,0.6820650696754456,0,0.7
2013-08-23 19:00:00,703.2052612,1.0,0,0.7731961607933044,1,0.7
2013-08-23 20:00:00,343.0101929,1.0,0,0.861625075340271,1,0.7
2013-08-23 21:00:00,213.6694946,1.0,0,0.8670032620429993,1,0.7
2013-08-23 22:00:00,201.3395538,1.0040404,0,0.8805699348449707,1,0.7
2013-08-23 23:00:00,166.1169434,1.0,0,0.8795738816261292,1,0.7
2013-08-24 00:00:00,183.8169556,1.0040486,0,0.8811559081077576,1,0.7
2013-08-24 01:00:00,189.0694885,1.0,0,0.8639732003211975,1,0.7
2013-08-24 02:00:00,163.9196625,1.0,0,0.8407377004623413,1,0.7
2013-08-24 03:00:00,180.1120605,1.0020325,0,0.8521164655685425,1,0.7
2013-08-24 04:00:00,188.7193909,1.0040404,0,0.7781489491462708,1,0.7
2013-08-24 05:00:00,207.1822815,1.0,0,0.7603508234024048,1,0.7
2013-08-24 06:00:00,389.1520996,67.33468,0,0.6582071781158447,0,0.7
2013-08-24 07:00:00,325.413208,68.044266,0,0.7988021373748779,1,0.7
2013-08-24 08:00:00,203.7406769,1.0,0,0.7700689435005188,1,0.7
2013-08-24 09:00:00,174.1333313,1.008,0,0.7615727186203003,1,0.7
2013-08-24 10:00:00,202.1911316,1.0,0,0.6114961504936218,0,0.7
2013-08-24 11:00:00,193.0667877,1.0,0,0.5518651604652405,0,0.7
2013-08-24 12:00:00,172.4193573,1.0,0,0.36385422945022583,0,0.7
2013-08-24 13:00:00,180.3773651,1.0,0,0.3830612599849701,0,0.7
2013-08-24 14:00:00,184.2431488,1.0,0,0.2818160057067871,0,0.7
2013-08-24 15:00:00,191.2461243,1.0,0,0.31323638558387756,0,0.7
2013-08-24 16:00:00,370.5166321,100.24297,0,0.19461596012115479,0,0.7
2013-08-24 17:00:00,1294.383423,1.0,0,0.3148479163646698,0,0.7
2013-08-24 18:00:00,1019.346497,1.0,0,0.6545178890228271,0,0.7
2013-08-24 19:00:00,489.6540527,1.0,0,0.6891536712646484,0,0.7
2013-08-24 20:00:00,453.8996582,1.0,0,0.6152756214141846,0,0.7
2013-08-24 21:00:00,280.6365051,1.0020577,0,0.6224650740623474,0,0.7
2013-08-24 22:00:00,220.3777771,1.0,0,0.7145443558692932,1,0.7
2013-08-24 23:00:00,200.3965454,1.0,0,0.6116636991500854,0,0.7
2013-08-25 00:00:00,226.8831635,1.0,0,0.6503503918647766,0,0.7
2013-08-25 01:00:00,207.085907,1.0,0,0.6015211939811707,0,0.7
2013-08-25 02:00:00,199.7044678,1.0040241,0,0.6595253348350525,0,0.7
2013-08-25 03:00:00,183.5820313,1.004,0,0.4649895429611206,0,0.7
2013-08-25 04:00:00,184.962265,1.0,0,0.5723157525062561,0,0.7
2013-08-25 05:00:00,493.9436951,1.0,0,0.6095060706138611,0,0.7
2013-08-25 06:00:00,359.9358826,67.17505,0,0.8457959294319153,1,0.7
2013-08-25 07:00:00,194.6213989,1.0,0,0.8017853498458862,1,0.7
2013-08-25 08:00:00,224.4739532,55.926296,0,0.8816561102867126,1,0.7
2013-08-25 09:00:00,307.7996521,55.57968,0,0.8612729907035828,1,0.7
2013-08-25 10:00:00,219.3769379,1.0,0,0.8906491994857788,1,0.7
2013-08-25 11:00:00,323.2966919,102.5169,0,0.8272066712379456,1,0.7
2013-08-25 12:00:00,517.8353882,146.42714,0,0.856147289276123,1,0.7
2013-08-25 13:00:00,738.3273926,1.0,0,0.8596407771110535,1,0.7
2013-08-25 14:00:00,358.7101135,1.0,0,0.8670437932014465,1,0.7
2013-08-25 15:00:00,270.6408997,1.0040241,0,0.8077750205993652,1,0.7
2013-08-25 16:00:00,393.2825317,1.003992,0,0.8273066878318787,1,0.7
2013-08-25 17:00:00,276.3539429,1.0,0,0.8024450540542603,1,0.7
2013-08-25 18:00:00,244.6196289,1.0,0,0.8083847165107727,1,0.7
2013-08-25 19:00:00,289.7266541,1.0,0,0.695426344871521,0,0.7
2013-08-25 20:00:00,353.7594604,1.0,0,0.6480964422225952,0,0.7
2013-08-25 21:00:00,202.3869934,1.0,0,0.5498937368392944,0,0.7
2013-08-25 22:00:00,180.8195801,1.0,0,0.5874494910240173,0,0.7
2013-08-25 23:00:00,184.9651031,1.008,0,0.6088786721229553,0,0.7
2013-08-26 00:00:00,182.9655151,1.0,0,0.5579840540885925,0,0.7
2013-08-26 01:00:00,183.5189056,1.0,0,0.5003507137298584,0,0.7
2013-08-26 02:00:00,227.9536896,1.002012,0,0.44381237030029297,0,0.7
2013-08-26 03:00:00,179.3130493,1.0,0,0.39997270703315735,0,0.7
2013-08-26 04:00:00,184.8456268,1.0,0,0.3501534163951874,0,0.7
2013-08-26 05:00:00,187.8865967,1.0080645,0,0.2676115334033966,0,0.7
2013-08-26 06:00:00,242.0886993,53.062,0,0.2153492569923401,0,0.7
2013-08-26 07:00:00,1413.095215,84.88469,0,0.19498682022094727,0,0.7
2013-08-26 08:00:00,991.3143921,1.0,0,0.6230898499488831,0,0.7
2013-08-26 09:00:00,791.8048706,1.0,0,0.6267585754394531,0,0.7
2013-08-26 10:00:00,570.3901978,101.12897,0,0.6476923823356628,0,0.7
2013-08-26 11:00:00,333.940979,48.60729,0,0.6808462142944336,0,0.7
2013-08-26 12:00:00,318.9965515,1.0,0,0.6640826463699341,0,0.7
2013-08-26 13:00:00,267.383667,82.72222,0,0.5494170784950256,0,0.7
2013-08-26 14:00:00,204.6468658,1.0,0,0.5119486451148987,0,0.7
2013-08-26 15:00:00,311.0254517,116.664635,0,0.4473775625228882,0,0.7
2013-08-26 16:00:00,301.9759521,100.49798,0,0.44218429923057556,0,0.7
2013-08-26 17:00:00,342.072052,86.60896,0,0.203798308968544,0,0.7
2013-08-26 18:00:00,629.8581543,107.973946,0,0.32387804985046387,0,0.7
2013-08-26 19:00:00,511.4514465,1.0,0,0.5593041181564331,0,0.7
2013-08-26 20:00:00,409.0967712,1.0,0,0.6744452118873596,0,0.7
2013-08-26 21:00:00,306.4956665,129.8044,0,0.4886118769645691,0,0.7
2013-08-26 22:00:00,198.7654114,1.0040486,0,0.6980414986610413,0,0.7
2013-08-26 23:00:00,183.337326,1.0,0,0.6020359396934509,0,0.7
2013-08-27 00:00:00,217.9282074,52.07863,0,0.684988796710968,0,0.7
2013-08-27 01:00:00,185.4349365,1.0,0,0.4878566265106201,0,0.7
2013-08-27 02:00:00,190.7172394,1.007984,0,0.668226957321167,0,0.7
2013-08-27 03:00:00,173.413681,1.0,0,0.46398547291755676,0,0.7
2013-08-27 04:00:00,182.987854,1.0,0,0.5221750736236572,0,0.7
2013-08-27 05:00:00,492.3819885,172.08447,0,0.24725686013698578,0,0.7
2013-08-27 06:00:00,308.5383301,1.001992,0,0.6407971978187561,0,0.7
2013-08-27 07:00:00,273.9432068,1.0,0,0.5804513096809387,0,0.7
2013-08-27 08:00:00,1006.149841,136.24008,0,0.7654494643211365,1,0.7
2013-08-27 09:00:00,978.2702637,1.0,0,0.7893591523170471,1,0.7
2013-08-27 10:00:00,779.4625854,1.0,0,0.7985432744026184,1,0.7
2013-08-27 11:00:00,216.0546112,1.0,0,0.7466137409210205,1,0.7
2013-08-27 12:00:00,194.0051575,1.0,0,0.7404072284698486,1,0.7
2013-08-27 13:00:00,202.8517914,1.0040241,0,0.764793336391449,1,0.7
2013-08-27 14:00:00,398.8756409,93.49605,0,0.7888734936714172,1,0.7
2013-08-27 15:00:00,408.7124939,103.7123,0,0.7976894378662109,1,0.7
2013-08-27 16:00:00,310.9720154,112.63347,0,0.7682207822799683,1,0.7
2013-08-27 17:00:00,297.2108154,143.81363,0,0.7549545168876648,1,0.7
2013-08-27 18:00:00,230.2797852,1.0,0,0.7276122570037842,1,0.7
2013-08-27 19:00:00,498.026001,1.001992,0,0.734746515750885,1,0.7
2013-08-27 20:00:00,444.153717,1.0,0,0.7430325746536255,1,0.7
2013-08-27 21:00:00,279.7315063,1.0,0,0.7228341698646545,1,0.7
2013-08-27 22:00:00,258.7643127,1.0,0,0.7130385041236877,1,0.7
2013-08-27 23:00:00,245.2034149,1.004,0,0.7604362964630127,1,0.7
2013-08-28 00:00:00,295.9480896,64.31138,0,0.766926646232605,1,0.7
2013-08-28 01:00:00,257.2149048,1.0,0,0.692203938961029,0,0.7
2013-08-28 02:00:00,256.2456665,1.0020325,0,0.6034317016601562,0,0.7
2013-08-28 03:00:00,199.8827515,1.0,0,0.5777626633644104,0,0.7
2013-08-28 04:00:00,257.604126,101.08817,0,0.5824292302131653,0,0.7
2013-08-28 05:00:00,420.3719788,128.47887,0,0.43647444248199463,0,0.7
2013-08-28 06:00:00,358.9122925,67.0336,0,0.48723629117012024,0,0.7
2013-08-28 07:00:00,739.1171265,56.322266,0,0.5261027812957764,0,0.7
2013-08-28 08:00:00,459.664978,1.0039526,0,0.6673635244369507,0,0.7
2013-08-28 09:00:00,202.5111542,1.0,0,0.633224368095398,0,0.7
2013-08-28 10:00:00,259.1107178,83.155205,0,0.6530334949493408,0,0.7
2013-08-28 11:00:00,200.1394196,1.0,0,0.5704132914543152,0,0.7
2013-08-28 12:00:00,204.3041229,1.001988,0,0.5164169669151306,0,0.7
2013-08-28 13:00:00,202.2384186,1.0,0,0.5174558758735657,0,0.7
2013-08-28 14:00:00,189.0535431,1.0,0,0.44156163930892944,0,0.7
2013-08-28 15:00:00,200.1521301,1.0,0,0.5274732112884521,0,0.7
2013-08-28 16:00:00,373.8390503,79.74258,0,0.45784232020378113,0,0.7
2013-08-28 17:00:00,356.5441895,1.0,0,0.5797299146652222,0,0.7
2013-08-28 18:00:00,400.2063599,1.0,0,0.5637389421463013,0,0.7
2013-08-28 19:00:00,583.0663452,1.0039761,0,0.662764310836792,0,0.7
2013-08-28 20:00:00,469.3639526,1.0,0,0.6641720533370972,0,0.7
2013-08-28 21:00:00,221.9381409,1.0039682,0,0.6751977205276489,0,0.7
2013-08-28 22:00:00,184.6842957,1.0,0,0.6632672548294067,0,0.7
2013-08-28 23:00:00,188.4377136,1.0,0,0.6995053291320801,0,0.7
2013-08-29 00:00:00,163.246582,1.0,0,0.6533687114715576,0,0.7
2013-08-29 01:00:00,179.7787476,1.0,0,0.6949303150177002,0,0.7
2013-08-29 02:00:00,175.8058472,1.0,0,0.6292361617088318,0,0.7
2013-08-29 03:00:00,170.5647736,1.0,0,0.6675499081611633,0,0.7
2013-08-29 04:00:00,177.5866241,1.0,0,0.5934208631515503,0,0.7
2013-08-29 05:00:00,160.3453674,1.0,0,0.5768222212791443,0,0.7
2013-08-29 06:00:00,421.3244629,74.81511,0,0.5108751058578491,0,0.7
2013-08-29 07:00:00,368.7863159,1.0,0,0.7185887694358826,1,0.7
2013-08-29 08:00:00,309.8171082,1.0,0,0.6529254913330078,0,0.7
2013-08-29 09:00:00,422.1383972,86.77715,0,0.672422468662262,0,0.7
2013-08-29 10:00:00,864.7329712,1.0,0,0.7108121514320374,1,0.7
2013-08-29 11:00:00,822.5644531,1.0017985,0,0.7573937773704529,1,0.7
2013-08-29 12:00:00,1284.380127,133.31827,0,0.7426074147224426,1,0.7
2013-08-29 13:00:00,495.8264465,1.0,0,0.6625630259513855,0,0.7
2013-08-29 14:00:00,367.0967712,1.0,0,0.62459397315979,0,0.7
2013-08-29 15:00:00,450.9726868,1.0,0,0.5452429056167603,0,0.7
2013-08-29 16:00:00,467.3933716,73.08273,0,0.4320189654827118,0,0.7
2013-08-29 17:00:00,331.7474365,1.0080483,0,0.44346535205841064,0,0.7
2013-08-29 18:00:00,472.8929138,1.0,0,0.39938050508499146,0,0.7
2013-08-29 19:00:00,522.210144,1.0,0,0.30019646883010864,0,0.7
2013-08-29 20:00:00,633.3010254,1.0,0,0.19818566739559174,0,0.7
2013-08-29 21:00:00,471.9719849,1.0,0,0.1870562732219696,0,0.7
2013-08-29 22:00:00,582.9029541,1.0,0,0.2175278663635254,0,0.7
2013-08-29 23:00:00,182.1094055,1.0020081,0,0.21029365062713623,0,0.7
2013-08-30 00:00:00,175.6387024,1.0,0,0.18382278084754944,0,0.7
2013-08-30 01:00:00,192.4332123,1.012,0,0.1596859097480774,0,0.7
2013-08-30 02:00:00,205.8724213,1.0,0,0.19882415235042572,0,0.7
2013-08-30 03:00:00,174.3020782,1.0,0,0.19600312411785126,0,0.7
2013-08-30 04:00:00,168.9097137,1.0,0,0.16209907829761505,0,0.7
2013-08-30 05:00:00,207.7386017,76.70422,0,0.12977325916290283,0,0.7
2013-08-30 06:00:00,285.9314575,1.0019011,0,0.16945257782936096,0,0.7
2013-08-30 07:00:00,332.7157593,52.956833,0,0.1592460423707962,0,0.7
2013-08-30 08:00:00,526.661438,60.631294,0,0.1848064363002777,0,0.7
2013-08-30 09:00:00,268.6123352,1.0038023,0,0.30179014801979065,0,0.7
2013-08-30 10:00:00,211.1358185,1.0,0,0.4824463129043579,0,0.7
2013-08-30 11:00:00,393.2834778,1.0,0,0.5002305507659912,0,0.7
2013-08-30 12:00:00,540.1343994,1.0,0,0.5850353837013245,0,0.7
2013-08-30 13:00:00,457.800354,1.0,0,0.650709331035614,0,0.7
2013-08-30 14:00:00,370.9593811,1.0,0,0.6365803480148315,0,0.7
2013-08-30 15:00:00,474.6210938,94.681366,0,0.639550507068634,0,0.7
2013-08-30 16:00:00,217.983078,1.0020202,0,0.6725079417228699,0,0.7
2013-08-30 17:00:00,332.5654602,107.57172,0,0.6699954867362976,0,0.7
2013-08-30 18:00:00,406.3604126,1.0,0,0.6449756026268005,0,0.7
2013-08-30 19:00:00,1115.864624,1.0,0,0.6605348587036133,0,0.7
2013-08-30 20:00:00,544.3215942,1.0,0,0.7941204309463501,1,0.7
2013-08-30 21:00:00,249.7261963,1.0,0,0.7641274929046631,1,0.7
2013-08-30 22:00:00,180.6598969,1.0,0,0.769352912902832,1,0.7
2013-08-30 23:00:00,174.4322052,1.0,0,0.7240946292877197,1,0.7
2013-08-31 00:00:00,176.1751709,1.0,0,0.7609502673149109,1,0.7
2013-08-31 01:00:00,181.8858643,1.003992,0,0.7793319821357727,1,0.7
2013-08-31 02:00:00,176.2696228,1.0,0,0.7223693132400513,1,0.7
2013-08-31 03:00:00,171.3094025,1.0,0,0.74128657579422,1,0.7
2013-08-31 04:00:00,176.206131,1.0,0,0.7267444729804993,1,0.7
2013-08-31 05:00:00,186.5042725,1.0,0,0.7139717936515808,1,0.7
2013-08-31 06:00:00,382.7814026,63.366398,0,0.6113142967224121,0,0.7
2013-08-31 07:00:00,1001.191711,62.420635,0,0.7684341669082642,1,0.7
2013-08-31 08:00:00,308.663208,1.0,0,0.9126052856445312,1,0.7
2013-08-31 09:00:00,306.7174683,1.0,0,0.9226484894752502,1,0.7
2013-08-31 10:00:00,192.3448334,1.0,0,0.9264037609100342,1,0.7
2013-08-31 11:00:00,580.0777588,157.38632,0,0.9361817836761475,1,0.7
2013-08-31 12:00:00,284.593811,1.0,0,0.9423233866691589,1,0.7
2013-08-31 13:00:00,374.0476074,67.27911,0,0.9422139525413513,1,0.7
2013-08-31 14:00:00,430.6048584,1.0,0,0.9331380128860474,1,0.7
2013-08-31 15:00:00,319.171814,1.0,0,0.9444566369056702,1,0.7
2013-08-31 16:00:00,185.0856171,1.0,0,0.9365035891532898,1,0.7
2013-08-31 17:00:00,407.6278992,1.0,0,0.9298335909843445,1,0.7
2013-08-31 18:00:00,169.3972168,1.0,0,0.8954107165336609,1,0.7
2013-08-31 19:00:00,326.6354065,86.679924,0,0.9175348281860352,1,0.7
2013-08-31 20:00:00,564.3410034,1.0,0,0.8460748791694641,1,0.7
2013-08-31 21:00:00,678.8502808,0.99571735,0,0.8370662331581116,1,0.7
2013-08-31 22:00:00,523.2692261,67.75449,0,0.831253707408905,1,0.7
2013-08-31 23:00:00,193.7599335,1.0040404,0,0.8766306042671204,1,0.7
2013-09-01 00:00:00,179.9641571,1.0,0,0.8832193613052368,1,0.7
2013-09-01 01:00:00,180.8091278,1.004008,0,0.8735367059707642,1,0.7
2013-09-01 02:00:00,175.4923859,1.0,0,0.8168424367904663,1,0.7
2013-09-01 03:00:00,175.1729431,1.008016,0,0.8273680210113525,1,0.7
2013-09-01 04:00:00,172.4533081,1.0,0,0.7922048568725586,1,0.7
2013-09-01 05:00:00,178.1680756,1.0,0,0.7974156141281128,1,0.7
2013-09-01 06:00:00,167.100174,1.0,0,0.6679967045783997,0,0.7
2013-09-01 07:00:00,279.0288086,109.47177,0,0.6787047386169434,0,0.7
2013-09-01 08:00:00,225.5325317,1.0,0,0.6376464366912842,0,0.7
2013-09-01 09:00:00,200.0220642,1.0,0,0.5858045220375061,0,0.7
2013-09-01 10:00:00,205.957489,1.0,0,0.4984091520309448,0,0.7
2013-09-01 11:00:00,206.2627106,1.0040568,0,0.3993319571018219,0,0.7
2013-09-01 12:00:00,219.5204773,1.0,0,0.28704097867012024,0,0.7
2013-09-01 13:00:00,288.7063904,82.74044,0,0.23822051286697388,0,0.7
2013-09-01 14:00:00,268.2010193,1.0,0,0.23559704422950745,0,0.7
2013-09-01 15:00:00,189.2888947,1.0,0,0.20489640533924103,0,0.7
2013-09-01 16:00:00,306.5627136,114.79394,0,0.19814661145210266,0,0.7
2013-09-01 17:00:00,286.365509,1.0,0,0.15371619164943695,0,0.7
2013-09-01 18:00:00,313.4569092,1.0,0,0.13790714740753174,0,0.7
2013-09-01 19:00:00,471.2241516,1.0,0,0.12242245674133301,0,0.7
2013-09-01 20:00:00,397.1345825,1.004008,0,0.1770690381526947,0,0.7
2013-09-01 21:00:00,687.1513062,1.0079523,0,0.15377087891101837,0,0.7
2013-09-01 22:00:00,801.3516846,1.0,0,0.14799043536186218,0,0.7
2013-09-01 23:00:00,224.3538513,1.0,0,0.1297435611486435,0,0.7
2013-09-02 00:00:00,173.7546844,1.0,0,0.1524161398410797,0,0.7
2013-09-02 01:00:00,201.1042786,1.0,0,0.1593828797340393,0,0.7
2013-09-02 02:00:00,171.8150635,1.0,0,0.21768705546855927,0,0.7
2013-09-02 03:00:00,216.79216,1.0,0,0.20930437743663788,0,0.7
2013-09-02 04:00:00,197.6405487,1.0121212,0,0.2677367925643921,0,0.7
2013-09-02 05:00:00,179.3045654,1.0,0,0.27575361728668213,0,0.7
2013-09-02 06:00:00,342.6156616,128.54059,0,0.3521062731742859,0,0.7
2013-09-02 07:00:00,415.9759521,1.0,0,0.4046974182128906,0,0.7
2013-09-02 08:00:00,438.4295654,1.0,0,0.5369877815246582,0,0.7
2013-09-02 09:00:00,344.3588562,1.0,0,0.6016688346862793,0,0.7
2013-09-02 10:00:00,341.6530762,1.006993,0,0.6929431557655334,0,0.7
2013-09-02 11:00:00,616.008728,118.20282,0,0.6822072267532349,0,0.7
2013-09-02 12:00:00,528.859436,47.606007,0,0.7402767539024353,1,0.7
2013-09-02 13:00:00,368.5171204,1.0036167,0,0.7306492924690247,1,0.7
2013-09-02 14:00:00,405.0187073,1.0,0,0.7080646753311157,1,0.7
2013-09-02 15:00:00,502.2437744,132.13013,0,0.740800142288208,1,0.7
2013-09-02 16:00:00,352.7024231,1.0,0,0.6875670552253723,0,0.7
2013-09-02 17:00:00,398.7172852,72.53345,0,0.6810339689254761,0,0.7
2013-09-02 18:00:00,464.9298096,1.0105448,0,0.5943164825439453,0,0.7
2013-09-02 19:00:00,585.8284912,1.0036364,0,0.6438742876052856,0,0.7
2013-09-02 20:00:00,428.4786377,1.0,0,0.5881105065345764,0,0.7
2013-09-02 21:00:00,233.4742279,1.0,0,0.5519989132881165,0,0.7
2013-09-02 22:00:00,183.5505981,1.0,0,0.46895185112953186,0,0.7
2013-09-02 23:00:00,182.6896515,1.0,0,0.40778130292892456,0,0.7
2013-09-03 00:00:00,168.9482727,1.0,0,0.3653576970100403,0,0.7
2013-09-03 01:00:00,183.1367493,1.0080808,0,0.3743940591812134,0,0.7
2013-09-03 02:00:00,164.4641571,1.0080645,0,0.3029645085334778,0,0.7
2013-09-03 03:00:00,184.0415192,1.0080808,0,0.3255268931388855,0,0.7
2013-09-03 04:00:00,176.5275879,1.0,0,0.24278652667999268,0,0.7
2013-09-03 05:00:00,172.6551666,1.0,0,0.24819819629192352,0,0.7
2013-09-03 06:00:00,435.8024597,141.644,0,0.19339266419410706,0,0.7
2013-09-03 07:00:00,294.3869934,1.0,0,0.40574178099632263,0,0.7
2013-09-03 08:00:00,309.4168091,1.0106761,0,0.4366774559020996,0,0.7
2013-09-03 09:00:00,353.0974426,1.0070299,0,0.5514910817146301,0,0.7
2013-09-03 10:00:00,225.1567993,1.0,0,0.5623125433921814,0,0.7
2013-09-03 11:00:00,362.6940613,1.0,0,0.6092542409896851,0,0.7
2013-09-03 12:00:00,203.4870911,1.0,0,0.620611310005188,0,0.7
2013-09-03 13:00:00,202.9189606,1.0040241,0,0.5828061699867249,0,0.7
2013-09-03 14:00:00,829.7019653,1.0,0,0.587389349937439,0,0.7
2013-09-03 15:00:00,375.3856506,1.0040241,0,0.7017779350280762,1,0.7
2013-09-03 16:00:00,283.1222534,1.0,0,0.740974485874176,1,0.7
2013-09-03 17:00:00,338.7302856,166.43059,0,0.7960150241851807,1,0.7
2013-09-03 18:00:00,526.8134766,1.0,0,0.7917763590812683,1,0.7
2013-09-03 19:00:00,452.6911316,1.0,0,0.8112040758132935,1,0.7
2013-09-03 20:00:00,424.6524048,1.0,0,0.7649339437484741,1,0.7
2013-09-03 21:00:00,317.5900574,1.0,0,0.7430006861686707,1,0.7
2013-09-03 22:00:00,235.1641083,1.0,0,0.7159278392791748,1,0.7
2013-09-03 23:00:00,274.7855835,1.0,0,0.7552334666252136,1,0.7
2013-09-04 00:00:00,274.6140747,1.0,0,0.7082082629203796,1,0.7
2013-09-04 01:00:00,224.0567932,1.0040241,0,0.5930818915367126,0,0.7
2013-09-04 02:00:00,232.9025574,1.0,0,0.5656514167785645,0,0.7
2013-09-04 03:00:00,234.5924683,1.0,0,0.47977009415626526,0,0.7
2013-09-04 04:00:00,229.0620728,1.0,0,0.450776070356369,0,0.7
2013-09-04 05:00:00,293.3092651,61.706,0,0.3860432803630829,0,0.7
2013-09-04 06:00:00,640.3031616,70.759445,0,0.35095059871673584,0,0.7
2013-09-04 07:00:00,435.6881409,1.0,0,0.581175684928894,0,0.7
2013-09-04 08:00:00,747.8666382,1.0,0,0.6259158849716187,0,0.7
2013-09-04 09:00:00,480.3427429,1.0,0,0.5845340490341187,0,0.7
2013-09-04 10:00:00,205.032196,1.0,0,0.6296370625495911,0,0.7
2013-09-04 11:00:00,315.9029541,58.78745,0,0.5613402128219604,0,0.7
2013-09-04 12:00:00,587.5393677,1.0041068,0,0.5337767601013184,0,0.7
2013-09-04 13:00:00,344.7128296,1.0,0,0.43179020285606384,0,0.7
2013-09-04 14:00:00,253.9966278,1.0,0,0.48507991433143616,0,0.7
2013-09-04 15:00:00,225.8293915,1.0,0,0.43564072251319885,0,0.7
2013-09-04 16:00:00,310.79422,76.686745,0,0.5306637287139893,0,0.7
2013-09-04 17:00:00,295.8811646,1.0,0,0.4492642879486084,0,0.7
2013-09-04 18:00:00,356.8598022,1.0,0,0.5457208752632141,0,0.7
2013-09-04 19:00:00,492.9526978,1.0,0,0.45134130120277405,0,0.7
2013-09-04 20:00:00,497.7478638,1.0,0,0.5254065990447998,0,0.7
2013-09-04 21:00:00,471.3466797,1.0080321,0,0.5271926522254944,0,0.7
2013-09-04 22:00:00,517.8410034,1.0079523,0,0.5687494874000549,0,0.7
2013-09-04 23:00:00,642.9451294,1.0040568,0,0.5029537677764893,0,0.7
2013-09-05 00:00:00,186.4179382,1.0,0,0.5391762256622314,0,0.7
2013-09-05 01:00:00,180.3113403,1.0,0,0.5210471749305725,0,0.7
2013-09-05 02:00:00,177.3679657,1.0,0,0.5512216687202454,0,0.7
2013-09-05 03:00:00,173.0409546,1.0,0,0.5460215210914612,0,0.7
2013-09-05 04:00:00,186.4957123,1.0,0,0.5366324782371521,0,0.7
2013-09-05 05:00:00,219.9642181,1.0,0,0.5092385411262512,0,0.7
2013-09-05 06:00:00,300.8094482,70.52296,0,0.5130736231803894,0,0.7
2013-09-05 07:00:00,338.9654541,58.100807,0,0.5285379886627197,0,0.7
2013-09-05 08:00:00,183.8387604,1.0,0,0.509597897529602,0,0.7
2013-09-05 09:00:00,217.1211548,1.0,0,0.5321206450462341,0,0.7
2013-09-05 10:00:00,200.5474548,1.0,0,0.44336462020874023,0,0.7
2013-09-05 11:00:00,343.7927551,63.266804,0,0.35970112681388855,0,0.7
2013-09-05 12:00:00,213.6942596,1.0,0,0.3228563368320465,0,0.7
2013-09-05 13:00:00,330.0519104,1.0,0,0.2863938808441162,0,0.7
2013-09-05 14:00:00,211.591217,1.0,0,0.2751989960670471,0,0.7
2013-09-05 15:00:00,321.630127,89.462776,0,0.30365613102912903,0,0.7
2013-09-05 16:00:00,254.2233429,1.0,0,0.29004907608032227,0,0.7
2013-09-05 17:00:00,442.8161621,48.765453,0,0.30519670248031616,0,0.7
2013-09-05 18:00:00,410.7145386,1.0,0,0.4271641969680786,0,0.7
2013-09-05 19:00:00,456.5656433,1.0,0,0.4543936848640442,0,0.7
2013-09-05 20:00:00,454.5736084,1.0,0,0.45779305696487427,0,0.7
2013-09-05 21:00:00,257.3828125,1.0,0,0.4256155490875244,0,0.7
2013-09-05 22:00:00,252.3378448,1.0,0,0.45262953639030457,0,0.7
2013-09-05 23:00:00,225.6807404,1.0,0,0.38845086097717285,0,0.7
2013-09-06 00:00:00,237.6345215,1.0,0,0.3367561101913452,0,0.7
2013-09-06 01:00:00,230.8885193,1.0,0,0.29556694626808167,0,0.7
2013-09-06 02:00:00,242.7563477,1.0,0,0.319316029548645,0,0.7
2013-09-06 03:00:00,215.7550659,1.0040568,0,0.27308228611946106,0,0.7
2013-09-06 04:00:00,235.9372864,1.0,0,0.2899046838283539,0,0.7
2013-09-06 05:00:00,238.5177612,1.0,0,0.23712898790836334,0,0.7
2013-09-06 06:00:00,404.887146,83.93542,0,0.2797088325023651,0,0.7
2013-09-06 07:00:00,411.5852051,1.0035149,0,0.32992884516716003,0,0.7
2013-09-06 08:00:00,382.3905029,1.0,0,0.37891316413879395,0,0.7
2013-09-06 09:00:00,793.8519287,1.0,0,0.36941641569137573,0,0.7
2013-09-06 10:00:00,495.8643494,1.0,0,0.36732953786849976,0,0.7
2013-09-06 11:00:00,322.798645,1.0,0,0.35523325204849243,0,0.7
2013-09-06 12:00:00,429.0820618,104.08406,0,0.35510319471359253,0,0.7
2013-09-06 13:00:00,379.1455078,1.0,0,0.2858261168003082,0,0.7
2013-09-06 14:00:00,370.1759644,1.0,0,0.260794997215271,0,0.7
2013-09-06 15:00:00,406.336731,1.0,0,0.23850712180137634,0,0.7
2013-09-06 16:00:00,474.8324585,68.875,0,0.21043822169303894,0,0.7
2013-09-06 17:00:00,482.8283691,1.0,0,0.20558026432991028,0,0.7
2013-09-06 18:00:00,260.7027588,1.005988,0,0.172123521566391,0,0.7
2013-09-06 19:00:00,358.581604,1.0,0,0.200571209192276,0,0.7
2013-09-06 20:00:00,1508.132568,0.99793816,0,0.18846842646598816,0,0.7
2013-09-06 21:00:00,570.6049194,1.0,0,0.36932629346847534,0,0.7
2013-09-06 22:00:00,206.1017303,1.004,0,0.46789440512657166,0,0.7
2013-09-06 23:00:00,197.7130432,1.0,0,0.5908954739570618,0,0.7
2013-09-07 00:00:00,178.1394196,1.0040241,0,0.6596248149871826,0,0.7
2013-09-07 01:00:00,227.2866821,1.0,0,0.6343461871147156,0,0.7
2013-09-07 02:00:00,216.3310547,1.0,0,0.7303174734115601,1,0.7
2013-09-07 03:00:00,171.2832794,1.0,0,0.6248595118522644,0,0.7
2013-09-07 04:00:00,246.5687256,1.0,0,0.6822102665901184,0,0.7
2013-09-07 05:00:00,494.1945496,1.0,0,0.5800455212593079,0,0.7
2013-09-07 06:00:00,209.314621,1.0,0,0.8118268251419067,1,0.7
2013-09-07 07:00:00,423.0263062,159.83037,0,0.8182181715965271,1,0.7
2013-09-07 08:00:00,296.4586182,1.0,0,0.898118793964386,1,0.7
2013-09-07 09:00:00,561.2214355,1.0,0,0.8757284879684448,1,0.7
2013-09-07 10:00:00,722.6533813,80.3008,0,0.9116220474243164,1,0.7
2013-09-07 11:00:00,396.0672607,159.41072,0,0.8675219416618347,1,0.7
2013-09-07 12:00:00,329.6883545,1.0,0,0.917702853679657,1,0.7
2013-09-07 13:00:00,630.4772339,1.0,0,0.8782997131347656,1,0.7
2013-09-07 14:00:00,271.757782,1.0,0,0.9327297806739807,1,0.7
2013-09-07 15:00:00,174.0343628,1.0,0,0.8900260925292969,1,0.7
2013-09-07 16:00:00,238.6923065,1.0,0,0.9253305196762085,1,0.7
2013-09-07 17:00:00,303.9006958,88.93097,0,0.8906601667404175,1,0.7
2013-09-07 18:00:00,302.7996521,1.0,0,0.9160960912704468,1,0.7
2013-09-07 19:00:00,470.4862976,28.567514,0,0.8685935735702515,1,0.7
2013-09-07 20:00:00,404.1993103,1.002004,0,0.8648405075073242,1,0.7
2013-09-07 21:00:00,406.4745789,1.0,0,0.7755580544471741,1,0.7
2013-09-07 22:00:00,268.5146179,1.0080321,0,0.7438660264015198,1,0.7
2013-09-07 23:00:00,182.0307159,1.0,0,0.7583329081535339,1,0.7
2013-09-08 00:00:00,186.8319244,1.0,0,0.6893665194511414,0,0.7
2013-09-08 01:00:00,198.2449036,1.004,0,0.6149612069129944,0,0.7
2013-09-08 02:00:00,177.072998,1.0,0,0.5477308630943298,0,0.7
2013-09-08 03:00:00,188.9551697,1.0020162,0,0.5794699788093567,0,0.7
2013-09-08 04:00:00,196.1618347,1.0,0,0.41675618290901184,0,0.7
2013-09-08 05:00:00,188.1222382,1.0,0,0.3990716338157654,0,0.7
2013-09-08 06:00:00,231.1989746,1.0,0,0.3145180344581604,0,0.7
2013-09-08 07:00:00,396.4421387,78.488,0,0.3479512333869934,0,0.7
2013-09-08 08:00:00,191.2224121,1.0,0,0.3761901259422302,0,0.7
2013-09-08 09:00:00,206.957489,1.0,0,0.4430445432662964,0,0.7
2013-09-08 10:00:00,339.300354,74.98416,0,0.37270015478134155,0,0.7
2013-09-08 11:00:00,198.2163544,1.0,0,0.47669219970703125,0,0.7
2013-09-08 12:00:00,324.2246704,1.0040404,0,0.4115201234817505,0,0.7
2013-09-08 13:00:00,458.2336731,39.39192,0,0.4685429632663727,0,0.7
2013-09-08 14:00:00,238.4650726,1.0,0,0.46533963084220886,0,0.7
2013-09-08 15:00:00,328.746521,87.057884,0,0.5013719797134399,0,0.7
2013-09-08 16:00:00,211.4991608,1.0,0,0.48636627197265625,0,0.7
2013-09-08 17:00:00,368.1080627,75.17589,0,0.5240067839622498,0,0.7
2013-09-08 18:00:00,342.0255432,1.0,0,0.5383588671684265,0,0.7
2013-09-08 19:00:00,407.729126,1.001988,0,0.538750946521759,0,0.7
2013-09-08 20:00:00,428.3333435,1.0,0,0.5573680400848389,0,0.7
2013-09-08 21:00:00,386.2235413,1.0,0,0.5676934123039246,0,0.7
2013-09-08 22:00:00,256.8559265,1.0,0,0.5717573761940002,0,0.7
2013-09-08 23:00:00,228.3720093,1.0,0,0.5645902156829834,0,0.7
2013-09-09 00:00:00,166.463623,1.008016,0,0.5495693683624268,0,0.7
2013-09-09 01:00:00,172.8717957,1.0,0,0.547989547252655,0,0.7
2013-09-09 02:00:00,190.7341309,1.0,0,0.5321118831634521,0,0.7
2013-09-09 03:00:00,180.3615875,1.0,0,0.4824795722961426,0,0.7
2013-09-09 04:00:00,184.9182587,1.0,0,0.44638121128082275,0,0.7
2013-09-09 05:00:00,382.8278809,1.0,0,0.39432042837142944,0,0.7
2013-09-09 06:00:00,491.9467163,96.36364,0,0.4970375895500183,0,0.7
2013-09-09 07:00:00,228.1522522,1.0,0,0.6003616452217102,0,0.7
2013-09-09 08:00:00,249.162262,79.194275,0,0.6237947344779968,0,0.7
2013-09-09 09:00:00,169.1864166,1.0,0,0.5673059821128845,0,0.7
2013-09-09 10:00:00,179.540863,1.0,0,0.5710099339485168,0,0.7
2013-09-09 11:00:00,214.063797,1.0,0,0.5333957672119141,0,0.7
2013-09-09 12:00:00,1056.928467,1.0039526,0,0.432870477437973,0,0.7
2013-09-09 13:00:00,1369.091553,1.0,0,0.6511146426200867,0,0.7
2013-09-09 14:00:00,448.0738831,1.0,0,0.7481048703193665,1,0.7
2013-09-09 15:00:00,170.1585388,1.0,0,0.7639887928962708,1,0.7
2013-09-09 16:00:00,304.6108093,87.274025,0,0.8178849816322327,1,0.7
2013-09-09 17:00:00,461.9693604,83.07539,0,0.8073045015335083,1,0.7
2013-09-09 18:00:00,453.6461487,1.003861,0,0.8487576246261597,1,0.7
2013-09-09 19:00:00,539.9055176,1.0,0,0.8261277079582214,1,0.7
2013-09-09 20:00:00,504.6954956,1.0035088,0,0.7478811144828796,1,0.7
2013-09-09 21:00:00,309.258606,1.0,0,0.7037774324417114,1,0.7
2013-09-09 22:00:00,275.3356323,1.0034844,0,0.6930368542671204,0,0.7
2013-09-09 23:00:00,261.3531494,1.0,0,0.6932505369186401,0,0.7
2013-09-10 00:00:00,236.0208282,1.0,0,0.5529054999351501,0,0.7
2013-09-10 01:00:00,233.6332245,1.0069324,0,0.515618085861206,0,0.7
2013-09-10 02:00:00,222.3147888,1.0,0,0.4559374451637268,0,0.7
2013-09-10 03:00:00,271.0721741,1.0,0,0.5169986486434937,0,0.7
2013-09-10 04:00:00,238.7288361,1.0,0,0.44217944145202637,0,0.7
2013-09-10 05:00:00,238.8704681,1.0,0,0.40135306119918823,0,0.7
2013-09-10 06:00:00,433.0372925,143.7916,0,0.34139204025268555,0,0.7
2013-09-10 07:00:00,340.3086548,1.0,0,0.5399333238601685,0,0.7
2013-09-10 08:00:00,325.2175293,1.0,0,0.46419936418533325,0,0.7
2013-09-10 09:00:00,361.5526428,55.292175,0,0.46288225054740906,0,0.7
2013-09-10 10:00:00,291.7779541,1.0034965,0,0.28447145223617554,0,0.7
2013-09-10 11:00:00,946.9313965,1.0,0,0.3524268567562103,0,0.7
2013-09-10 12:00:00,599.2575684,1.0,0,0.2193470001220703,0,0.7
2013-09-10 13:00:00,398.2581787,76.15183,0,0.23033250868320465,0,0.7
2013-09-10 14:00:00,755.6643066,1.0035088,0,0.3712293803691864,0,0.7
2013-09-10 15:00:00,505.6776428,1.0,0,0.3287312984466553,0,0.7
2013-09-10 16:00:00,456.6723938,131.06842,0,0.2661970257759094,0,0.7
2013-09-10 17:00:00,371.0288086,1.0,0,0.22646327316761017,0,0.7
2013-09-10 18:00:00,280.156189,1.0,0,0.20656521618366241,0,0.7
2013-09-10 19:00:00,480.8743591,1.0,0,0.21718452870845795,0,0.7
2013-09-10 20:00:00,455.8705139,1.0,0,0.19986633956432343,0,0.7
2013-09-10 21:00:00,687.0916748,1.0,0,0.12110622972249985,0,0.7
2013-09-10 22:00:00,848.1045532,1.0039761,0,0.18316905200481415,0,0.7
2013-09-10 23:00:00,196.891571,1.0040568,0,0.25061899423599243,0,0.7
2013-09-11 00:00:00,204.7418213,1.0,0,0.3473411798477173,0,0.7
2013-09-11 01:00:00,169.8086243,1.0,0,0.34733474254608154,0,0.7
2013-09-11 02:00:00,228.7848511,1.0,0,0.4327769875526428,0,0.7
2013-09-11 03:00:00,165.7552032,1.004065,0,0.4358692467212677,0,0.7
2013-09-11 04:00:00,162.8097687,1.0,0,0.5350072383880615,0,0.7
2013-09-11 05:00:00,695.3104858,147.6972,0,0.5112630128860474,0,0.7
2013-09-11 06:00:00,892.7703247,1.0,0,0.7863161563873291,1,0.7
2013-09-11 07:00:00,253.017334,1.0,0,0.837268590927124,1,0.7
2013-09-11 08:00:00,269.8814392,1.0,0,0.8852696418762207,1,0.7
2013-09-11 09:00:00,237.8950043,1.0,0,0.8756524324417114,1,0.7
2013-09-11 10:00:00,187.2389069,1.0,0,0.8946334719657898,1,0.7
2013-09-11 11:00:00,224.2119598,1.0,0,0.9046614766120911,1,0.7
2013-09-11 12:00:00,179.6843872,1.0040404,0,0.8871689438819885,1,0.7
2013-09-11 13:00:00,200.6984711,1.0,0,0.87858647108078,1,0.7
2013-09-11 14:00:00,174.7288208,1.0040404,0,0.8953110575675964,1,0.7
2013-09-11 15:00:00,195.590271,1.0,0,0.8677029013633728,1,0.7
2013-09-11 16:00:00,458.5162964,69.02178,0,0.8599879145622253,1,0.7
2013-09-11 17:00:00,363.093689,1.0,0,0.9194149374961853,1,0.7
2013-09-11 18:00:00,366.6247864,1.0,0,0.9346272349357605,1,0.7
2013-09-11 19:00:00,493.878418,66.44974,0,0.9420218467712402,1,0.7
2013-09-11 20:00:00,414.5838928,1.0,0,0.9408940076828003,1,0.7
2013-09-11 21:00:00,346.0784912,1.0,0,0.938787043094635,1,0.7
2013-09-11 22:00:00,176.6513672,1.0,0,0.9284230470657349,1,0.7
2013-09-11 23:00:00,223.3959045,1.0080483,0,0.8896575570106506,1,0.7
2013-09-12 00:00:00,199.6130066,1.0,0,0.875786304473877,1,0.7
2013-09-12 01:00:00,190.9432983,1.0,0,0.853173553943634,1,0.7
2013-09-12 02:00:00,191.938385,1.0,0,0.8310406804084778,1,0.7
2013-09-12 03:00:00,175.6413422,1.0,0,0.7621179223060608,1,0.7
2013-09-12 04:00:00,187.7692261,1.0,0,0.7249687910079956,1,0.7
2013-09-12 05:00:00,176.9948425,1.0,0,0.6474282741546631,0,0.7
2013-09-12 06:00:00,212.9045105,1.0,0,0.5952438116073608,0,0.7
2013-09-12 07:00:00,262.6219177,64.13498,0,0.34476301074028015,0,0.7
2013-09-12 08:00:00,309.2680664,1.0,0,0.3448534905910492,0,0.7
2013-09-12 09:00:00,184.9012146,1.0,0,0.3254730999469757,0,0.7
2013-09-12 10:00:00,295.9620667,1.0,0,0.33865711092948914,0,0.7
2013-09-12 11:00:00,235.8754272,1.0,0,0.2927544414997101,0,0.7
2013-09-12 12:00:00,203.7478485,1.0,0,0.24125869572162628,0,0.7
2013-09-12 13:00:00,220.2915192,1.0,0,0.17517811059951782,0,0.7
2013-09-12 14:00:00,200.9469147,1.0,0,0.13258206844329834,0,0.7
2013-09-12 15:00:00,213.7098999,1.0,0,0.11244381964206696,0,0.7
2013-09-12 16:00:00,188.4058228,1.0,0,0.09380082786083221,0,0.7
2013-09-12 17:00:00,195.0253448,1.0,0,0.0822368785738945,0,0.7
2013-09-12 18:00:00,310.9173889,95.028114,0,0.07428346574306488,0,0.7
2013-09-12 19:00:00,328.6819763,1.004008,0,0.0811527818441391,0,0.7
2013-09-12 20:00:00,411.3605347,1.0,0,0.0799802839756012,0,0.7
2013-09-12 21:00:00,317.6372986,1.0,0,0.10143980383872986,0,0.7
2013-09-12 22:00:00,263.0050964,1.0,0,0.11229337006807327,0,0.7
2013-09-12 23:00:00,231.1794891,1.0080483,0,0.11373113095760345,0,0.7
2013-09-13 00:00:00,198.1139526,1.0,0,0.13280710577964783,0,0.7
2013-09-13 01:00:00,179.4991455,1.0,0,0.12095511704683304,0,0.7
2013-09-13 02:00:00,195.9915161,1.0,0,0.10725516080856323,0,0.7
2013-09-13 03:00:00,175.4746552,1.004008,0,0.09650897234678268,0,0.7
2013-09-13 04:00:00,232.2881317,1.0,0,0.1125582829117775,0,0.7
2013-09-13 05:00:00,198.9521332,1.0,0,0.10181984305381775,0,0.7
2013-09-13 06:00:00,205.7305145,1.0,0,0.10929732769727707,0,0.7
2013-09-13 07:00:00,174.4178009,1.0,0,0.0990610271692276,0,0.7
2013-09-13 08:00:00,332.0330505,68.065346,0,0.10507743060588837,0,0.7
2013-09-13 09:00:00,342.5008545,1.0035651,0,0.11782999336719513,0,0.7
2013-09-13 10:00:00,229.7005005,1.0075902,0,0.15389540791511536,0,0.7
2013-09-13 11:00:00,197.0241852,1.0,0,0.17238764464855194,0,0.7
2013-09-13 12:00:00,186.6881409,1.0080483,0,0.1578734815120697,0,0.7
2013-09-13 13:00:00,184.8206482,1.0040404,0,0.14491452276706696,0,0.7
2013-09-13 14:00:00,193.0749512,1.0,0,0.12127536535263062,0,0.7
2013-09-13 15:00:00,180.110733,1.0,0,0.1000511422753334,0,0.7
2013-09-13 16:00:00,206.8430023,1.0,0,0.09679073095321655,0,0.7
2013-09-13 17:00:00,175.4017029,1.0,0,0.094051294028759,0,0.7
2013-09-13 18:00:00,195.0598297,1.0,0,0.08903957158327103,0,0.7
2013-09-13 19:00:00,425.3868713,156.728,0,0.08417997509241104,0,0.7
2013-09-13 20:00:00,1727.54126,8.723684,0,0.15673379600048065,0,0.7
2013-09-13 21:00:00,749.2736816,1.005988,0,0.458940327167511,0,0.7
2013-09-13 22:00:00,196.4438782,1.012,0,0.43832075595855713,0,0.7
2013-09-13 23:00:00,196.443512,1.0,0,0.5711936354637146,0,0.7
2013-09-14 00:00:00,204.4054565,1.0,0,0.6695547699928284,0,0.7
2013-09-14 01:00:00,181.4837646,1.0,0,0.7484939694404602,1,0.7
2013-09-14 02:00:00,191.9741364,1.0040486,0,0.7002425193786621,1,0.7
2013-09-14 03:00:00,179.8747864,1.0080808,0,0.6185498833656311,0,0.7
2013-09-14 04:00:00,188.5346069,1.0,0,0.7396196126937866,1,0.7
2013-09-14 05:00:00,198.3658142,1.0,0,0.7339613437652588,1,0.7
2013-09-14 06:00:00,191.6459351,1.0,0,0.6781555414199829,0,0.7
2013-09-14 07:00:00,435.7549133,103.74097,0,0.6275870203971863,0,0.7
2013-09-14 08:00:00,369.2090149,51.77046,0,0.869002103805542,1,0.7
2013-09-14 09:00:00,262.4536133,1.0,0,0.8892658352851868,1,0.7
2013-09-14 10:00:00,315.8234253,1.0,0,0.9036930203437805,1,0.7
2013-09-14 11:00:00,511.13974,262.148,0,0.8934521079063416,1,0.7
2013-09-14 12:00:00,418.402771,62.822224,1,0.9472960233688354,1,0.7
2013-09-14 13:00:00,258.1828918,1.0,1,0.9208739995956421,1,0.7
2013-09-14 14:00:00,227.9948425,1.004,1,0.9378162026405334,1,0.7
2013-09-14 15:00:00,651.1120605,1.0,1,0.9018421173095703,1,0.7
2013-09-14 16:00:00,799.6193848,1.0,1,0.9323455095291138,1,0.7
2013-09-14 17:00:00,497.3199158,167.52872,1,0.8850188851356506,1,0.7
2013-09-14 18:00:00,495.1109314,80.481186,1,0.893679141998291,1,0.7
2013-09-14 19:00:00,500.9454041,1.0,1,0.8108644485473633,1,0.7
2013-09-14 20:00:00,443.0102539,1.0,1,0.774499237537384,1,0.7
2013-09-14 21:00:00,207.4837646,1.0,1,0.686034083366394,0,0.7
2013-09-14 22:00:00,202.3079529,1.0,1,0.5094042420387268,0,0.7
2013-09-14 23:00:00,203.927002,1.0,1,0.5442209839820862,0,0.7
2013-09-15 00:00:00,206.4540863,1.0,1,0.552230954170227,0,0.7
2013-09-15 01:00:00,222.5741425,1.0081466,1,0.5713512301445007,0,0.7
2013-09-15 02:00:00,188.027771,1.0,1,0.5346297025680542,0,0.7
2013-09-15 03:00:00,185.8694153,1.0040241,1,0.5137230157852173,0,0.7
2013-09-15 04:00:00,207.4402008,1.0,1,0.43690240383148193,0,0.7
2013-09-15 05:00:00,185.7335663,1.0,1,0.37277647852897644,0,0.7
2013-09-15 06:00:00,212.2006989,1.0,1,0.34326431155204773,0,0.7
2013-09-15 07:00:00,497.3430786,121.3428,1,0.28585004806518555,0,0.7
2013-09-15 08:00:00,495.7679749,1.004,1,0.482883095741272,0,0.7
2013-09-15 09:00:00,705.8156128,1.0,1,0.572623074054718,0,0.7
2013-09-15 10:00:00,194.2324829,1.0,1,0.6047163009643555,0,0.7
2013-09-15 11:00:00,191.8143158,1.0,1,0.6779299974441528,0,0.7
2013-09-15 12:00:00,180.3122864,1.0,0,0.592246949672699,0,0.7
2013-09-15 13:00:00,177.2581177,1.0040733,0,0.6122708320617676,0,0.7
2013-09-15 14:00:00,242.6884613,69.58586,0,0.5690294504165649,0,0.7
2013-09-15 15:00:00,344.7795105,1.0,0,0.584340512752533,0,0.7
2013-09-15 16:00:00,390.3631592,91.53955,0,0.5740259289741516,0,0.7
2013-09-15 17:00:00,325.386322,1.0,0,0.591870129108429,0,0.7
2013-09-15 18:00:00,486.9622498,1.0,0,0.5618296265602112,0,0.7
2013-09-15 19:00:00,454.653595,1.0080645,0,0.6913502216339111,0,0.7
2013-09-15 20:00:00,355.2598267,1.0040241,0,0.6657664775848389,0,0.7
2013-09-15 21:00:00,185.8779602,1.0040404,0,0.6803076863288879,0,0.7
2013-09-15 22:00:00,191.1904755,1.0,0,0.664199709892273,0,0.7
2013-09-15 23:00:00,166.1135559,1.0,0,0.7307431101799011,1,0.7
2013-09-16 00:00:00,181.0510254,1.0080483,0,0.6714938282966614,0,0.7
2013-09-16 01:00:00,166.1592407,1.0,0,0.6615907549858093,0,0.7
2013-09-16 02:00:00,180.1373901,1.0,0,0.5822259783744812,0,0.7
2013-09-16 03:00:00,171.4090118,1.004008,0,0.6080145835876465,0,0.7
2013-09-16 04:00:00,176.5034485,1.0,0,0.5201406478881836,0,0.7
2013-09-16 05:00:00,193.9024353,1.0,0,0.4818529784679413,0,0.7
2013-09-16 06:00:00,551.3832397,121.34347,0,0.378580778837204,0,0.7
2013-09-16 07:00:00,321.8336182,1.0,0,0.7323512434959412,1,0.7
2013-09-16 08:00:00,312.9360962,1.0,0,0.7743732929229736,1,0.7
2013-09-16 09:00:00,462.9378357,1.0078431,0,0.7834041118621826,1,0.7
2013-09-16 10:00:00,715.4157715,1.0,0,0.7470406889915466,1,0.7
2013-09-16 11:00:00,452.1140442,1.0,0,0.7426269054412842,1,0.7
2013-09-16 12:00:00,197.6847382,1.004016,0,0.7271245718002319,1,0.7
2013-09-16 13:00:00,203.036026,1.0,0,0.7003638744354248,1,0.7
2013-09-16 14:00:00,190.4810944,1.0,0,0.7231853604316711,1,0.7
2013-09-16 15:00:00,207.3650208,1.0,0,0.7268878221511841,1,0.7
2013-09-16 16:00:00,449.2327576,201.26347,0,0.7473911046981812,1,0.7
2013-09-16 17:00:00,271.3184814,1.0,1,0.74394291639328,1,0.7
2013-09-16 18:00:00,434.2362976,1.0,1,0.8171576857566833,1,0.7
2013-09-16 19:00:00,479.2940063,1.0,1,0.8253402709960938,1,0.7
2013-09-16 20:00:00,286.2637024,1.0,1,0.8504749536514282,1,0.7
2013-09-16 21:00:00,240.3440704,1.0,1,0.828567385673523,1,0.7
2013-09-16 22:00:00,230.2637024,1.0,1,0.8561890721321106,1,0.7
2013-09-16 23:00:00,226.462204,1.004016,1,0.83365797996521,1,0.7
2013-09-17 00:00:00,176.7130585,1.0,1,0.8323578238487244,1,0.7
2013-09-17 01:00:00,173.2220306,1.0,1,0.7706228494644165,1,0.7
2013-09-17 02:00:00,187.5765991,1.0,1,0.760642409324646,1,0.7
2013-09-17 03:00:00,168.5279694,1.0081136,1,0.6566385626792908,0,0.7
2013-09-17 04:00:00,186.8414612,1.0,1,0.6309998035430908,0,0.7
2013-09-17 05:00:00,174.406311,1.0,1,0.5102675557136536,0,0.7
2013-09-17 06:00:00,366.3651123,94.0593,1,0.5003204345703125,0,0.7
2013-09-17 07:00:00,387.0765076,1.0,1,0.5117409229278564,0,0.7
2013-09-17 08:00:00,300.027771,1.0,1,0.5942643284797668,0,0.7
2013-09-17 09:00:00,344.3177185,1.0,1,0.6205030083656311,0,0.7
2013-09-17 10:00:00,305.5516663,1.0,1,0.6223962903022766,0,0.7
2013-09-17 11:00:00,328.5903625,1.0,1,0.5870180130004883,0,0.7
2013-09-17 12:00:00,414.1511536,70.875,1,0.5309369564056396,0,0.7
2013-09-17 13:00:00,291.502594,1.0,1,0.5308845639228821,0,0.7
2013-09-17 14:00:00,339.324707,1.0,1,0.45116403698921204,0,0.7
2013-09-17 15:00:00,317.3155212,3.4293194,1,0.4371635317802429,0,0.7
2013-09-17 16:00:00,221.1421204,7.8559837,1,0.38579270243644714,0,0.7
2013-09-17 17:00:00,457.0089111,266.30328,0,0.39224952459335327,0,0.7
2013-09-17 18:00:00,204.6741333,1.0,1,0.39692747592926025,0,0.7
2013-09-17 19:00:00,774.354248,1.0,1,0.42801693081855774,0,0.7
2013-09-17 20:00:00,819.8535767,1.0,1,0.49589070677757263,0,0.7
2013-09-17 21:00:00,271.644104,1.0,1,0.6054331660270691,0,0.7
2013-09-17 22:00:00,197.494812,1.0,1,0.5994642972946167,0,0.7
2013-09-17 23:00:00,173.5484467,1.0,1,0.7094801068305969,1,0.7
2013-09-18 00:00:00,186.3200073,1.0,1,0.6773137450218201,0,0.7
2013-09-18 01:00:00,182.6101379,1.0,1,0.7129343748092651,1,0.7
2013-09-18 02:00:00,283.8336182,1.0082474,1,0.67471843957901,0,0.7
2013-09-18 03:00:00,190.9584045,1.0,1,0.6482646465301514,0,0.7
2013-09-18 04:00:00,166.5553589,1.004016,1,0.6466240286827087,0,0.7
2013-09-18 05:00:00,187.8890839,1.008,1,0.6061302423477173,0,0.7
2013-09-18 06:00:00,177.1443634,1.0,1,0.5528420805931091,0,0.7
2013-09-18 07:00:00,503.1791687,113.831985,1,0.5363295674324036,0,0.7
2013-09-18 08:00:00,227.440979,1.0,1,0.75644850730896,1,0.7
2013-09-18 09:00:00,203.8517303,1.0,1,0.8131474852561951,1,0.7
2013-09-18 10:00:00,215.540863,1.0041323,1,0.853284478187561,1,0.7
2013-09-18 11:00:00,194.1260834,1.0020325,1,0.8546217679977417,1,0.7
2013-09-18 12:00:00,207.5795898,1.0040568,1,0.8488441109657288,1,0.7
2013-09-18 13:00:00,194.8217926,1.0,1,0.8164501190185547,1,0.7
2013-09-18 14:00:00,195.2921753,1.0,1,0.8022828698158264,1,0.7
2013-09-18 15:00:00,214.994812,1.0,1,0.7814815640449524,1,0.7
2013-09-18 16:00:00,292.3013916,1.0,1,0.7176598906517029,1,0.7
2013-09-18 17:00:00,1051.814941,1.0,1,0.6428353190422058,0,0.7
2013-09-18 18:00:00,531.0316162,1.0,0,0.902372419834137,1,0.7
2013-09-18 19:00:00,425.5523071,1.0,0,0.905369758605957,1,0.7
2013-09-18 20:00:00,449.0589294,1.0,0,0.9022536277770996,1,0.7
2013-09-18 21:00:00,366.0523682,1.0,0,0.8272868990898132,1,0.7
2013-09-18 22:00:00,237.0582123,1.0,0,0.8392601609230042,1,0.7
2013-09-18 23:00:00,213.4887695,1.0,0,0.8187288045883179,1,0.7
2013-09-19 00:00:00,168.3287201,1.0,0,0.8035544157028198,1,0.7
2013-09-19 01:00:00,235.0294189,1.0081632,0,0.7911182045936584,1,0.7
2013-09-19 02:00:00,187.7048645,1.0,0,0.7918131351470947,1,0.7
2013-09-19 03:00:00,167.3142395,1.0,0,0.7322734594345093,1,0.7
2013-09-19 04:00:00,188.6020813,1.0041323,0,0.7258706092834473,1,0.7
2013-09-19 05:00:00,170.5407257,1.0082644,0,0.693181037902832,0,0.7
2013-09-19 06:00:00,191.6458282,1.0,0,0.6775586009025574,0,0.7
2013-09-19 07:00:00,412.7181702,149.91429,0,0.548292338848114,0,0.7
2013-09-19 08:00:00,280.5105286,1.0082304,0,0.6463421583175659,0,0.7
2013-09-19 09:00:00,199.9408722,1.0,0,0.7089323997497559,1,0.7
2013-09-19 10:00:00,197.1566315,1.0,0,0.7235801219940186,1,0.7
2013-09-19 11:00:00,933.8977051,84.6778,0,0.6380075812339783,0,0.7
2013-09-19 12:00:00,641.3259888,82.08704,0,0.8184965252876282,1,0.7
2013-09-19 13:00:00,1080.815552,1.0,0,0.8252371549606323,1,0.7
2013-09-19 14:00:00,671.6986084,1.0,0,0.7997919917106628,1,0.7
2013-09-19 15:00:00,236.3356323,1.0081799,0,0.7659182548522949,1,0.7
2013-09-19 16:00:00,352.2929077,1.0,0,0.7424673438072205,1,0.7
2013-09-19 17:00:00,500.3858032,64.976494,0,0.6858707070350647,0,0.7
2013-09-19 18:00:00,258.1210938,1.0,0,0.632656991481781,0,0.7
2013-09-19 19:00:00,429.010376,1.0,0,0.6239815354347229,0,0.7
2013-09-19 20:00:00,418.7940674,1.0,0,0.612259030342102,0,0.7
2013-09-19 21:00:00,279.474884,1.0,0,0.48130226135253906,0,0.7
2013-09-19 22:00:00,268.1340332,1.0,0,0.46194157004356384,0,0.7
2013-09-19 23:00:00,237.1750488,1.0040404,0,0.5218127965927124,0,0.7
2013-09-20 00:00:00,182.9334564,1.0,0,0.49701887369155884,0,0.7
2013-09-20 01:00:00,169.130661,1.0,0,0.4213801324367523,0,0.7
2013-09-20 02:00:00,206.8037872,1.0,0,0.3961358666419983,0,0.7
2013-09-20 03:00:00,172.2928925,1.0,0,0.4508154094219208,0,0.7
2013-09-20 04:00:00,180.2815247,1.0020618,0,0.46943727135658264,0,0.7
2013-09-20 05:00:00,179.6827545,1.0,0,0.36461949348449707,0,0.7
2013-09-20 06:00:00,217.965271,1.0,0,0.2884954810142517,0,0.7
2013-09-20 07:00:00,495.1070862,145.5491,0,0.2757183611392975,0,0.7
2013-09-20 08:00:00,199.1593628,1.0,0,0.5365630984306335,0,0.7
2013-09-20 09:00:00,210.1538391,1.0,0,0.5312470197677612,0,0.7
2013-09-20 10:00:00,321.355896,1.0,0,0.4359700381755829,0,0.7
2013-09-20 11:00:00,354.2464905,1.0070671,0,0.5540086030960083,0,0.7
2013-09-20 12:00:00,458.6654968,62.855125,0,0.560071587562561,0,0.7
2013-09-20 13:00:00,398.0482788,1.0,0,0.6872397661209106,0,0.7
2013-09-20 14:00:00,371.6062317,1.0,0,0.6833062171936035,0,0.7
2013-09-20 15:00:00,365.6598511,1.0,0,0.6827182173728943,0,0.7
2013-09-20 16:00:00,219.5337982,1.0,0,0.6605805158615112,0,0.7
2013-09-20 17:00:00,421.0262756,99.46279,0,0.6636830568313599,0,0.7
2013-09-20 18:00:00,251.1519928,1.0080972,0,0.6364909410476685,0,0.7
2013-09-20 19:00:00,606.6528931,0.99458,0,0.614536464214325,0,0.7
2013-09-20 20:00:00,1001.103027,1.0,0,0.6901735663414001,0,0.7
2013-09-20 21:00:00,292.7383728,1.0,0,0.751664936542511,1,0.7
2013-09-20 22:00:00,648.7034302,1.0,0,0.7727725505828857,1,0.7
2013-09-20 23:00:00,754.2890625,1.0,0,0.7681170701980591,1,0.7
2013-09-21 00:00:00,231.9965515,1.0040984,0,0.7377141118049622,1,0.7
2013-09-21 01:00:00,228.1386414,1.0,0,0.7625191807746887,1,0.7
2013-09-21 02:00:00,200.2350922,1.0020577,0,0.7299788594245911,1,0.7
2013-09-21 03:00:00,183.497406,1.0041323,0,0.699069082736969,0,0.7
2013-09-21 04:00:00,240.3734741,1.0,0,0.6511539220809937,0,0.7
2013-09-21 05:00:00,205.3304291,1.0,0,0.6254521012306213,0,0.7
2013-09-21 06:00:00,301.184082,123.88935,0,0.5718154907226562,0,0.7
2013-09-21 07:00:00,468.7549133,87.455284,0,0.5124714970588684,0,0.7
2013-09-21 08:00:00,502.5549316,38.176586,0,0.5838569402694702,0,0.7
2013-09-21 09:00:00,302.5919495,91.83027,0,0.6805776953697205,0,0.7
2013-09-21 10:00:00,236.8243408,1.0082135,0,0.6876971125602722,0,0.7
2013-09-21 11:00:00,317.8442993,1.0,0,0.6936428546905518,0,0.7
2013-09-21 12:00:00,220.4208679,1.0,0,0.7040442824363708,1,0.7
2013-09-21 13:00:00,303.8616943,140.03448,0,0.707421064376831,1,0.7
2013-09-21 14:00:00,313.8479004,1.0040241,0,0.7012509107589722,1,0.7
2013-09-21 15:00:00,443.5846558,77.28427,0,0.6650975942611694,0,0.7
2013-09-21 16:00:00,430.2431641,10.51008,0,0.7305017709732056,1,0.7
2013-09-21 17:00:00,459.4186707,1.004,0,0.7064452767372131,1,0.7
2013-09-21 18:00:00,440.2954102,1.0,0,0.7130436301231384,1,0.7
2013-09-21 19:00:00,491.1290283,1.0,0,0.6435657143592834,0,0.7
2013-09-21 20:00:00,474.2355957,1.0,0,0.6316531300544739,0,0.7
2013-09-21 21:00:00,449.698822,1.0,0,0.6122820973396301,0,0.7
2013-09-21 22:00:00,202.2176819,1.0080808,0,0.5585469603538513,0,0.7
2013-09-21 23:00:00,171.77948,1.002,0,0.48614490032196045,0,0.7
2013-09-22 00:00:00,184.1863251,1.0,0,0.41474449634552,0,0.7
2013-09-22 01:00:00,179.25,1.0,0,0.4008292555809021,0,0.7
2013-09-22 02:00:00,175.6977997,1.0,0,0.38182681798934937,0,0.7
2013-09-22 03:00:00,183.9401703,1.0040323,0,0.35391220450401306,0,0.7
2013-09-22 04:00:00,170.1606903,1.0,0,0.29899224638938904,0,0.7
2013-09-22 05:00:00,195.2125854,1.0,0,0.3046802282333374,0,0.7
2013-09-22 06:00:00,183.6479645,1.0,0,0.2557958960533142,0,0.7
2013-09-22 07:00:00,409.0086365,76.90323,0,0.2507782280445099,0,0.7
2013-09-22 08:00:00,180.470993,1.0,0,0.3522101938724518,0,0.7
2013-09-22 09:00:00,289.4179688,99.45692,0,0.3426549732685089,0,0.7
2013-09-22 10:00:00,253.6205139,47.729458,0,0.41312217712402344,0,0.7
2013-09-22 11:00:00,211.9491577,1.0,0,0.3954992890357971,0,0.7
2013-09-22 12:00:00,214.1846161,1.0,0,0.40041717886924744,0,0.7
2013-09-22 13:00:00,176.5441895,1.0,0,0.3513161242008209,0,0.7
2013-09-22 14:00:00,195.71138,1.0,0,0.3271523416042328,0,0.7
2013-09-22 15:00:00,173.3179474,1.0,0,0.3056847155094147,0,0.7
2013-09-22 16:00:00,194.6899414,1.0,0,0.2648273706436157,0,0.7
2013-09-22 17:00:00,459.6308594,184.39442,0,0.2491322159767151,0,0.7
2013-09-22 18:00:00,375.7739868,1.0040568,0,0.4535822868347168,0,0.7
2013-09-22 19:00:00,454.7901001,1.0,0,0.5817410349845886,0,0.7
2013-09-22 20:00:00,639.4699097,1.0,0,0.6231237053871155,0,0.7
2013-09-22 21:00:00,559.7766113,1.0,0,0.6083517670631409,0,0.7
2013-09-22 22:00:00,666.1333618,1.0,0,0.6319249272346497,0,0.7
2013-09-22 23:00:00,186.1061707,1.0,0,0.6366977095603943,0,0.7
2013-09-23 00:00:00,199.1003418,1.0,0,0.6276001334190369,0,0.7
2013-09-23 01:00:00,199.3762817,1.0,0,0.6140096187591553,0,0.7
2013-09-23 02:00:00,225.6524658,1.0,0,0.6121945381164551,0,0.7
2013-09-23 03:00:00,223.5374146,1.0119522,0,0.6198020577430725,0,0.7
2013-09-23 04:00:00,183.4806061,1.0,0,0.5630662441253662,0,0.7
2013-09-23 05:00:00,208.0675659,1.0,0,0.5426766276359558,0,0.7
2013-09-23 06:00:00,211.7542725,1.0,0,0.5104096531867981,0,0.7
2013-09-23 07:00:00,897.9544067,112.384155,0,0.5173597931861877,0,0.7
2013-09-23 08:00:00,1275.851685,1.0,0,0.8376736044883728,1,0.7
2013-09-23 09:00:00,455.5411072,1.0,0,0.9094207286834717,1,0.7
2013-09-23 10:00:00,239.9879456,1.007984,0,0.9078249335289001,1,0.7
2013-09-23 11:00:00,257.1304321,1.0,0,0.9209474325180054,1,0.7
2013-09-23 12:00:00,203.1069641,1.0040323,0,0.9262418150901794,1,0.7
2013-09-23 13:00:00,193.0492401,1.0,0,0.9296196103096008,1,0.7
2013-09-23 14:00:00,217.6565094,1.0,0,0.9033070206642151,1,0.7
2013-09-23 15:00:00,201.3378906,1.0,0,0.8820660710334778,1,0.7
2013-09-23 16:00:00,1006.299622,61.05589,0,0.8999612927436829,1,0.7
2013-09-23 17:00:00,476.5599365,72.390785,0,0.9648270010948181,1,0.7
2013-09-23 18:00:00,236.9080048,1.0,0,0.9708875417709351,1,0.7
2013-09-23 19:00:00,360.5188293,1.0,0,0.9764978885650635,1,0.7
2013-09-23 20:00:00,448.7449036,1.0034965,0,0.9789059162139893,1,0.7
2013-09-23 21:00:00,296.9350281,1.0,0,0.9807025194168091,1,0.7
2013-09-23 22:00:00,195.4473267,1.002012,0,0.9731033444404602,1,0.7
2013-09-23 23:00:00,193.3595886,1.0,0,0.9547531008720398,1,0.7
2013-09-24 00:00:00,192.8600616,1.0,0,0.9484983086585999,1,0.7
2013-09-24 01:00:00,180.1030884,1.0,0,0.9590184688568115,1,0.7
2013-09-24 02:00:00,192.3647308,1.0,0,0.9518154859542847,1,0.7
2013-09-24 03:00:00,176.8120728,1.0,0,0.9460931420326233,1,0.7
2013-09-24 04:00:00,193.3989563,1.0,0,0.935529351234436,1,0.7
2013-09-24 05:00:00,182.0449066,1.0020534,0,0.9237610101699829,1,0.7
2013-09-24 06:00:00,206.0034943,1.0,0,0.9010890126228333,1,0.7
2013-09-24 07:00:00,552.8218384,129.18875,0,0.8276581764221191,1,0.7
2013-09-24 08:00:00,292.7635803,1.0,0,0.9295368790626526,1,0.7
2013-09-24 09:00:00,257.2634277,1.0122449,0,0.8674783706665039,1,0.7
2013-09-24 10:00:00,212.7564697,1.0,0,0.8676626086235046,1,0.7
2013-09-24 11:00:00,378.8608398,1.0,0,0.8587249517440796,1,0.7
2013-09-24 12:00:00,205.3468628,1.0,0,0.8764560222625732,1,0.7
2013-09-24 13:00:00,204.3440704,1.0,0,0.8422619700431824,1,0.7
2013-09-24 14:00:00,205.2918091,1.0,0,0.7856576442718506,1,0.7
2013-09-24 15:00:00,191.9484558,1.0,0,0.7478765845298767,1,0.7
2013-09-24 16:00:00,383.9344788,105.53387,0,0.7002954483032227,1,0.7
2013-09-24 17:00:00,284.5256042,1.0,0,0.6585060954093933,0,0.7
2013-09-24 18:00:00,245.8863983,1.0059289,0,0.5982983112335205,0,0.7
2013-09-24 19:00:00,390.2665405,1.0,0,0.6910591721534729,0,0.7
2013-09-24 20:00:00,344.4302673,1.0,0,0.7090643048286438,1,0.7
2013-09-24 21:00:00,257.8274231,1.0,0,0.7291318774223328,1,0.7
2013-09-24 22:00:00,197.2702637,1.0080321,0,0.6799662113189697,0,0.7
2013-09-24 23:00:00,233.3355865,1.0,0,0.7021114826202393,1,0.7
2013-09-25 00:00:00,180.2866821,1.0,0,0.659650981426239,0,0.7
2013-09-25 01:00:00,190.4523773,1.003992,0,0.6258875131607056,0,0.7
2013-09-25 02:00:00,231.177063,1.008016,0,0.4855499565601349,0,0.7
2013-09-25 03:00:00,178.4386902,1.0,0,0.4395202398300171,0,0.7
2013-09-25 04:00:00,173.8588715,1.004016,0,0.3711912930011749,0,0.7
2013-09-25 05:00:00,186.8503418,1.0040486,0,0.35840898752212524,0,0.7
2013-09-25 06:00:00,330.9222717,86.90982,0,0.24005816876888275,0,0.7
2013-09-25 07:00:00,245.1147308,1.0,0,0.27937889099121094,0,0.7
2013-09-25 08:00:00,187.121109,1.0040568,0,0.20552188158035278,0,0.7
2013-09-25 09:00:00,215.1578064,1.0,0,0.24276100099086761,0,0.7
2013-09-25 10:00:00,196.4559326,1.0,0,0.16373242437839508,0,0.7
2013-09-25 11:00:00,217.9711914,1.0,0,0.16209043562412262,0,0.7
2013-09-25 12:00:00,194.9674072,1.0,0,0.1268278956413269,0,0.7
2013-09-25 13:00:00,253.156723,1.0,0,0.12148839235305786,0,0.7
2013-09-25 14:00:00,223.8175507,1.0,0,0.09039242565631866,0,0.7
2013-09-25 15:00:00,210.8764954,1.0,0,0.0905148908495903,0,0.7
2013-09-25 16:00:00,269.7783508,70.132,0,0.07681360095739365,0,0.7
2013-09-25 17:00:00,1365.343506,62.994164,0,0.07494300603866577,0,0.7
2013-09-25 18:00:00,1522.81311,1.0,0,0.29540684819221497,0,0.7
2013-09-25 19:00:00,763.6271973,1.0,0,0.40540918707847595,0,0.7
2013-09-25 20:00:00,480.4203491,1.0,0,0.3725188374519348,0,0.7
2013-09-25 21:00:00,301.8598328,1.0,0,0.4749065339565277,0,0.7
2013-09-25 22:00:00,195.8839569,1.0040241,0,0.44023534655570984,0,0.7
2013-09-25 23:00:00,180.064621,1.0,0,0.47776955366134644,0,0.7
2013-09-26 00:00:00,179.0,1.0,0,0.4553022086620331,0,0.7
2013-09-26 01:00:00,183.2957306,1.004008,0,0.5092610120773315,0,0.7
2013-09-26 02:00:00,169.7975922,1.0,0,0.4989369511604309,0,0.7
2013-09-26 03:00:00,183.8164673,1.0,0,0.45457425713539124,0,0.7
2013-09-26 04:00:00,219.7294464,1.0,0,0.4976624846458435,0,0.7
2013-09-26 05:00:00,194.2876434,1.0,0,0.5807479619979858,0,0.7
2013-09-26 06:00:00,185.2724152,1.0,0,0.5669511556625366,0,0.7
2013-09-26 07:00:00,488.1426086,94.34791,0,0.43397054076194763,0,0.7
2013-09-26 08:00:00,350.0686035,1.0,0,0.7716265320777893,1,0.7
2013-09-26 09:00:00,339.698822,1.0,0,0.8659399151802063,1,0.7
2013-09-26 10:00:00,259.704071,1.0038835,0,0.8853107690811157,1,0.7
2013-09-26 11:00:00,206.8610229,1.0,0,0.8637405037879944,1,0.7
2013-09-26 12:00:00,201.6010284,1.0,0,0.8671687245368958,1,0.7
2013-09-26 13:00:00,194.5238037,1.0,0,0.8493089079856873,1,0.7
2013-09-26 14:00:00,820.5842285,1.007984,0,0.7976142764091492,1,0.7
2013-09-26 15:00:00,351.771637,1.0,0,0.8170473575592041,1,0.7
2013-09-26 16:00:00,1650.763062,1.0,0,0.815500795841217,1,0.7
2013-09-26 17:00:00,399.778717,1.004,0,0.8821004629135132,1,0.7
2013-09-26 18:00:00,633.3689575,1.0,0,0.8995420932769775,1,0.7
2013-09-26 19:00:00,957.8203735,1.0,0,0.8943409323692322,1,0.7
2013-09-26 20:00:00,502.3088684,1.0,0,0.7449182271957397,1,0.7
2013-09-26 21:00:00,400.715271,1.0039841,0,0.794126033782959,1,0.7
2013-09-26 22:00:00,674.491333,1.0,0,0.6762815117835999,0,0.7
2013-09-26 23:00:00,773.3120728,1.0,0,0.7512632012367249,1,0.7
2013-09-27 00:00:00,206.1131744,1.0,0,0.540492594242096,0,0.7
2013-09-27 01:00:00,189.4338989,1.0060362,0,0.6998109221458435,0,0.7
2013-09-27 02:00:00,203.580307,1.008,0,0.5514935255050659,0,0.7
2013-09-27 03:00:00,183.2406158,1.0,0,0.6955159902572632,0,0.7
2013-09-27 04:00:00,201.2934265,1.0,0,0.49955886602401733,0,0.7
2013-09-27 05:00:00,184.9319763,1.0,0,0.6409319639205933,0,0.7
2013-09-27 06:00:00,397.7051697,91.86028,0,0.5207119584083557,0,0.7
2013-09-27 07:00:00,223.7670135,1.0,0,0.8212364912033081,1,0.7
2013-09-27 08:00:00,805.4046021,1.003992,0,0.65992671251297,0,0.7
2013-09-27 09:00:00,426.7311707,1.0,0,0.9062225818634033,1,0.7
2013-09-27 10:00:00,851.1151733,1.0,0,0.8912925124168396,1,0.7
2013-09-27 11:00:00,438.5667114,1.0,0,0.958967924118042,1,0.7
2013-09-27 12:00:00,399.8519897,1.0,0,0.8984272480010986,1,0.7
2013-09-27 13:00:00,455.1241455,1.0,0,0.9090954065322876,1,0.7
2013-09-27 14:00:00,284.8510132,1.0,0,0.8048966526985168,1,0.7
2013-09-27 15:00:00,218.0632477,1.0,0,0.9136597514152527,1,0.7
2013-09-27 16:00:00,359.0349121,164.71257,0,0.7999517321586609,1,0.7
2013-09-27 17:00:00,470.0226746,98.26946,0,0.8540796637535095,1,0.7
2013-09-27 18:00:00,462.4203491,1.0,0,0.8266531229019165,1,0.7
2013-09-27 19:00:00,471.532196,1.0,0,0.8369908332824707,1,0.7
2013-09-27 20:00:00,372.4619141,1.0,0,0.8032597899436951,1,0.7
2013-09-27 21:00:00,258.1486511,1.0,0,0.810640811920166,1,0.7
2013-09-27 22:00:00,249.9086304,1.0,0,0.7347638607025146,1,0.7
2013-09-27 23:00:00,208.7908173,1.0,0,0.6888146996498108,0,0.7
2013-09-28 00:00:00,204.5836182,1.004008,0,0.4549976587295532,0,0.7
2013-09-28 01:00:00,253.0409546,1.0,0,0.4404611885547638,0,0.7
2013-09-28 02:00:00,195.6500854,1.0,0,0.3451378643512726,0,0.7
2013-09-28 03:00:00,168.792511,1.0040404,0,0.35570135712623596,0,0.7
2013-09-28 04:00:00,182.9740906,1.0,0,0.2753470540046692,0,0.7
2013-09-28 05:00:00,168.7817841,1.0,0,0.22943933308124542,0,0.7
2013-09-28 06:00:00,199.2402039,1.0,0,0.1554267406463623,0,0.7
2013-09-28 07:00:00,511.6340942,117.469185,0,0.15231449902057648,0,0.7
2013-09-28 08:00:00,349.0918579,1.0039526,0,0.30946722626686096,0,0.7
2013-09-28 09:00:00,234.0323639,1.004065,0,0.44654080271720886,0,0.7
2013-09-28 10:00:00,200.171814,1.0,0,0.4604796767234802,0,0.7
2013-09-28 11:00:00,401.45755,1.0,0,0.4854845106601715,0,0.7
2013-09-28 12:00:00,194.6552887,1.0,0,0.5368148684501648,0,0.7
2013-09-28 13:00:00,195.1646881,1.0,0,0.5405398011207581,0,0.7
2013-09-28 14:00:00,168.4831085,1.0,0,0.4996549189090729,0,0.7
2013-09-28 15:00:00,224.1384583,1.0,0,0.5105583071708679,0,0.7
2013-09-28 16:00:00,322.2216492,1.0,0,0.48337429761886597,0,0.7
2013-09-28 17:00:00,594.5910645,88.552895,0,0.5006874203681946,0,0.7
2013-09-28 18:00:00,490.6000061,1.0,0,0.7056852579116821,1,0.7
2013-09-28 19:00:00,406.7903748,1.0,0,0.7574127316474915,1,0.7
2013-09-28 20:00:00,421.6723328,1.0,0,0.7828280925750732,1,0.7
2013-09-28 21:00:00,306.2813416,1.0,0,0.7708605527877808,1,0.7
2013-09-28 22:00:00,188.6013794,1.0,0,0.7885386347770691,1,0.7
2013-09-28 23:00:00,179.5438843,1.0,0,0.7889019250869751,1,0.7
2013-09-29 00:00:00,204.2016907,1.0040241,0,0.7746756672859192,1,0.7
2013-09-29 01:00:00,218.4463348,1.0,0,0.7600203156471252,1,0.7
2013-09-29 02:00:00,170.0440674,1.0040486,0,0.7400102019309998,1,0.7
2013-09-29 03:00:00,182.453125,1.0,0,0.720363199710846,1,0.7
2013-09-29 04:00:00,169.4751282,1.0,0,0.6258594989776611,0,0.7
2013-09-29 05:00:00,185.6500854,1.0080972,0,0.6084863543510437,0,0.7
2013-09-29 06:00:00,240.7607574,1.0,0,0.5215892791748047,0,0.7
2013-09-29 07:00:00,303.7375793,72.34073,0,0.4679102599620819,0,0.7
2013-09-29 08:00:00,364.7155762,62.64,0,0.3703193664550781,0,0.7
2013-09-29 09:00:00,220.748703,1.0,0,0.41439545154571533,0,0.7
2013-09-29 10:00:00,865.008667,1.0,0,0.3986044228076935,0,0.7
2013-09-29 11:00:00,1217.499023,1.0,0,0.626213788986206,0,0.7
2013-09-29 12:00:00,630.006897,1.003992,0,0.63188636302948,0,0.7
2013-09-29 13:00:00,269.4259033,1.0,0,0.6241769194602966,0,0.7
2013-09-29 14:00:00,648.8441162,1.0,0,0.6220188140869141,0,0.7
2013-09-29 15:00:00,299.994751,90.961845,0,0.5489379167556763,0,0.7
2013-09-29 16:00:00,298.7885742,72.02429,0,0.5331243276596069,0,0.7
2013-09-29 17:00:00,455.9196472,1.0,0,0.5589790344238281,0,0.7
2013-09-29 18:00:00,745.657959,1.0078895,0,0.40388476848602295,0,0.7
2013-09-29 19:00:00,458.3396301,1.0,0,0.4472614824771881,0,0.7
2013-09-29 20:00:00,432.4155273,1.0,0,0.48612654209136963,0,0.7
2013-09-29 21:00:00,334.9376221,1.0,0,0.4880620539188385,0,0.7
2013-09-29 22:00:00,218.2825317,1.0,0,0.44641023874282837,0,0.7
2013-09-29 23:00:00,191.4320068,1.0,0,0.4443475306034088,0,0.7
2013-09-30 00:00:00,205.7590332,1.0,0,0.47624629735946655,0,0.7
2013-09-30 01:00:00,197.0413818,1.00409,0,0.4960382580757141,0,0.7
2013-09-30 02:00:00,191.4645996,1.0,0,0.5302751064300537,0,0.7
2013-09-30 03:00:00,196.8973846,1.0,0,0.46575090289115906,0,0.7
2013-09-30 04:00:00,184.2965546,1.0,0,0.5049420595169067,0,0.7
2013-09-30 05:00:00,202.5218964,1.0,0,0.4672641456127167,0,0.7
2013-09-30 06:00:00,200.4870911,1.0,0,0.4297405779361725,0,0.7
2013-09-30 07:00:00,463.018219,95.92786,0,0.27696841955184937,0,0.7
2013-09-30 08:00:00,241.891037,1.0,0,0.5210984349250793,0,0.7
2013-09-30 09:00:00,212.1617432,1.0,0,0.5898910760879517,0,0.7
2013-09-30 10:00:00,681.0230713,1.0,0,0.5804104804992676,0,0.7
2013-09-30 11:00:00,484.3954773,1.0040323,0,0.6153647303581238,0,0.7
2013-09-30 12:00:00,233.1036224,1.0,0,0.7222108244895935,1,0.7
2013-09-30 13:00:00,207.29422,1.0040486,0,0.7303182482719421,1,0.7
2013-09-30 14:00:00,177.5453033,1.0,0,0.7267916202545166,1,0.7
2013-09-30 15:00:00,1716.039917,1.0,0,0.7039794921875,1,0.7
2013-09-30 16:00:00,703.8865356,112.942345,0,0.7872276306152344,1,0.7
2013-09-30 17:00:00,558.3460083,131.75507,0,0.8225117325782776,1,0.7
2013-09-30 18:00:00,495.9152222,1.0,0,0.9023011922836304,1,0.7
2013-09-30 19:00:00,448.001709,1.0040241,0,0.8564440608024597,1,0.7
2013-09-30 20:00:00,447.7589722,1.0040323,0,0.8410707712173462,1,0.7
2013-09-30 21:00:00,251.1494904,1.0,0,0.7531272768974304,1,0.7
2013-09-30 22:00:00,260.545929,1.0,0,0.8061178922653198,1,0.7
2013-09-30 23:00:00,186.9137878,1.0,0,0.6673365831375122,0,0.7
2013-10-01 00:00:00,200.2478485,1.0,0,0.6391860842704773,0,0.7
2013-10-01 01:00:00,180.254303,1.0,0,0.4872904121875763,0,0.7
2013-10-01 02:00:00,243.1252136,1.0,0,0.6306616067886353,0,0.7
2013-10-01 03:00:00,201.427063,1.0,0,0.4705001711845398,0,0.7
2013-10-01 04:00:00,202.331604,1.0,0,0.4770759642124176,0,0.7
2013-10-01 05:00:00,184.3121796,1.0,0,0.33953380584716797,0,0.7
2013-10-01 06:00:00,321.0814209,69.49489,0,0.45708686113357544,0,0.7
2013-10-01 07:00:00,507.2572021,55.857964,0,0.3571733832359314,0,0.7
2013-10-01 08:00:00,366.005188,1.0,0,0.5385439991950989,0,0.7
2013-10-01 09:00:00,443.6943054,69.363,0,0.5007153749465942,0,0.7
2013-10-01 10:00:00,949.9415283,69.4321,0,0.6364317536354065,0,0.7
2013-10-01 11:00:00,513.2763672,1.0,0,0.4910038411617279,0,0.7
2013-10-01 12:00:00,333.504303,1.0,0,0.5396175384521484,0,0.7
2013-10-01 13:00:00,492.7123108,54.659092,0,0.29505428671836853,0,0.7
2013-10-01 14:00:00,337.167511,1.0,0,0.3097448945045471,0,0.7
2013-10-01 15:00:00,347.15625,1.0,0,0.19566677510738373,0,0.7
2013-10-01 16:00:00,277.5906067,1.0,0,0.38188791275024414,0,0.7
2013-10-01 17:00:00,402.9347534,84.770325,0,0.33451732993125916,0,0.7
2013-10-01 18:00:00,251.865387,1.0,0,0.2726404666900635,0,0.7
2013-10-01 19:00:00,378.9073486,1.0038168,0,0.2421911507844925,0,0.7
2013-10-01 20:00:00,383.598938,1.0,0,0.24687369167804718,0,0.7
2013-10-01 21:00:00,229.0104675,1.0,0,0.24214397370815277,0,0.7
2013-10-01 22:00:00,183.6585846,1.0,0,0.24216027557849884,0,0.7
2013-10-01 23:00:00,195.76091,1.0,0,0.22766603529453278,0,0.7
2013-10-02 00:00:00,172.3741302,1.0,0,0.2215804159641266,0,0.7
2013-10-02 01:00:00,195.6447144,1.002045,0,0.24384796619415283,0,0.7
2013-10-02 02:00:00,222.0729218,1.0,0,0.22311796247959137,0,0.7
2013-10-02 03:00:00,191.9827271,1.0,0,0.1815735548734665,0,0.7
2013-10-02 04:00:00,167.0534515,1.0,0,0.16454310715198517,0,0.7
2013-10-02 05:00:00,186.1381683,1.0,0,0.15071095526218414,0,0.7
2013-10-02 06:00:00,255.0735626,94.13293,0,0.13016262650489807,0,0.7
2013-10-02 07:00:00,582.0339355,1.0,0,0.10927064716815948,0,0.7
2013-10-02 08:00:00,500.4740601,1.0081136,0,0.33899497985839844,0,0.7
2013-10-02 09:00:00,582.887085,1.0,0,0.4153200685977936,0,0.7
2013-10-02 10:00:00,211.3702393,1.0,0,0.41749584674835205,0,0.7
2013-10-02 11:00:00,457.1842041,74.03846,0,0.5570306181907654,0,0.7
2013-10-02 12:00:00,200.4776611,1.0,0,0.5171361565589905,0,0.7
2013-10-02 13:00:00,227.9930725,1.0,0,0.5416234135627747,0,0.7
2013-10-02 14:00:00,212.2857208,1.0040984,0,0.4515390396118164,0,0.7
2013-10-02 15:00:00,216.9827576,1.0,0,0.525964617729187,0,0.7
2013-10-02 16:00:00,242.7268066,1.0,0,0.5246196389198303,0,0.7
2013-10-02 17:00:00,521.6205444,102.15936,0,0.508628785610199,0,0.7
2013-10-02 18:00:00,280.9931335,1.0,0,0.6119192838668823,0,0.7
2013-10-02 19:00:00,437.7363892,1.0080321,0,0.7133133411407471,1,0.7
2013-10-02 20:00:00,546.2167969,1.0,0,0.7659444212913513,1,0.7
2013-10-02 21:00:00,265.2389221,1.0,0,0.7941581606864929,1,0.7
2013-10-02 22:00:00,258.5885315,1.0,0,0.7868793606758118,1,0.7
2013-10-02 23:00:00,247.5025787,1.0,0,0.8098742961883545,1,0.7
2013-10-03 00:00:00,206.8600616,1.0,0,0.8072407841682434,1,0.7
2013-10-03 01:00:00,184.9931641,1.0,0,0.788302481174469,1,0.7
2013-10-03 02:00:00,206.4006805,1.0,0,0.7488551735877991,1,0.7
2013-10-03 03:00:00,184.8485413,1.0,0,0.7133349180221558,1,0.7
2013-10-03 04:00:00,204.5968933,1.0,0,0.6947702169418335,0,0.7
2013-10-03 05:00:00,186.6759644,1.0,0,0.6302682757377625,0,0.7
2013-10-03 06:00:00,389.1651917,103.83501,0,0.5680859684944153,0,0.7
2013-10-03 07:00:00,234.752594,1.0081632,0,0.6790876388549805,0,0.7
2013-10-03 08:00:00,219.8519745,1.0,0,0.7008103728294373,1,0.7
2013-10-03 09:00:00,235.5493927,1.0,0,0.6776219010353088,0,0.7
2013-10-03 10:00:00,270.2815247,1.0,0,0.5795542597770691,0,0.7
2013-10-03 11:00:00,219.9070587,1.0,0,0.5517831444740295,0,0.7
2013-10-03 12:00:00,199.9365387,1.0040404,0,0.47046005725860596,0,0.7
2013-10-03 13:00:00,213.8216095,1.0,0,0.3738476634025574,0,0.7
2013-10-03 14:00:00,228.4655151,1.0,0,0.3030809462070465,0,0.7
2013-10-03 15:00:00,197.2576752,1.0,0,0.2719290256500244,0,0.7
2013-10-03 16:00:00,440.0171814,88.334,0,0.22354009747505188,0,0.7
2013-10-03 17:00:00,976.3462524,61.846153,0,0.33445292711257935,0,0.7
2013-10-03 18:00:00,351.1538391,1.008016,0,0.509636402130127,0,0.7
2013-10-03 19:00:00,496.1510925,1.0,0,0.521000862121582,0,0.7
2013-10-03 20:00:00,312.1737671,1.0,0,0.5148037672042847,0,0.7
2013-10-03 21:00:00,283.7724915,1.0,0,0.5143097639083862,0,0.7
2013-10-03 22:00:00,249.1430969,1.004008,0,0.5444594621658325,0,0.7
2013-10-03 23:00:00,235.2122192,1.0,0,0.5103250741958618,0,0.7
2013-10-04 00:00:00,186.2128448,1.0,0,0.4682653546333313,0,0.7
2013-10-04 01:00:00,206.5772552,1.0,0,0.4970977306365967,0,0.7
2013-10-04 02:00:00,184.4077759,1.0,0,0.4838807284832001,0,0.7
2013-10-04 03:00:00,207.0186768,1.0020202,0,0.4218783676624298,0,0.7
2013-10-04 04:00:00,212.4200745,1.0,0,0.4187045395374298,0,0.7
2013-10-04 05:00:00,229.7086945,1.0,0,0.4238312244415283,0,0.7
2013-10-04 06:00:00,203.9042664,1.0,0,0.425952285528183,0,0.7
2013-10-04 07:00:00,478.4006958,114.616936,0,0.32963135838508606,0,0.7
2013-10-04 08:00:00,303.2461853,37.67671,0,0.6070350408554077,0,0.7
2013-10-04 09:00:00,199.4344177,1.012,0,0.6401156187057495,0,0.7
2013-10-04 10:00:00,194.121582,1.0,0,0.697365403175354,0,0.7
2013-10-04 11:00:00,325.9811096,1.0,0,0.6400191783905029,0,0.7
2013-10-04 12:00:00,208.5935364,1.0,0,0.6686350107192993,0,0.7
2013-10-04 13:00:00,202.1646881,1.0040323,0,0.5741862654685974,0,0.7
2013-10-04 14:00:00,195.4957581,1.0,0,0.5508198142051697,0,0.7
2013-10-04 15:00:00,711.5993042,1.0078585,0,0.4564203917980194,0,0.7
2013-10-04 16:00:00,439.3564148,80.20559,0,0.6797360777854919,0,0.7
2013-10-04 17:00:00,295.878418,1.0,0,0.7098374366760254,1,0.7
2013-10-04 18:00:00,228.2248688,1.0,0,0.7054297924041748,1,0.7
2013-10-04 19:00:00,1227.37854,1.0078431,0,0.683460533618927,0,0.7
2013-10-04 20:00:00,676.2461548,83.72056,0,0.7498200535774231,1,0.7
2013-10-04 21:00:00,665.4273682,1.0,0,0.799216091632843,1,0.7
2013-10-04 22:00:00,799.6086426,1.0,0,0.8456847071647644,1,0.7
2013-10-04 23:00:00,204.3174896,1.0,0,0.8195899724960327,1,0.7
2013-10-05 00:00:00,191.8644104,1.0,0,0.8281354904174805,1,0.7
2013-10-05 01:00:00,203.5206909,1.0,0,0.8245224356651306,1,0.7
2013-10-05 02:00:00,196.4675751,1.0080321,0,0.8214767575263977,1,0.7
2013-10-05 03:00:00,191.3050842,1.0,0,0.8121164441108704,1,0.7
2013-10-05 04:00:00,206.2568512,1.0,0,0.8080776333808899,1,0.7
2013-10-05 05:00:00,181.7263489,1.0,0,0.7783026695251465,1,0.7
2013-10-05 06:00:00,411.3478394,104.960396,0,0.814848780632019,1,0.7
2013-10-05 07:00:00,307.5272217,1.0,0,0.8612604141235352,1,0.7
2013-10-05 08:00:00,454.1617432,127.17857,0,0.8585646152496338,1,0.7
2013-10-05 09:00:00,1106.56543,1.0,0,0.8942639827728271,1,0.7
2013-10-05 10:00:00,792.9706421,1.0039526,0,0.936124861240387,1,0.7
2013-10-05 11:00:00,311.377594,49.85972,0,0.9421899318695068,1,0.7
2013-10-05 12:00:00,203.0068359,1.0,0,0.9281215071678162,1,0.7
2013-10-05 13:00:00,177.8096924,1.0,0,0.9430766701698303,1,0.7
2013-10-05 14:00:00,649.4464111,90.73254,0,0.9332268238067627,1,0.7
2013-10-05 15:00:00,725.1698608,1.0,0,0.9183986186981201,1,0.7
2013-10-05 16:00:00,439.210083,1.0,0,0.8938316106796265,1,0.7
2013-10-05 17:00:00,334.4974365,1.0,0,0.9210262298583984,1,0.7
2013-10-05 18:00:00,317.8639526,1.0080321,0,0.9226675033569336,1,0.7
2013-10-05 19:00:00,355.2854614,1.0,0,0.8797618746757507,1,0.7
2013-10-05 20:00:00,449.6309509,1.0,0,0.8650839328765869,1,0.7
2013-10-05 21:00:00,437.3469238,1.0,0,0.8277233839035034,1,0.7
2013-10-05 22:00:00,449.1513672,1.0,0,0.839525580406189,1,0.7
2013-10-05 23:00:00,281.6095886,1.012024,0,0.5406058430671692,0,0.7
2013-10-06 00:00:00,286.0559387,1.0,0,0.601380467414856,0,0.7
2013-10-06 01:00:00,278.4974365,1.0,0,0.4584094285964966,0,0.7
2013-10-06 02:00:00,206.7645111,1.0,0,0.538899838924408,0,0.7
2013-10-06 03:00:00,186.3938904,1.0,0,0.4088432788848877,0,0.7
2013-10-06 04:00:00,209.4869537,1.0,0,0.43355923891067505,0,0.7
2013-10-06 05:00:00,189.0888824,1.0,0,0.3192595839500427,0,0.7
2013-10-06 06:00:00,280.9965515,52.787018,0,0.41105911135673523,0,0.7
2013-10-06 07:00:00,507.7117615,90.76693,0,0.29347407817840576,0,0.7
2013-10-06 08:00:00,980.00177,1.0039841,0,0.547581136226654,0,0.7
2013-10-06 09:00:00,1117.044189,1.0,0,0.591192364692688,0,0.7
2013-10-06 10:00:00,366.675354,1.0,0,0.691213846206665,0,0.7
2013-10-06 11:00:00,271.5393982,79.458,0,0.5664273500442505,0,0.7
2013-10-06 12:00:00,275.4376221,1.0,0,0.534672737121582,0,0.7
2013-10-06 13:00:00,530.779541,1.0079523,0,0.5495784282684326,0,0.7
2013-10-06 14:00:00,415.8092041,1.0,0,0.5073989033699036,0,0.7
2013-10-06 15:00:00,447.1185608,1.0,0,0.49376219511032104,0,0.7
2013-10-06 16:00:00,273.7167358,1.0040486,0,0.375812828540802,0,0.7
2013-10-06 17:00:00,339.6254272,1.0,0,0.4565716087818146,0,0.7
2013-10-06 18:00:00,474.3407288,1.0039841,0,0.3432926535606384,0,0.7
2013-10-06 19:00:00,423.9694824,1.004008,0,0.44057992100715637,0,0.7
2013-10-06 20:00:00,425.6061096,1.0,0,0.3028649389743805,0,0.7
2013-10-06 21:00:00,274.927002,1.007984,0,0.4437220096588135,0,0.7
2013-10-06 22:00:00,253.7874146,1.0040241,0,0.2890290915966034,0,0.7
2013-10-06 23:00:00,234.966095,1.0,0,0.36047688126564026,0,0.7
2013-10-07 00:00:00,182.4139709,1.0,0,0.21257486939430237,0,0.7
2013-10-07 01:00:00,182.4516144,1.0,0,0.3371056914329529,0,0.7
2013-10-07 02:00:00,182.7025604,1.0,0,0.23213982582092285,0,0.7
2013-10-07 03:00:00,181.351944,1.004008,0,0.3225330412387848,0,0.7
2013-10-07 04:00:00,182.3996582,1.0080808,0,0.20252984762191772,0,0.7
2013-10-07 05:00:00,179.707489,1.0,0,0.22145739197731018,0,0.7
2013-10-07 06:00:00,248.5875244,1.0040323,0,0.12966693937778473,0,0.7
2013-10-07 07:00:00,432.1077881,95.257545,0,0.18101835250854492,0,0.7
2013-10-07 08:00:00,317.6506958,48.438877,0,0.23187968134880066,0,0.7
2013-10-07 09:00:00,729.5933228,1.0,0,0.3013498783111572,0,0.7
2013-10-07 10:00:00,518.3934937,1.0,0,0.5150860548019409,0,0.7
2013-10-07 11:00:00,371.4178162,1.0,0,0.5118589401245117,0,0.7
2013-10-07 12:00:00,759.4894409,1.0,0,0.5542486906051636,0,0.7
2013-10-07 13:00:00,323.8683777,1.0,0,0.4494118094444275,0,0.7
2013-10-07 14:00:00,181.6190491,1.0,0,0.4749479591846466,0,0.7
2013-10-07 15:00:00,206.3705597,1.0,0,0.46558594703674316,0,0.7
2013-10-07 16:00:00,386.5549927,109.371254,0,0.5063382387161255,0,0.7
2013-10-07 17:00:00,345.0616455,67.19517,0,0.4983557462692261,0,0.7
2013-10-07 18:00:00,197.0322571,1.008016,0,0.5565904378890991,0,0.7
2013-10-07 19:00:00,814.975769,1.0,0,0.5309085249900818,0,0.7
2013-10-07 20:00:00,1007.006958,1.0,0,0.7592672109603882,1,0.7
2013-10-07 21:00:00,247.9419861,1.0,0,0.82282954454422,1,0.7
2013-10-07 22:00:00,182.2767334,1.0,0,0.8366144895553589,1,0.7
2013-10-07 23:00:00,196.5240479,1.0,0,0.8817055225372314,1,0.7
2013-10-08 00:00:00,181.8976135,1.0,0,0.8897928595542908,1,0.7
2013-10-08 01:00:00,251.9983063,1.004,0,0.9002422094345093,1,0.7
2013-10-08 02:00:00,197.052536,1.010101,0,0.878013551235199,1,0.7
2013-10-08 03:00:00,198.4169464,1.0040323,0,0.8815162181854248,1,0.7
2013-10-08 04:00:00,200.3654785,1.004016,0,0.8741661310195923,1,0.7
2013-10-08 05:00:00,436.4710999,1.0080645,0,0.8594468832015991,1,0.7
2013-10-08 06:00:00,425.9122314,93.195656,0,0.897967517375946,1,0.7
2013-10-08 07:00:00,398.7340393,54.949905,0,0.9106924533843994,1,0.7
2013-10-08 08:00:00,218.6672363,1.0,0,0.919733464717865,1,0.7
2013-10-08 09:00:00,252.4702911,1.0,0,0.9236354231834412,1,0.7
2013-10-08 10:00:00,202.9609528,1.0,0,0.903123676776886,1,0.7
2013-10-08 11:00:00,263.1052551,1.0040241,0,0.8932682275772095,1,0.7
2013-10-08 12:00:00,250.2180634,1.0040568,0,0.8765438795089722,1,0.7
2013-10-08 13:00:00,180.8065033,1.0040486,0,0.784651517868042,1,0.7
2013-10-08 14:00:00,279.5334473,1.0,0,0.796620786190033,1,0.7
2013-10-08 15:00:00,264.4185181,1.0,0,0.7549786567687988,1,0.7
2013-10-08 16:00:00,388.0375977,53.059753,0,0.701731264591217,1,0.7
2013-10-08 17:00:00,580.0664063,99.92523,0,0.7298206686973572,1,0.7
2013-10-08 18:00:00,372.07547,1.0,0,0.8287191987037659,1,0.7
2013-10-08 19:00:00,469.7193909,1.0070922,0,0.7963752746582031,1,0.7
2013-10-08 20:00:00,417.454071,1.0,0,0.7428575754165649,1,0.7
2013-10-08 21:00:00,295.2419128,1.0,0,0.6047321557998657,0,0.7
2013-10-08 22:00:00,255.1894226,1.0,0,0.6257925033569336,0,0.7
2013-10-08 23:00:00,258.0989685,1.0,0,0.5738730430603027,0,0.7
2013-10-09 00:00:00,252.6112976,1.0,0,0.5099713206291199,0,0.7
2013-10-09 01:00:00,256.2741089,1.0,0,0.4701698422431946,0,0.7
2013-10-09 02:00:00,327.0187683,1.0,0,0.42442381381988525,0,0.7
2013-10-09 03:00:00,267.5762634,1.0,0,0.36295557022094727,0,0.7
2013-10-09 04:00:00,231.6071472,1.0,0,0.34594717621803284,0,0.7
2013-10-09 05:00:00,250.9541626,1.0035336,0,0.3015499413013458,0,0.7
2013-10-09 06:00:00,264.204071,1.0,0,0.2877691984176636,0,0.7
2013-10-09 07:00:00,378.6099548,90.02988,0,0.2185329794883728,0,0.7
2013-10-09 08:00:00,240.5643158,1.0039841,0,0.24744568765163422,0,0.7
2013-10-09 09:00:00,173.5417328,1.0,0,0.22311493754386902,0,0.7
2013-10-09 10:00:00,326.619873,105.18145,0,0.22109340131282806,0,0.7
2013-10-09 11:00:00,239.1524048,1.0040486,0,0.20452532172203064,0,0.7
2013-10-09 12:00:00,430.9364319,1.0040241,0,0.2038259655237198,0,0.7
2013-10-09 13:00:00,472.9611511,1.0,0,0.22997727990150452,0,0.7
2013-10-09 14:00:00,248.5371552,1.0,0,0.24431833624839783,0,0.7
2013-10-09 15:00:00,226.1641083,1.0,0,0.26529422402381897,0,0.7
2013-10-09 16:00:00,531.7214355,203.53188,0,0.26646000146865845,0,0.7
2013-10-09 17:00:00,1094.160034,1.0037879,1,0.3333490192890167,0,0.7
2013-10-09 18:00:00,857.1535645,1.0,1,0.3534162938594818,0,0.7
2013-10-09 19:00:00,494.707489,1.0,1,0.3238060772418976,0,0.7
2013-10-09 20:00:00,446.7999878,1.0,1,0.3715722858905792,0,0.7
2013-10-09 21:00:00,405.64505,1.0036298,1,0.2997503876686096,0,0.7
2013-10-09 22:00:00,289.346344,1.0,1,0.35453373193740845,0,0.7
2013-10-09 23:00:00,260.532196,1.0,1,0.2512419521808624,0,0.7
2013-10-10 00:00:00,233.7521362,1.0,1,0.3229639232158661,0,0.7
2013-10-10 01:00:00,221.7589722,1.0120482,1,0.2392638623714447,0,0.7
2013-10-10 02:00:00,288.1563721,1.0,1,0.3057016134262085,0,0.7
2013-10-10 03:00:00,221.3390961,1.0,1,0.1853407472372055,0,0.7
2013-10-10 04:00:00,223.450943,1.0040404,1,0.2769409716129303,0,0.7
2013-10-10 05:00:00,306.3726196,76.07028,1,0.2105446308851242,0,0.7
