index,power_watts,kettle_watts
2013-02-17 16:00:00+00:00,638.7167358398438,0.0
2013-02-17 17:00:00+00:00,573.8969116210938,0.0
2013-02-17 18:00:00+00:00,574.0449829101562,0.0
2013-02-17 19:00:00+00:00,1860.3165283203125,0.0
2013-02-17 20:00:00+00:00,424.23406982421875,0.0
2013-02-17 21:00:00+00:00,597.90380859375,0.0
2013-02-17 22:00:00+00:00,351.2456970214844,0.0
2013-02-17 23:00:00+00:00,307.5395202636719,0.0
2013-02-18 00:00:00+00:00,323.3780212402344,0.0
2013-02-18 01:00:00+00:00,312.2633361816406,0.0
2013-02-18 02:00:00+00:00,310.0998229980469,0.0
2013-02-18 03:00:00+00:00,218.22891235351562,0.0
2013-02-18 04:00:00+00:00,198.89328002929688,0.0
2013-02-18 05:00:00+00:00,245.7965545654297,0.0
2013-02-18 06:00:00+00:00,195.621337890625,0.0
2013-02-18 07:00:00+00:00,363.2185974121094,0.0
2013-02-18 08:00:00+00:00,201.09121704101562,0.0
2013-02-18 09:00:00+00:00,899.4396362304688,0.0
2013-02-18 10:00:00+00:00,981.070068359375,0.0
2013-02-18 11:00:00+00:00,361.6103515625,0.0
2013-02-18 12:00:00+00:00,900.2384033203125,0.0
2013-02-18 13:00:00+00:00,455.51812744140625,0.0
2013-02-18 14:00:00+00:00,470.62176513671875,0.0
2013-02-18 15:00:00+00:00,318.62347412109375,0.0
2013-02-18 16:00:00+00:00,405.4058837890625,0.0
2013-02-18 17:00:00+00:00,509.8500061035156,0.0
2013-02-18 18:00:00+00:00,745.4120483398438,0.0
2013-02-18 19:00:00+00:00,1960.796630859375,0.0
2013-02-18 20:00:00+00:00,572.05517578125,0.0
2013-02-18 21:00:00+00:00,387.1910400390625,0.0
2013-02-18 22:00:00+00:00,394.86724853515625,0.0
2013-02-18 23:00:00+00:00,328.8502502441406,0.0
2013-02-19 00:00:00+00:00,317.69415283203125,0.0
2013-02-19 01:00:00+00:00,294.4413757324219,0.0
2013-02-19 02:00:00+00:00,167.3655242919922,0.0
2013-02-19 03:00:00+00:00,170.47930908203125,0.0
2013-02-19 04:00:00+00:00,186.91378784179688,0.0
2013-02-19 05:00:00+00:00,263.6891174316406,0.0
2013-02-19 06:00:00+00:00,308.5899658203125,0.0
2013-02-19 07:00:00+00:00,167.75302124023438,0.0
2013-02-19 08:00:00+00:00,162.1208953857422,0.0
2013-02-19 09:00:00+00:00,166.7172393798828,0.0
2013-02-19 10:00:00+00:00,239.80276489257812,0.0
2013-02-19 11:00:00+00:00,247.7979278564453,0.0
2013-02-19 12:00:00+00:00,380.3855285644531,0.0
2013-02-19 13:00:00+00:00,377.2257080078125,0.0
2013-02-19 14:00:00+00:00,259.73919677734375,0.0
2013-02-19 15:00:00+00:00,282.2417907714844,0.0
2013-02-19 16:00:00+00:00,344.15399169921875,0.0
2013-02-19 17:00:00+00:00,355.0,0.0
2013-02-19 18:00:00+00:00,833.9429931640625,0.0
2013-02-19 19:00:00+00:00,817.2979125976562,0.0
2013-02-19 20:00:00+00:00,1699.30908203125,0.0
2013-02-19 21:00:00+00:00,558.8145751953125,0.0
2013-02-19 22:00:00+00:00,360.2972412109375,0.0
2013-02-19 23:00:00+00:00,309.6230773925781,0.0
2013-02-20 00:00:00+00:00,321.8846740722656,0.0
2013-02-20 01:00:00+00:00,171.2530059814453,0.0
2013-02-20 02:00:00+00:00,167.6310272216797,0.0
2013-02-20 03:00:00+00:00,174.90516662597656,0.0
2013-02-20 04:00:00+00:00,191.0500030517578,0.0
2013-02-20 05:00:00+00:00,257.3224182128906,0.0
2013-02-20 06:00:00+00:00,269.3979187011719,0.0
2013-02-20 07:00:00+00:00,169.25172424316406,0.0
2013-02-20 08:00:00+00:00,170.5603485107422,0.0
2013-02-20 09:00:00+00:00,169.10000610351562,0.0
2013-02-20 10:00:00+00:00,358.5899658203125,0.0
2013-02-20 11:00:00+00:00,303.8667907714844,0.0
2013-02-20 12:00:00+00:00,339.7702941894531,0.0
2013-02-20 13:00:00+00:00,234.34083557128906,0.0
2013-02-20 14:00:00+00:00,225.00863647460938,0.0
2013-02-20 15:00:00+00:00,235.74913024902344,0.0
2013-02-20 16:00:00+00:00,284.7370300292969,0.0
2013-02-20 17:00:00+00:00,291.4680480957031,0.0
2013-02-20 18:00:00+00:00,638.8396606445312,0.0
2013-02-20 19:00:00+00:00,712.6614990234375,0.0
2013-02-20 20:00:00+00:00,1653.220947265625,0.0
2013-02-20 21:00:00+00:00,348.9327697753906,0.0
2013-02-20 22:00:00+00:00,613.9602661132812,0.0
2013-02-20 23:00:00+00:00,345.98968505859375,0.0
2013-02-21 00:00:00+00:00,303.6058654785156,0.0
2013-02-21 01:00:00+00:00,260.9879455566406,0.0
2013-02-21 02:00:00+00:00,166.1620635986328,0.0
2013-02-21 03:00:00+00:00,176.4456024169922,0.0
2013-02-21 04:00:00+00:00,190.92054748535156,0.0
2013-02-21 05:00:00+00:00,265.22491455078125,0.0
2013-02-21 06:00:00+00:00,380.10345458984375,0.0
2013-02-21 07:00:00+00:00,175.23875427246094,0.0
2013-02-21 08:00:00+00:00,165.59413146972656,0.0
2013-02-21 09:00:00+00:00,178.44886779785156,0.0
2013-02-21 10:00:00+00:00,251.3131561279297,0.0
2013-02-21 11:00:00+00:00,367.30914306640625,0.0
2013-02-21 12:00:00+00:00,348.1271667480469,0.0
2013-02-21 13:00:00+00:00,415.9878845214844,0.0
2013-02-21 14:00:00+00:00,298.90814208984375,0.0
2013-02-21 15:00:00+00:00,314.4124755859375,0.0
2013-02-21 16:00:00+00:00,378.72271728515625,0.0
2013-02-21 17:00:00+00:00,483.7123107910156,0.0
2013-02-21 18:00:00+00:00,885.2491455078125,0.0
2013-02-21 19:00:00+00:00,1428.8900146484375,0.0
2013-02-21 20:00:00+00:00,1119.400634765625,0.0
2013-02-21 21:00:00+00:00,395.04827880859375,0.0
2013-02-21 22:00:00+00:00,343.777587890625,0.0
2013-02-21 23:00:00+00:00,342.1899719238281,0.0
2013-02-22 00:00:00+00:00,332.3724060058594,0.0
2013-02-22 01:00:00+00:00,300.4221496582031,0.0
2013-02-22 02:00:00+00:00,170.51300048828125,0.0
2013-02-22 03:00:00+00:00,179.25823974609375,0.0
2013-02-22 04:00:00+00:00,195.701904296875,0.0
2013-02-22 05:00:00+00:00,277.2183837890625,0.0
2013-02-22 06:00:00+00:00,268.028076171875,0.0
2013-02-22 07:00:00+00:00,179.58058166503906,0.0
2013-02-22 08:00:00+00:00,172.75390625,0.0
2013-02-22 09:00:00+00:00,183.77951049804688,0.0
2013-02-22 10:00:00+00:00,283.79339599609375,0.0
2013-02-22 11:00:00+00:00,359.0308837890625,0.0
2013-02-22 12:00:00+00:00,289.76214599609375,0.0
2013-02-22 13:00:00+00:00,372.52520751953125,0.0
2013-02-22 14:00:00+00:00,296.03826904296875,0.0
2013-02-22 15:00:00+00:00,319.01910400390625,0.0
2013-02-22 16:00:00+00:00,362.68695068359375,0.0
2013-02-22 17:00:00+00:00,789.0953369140625,0.0
2013-02-22 18:00:00+00:00,778.1779174804688,0.0
2013-02-22 19:00:00+00:00,1690.9371337890625,0.0
2013-02-22 20:00:00+00:00,443.6204528808594,0.0
2013-02-22 21:00:00+00:00,410.88214111328125,0.0
2013-02-22 22:00:00+00:00,367.5484313964844,0.0
2013-02-22 23:00:00+00:00,368.7525939941406,0.0
2013-02-23 00:00:00+00:00,300.1020812988281,0.0
2013-02-23 01:00:00+00:00,323.6811218261719,0.0
2013-02-23 02:00:00+00:00,334.4221496582031,0.0
2013-02-23 03:00:00+00:00,235.36741638183594,0.0
2013-02-23 04:00:00+00:00,201.1265106201172,0.0
2013-02-23 05:00:00+00:00,273.7673645019531,0.0
2013-02-23 06:00:00+00:00,217.3240966796875,0.0
2013-02-23 07:00:00+00:00,195.4679412841797,0.0
2013-02-23 08:00:00+00:00,361.8958435058594,0.0
2013-02-23 09:00:00+00:00,228.36048889160156,0.0
2013-02-23 10:00:00+00:00,215.91839599609375,0.0
2013-02-23 11:00:00+00:00,536.9583129882812,0.0
2013-02-23 12:00:00+00:00,1060.42041015625,0.0
2013-02-23 13:00:00+00:00,974.2491455078125,0.0
2013-02-23 14:00:00+00:00,321.1649169921875,0.0
2013-02-23 15:00:00+00:00,375.4270935058594,0.0
2013-02-23 16:00:00+00:00,932.5319213867188,0.0
2013-02-23 17:00:00+00:00,562.6961669921875,0.0
2013-02-23 18:00:00+00:00,1705.965576171875,0.0
2013-02-23 19:00:00+00:00,781.3167114257812,0.0
2013-02-23 20:00:00+00:00,349.20623779296875,0.0
2013-02-23 21:00:00+00:00,396.1958312988281,0.0
2013-02-23 22:00:00+00:00,310.2079772949219,0.0
2013-02-23 23:00:00+00:00,366.439453125,0.0
2013-02-24 00:00:00+00:00,320.62152099609375,0.0
2013-02-24 01:00:00+00:00,311.32525634765625,0.0
2013-02-24 02:00:00+00:00,293.1698303222656,0.0
2013-02-24 03:00:00+00:00,233.91680908203125,0.0
2013-02-24 04:00:00+00:00,191.90814208984375,0.0
2013-02-24 05:00:00+00:00,270.3934020996094,0.0
2013-02-24 06:00:00+00:00,206.28250122070312,0.0
2013-02-24 07:00:00+00:00,174.0935821533203,0.0
2013-02-24 08:00:00+00:00,169.28076171875,0.0
2013-02-24 09:00:00+00:00,497.0,0.0
2013-02-24 10:00:00+00:00,321.8298645019531,0.0
2013-02-24 11:00:00+00:00,1525.312255859375,0.0
2013-02-24 12:00:00+00:00,1516.9249267578125,0.0
2013-02-24 13:00:00+00:00,322.0484313964844,0.0
2013-02-24 14:00:00+00:00,319.0901184082031,0.0
2013-02-24 15:00:00+00:00,486.4575500488281,0.0
2013-02-24 16:00:00+00:00,496.1611633300781,0.0
2013-02-24 17:00:00+00:00,790.8502807617188,0.0
2013-02-24 18:00:00+00:00,1531.662109375,0.0
2013-02-24 19:00:00+00:00,1024.3544921875,0.0
2013-02-24 20:00:00+00:00,708.9965209960938,0.0
2013-02-24 21:00:00+00:00,563.1019287109375,0.0
2013-02-24 22:00:00+00:00,357.0017395019531,0.0
2013-02-24 23:00:00+00:00,335.024169921875,0.0
2013-02-25 00:00:00+00:00,303.95501708984375,0.0
2013-02-25 01:00:00+00:00,310.9169616699219,0.0
2013-02-25 02:00:00+00:00,284.6816711425781,0.0
2013-02-25 03:00:00+00:00,180.80450439453125,0.0
2013-02-25 04:00:00+00:00,197.5667266845703,0.0
2013-02-25 05:00:00+00:00,276.08837890625,0.0
2013-02-25 06:00:00+00:00,215.2842254638672,0.0
2013-02-25 07:00:00+00:00,231.4090118408203,0.0
2013-02-25 08:00:00+00:00,178.38821411132812,0.0
2013-02-25 09:00:00+00:00,182.48873901367188,0.0
2013-02-25 10:00:00+00:00,182.67764282226562,0.0
2013-02-25 11:00:00+00:00,347.6522521972656,0.0
2013-02-25 12:00:00+00:00,290.1076354980469,0.0
2013-02-25 13:00:00+00:00,258.8006896972656,0.0
2013-02-25 14:00:00+00:00,203.9427032470703,0.0
2013-02-25 15:00:00+00:00,225.16839599609375,0.0
2013-02-25 16:00:00+00:00,258.9046936035156,0.0
2013-02-25 17:00:00+00:00,265.8489685058594,0.0
2013-02-25 18:00:00+00:00,594.4533081054688,0.0
2013-02-25 19:00:00+00:00,574.6366577148438,0.0
2013-02-25 20:00:00+00:00,1546.5162353515625,0.0
2013-02-25 21:00:00+00:00,949.93994140625,0.0
2013-02-25 22:00:00+00:00,439.7577819824219,0.0
2013-02-25 23:00:00+00:00,262.7702941894531,0.0
2013-02-26 00:00:00+00:00,197.2837371826172,0.0
2013-02-26 01:00:00+00:00,176.5138397216797,0.0
2013-02-26 02:00:00+00:00,169.17788696289062,0.0
2013-02-26 03:00:00+00:00,169.0034637451172,0.0
2013-02-26 04:00:00+00:00,194.54592895507812,0.0
2013-02-26 05:00:00+00:00,262.8408203125,0.0
2013-02-26 06:00:00+00:00,246.64297485351562,0.0
2013-02-26 07:00:00+00:00,167.6038055419922,0.0
2013-02-26 08:00:00+00:00,173.30902099609375,0.0
2013-02-26 09:00:00+00:00,165.54151916503906,0.0
2013-02-26 10:00:00+00:00,201.6903076171875,0.0
2013-02-26 11:00:00+00:00,262.0623779296875,0.0
2013-02-26 12:00:00+00:00,495.2214660644531,0.0
2013-02-26 13:00:00+00:00,290.0901184082031,0.0
2013-02-26 14:00:00+00:00,294.40972900390625,0.0
2013-02-26 15:00:00+00:00,289.6204528808594,0.0
2013-02-26 16:00:00+00:00,363.3055419921875,0.0
2013-02-26 17:00:00+00:00,395.6811218261719,0.0
2013-02-26 18:00:00+00:00,836.039794921875,0.0
2013-02-26 19:00:00+00:00,824.3483276367188,0.0
2013-02-26 20:00:00+00:00,1784.4864501953125,0.0
2013-02-26 21:00:00+00:00,515.2478637695312,0.0
2013-02-26 22:00:00+00:00,301.2936096191406,0.0
2013-02-26 23:00:00+00:00,284.210693359375,0.0
2013-02-27 00:00:00+00:00,245.19723510742188,0.0
2013-02-27 01:00:00+00:00,164.86183166503906,0.0
2013-02-27 02:00:00+00:00,175.2231903076172,0.0
2013-02-27 03:00:00+00:00,164.5242156982422,0.0
2013-02-27 04:00:00+00:00,202.1159210205078,0.0
2013-02-27 05:00:00+00:00,253.57192993164062,0.0
2013-02-27 06:00:00+00:00,244.35069274902344,0.0
2013-02-27 07:00:00+00:00,178.79202270507812,0.0
2013-02-27 08:00:00+00:00,166.64878845214844,0.0
2013-02-27 09:00:00+00:00,169.0,0.0
2013-02-27 10:00:00+00:00,246.90988159179688,0.0
2013-02-27 11:00:00+00:00,269.2218322753906,0.0
2013-02-27 12:00:00+00:00,503.3477478027344,0.0
2013-02-27 13:00:00+00:00,343.1492919921875,0.0
2013-02-27 14:00:00+00:00,259.8336181640625,0.0
2013-02-27 15:00:00+00:00,309.6857604980469,0.0
2013-02-27 16:00:00+00:00,362.43328857421875,0.0
2013-02-27 17:00:00+00:00,374.7781677246094,0.0
2013-02-27 18:00:00+00:00,786.9010620117188,0.0
2013-02-27 19:00:00+00:00,1033.80029296875,0.0
2013-02-27 20:00:00+00:00,1473.447265625,0.0
2013-02-27 21:00:00+00:00,597.4320678710938,0.0
2013-02-27 22:00:00+00:00,417.0501708984375,0.0
2013-02-27 23:00:00+00:00,353.1076354980469,0.0
2013-02-28 00:00:00+00:00,303.9826965332031,0.0
2013-02-28 01:00:00+00:00,275.4134826660156,0.0
2013-02-28 02:00:00+00:00,177.0934295654297,0.0
2013-02-28 03:00:00+00:00,181.56919860839844,0.0
2013-02-28 04:00:00+00:00,203.421142578125,0.0
2013-02-28 05:00:00+00:00,273.5547790527344,0.0
2013-02-28 06:00:00+00:00,221.4384765625,0.0
2013-02-28 07:00:00+00:00,204.34031677246094,0.0
2013-02-28 08:00:00+00:00,182.5138397216797,0.0
2013-02-28 09:00:00+00:00,184.03639221191406,0.0
2013-02-28 10:00:00+00:00,272.67938232421875,0.0
2013-02-28 11:00:00+00:00,266.8873596191406,0.0
2013-02-28 12:00:00+00:00,329.7400207519531,0.0
2013-02-28 13:00:00+00:00,207.4246063232422,0.0
2013-02-28 14:00:00+00:00,165.11265563964844,0.0
2013-02-28 15:00:00+00:00,186.263427734375,0.0
2013-02-28 16:00:00+00:00,256.2742919921875,0.0
2013-02-28 17:00:00+00:00,263.4705810546875,0.0
2013-02-28 18:00:00+00:00,568.2526245117188,0.0
2013-02-28 19:00:00+00:00,665.5741577148438,0.0
2013-02-28 20:00:00+00:00,468.953369140625,0.0
2013-02-28 21:00:00+00:00,1469.4752197265625,0.0
2013-02-28 22:00:00+00:00,1234.189697265625,0.0
2013-02-28 23:00:00+00:00,496.0155334472656,0.0
2013-03-01 00:00:00+00:00,405.3136901855469,0.0
2013-03-01 01:00:00+00:00,173.64939880371094,0.0
2013-03-01 02:00:00+00:00,175.58030700683594,0.0
2013-03-01 03:00:00+00:00,167.61073303222656,0.0
2013-03-01 04:00:00+00:00,204.75086975097656,0.0
2013-03-01 05:00:00+00:00,252.5259552001953,0.0
2013-03-01 06:00:00+00:00,240.22222900390625,0.0
2013-03-01 07:00:00+00:00,180.0103759765625,0.0
2013-03-01 08:00:00+00:00,210.0501708984375,0.0
2013-03-01 09:00:00+00:00,182.67300415039062,0.0
2013-03-01 10:00:00+00:00,165.5934295654297,0.0
2013-03-01 11:00:00+00:00,174.71798706054688,0.0
2013-03-01 12:00:00+00:00,165.9238739013672,0.0
2013-03-01 13:00:00+00:00,176.23916625976562,0.0
2013-03-01 14:00:00+00:00,164.60899353027344,0.0
2013-03-01 15:00:00+00:00,205.38821411132812,0.0
2013-03-01 16:00:00+00:00,255.80242919921875,0.0
2013-03-01 17:00:00+00:00,284.4644775390625,0.0
2013-03-01 18:00:00+00:00,688.474853515625,0.0
2013-03-01 19:00:00+00:00,493.0692138671875,0.0
2013-03-01 20:00:00+00:00,502.12109375,0.0
2013-03-01 21:00:00+00:00,739.1658325195312,0.0
2013-03-01 22:00:00+00:00,362.1554260253906,0.0
2013-03-01 23:00:00+00:00,266.240478515625,0.0
2013-03-02 00:00:00+00:00,169.97927856445312,0.0
2013-03-02 01:00:00+00:00,174.0294189453125,0.0
2013-03-02 02:00:00+00:00,163.3633270263672,0.0
2013-03-02 03:00:00+00:00,173.23049926757812,0.0
2013-03-02 04:00:00+00:00,189.9064178466797,0.0
2013-03-02 05:00:00+00:00,263.6083068847656,0.0
2013-03-02 06:00:00+00:00,195.0225372314453,0.0
2013-03-02 07:00:00+00:00,175.0138397216797,0.0
2013-03-02 08:00:00+00:00,165.41941833496094,0.0
2013-03-02 09:00:00+00:00,422.25,0.0
2013-03-02 10:00:00+00:00,814.3258056640625,0.0
2013-03-02 11:00:00+00:00,893.42041015625,0.0
2013-03-02 12:00:00+00:00,368.913330078125,0.0
2013-03-02 13:00:00+00:00,298.4974060058594,0.0
2013-03-02 14:00:00+00:00,221.35243225097656,0.0
2013-03-02 15:00:00+00:00,235.1458282470703,0.0
2013-03-02 16:00:00+00:00,451.59375,0.0
2013-03-02 17:00:00+00:00,293.94964599609375,0.0
2013-03-02 18:00:00+00:00,581.5657348632812,0.0
2013-03-02 19:00:00+00:00,360.1663818359375,0.0
2013-03-02 20:00:00+00:00,448.9410705566406,0.0
2013-03-02 21:00:00+00:00,403.24652099609375,0.0
2013-03-02 22:00:00+00:00,197.77162170410156,0.0
2013-03-02 23:00:00+00:00,188.45501708984375,0.0
2013-03-03 00:00:00+00:00,163.07452392578125,0.0
2013-03-03 01:00:00+00:00,172.57440185546875,0.0
2013-03-03 02:00:00+00:00,163.1490478515625,0.0
2013-03-03 03:00:00+00:00,173.1490478515625,0.0
2013-03-03 04:00:00+00:00,189.109375,0.0
2013-03-03 05:00:00+00:00,268.3992919921875,0.0
2013-03-03 06:00:00+00:00,203.62391662597656,0.0
2013-03-03 07:00:00+00:00,173.68055725097656,0.0
2013-03-03 08:00:00+00:00,447.95147705078125,0.0
2013-03-03 09:00:00+00:00,242.19618225097656,0.0
2013-03-03 10:00:00+00:00,215.31304931640625,0.0
2013-03-03 11:00:00+00:00,201.9635467529297,0.0
2013-03-03 12:00:00+00:00,385.1819763183594,0.0
2013-03-03 13:00:00+00:00,228.99305725097656,0.0
2013-03-03 14:00:00+00:00,220.6660919189453,0.0
2013-03-03 15:00:00+00:00,272.7673645019531,0.0
2013-03-03 16:00:00+00:00,300.88348388671875,0.0
2013-03-03 17:00:00+00:00,486.1145935058594,0.0
2013-03-03 18:00:00+00:00,650.0399169921875,0.0
2013-03-03 19:00:00+00:00,553.0518798828125,0.0
2013-03-03 20:00:00+00:00,642.5181884765625,0.0
2013-03-03 21:00:00+00:00,1947.416015625,0.0
2013-03-03 22:00:00+00:00,326.2872009277344,0.0
2013-03-03 23:00:00+00:00,232.26296997070312,0.0
2013-03-04 00:00:00+00:00,168.75259399414062,0.0
2013-03-04 01:00:00+00:00,176.31488037109375,0.0
2013-03-04 02:00:00+00:00,168.35293579101562,0.0
2013-03-04 03:00:00+00:00,173.90988159179688,0.0
2013-03-04 04:00:00+00:00,191.4436798095703,0.0
2013-03-04 05:00:00+00:00,268.7452392578125,0.0
2013-03-04 06:00:00+00:00,289.60589599609375,0.0
2013-03-04 07:00:00+00:00,171.21798706054688,0.0
2013-03-04 08:00:00+00:00,174.55113220214844,0.0
2013-03-04 09:00:00+00:00,196.65684509277344,0.0
2013-03-04 10:00:00+00:00,251.93588256835938,0.0
2013-03-04 11:00:00+00:00,233.6505126953125,0.0
2013-03-04 12:00:00+00:00,241.04454040527344,0.0
2013-03-04 13:00:00+00:00,205.55357360839844,0.0
2013-03-04 14:00:00+00:00,243.26666259765625,0.0
2013-03-04 15:00:00+00:00,241.20103454589844,0.0
2013-03-04 16:00:00+00:00,352.9844055175781,0.0
2013-03-04 17:00:00+00:00,554.5104370117188,0.0
2013-03-04 18:00:00+00:00,659.3663330078125,0.0
2013-03-04 19:00:00+00:00,1724.6866455078125,0.0
2013-03-04 20:00:00+00:00,754.0918579101562,0.0
2013-03-04 21:00:00+00:00,378.30914306640625,0.0
2013-03-04 22:00:00+00:00,295.1972351074219,0.0
2013-03-04 23:00:00+00:00,307.89984130859375,0.0
2013-03-05 00:00:00+00:00,300.86187744140625,0.0
2013-03-05 01:00:00+00:00,314.2079772949219,0.0
2013-03-05 02:00:00+00:00,275.55535888671875,0.0
2013-03-05 03:00:00+00:00,171.05892944335938,0.0
2013-03-05 04:00:00+00:00,206.97743225097656,0.0
2013-03-05 05:00:00+00:00,252.96527099609375,0.0
2013-03-05 06:00:00+00:00,347.9248352050781,0.0
2013-03-05 07:00:00+00:00,164.36915588378906,0.0
2013-03-05 08:00:00+00:00,173.32118225097656,0.0
2013-03-05 09:00:00+00:00,197.17535400390625,0.0
2013-03-05 10:00:00+00:00,186.60589599609375,0.0
2013-03-05 11:00:00+00:00,164.11651611328125,0.0
2013-03-05 12:00:00+00:00,168.3645782470703,0.0
2013-03-05 13:00:00+00:00,164.1265106201172,0.0
2013-03-05 14:00:00+00:00,168.14756774902344,0.0
2013-03-05 15:00:00+00:00,174.25823974609375,0.0
2013-03-05 16:00:00+00:00,256.08837890625,0.0
2013-03-05 17:00:00+00:00,404.62890625,0.0
2013-03-05 18:00:00+00:00,544.060546875,0.0
2013-03-05 19:00:00+00:00,305.24346923828125,0.0
2013-03-05 20:00:00+00:00,289.4826965332031,0.0
2013-03-05 21:00:00+00:00,396.7291564941406,0.0
2013-03-05 22:00:00+00:00,1617.3492431640625,0.0
2013-03-05 23:00:00+00:00,415.1574401855469,0.0
2013-03-06 00:00:00+00:00,201.139892578125,0.0
2013-03-06 01:00:00+00:00,361.53460693359375,0.0
2013-03-06 02:00:00+00:00,189.89810180664062,0.0
2013-03-06 03:00:00+00:00,184.11744689941406,0.0
2013-03-06 04:00:00+00:00,213.22451782226562,0.0
2013-03-06 05:00:00+00:00,219.09185791015625,0.0
2013-03-06 06:00:00+00:00,201.1937713623047,0.0
2013-03-06 07:00:00+00:00,180.54922485351562,0.0
2013-03-06 08:00:00+00:00,183.5854949951172,0.0
2013-03-06 09:00:00+00:00,413.4283142089844,0.0
2013-03-06 10:00:00+00:00,628.4597778320312,0.0
2013-03-06 11:00:00+00:00,471.84375,0.0
2013-03-06 12:00:00+00:00,191.49913024902344,0.0
2013-03-06 13:00:00+00:00,184.97581481933594,0.0
2013-03-06 14:00:00+00:00,216.94618225097656,0.0
2013-03-06 15:00:00+00:00,381.3321533203125,0.0
2013-03-06 16:00:00+00:00,267.30224609375,0.0
2013-03-06 17:00:00+00:00,275.06390380859375,0.0
2013-03-06 18:00:00+00:00,568.939453125,0.0
2013-03-06 19:00:00+00:00,537.0103759765625,0.0
2013-03-06 20:00:00+00:00,249.37757873535156,0.0
2013-03-06 21:00:00+00:00,327.78448486328125,0.0
2013-03-06 22:00:00+00:00,1305.161865234375,0.0
2013-03-06 23:00:00+00:00,736.8717651367188,0.0
2013-03-07 00:00:00+00:00,287.4293212890625,0.0
2013-03-07 01:00:00+00:00,310.03448486328125,0.0
2013-03-07 02:00:00+00:00,262.47503662109375,0.0
2013-03-07 03:00:00+00:00,158.7197265625,0.0
2013-03-07 04:00:00+00:00,191.32069396972656,0.0
2013-03-07 05:00:00+00:00,186.3741455078125,0.0
2013-03-07 06:00:00+00:00,195.44654846191406,0.0
2013-03-07 07:00:00+00:00,196.51123046875,0.0
2013-03-07 08:00:00+00:00,163.92413330078125,0.0
2013-03-07 09:00:00+00:00,196.06045532226562,0.0
2013-03-07 10:00:00+00:00,237.98448181152344,0.0
2013-03-07 11:00:00+00:00,322.3212585449219,0.0
2013-03-07 12:00:00+00:00,279.2987976074219,0.0
2013-03-07 13:00:00+00:00,244.8946533203125,0.0
2013-03-07 14:00:00+00:00,190.33621215820312,0.0
2013-03-07 15:00:00+00:00,190.3799591064453,0.0
2013-03-07 16:00:00+00:00,288.57513427734375,0.0
2013-03-07 17:00:00+00:00,244.59585571289062,0.0
2013-03-07 18:00:00+00:00,608.5147094726562,0.0
2013-03-07 19:00:00+00:00,330.6863098144531,0.0
2013-03-07 20:00:00+00:00,1461.9542236328125,0.0
2013-03-07 21:00:00+00:00,582.2314453125,0.0
2013-03-07 22:00:00+00:00,575.106689453125,0.0
2013-03-07 23:00:00+00:00,254.20516967773438,0.0
2013-03-08 00:00:00+00:00,163.60757446289062,0.0
2013-03-08 01:00:00+00:00,157.9602813720703,0.0
2013-03-08 02:00:00+00:00,158.64654541015625,0.0
2013-03-08 03:00:00+00:00,158.3241424560547,0.0
2013-03-08 04:00:00+00:00,184.0967254638672,0.0
2013-03-08 05:00:00+00:00,210.69309997558594,0.0
2013-03-08 06:00:00+00:00,184.222412109375,0.0
2013-03-08 07:00:00+00:00,194.57785034179688,0.0
2013-03-08 08:00:00+00:00,153.17758178710938,0.0
2013-03-08 09:00:00+00:00,181.5362091064453,0.0
2013-03-08 10:00:00+00:00,151.4352264404297,0.0
2013-03-08 11:00:00+00:00,161.97930908203125,0.0
2013-03-08 12:00:00+00:00,150.28497314453125,0.0
2013-03-08 13:00:00+00:00,162.5086212158203,0.0
2013-03-08 14:00:00+00:00,150.2866973876953,0.0
2013-03-08 15:00:00+00:00,170.78065490722656,0.0
2013-03-08 16:00:00+00:00,241.15716552734375,0.0
2013-03-08 17:00:00+00:00,218.25086975097656,0.0
2013-03-08 18:00:00+00:00,456.41986083984375,0.0
2013-03-08 19:00:00+00:00,574.9034423828125,0.0
2013-03-08 20:00:00+00:00,500.441162109375,0.0
2013-03-08 21:00:00+00:00,294.1241455078125,0.0
2013-03-08 22:00:00+00:00,514.33447265625,0.0
2013-03-08 23:00:00+00:00,310.07745361328125,0.0
2013-03-09 00:00:00+00:00,355.9120788574219,0.0
2013-03-09 01:00:00+00:00,352.6568908691406,0.0
2013-03-09 02:00:00+00:00,345.5542297363281,0.0
2013-03-09 03:00:00+00:00,252.2625274658203,0.0
2013-03-09 04:00:00+00:00,211.2913818359375,0.0
2013-03-09 05:00:00+00:00,243.1258544921875,0.0
2013-03-09 06:00:00+00:00,214.1258544921875,0.0
2013-03-09 07:00:00+00:00,417.91522216796875,0.0
2013-03-09 08:00:00+00:00,188.52159118652344,0.0
2013-03-09 09:00:00+00:00,391.34600830078125,0.0
2013-03-09 10:00:00+00:00,927.5199584960938,0.0
2013-03-09 11:00:00+00:00,352.52423095703125,0.0
2013-03-09 12:00:00+00:00,1093.328125,0.0
2013-03-09 13:00:00+00:00,340.6649169921875,0.0
2013-03-09 14:00:00+00:00,296.30450439453125,0.0
2013-03-09 15:00:00+00:00,487.9930725097656,0.0
2013-03-09 16:00:00+00:00,454.6904296875,0.0
2013-03-09 17:00:00+00:00,495.90826416015625,0.0
2013-03-09 18:00:00+00:00,591.4152221679688,0.0
2013-03-09 19:00:00+00:00,589.8904418945312,0.0
2013-03-09 20:00:00+00:00,2030.5069580078125,0.0
2013-03-09 21:00:00+00:00,402.0155944824219,0.0
2013-03-09 22:00:00+00:00,356.5692138671875,0.0
2013-03-09 23:00:00+00:00,384.2055358886719,0.0
2013-03-10 00:00:00+00:00,338.3183288574219,0.0
2013-03-10 01:00:00+00:00,352.7409362792969,0.0
2013-03-10 02:00:00+00:00,337.66436767578125,0.0
2013-03-10 03:00:00+00:00,200.8339080810547,0.0
2013-03-10 04:00:00+00:00,218.64817810058594,0.0
2013-03-10 05:00:00+00:00,287.20587158203125,0.0
2013-03-10 06:00:00+00:00,233.19931030273438,0.0
2013-03-10 07:00:00+00:00,358.9427185058594,0.0
2013-03-10 08:00:00+00:00,190.37088012695312,0.0
2013-03-10 09:00:00+00:00,230.72743225097656,0.0
2013-03-10 10:00:00+00:00,195.17156982421875,0.0
2013-03-10 11:00:00+00:00,245.28472900390625,0.0
2013-03-10 12:00:00+00:00,1025.03466796875,0.0
2013-03-10 13:00:00+00:00,439.0934753417969,0.0
2013-03-10 14:00:00+00:00,422.44097900390625,0.0
2013-03-10 15:00:00+00:00,283.81109619140625,0.0
2013-03-10 16:00:00+00:00,322.9497375488281,0.0
2013-03-10 17:00:00+00:00,466.8318176269531,0.0
2013-03-10 18:00:00+00:00,720.4624633789062,0.0
2013-03-10 19:00:00+00:00,401.61590576171875,0.0
2013-03-10 20:00:00+00:00,388.4765930175781,0.0
2013-03-10 21:00:00+00:00,406.6232604980469,0.0
2013-03-10 22:00:00+00:00,1715.3162841796875,0.0
2013-03-10 23:00:00+00:00,571.5457763671875,0.0
2013-03-11 00:00:00+00:00,342.0968933105469,0.0
2013-03-11 01:00:00+00:00,347.16436767578125,0.0
2013-03-11 02:00:00+00:00,342.7681579589844,0.0
2013-03-11 03:00:00+00:00,299.7383117675781,0.0
2013-03-11 04:00:00+00:00,219.328125,0.0
2013-03-11 05:00:00+00:00,284.0554504394531,0.0
2013-03-11 06:00:00+00:00,250.30889892578125,0.0
2013-03-11 07:00:00+00:00,201.8541717529297,0.0
2013-03-11 08:00:00+00:00,198.2599639892578,0.0
2013-03-11 09:00:00+00:00,202.4427032470703,0.0
2013-03-11 10:00:00+00:00,268.1805419921875,0.0
2013-03-11 11:00:00+00:00,356.6111145019531,0.0
2013-03-11 12:00:00+00:00,355.1354064941406,0.0
2013-03-11 13:00:00+00:00,416.44964599609375,0.0
2013-03-11 14:00:00+00:00,356.8118591308594,0.0
2013-03-11 15:00:00+00:00,333.7795104980469,0.0
2013-03-11 16:00:00+00:00,574.8604125976562,0.0
2013-03-11 17:00:00+00:00,479.3999938964844,0.0
2013-03-11 18:00:00+00:00,698.08349609375,0.0
2013-03-11 19:00:00+00:00,784.3937377929688,0.0
2013-03-11 20:00:00+00:00,1593.05810546875,0.0
2013-03-11 21:00:00+00:00,666.5518188476562,0.0
2013-03-11 22:00:00+00:00,571.8958129882812,0.0
2013-03-11 23:00:00+00:00,358.22357177734375,0.0
2013-03-12 00:00:00+00:00,342.2790222167969,0.0
2013-03-12 01:00:00+00:00,337.3496398925781,0.0
2013-03-12 02:00:00+00:00,345.84722900390625,0.0
2013-03-12 03:00:00+00:00,230.49391174316406,0.0
2013-03-12 04:00:00+00:00,236.20660400390625,0.0
2013-03-12 05:00:00+00:00,284.6104431152344,0.0
2013-03-12 06:00:00+00:00,274.2652587890625,0.0
2013-03-12 07:00:00+00:00,197.3426055908203,0.0
2013-03-12 08:00:00+00:00,199.3802032470703,0.0
2013-03-12 09:00:00+00:00,202.5321807861328,0.0
2013-03-12 10:00:00+00:00,412.64459228515625,0.0
2013-03-12 11:00:00+00:00,319.9060974121094,0.0
2013-03-12 12:00:00+00:00,330.6434631347656,0.0
2013-03-12 13:00:00+00:00,402.14434814453125,0.0
2013-03-12 14:00:00+00:00,317.0469665527344,0.0
2013-03-12 15:00:00+00:00,339.1286926269531,0.0
2013-03-12 16:00:00+00:00,381.7648010253906,0.0
2013-03-12 17:00:00+00:00,521.9965209960938,0.0
2013-03-12 18:00:00+00:00,1366.242431640625,0.0
2013-03-12 19:00:00+00:00,1282.67236328125,0.0
2013-03-12 20:00:00+00:00,997.858642578125,0.0
2013-03-12 21:00:00+00:00,520.2495727539062,0.0
2013-03-12 22:00:00+00:00,408.38995361328125,0.0
2013-03-12 23:00:00+00:00,350.6388854980469,0.0
2013-03-13 00:00:00+00:00,263.3038330078125,0.0
2013-03-13 01:00:00+00:00,194.62911987304688,0.0
2013-03-13 02:00:00+00:00,194.53472900390625,0.0
2013-03-13 03:00:00+00:00,194.22877502441406,0.0
2013-03-13 04:00:00+00:00,212.578125,0.0
2013-03-13 05:00:00+00:00,280.1649169921875,0.0
2013-03-13 06:00:00+00:00,224.32986450195312,0.0
2013-03-13 07:00:00+00:00,238.9930419921875,0.0
2013-03-13 08:00:00+00:00,192.6987762451172,0.0
2013-03-13 09:00:00+00:00,195.20486450195312,0.0
2013-03-13 10:00:00+00:00,258.8888854980469,0.0
2013-03-13 11:00:00+00:00,219.24131774902344,0.0
2013-03-13 12:00:00+00:00,189.63258361816406,0.0
2013-03-13 13:00:00+00:00,188.8854217529297,0.0
2013-03-13 14:00:00+00:00,188.80348205566406,0.0
2013-03-13 15:00:00+00:00,224.26910400390625,0.0
2013-03-13 16:00:00+00:00,326.6585388183594,0.0
2013-03-13 17:00:00+00:00,610.1767578125,0.0
2013-03-13 18:00:00+00:00,414.80035400390625,0.0
2013-03-13 19:00:00+00:00,425.9913024902344,0.0
2013-03-13 20:00:00+00:00,339.65911865234375,0.0
2013-03-13 21:00:00+00:00,572.9635009765625,0.0
2013-03-13 22:00:00+00:00,1449.99658203125,0.0
2013-03-13 23:00:00+00:00,567.1416015625,0.0
2013-03-14 00:00:00+00:00,290.801025390625,0.0
2013-03-14 01:00:00+00:00,223.95840454101562,0.0
2013-03-14 02:00:00+00:00,203.07452392578125,0.0
2013-03-14 03:00:00+00:00,195.65338134765625,0.0
2013-03-14 04:00:00+00:00,223.3634796142578,0.0
2013-03-14 05:00:00+00:00,271.7864685058594,0.0
2013-03-14 06:00:00+00:00,273.6771240234375,0.0
2013-03-14 07:00:00+00:00,193.27430725097656,0.0
2013-03-14 08:00:00+00:00,201.4583282470703,0.0
2013-03-14 09:00:00+00:00,226.2760467529297,0.0
2013-03-14 10:00:00+00:00,248.80763244628906,0.0
2013-03-14 11:00:00+00:00,220.2708282470703,0.0
2013-03-14 12:00:00+00:00,189.15972900390625,0.0
2013-03-14 13:00:00+00:00,199.21006774902344,0.0
2013-03-14 14:00:00+00:00,190.51910400390625,0.0
2013-03-14 15:00:00+00:00,212.3773956298828,0.0
2013-03-14 16:00:00+00:00,267.2135314941406,0.0
2013-03-14 17:00:00+00:00,274.75347900390625,0.0
2013-03-14 18:00:00+00:00,564.3947143554688,0.0
2013-03-14 19:00:00+00:00,357.2975769042969,0.0
2013-03-14 20:00:00+00:00,341.5520935058594,0.0
2013-03-14 21:00:00+00:00,505.85986328125,0.0
2013-03-14 22:00:00+00:00,1351.3026123046875,0.0
2013-03-14 23:00:00+00:00,345.771240234375,0.0
2013-03-15 00:00:00+00:00,199.39273071289062,0.0
2013-03-15 01:00:00+00:00,197.98960876464844,0.0
2013-03-15 02:00:00+00:00,190.3221893310547,0.0
2013-03-15 03:00:00+00:00,197.82322692871094,0.0
2013-03-15 04:00:00+00:00,211.3951416015625,0.0
2013-03-15 05:00:00+00:00,273.630859375,0.0
2013-03-15 06:00:00+00:00,255.28521728515625,0.0
2013-03-15 07:00:00+00:00,199.1438446044922,0.0
2013-03-15 08:00:00+00:00,195.51556396484375,0.0
2013-03-15 09:00:00+00:00,193.578857421875,0.0
2013-03-15 10:00:00+00:00,196.75086975097656,0.0
2013-03-15 11:00:00+00:00,193.27383422851562,0.0
2013-03-15 12:00:00+00:00,194.34141540527344,0.0
2013-03-15 13:00:00+00:00,191.11611938476562,0.0
2013-03-15 14:00:00+00:00,195.02426147460938,0.0
2013-03-15 15:00:00+00:00,201.5996551513672,0.0
2013-03-15 16:00:00+00:00,282.5069580078125,0.0
2013-03-15 17:00:00+00:00,753.6245727539062,0.0
2013-03-15 18:00:00+00:00,685.4183959960938,0.0
2013-03-15 19:00:00+00:00,649.1475830078125,0.0
2013-03-15 20:00:00+00:00,380.0328674316406,0.0
2013-03-15 21:00:00+00:00,381.1502685546875,0.0
2013-03-15 22:00:00+00:00,288.2720947265625,0.0
2013-03-15 23:00:00+00:00,218.4576873779297,0.0
2013-03-16 00:00:00+00:00,198.69256591796875,0.0
2013-03-16 01:00:00+00:00,202.89637756347656,0.0
2013-03-16 02:00:00+00:00,200.83218383789062,0.0
2013-03-16 03:00:00+00:00,198.92918395996094,0.0
2013-03-16 04:00:00+00:00,217.7439422607422,0.0
2013-03-16 05:00:00+00:00,268.4169616699219,0.0
2013-03-16 06:00:00+00:00,219.94992065429688,0.0
2013-03-16 07:00:00+00:00,195.240478515625,0.0
2013-03-16 08:00:00+00:00,360.15399169921875,0.0
2013-03-16 09:00:00+00:00,249.89198303222656,0.0
2013-03-16 10:00:00+00:00,196.57785034179688,0.0
2013-03-16 11:00:00+00:00,202.37542724609375,0.0
2013-03-16 12:00:00+00:00,401.46435546875,0.0
2013-03-16 13:00:00+00:00,1018.8663330078125,0.0
2013-03-16 14:00:00+00:00,1020.5210571289062,0.0
2013-03-16 15:00:00+00:00,673.0693359375,0.0
2013-03-16 16:00:00+00:00,560.0841064453125,0.0
2013-03-16 17:00:00+00:00,444.7781677246094,0.0
2013-03-16 18:00:00+00:00,813.5347290039062,0.0
2013-03-16 19:00:00+00:00,797.229736328125,0.0
2013-03-16 20:00:00+00:00,1628.3184814453125,0.0
2013-03-16 21:00:00+00:00,600.4921264648438,0.0
2013-03-16 22:00:00+00:00,352.07598876953125,0.0
2013-03-16 23:00:00+00:00,301.10015869140625,0.0
2013-03-17 00:00:00+00:00,285.3471374511719,0.0
2013-03-17 01:00:00+00:00,213.69256591796875,0.0
2013-03-17 02:00:00+00:00,205.93576049804688,0.0
2013-03-17 03:00:00+00:00,207.060546875,0.0
2013-03-17 04:00:00+00:00,227.60899353027344,0.0
2013-03-17 05:00:00+00:00,277.2179870605469,0.0
2013-03-17 06:00:00+00:00,218.6937713623047,0.0
2013-03-17 07:00:00+00:00,204.53114318847656,0.0
2013-03-17 08:00:00+00:00,200.5476531982422,0.0
2013-03-17 09:00:00+00:00,207.01039123535156,0.0
2013-03-17 10:00:00+00:00,455.4730529785156,0.0
2013-03-17 11:00:00+00:00,525.12939453125,0.0
2013-03-17 12:00:00+00:00,420.24346923828125,0.0
2013-03-17 13:00:00+00:00,256.7955017089844,0.0
2013-03-17 14:00:00+00:00,220.91943359375,0.0
2013-03-17 15:00:00+00:00,238.45025634765625,0.0
2013-03-17 16:00:00+00:00,319.0623779296875,0.0
2013-03-17 17:00:00+00:00,557.7137451171875,0.0
2013-03-17 18:00:00+00:00,783.5579833984375,0.0
2013-03-17 19:00:00+00:00,652.298095703125,0.0
2013-03-17 20:00:00+00:00,1791.1612548828125,0.0
2013-03-17 21:00:00+00:00,402.7972412109375,0.0
2013-03-17 22:00:00+00:00,782.34033203125,0.0
2013-03-17 23:00:00+00:00,266.7383117675781,0.0
2013-03-18 00:00:00+00:00,451.2882080078125,0.0
2013-03-18 01:00:00+00:00,267.15252685546875,0.0
2013-03-18 02:00:00+00:00,202.09375,0.0
2013-03-18 03:00:00+00:00,194.90625,0.0
2013-03-18 04:00:00+00:00,215.421875,0.0
2013-03-18 05:00:00+00:00,280.0729064941406,0.0
2013-03-18 06:00:00+00:00,270.49566650390625,0.0
2013-03-18 07:00:00+00:00,193.21875,0.0
2013-03-18 08:00:00+00:00,313.6152648925781,0.0
2013-03-18 09:00:00+00:00,200.09201049804688,0.0
2013-03-18 10:00:00+00:00,185.0836181640625,0.0
2013-03-18 11:00:00+00:00,192.61631774902344,0.0
2013-03-18 12:00:00+00:00,198.96527099609375,0.0
2013-03-18 13:00:00+00:00,207.25347900390625,0.0
2013-03-18 14:00:00+00:00,214.59722900390625,0.0
2013-03-18 15:00:00+00:00,214.73565673828125,0.0
2013-03-18 16:00:00+00:00,264.21875,0.0
2013-03-18 17:00:00+00:00,428.7982177734375,0.0
2013-03-18 18:00:00+00:00,554.0772094726562,0.0
2013-03-18 19:00:00+00:00,550.1978759765625,0.0
2013-03-18 20:00:00+00:00,256.4298095703125,0.0
2013-03-18 21:00:00+00:00,1874.393798828125,0.0
2013-03-18 22:00:00+00:00,402.3188781738281,0.0
2013-03-18 23:00:00+00:00,308.5112609863281,0.0
2013-03-19 00:00:00+00:00,316.4567565917969,0.0
2013-03-19 01:00:00+00:00,324.4228820800781,0.0
2013-03-19 02:00:00+00:00,273.3916931152344,0.0
2013-03-19 03:00:00+00:00,198.75042724609375,0.0
2013-03-19 04:00:00+00:00,209.35354614257812,0.0
2013-03-19 05:00:00+00:00,277.1319580078125,0.0
2013-03-19 06:00:00+00:00,211.8631591796875,0.0
2013-03-19 07:00:00+00:00,389.2616882324219,0.0
2013-03-19 08:00:00+00:00,230.01405334472656,0.0
2013-03-19 09:00:00+00:00,274.1906433105469,0.0
2013-03-19 10:00:00+00:00,435.8066101074219,0.0
2013-03-19 11:00:00+00:00,620.2837524414062,0.0
2013-03-19 12:00:00+00:00,301.47991943359375,0.0
2013-03-19 13:00:00+00:00,402.0711669921875,0.0
2013-03-19 14:00:00+00:00,245.84056091308594,0.0
2013-03-19 15:00:00+00:00,255.01388549804688,0.0
2013-03-19 16:00:00+00:00,337.8310241699219,0.0
2013-03-19 17:00:00+00:00,668.15625,0.0
2013-03-19 18:00:00+00:00,962.3179321289062,0.0
2013-03-19 19:00:00+00:00,1682.0792236328125,0.0
2013-03-19 20:00:00+00:00,481.0208740234375,0.0
2013-03-19 21:00:00+00:00,491.9780578613281,0.0
2013-03-19 22:00:00+00:00,389.3136901855469,0.0
2013-03-19 23:00:00+00:00,332.6811218261719,0.0
2013-03-20 00:00:00+00:00,326.1386413574219,0.0
2013-03-20 01:00:00+00:00,306.1993103027344,0.0
2013-03-20 02:00:00+00:00,301.01214599609375,0.0
2013-03-20 03:00:00+00:00,306.9322814941406,0.0
2013-03-20 04:00:00+00:00,321.42633056640625,0.0
2013-03-20 05:00:00+00:00,288.1078186035156,0.0
2013-03-20 06:00:00+00:00,219.71923828125,0.0
2013-03-20 07:00:00+00:00,199.24436950683594,0.0
2013-03-20 08:00:00+00:00,401.3535461425781,0.0
2013-03-20 09:00:00+00:00,220.4322967529297,0.0
2013-03-20 10:00:00+00:00,310.2412109375,0.0
2013-03-20 11:00:00+00:00,460.2876892089844,0.0
2013-03-20 12:00:00+00:00,578.3251953125,0.0
2013-03-20 13:00:00+00:00,347.2552185058594,0.0
2013-03-20 14:00:00+00:00,448.0145263671875,0.0
2013-03-20 15:00:00+00:00,309.1724853515625,0.0
2013-03-20 16:00:00+00:00,381.98089599609375,0.0
2013-03-20 17:00:00+00:00,645.6061401367188,0.0
2013-03-20 18:00:00+00:00,1525.4560546875,0.0
2013-03-20 19:00:00+00:00,1163.8470458984375,0.0
2013-03-20 20:00:00+00:00,471.4662170410156,0.0
2013-03-20 21:00:00+00:00,376.6510314941406,0.0
2013-03-20 22:00:00+00:00,356.2616882324219,0.0
2013-03-20 23:00:00+00:00,303.74652099609375,0.0
2013-03-21 00:00:00+00:00,231.09706115722656,0.0
2013-03-21 01:00:00+00:00,201.07278442382812,0.0
2013-03-21 02:00:00+00:00,200.78993225097656,0.0
2013-03-21 03:00:00+00:00,190.38821411132812,0.0
2013-03-21 04:00:00+00:00,220.4947967529297,0.0
2013-03-21 05:00:00+00:00,271.2638854980469,0.0
2013-03-21 06:00:00+00:00,261.7864685058594,0.0
2013-03-21 07:00:00+00:00,189.77777099609375,0.0
2013-03-21 08:00:00+00:00,196.8333282470703,0.0
2013-03-21 09:00:00+00:00,242.35763549804688,0.0
2013-03-21 10:00:00+00:00,437.1873779296875,0.0
2013-03-21 11:00:00+00:00,260.34722900390625,0.0
2013-03-21 12:00:00+00:00,350.8524169921875,0.0
2013-03-21 13:00:00+00:00,299.4322814941406,0.0
2013-03-21 14:00:00+00:00,296.2747802734375,0.0
2013-03-21 15:00:00+00:00,350.3887023925781,0.0
2013-03-21 16:00:00+00:00,553.0306396484375,0.0
2013-03-21 17:00:00+00:00,361.8263854980469,0.0
2013-03-21 18:00:00+00:00,697.9703979492188,0.0
2013-03-21 19:00:00+00:00,712.7130737304688,0.0
2013-03-21 20:00:00+00:00,1741.6444091796875,0.0
2013-03-21 21:00:00+00:00,445.70208740234375,0.0
2013-03-21 22:00:00+00:00,415.00518798828125,0.0
2013-03-21 23:00:00+00:00,348.9149169921875,0.0
2013-03-22 00:00:00+00:00,276.78472900390625,0.0
2013-03-22 01:00:00+00:00,207.0935821533203,0.0
2013-03-22 02:00:00+00:00,198.01388549804688,0.0
2013-03-22 03:00:00+00:00,193.75868225097656,0.0
2013-03-22 04:00:00+00:00,228.828125,0.0
2013-03-22 05:00:00+00:00,268.7791442871094,0.0
2013-03-22 06:00:00+00:00,310.83624267578125,0.0
2013-03-22 07:00:00+00:00,390.37432861328125,0.0
2013-03-22 08:00:00+00:00,264.6857604980469,0.0
2013-03-22 09:00:00+00:00,253.45391845703125,0.0
2013-03-22 10:00:00+00:00,278.4166564941406,0.0
2013-03-22 11:00:00+00:00,350.12542724609375,0.0
2013-03-22 12:00:00+00:00,334.1689758300781,0.0
2013-03-22 13:00:00+00:00,251.8139190673828,0.0
2013-03-22 14:00:00+00:00,243.91651916503906,0.0
2013-03-22 15:00:00+00:00,261.2191162109375,0.0
2013-03-22 16:00:00+00:00,340.29217529296875,0.0
2013-03-22 17:00:00+00:00,575.943359375,0.0
2013-03-22 18:00:00+00:00,752.513916015625,0.0
2013-03-22 19:00:00+00:00,743.142333984375,0.0
2013-03-22 20:00:00+00:00,2130.584716796875,0.0
2013-03-22 21:00:00+00:00,512.6521606445312,0.0
2013-03-22 22:00:00+00:00,560.39892578125,0.0
2013-03-22 23:00:00+00:00,403.7832946777344,0.0
2013-03-23 00:00:00+00:00,265.2395935058594,0.0
2013-03-23 01:00:00+00:00,215.75868225097656,0.0
2013-03-23 02:00:00+00:00,220.4739532470703,0.0
2013-03-23 03:00:00+00:00,220.59027099609375,0.0
2013-03-23 04:00:00+00:00,238.57913208007812,0.0
2013-03-23 05:00:00+00:00,301.11285400390625,0.0
2013-03-23 06:00:00+00:00,250.52174377441406,0.0
2013-03-23 07:00:00+00:00,219.671875,0.0
2013-03-23 08:00:00+00:00,216.09217834472656,0.0
2013-03-23 09:00:00+00:00,426.6719055175781,0.0
2013-03-23 10:00:00+00:00,246.3095703125,0.0
2013-03-23 11:00:00+00:00,519.7586669921875,0.0
2013-03-23 12:00:00+00:00,375.81707763671875,0.0
2013-03-23 13:00:00+00:00,1246.5772705078125,0.0
2013-03-23 14:00:00+00:00,477.8031311035156,0.0
2013-03-23 15:00:00+00:00,470.95477294921875,0.0
2013-03-23 16:00:00+00:00,415.526123046875,0.0
2013-03-23 17:00:00+00:00,679.4006958007812,0.0
2013-03-23 18:00:00+00:00,780.1649169921875,0.0
2013-03-23 19:00:00+00:00,1158.663818359375,0.0
2013-03-23 20:00:00+00:00,1491.459716796875,0.0
2013-03-23 21:00:00+00:00,1149.4022216796875,0.0
2013-03-23 22:00:00+00:00,656.4139404296875,0.0
2013-03-23 23:00:00+00:00,440.7368469238281,0.0
2013-03-24 00:00:00+00:00,218.02609252929688,0.0
2013-03-24 01:00:00+00:00,214.77951049804688,0.0
2013-03-24 02:00:00+00:00,209.10452270507812,0.0
2013-03-24 03:00:00+00:00,218.30410766601562,0.0
2013-03-24 04:00:00+00:00,231.14866638183594,0.0
2013-03-24 05:00:00+00:00,289.120849609375,0.0
2013-03-24 06:00:00+00:00,245.6898956298828,0.0
2013-03-24 07:00:00+00:00,207.76748657226562,0.0
2013-03-24 08:00:00+00:00,213.09913635253906,0.0
2013-03-24 09:00:00+00:00,457.6866149902344,0.0
2013-03-24 10:00:00+00:00,525.2115478515625,0.0
2013-03-24 11:00:00+00:00,379.30419921875,0.0
2013-03-24 12:00:00+00:00,435.4638366699219,0.0
2013-03-24 13:00:00+00:00,570.6087036132812,0.0
2013-03-24 14:00:00+00:00,443.5567321777344,0.0
2013-03-24 15:00:00+00:00,587.247802734375,0.0
2013-03-24 16:00:00+00:00,722.9482421875,0.0
2013-03-24 17:00:00+00:00,706.1460571289062,0.0
2013-03-24 18:00:00+00:00,742.0087280273438,0.0
2013-03-24 19:00:00+00:00,1603.237060546875,0.0
2013-03-24 20:00:00+00:00,1197.7646484375,0.0
2013-03-24 21:00:00+00:00,379.59478759765625,0.0
2013-03-24 22:00:00+00:00,369.6208801269531,0.0
2013-03-24 23:00:00+00:00,233.95660400390625,0.0
2013-03-25 00:00:00+00:00,208.23826599121094,0.0
2013-03-25 01:00:00+00:00,197.42434692382812,0.0
2013-03-25 02:00:00+00:00,204.7982635498047,0.0
2013-03-25 03:00:00+00:00,197.87652587890625,0.0
2013-03-25 04:00:00+00:00,220.9391326904297,0.0
2013-03-25 05:00:00+00:00,280.05059814453125,0.0
2013-03-25 06:00:00+00:00,229.50086975097656,0.0
2013-03-25 07:00:00+00:00,203.43304443359375,0.0
2013-03-25 08:00:00+00:00,217.8743438720703,0.0
2013-03-25 09:00:00+00:00,461.02630615234375,0.0
2013-03-25 10:00:00+00:00,553.6094360351562,0.0
2013-03-25 11:00:00+00:00,444.2934875488281,0.0
2013-03-25 12:00:00+00:00,694.6517944335938,0.0
2013-03-25 13:00:00+00:00,447.40289306640625,0.0
2013-03-25 14:00:00+00:00,392.76141357421875,0.0
2013-03-25 15:00:00+00:00,730.8723754882812,0.0
2013-03-25 16:00:00+00:00,478.7791442871094,0.0
2013-03-25 17:00:00+00:00,471.6457214355469,0.0
2013-03-25 18:00:00+00:00,748.436279296875,0.0
2013-03-25 19:00:00+00:00,1442.2392578125,0.0
2013-03-25 20:00:00+00:00,1113.2694091796875,0.0
2013-03-25 21:00:00+00:00,449.1048889160156,0.0
2013-03-25 22:00:00+00:00,435.3304443359375,0.0
2013-03-25 23:00:00+00:00,392.84375,0.0
2013-03-26 00:00:00+00:00,309.8469543457031,0.0
2013-03-26 01:00:00+00:00,218.06956481933594,0.0
2013-03-26 02:00:00+00:00,212.6904296875,0.0
2013-03-26 03:00:00+00:00,202.32000732421875,0.0
2013-03-26 04:00:00+00:00,219.53146362304688,0.0
2013-03-26 05:00:00+00:00,290.2278137207031,0.0
2013-03-26 06:00:00+00:00,268.4146423339844,0.0
2013-03-26 07:00:00+00:00,200.9146270751953,0.0
2013-03-26 08:00:00+00:00,196.7252197265625,0.0
2013-03-26 09:00:00+00:00,225.06118774414062,0.0
2013-03-26 10:00:00+00:00,235.47203063964844,0.0
2013-03-26 11:00:00+00:00,239.28070068359375,0.0
2013-03-26 12:00:00+00:00,245.46620178222656,0.0
2013-03-26 13:00:00+00:00,235.28091430664062,0.0
2013-03-26 14:00:00+00:00,247.3467559814453,0.0
2013-03-26 15:00:00+00:00,242.7122802734375,0.0
2013-03-26 16:00:00+00:00,289.3113098144531,0.0
2013-03-26 17:00:00+00:00,278.5202941894531,0.0
2013-03-26 18:00:00+00:00,838.424560546875,0.0
2013-03-26 19:00:00+00:00,484.04180908203125,0.0
2013-03-26 20:00:00+00:00,1912.8294677734375,0.0
2013-03-26 21:00:00+00:00,551.7561645507812,0.0
2013-03-26 22:00:00+00:00,352.7120361328125,0.0
2013-03-26 23:00:00+00:00,264.5304260253906,0.0
2013-03-27 00:00:00+00:00,197.31304931640625,0.0
2013-03-27 01:00:00+00:00,202.46434020996094,0.0
2013-03-27 02:00:00+00:00,196.57913208007812,0.0
2013-03-27 03:00:00+00:00,203.47735595703125,0.0
2013-03-27 04:00:00+00:00,221.5572967529297,0.0
2013-03-27 05:00:00+00:00,280.2652587890625,0.0
2013-03-27 06:00:00+00:00,265.4042053222656,0.0
2013-03-27 07:00:00+00:00,196.74215698242188,0.0
2013-03-27 08:00:00+00:00,200.65965270996094,0.0
2013-03-27 09:00:00+00:00,254.1884765625,0.0
2013-03-27 10:00:00+00:00,378.8939208984375,0.0
2013-03-27 11:00:00+00:00,322.7203674316406,0.0
2013-03-27 12:00:00+00:00,391.3496398925781,0.0
2013-03-27 13:00:00+00:00,329.9068603515625,0.0
2013-03-27 14:00:00+00:00,323.47735595703125,0.0
2013-03-27 15:00:00+00:00,341.3350830078125,0.0
2013-03-27 16:00:00+00:00,364.26361083984375,0.0
2013-03-27 17:00:00+00:00,366.47039794921875,0.0
2013-03-27 18:00:00+00:00,862.1156005859375,0.0
2013-03-27 19:00:00+00:00,1402.4237060546875,0.0
2013-03-27 20:00:00+00:00,958.7913208007812,0.0
2013-03-27 21:00:00+00:00,416.2121887207031,0.0
2013-03-27 22:00:00+00:00,379.02435302734375,0.0
2013-03-27 23:00:00+00:00,346.13714599609375,0.0
2013-03-28 00:00:00+00:00,244.46087646484375,0.0
2013-03-28 01:00:00+00:00,210.10435485839844,0.0
2013-03-28 02:00:00+00:00,194.94261169433594,0.0
2013-03-28 03:00:00+00:00,192.68521118164062,0.0
2013-03-28 04:00:00+00:00,211.51048278808594,0.0
2013-03-28 05:00:00+00:00,280.7304382324219,0.0
2013-03-28 06:00:00+00:00,256.3677673339844,0.0
2013-03-28 07:00:00+00:00,195.50086975097656,0.0
2013-03-28 08:00:00+00:00,195.52090454101562,0.0
2013-03-28 09:00:00+00:00,313.8536682128906,0.0
2013-03-28 10:00:00+00:00,405.7669677734375,0.0
2013-03-28 11:00:00+00:00,398.4469909667969,0.0
2013-03-28 12:00:00+00:00,286.62237548828125,0.0
2013-03-28 13:00:00+00:00,322.5986022949219,0.0
2013-03-28 14:00:00+00:00,303.5279846191406,0.0
2013-03-28 15:00:00+00:00,446.0316467285156,0.0
2013-03-28 16:00:00+00:00,344.52447509765625,0.0
2013-03-28 17:00:00+00:00,334.4275817871094,0.0
2013-03-28 18:00:00+00:00,514.1878051757812,0.0
2013-03-28 19:00:00+00:00,609.1221923828125,0.0
2013-03-28 20:00:00+00:00,1880.1295166015625,0.0
2013-03-28 21:00:00+00:00,729.26123046875,0.0
2013-03-28 22:00:00+00:00,635.5534057617188,0.0
2013-03-28 23:00:00+00:00,360.7083435058594,0.0
2013-03-29 00:00:00+00:00,344.70782470703125,0.0
2013-03-29 01:00:00+00:00,314.79339599609375,0.0
2013-03-29 02:00:00+00:00,272.44696044921875,0.0
2013-03-29 03:00:00+00:00,195.52870178222656,0.0
2013-03-29 04:00:00+00:00,220.58782958984375,0.0
2013-03-29 05:00:00+00:00,266.88848876953125,0.0
2013-03-29 06:00:00+00:00,232.25042724609375,0.0
2013-03-29 07:00:00+00:00,191.37281799316406,0.0
2013-03-29 08:00:00+00:00,265.5052185058594,0.0
2013-03-29 09:00:00+00:00,926.320556640625,0.0
2013-03-29 10:00:00+00:00,232.90956115722656,0.0
2013-03-29 11:00:00+00:00,610.4869384765625,0.0
2013-03-29 12:00:00+00:00,1259.545166015625,0.0
2013-03-29 13:00:00+00:00,620.5828857421875,0.0
2013-03-29 14:00:00+00:00,293.2521667480469,0.0
2013-03-29 15:00:00+00:00,551.95751953125,0.0
2013-03-29 16:00:00+00:00,355.3351135253906,0.0
2013-03-29 17:00:00+00:00,589.3549194335938,0.0
2013-03-29 18:00:00+00:00,712.657958984375,0.0
2013-03-29 19:00:00+00:00,1081.0211181640625,0.0
2013-03-29 20:00:00+00:00,1217.105224609375,0.0
2013-03-29 21:00:00+00:00,522.938720703125,0.0
2013-03-29 22:00:00+00:00,573.9076538085938,0.0
2013-03-29 23:00:00+00:00,339.140625,0.0
2013-03-30 00:00:00+00:00,309.7447814941406,0.0
2013-03-30 01:00:00+00:00,303.5538330078125,0.0
2013-03-30 02:00:00+00:00,334.3836669921875,0.0
2013-03-30 03:00:00+00:00,211.10069274902344,0.0
2013-03-30 04:00:00+00:00,221.63999938964844,0.0
2013-03-30 05:00:00+00:00,269.0052185058594,0.0
2013-03-30 06:00:00+00:00,230.86087036132812,0.0
2013-03-30 07:00:00+00:00,178.6510467529297,0.0
2013-03-30 08:00:00+00:00,410.42681884765625,0.0
2013-03-30 09:00:00+00:00,209.67652893066406,0.0
2013-03-30 10:00:00+00:00,265.8456115722656,0.0
2013-03-30 11:00:00+00:00,536.0107421875,0.0
2013-03-30 12:00:00+00:00,669.5985717773438,0.0
2013-03-30 13:00:00+00:00,359.10296630859375,0.0
2013-03-30 14:00:00+00:00,469.7373962402344,0.0
2013-03-30 15:00:00+00:00,345.22259521484375,0.0
2013-03-30 16:00:00+00:00,463.0262756347656,0.0
2013-03-30 17:00:00+00:00,447.8690185546875,0.0
2013-03-30 18:00:00+00:00,762.4475708007812,0.0
2013-03-30 19:00:00+00:00,524.633056640625,0.0
2013-03-30 20:00:00+00:00,1514.5789794921875,0.0
2013-03-30 21:00:00+00:00,922.9462890625,0.0
2013-03-30 22:00:00+00:00,357.25347900390625,0.0
2013-03-30 23:00:00+00:00,319.94781494140625,0.0
2013-03-31 00:00:00+00:00,311.6117858886719,0.0
2013-03-31 01:00:00+00:00,312.00347900390625,0.0
2013-03-31 02:00:00+00:00,231.27256774902344,0.0
2013-03-31 03:00:00+00:00,183.3269500732422,0.0
2013-03-31 04:00:00+00:00,222.1878204345703,0.0
2013-03-31 05:00:00+00:00,270.0574951171875,0.0
2013-03-31 06:00:00+00:00,232.9652099609375,0.0
2013-03-31 07:00:00+00:00,180.02783203125,0.0
2013-03-31 08:00:00+00:00,359.3496398925781,0.0
2013-03-31 09:00:00+00:00,234.8426513671875,0.0
2013-03-31 10:00:00+00:00,403.2486877441406,0.0
2013-03-31 11:00:00+00:00,1199.8873291015625,0.0
2013-03-31 12:00:00+00:00,887.77001953125,0.0
2013-03-31 13:00:00+00:00,389.08868408203125,0.0
2013-03-31 14:00:00+00:00,641.1804809570312,0.0
2013-03-31 15:00:00+00:00,340.22943115234375,0.0
2013-03-31 16:00:00+00:00,346.5943908691406,0.0
2013-03-31 17:00:00+00:00,704.868896484375,0.0
2013-03-31 18:00:00+00:00,688.5008544921875,0.0
2013-03-31 19:00:00+00:00,441.6388854980469,0.0
2013-03-31 20:00:00+00:00,931.9879150390625,0.0
2013-03-31 21:00:00+00:00,1358.908447265625,0.0
2013-03-31 22:00:00+00:00,417.4305419921875,0.0
2013-03-31 23:00:00+00:00,298.296875,0.0
2013-04-01 00:00:00+00:00,294.5850830078125,0.0
2013-04-01 01:00:00+00:00,294.4132080078125,0.0
2013-04-01 02:00:00+00:00,216.12326049804688,0.0
2013-04-01 03:00:00+00:00,165.78956604003906,0.0
2013-04-01 04:00:00+00:00,189.32000732421875,0.0
2013-04-01 05:00:00+00:00,262.00347900390625,0.0
2013-04-01 06:00:00+00:00,196.59652709960938,0.0
2013-04-01 07:00:00+00:00,170.886962890625,0.0
2013-04-01 08:00:00+00:00,327.3536682128906,0.0
2013-04-01 09:00:00+00:00,221.32168579101562,0.0
2013-04-01 10:00:00+00:00,585.4895629882812,0.0
2013-04-01 11:00:00+00:00,412.17572021484375,0.0
2013-04-01 12:00:00+00:00,710.0198364257812,0.0
2013-04-01 13:00:00+00:00,617.7088012695312,0.0
2013-04-01 14:00:00+00:00,482.3780517578125,0.0
2013-04-01 15:00:00+00:00,557.629638671875,0.0
2013-04-01 16:00:00+00:00,689.0156860351562,0.0
2013-04-01 17:00:00+00:00,603.25,0.0
2013-04-01 18:00:00+00:00,923.404541015625,0.0
2013-04-01 19:00:00+00:00,1687.5679931640625,0.0
2013-04-01 20:00:00+00:00,564.3495483398438,0.0
2013-04-01 21:00:00+00:00,351.11846923828125,0.0
2013-04-01 22:00:00+00:00,369.0920104980469,0.0
2013-04-01 23:00:00+00:00,328.5426025390625,0.0
2013-04-02 00:00:00+00:00,286.4392395019531,0.0
2013-04-02 01:00:00+00:00,163.38609313964844,0.0
2013-04-02 02:00:00+00:00,168.28298950195312,0.0
2013-04-02 03:00:00+00:00,161.13589477539062,0.0
2013-04-02 04:00:00+00:00,200.67308044433594,0.0
2013-04-02 05:00:00+00:00,284.9790954589844,0.0
2013-04-02 06:00:00+00:00,210.60975646972656,0.0
2013-04-02 07:00:00+00:00,158.47825622558594,0.0
2013-04-02 08:00:00+00:00,166.3495635986328,0.0
2013-04-02 09:00:00+00:00,159.5749053955078,0.0
2013-04-02 10:00:00+00:00,446.5399169921875,0.0
2013-04-02 11:00:00+00:00,245.6104278564453,0.0
2013-04-02 12:00:00+00:00,247.08013916015625,0.0
2013-04-02 13:00:00+00:00,235.72174072265625,0.0
2013-04-02 14:00:00+00:00,370.8173828125,0.0
2013-04-02 15:00:00+00:00,245.2282257080078,0.0
2013-04-02 16:00:00+00:00,298.7687072753906,0.0
2013-04-02 17:00:00+00:00,653.394775390625,0.0
2013-04-02 18:00:00+00:00,968.63427734375,0.0
2013-04-02 19:00:00+00:00,1251.5758056640625,0.0
2013-04-02 20:00:00+00:00,569.8660888671875,0.0
2013-04-02 21:00:00+00:00,326.98248291015625,0.0
2013-04-02 22:00:00+00:00,321.1319580078125,0.0
2013-04-02 23:00:00+00:00,274.2864685058594,0.0
2013-04-03 00:00:00+00:00,241.890625,0.0
2013-04-03 01:00:00+00:00,180.36805725097656,0.0
2013-04-03 02:00:00+00:00,146.71652221679688,0.0
2013-04-03 03:00:00+00:00,156.98431396484375,0.0
2013-04-03 04:00:00+00:00,172.6086883544922,0.0
2013-04-03 05:00:00+00:00,285.3601379394531,0.0
2013-04-03 06:00:00+00:00,183.31533813476562,0.0
2013-04-03 07:00:00+00:00,153.5165252685547,0.0
2013-04-03 08:00:00+00:00,146.39825439453125,0.0
2013-04-03 09:00:00+00:00,320.2373352050781,0.0
2013-04-03 10:00:00+00:00,217.19129943847656,0.0
2013-04-03 11:00:00+00:00,339.9026184082031,0.0
2013-04-03 12:00:00+00:00,264.3147888183594,0.0
2013-04-03 13:00:00+00:00,344.5489501953125,0.0
2013-04-03 14:00:00+00:00,330.9217529296875,0.0
2013-04-03 15:00:00+00:00,271.7491149902344,0.0
2013-04-03 16:00:00+00:00,513.93994140625,0.0
2013-04-03 17:00:00+00:00,785.6112060546875,0.0
2013-04-03 18:00:00+00:00,1249.8763427734375,0.0
2013-04-03 19:00:00+00:00,1389.927490234375,0.0
2013-04-03 20:00:00+00:00,441.4800109863281,0.0
2013-04-03 21:00:00+00:00,497.0173645019531,0.0
2013-04-03 22:00:00+00:00,329.87652587890625,0.0
2013-04-03 23:00:00+00:00,210.44097900390625,0.0
2013-04-04 00:00:00+00:00,175.30381774902344,0.0
2013-04-04 01:00:00+00:00,157.72695922851562,0.0
2013-04-04 02:00:00+00:00,162.9270782470703,0.0
2013-04-04 03:00:00+00:00,155.3339080810547,0.0
2013-04-04 04:00:00+00:00,202.4076690673828,0.0
2013-04-04 05:00:00+00:00,346.8956604003906,0.0
2013-04-04 06:00:00+00:00,208.97042846679688,0.0
2013-04-04 07:00:00+00:00,154.47999572753906,0.0
2013-04-04 08:00:00+00:00,163.19129943847656,0.0
2013-04-04 09:00:00+00:00,370.93890380859375,0.0
2013-04-04 10:00:00+00:00,252.450439453125,0.0
2013-04-04 11:00:00+00:00,321.43902587890625,0.0
2013-04-04 12:00:00+00:00,242.02957153320312,0.0
2013-04-04 13:00:00+00:00,236.1243438720703,0.0
2013-04-04 14:00:00+00:00,227.2139129638672,0.0
2013-04-04 15:00:00+00:00,247.0471954345703,0.0
2013-04-04 16:00:00+00:00,464.6510314941406,0.0
2013-04-04 17:00:00+00:00,784.5167236328125,0.0
2013-04-04 18:00:00+00:00,1481.773193359375,0.0
2013-04-04 19:00:00+00:00,1055.702880859375,0.0
2013-04-04 20:00:00+00:00,401.35888671875,0.0
2013-04-04 21:00:00+00:00,434.72222900390625,0.0
2013-04-04 22:00:00+00:00,323.2013854980469,0.0
2013-04-04 23:00:00+00:00,247.0260467529297,0.0
2013-04-05 00:00:00+00:00,176.61912536621094,0.0
2013-04-05 01:00:00+00:00,172.75347900390625,0.0
2013-04-05 02:00:00+00:00,160.89390563964844,0.0
2013-04-05 03:00:00+00:00,168.64173889160156,0.0
2013-04-05 04:00:00+00:00,193.47999572753906,0.0
2013-04-05 05:00:00+00:00,257.113037109375,0.0
2013-04-05 06:00:00+00:00,214.76173400878906,0.0
2013-04-05 07:00:00+00:00,179.83999633789062,0.0
2013-04-05 08:00:00+00:00,378.6881408691406,0.0
2013-04-05 09:00:00+00:00,233.72174072265625,0.0
2013-04-05 10:00:00+00:00,532.6875,0.0
2013-04-05 11:00:00+00:00,207.6254425048828,0.0
2013-04-05 12:00:00+00:00,531.97900390625,0.0
2013-04-05 13:00:00+00:00,214.8121795654297,0.0
2013-04-05 14:00:00+00:00,209.9808349609375,0.0
2013-04-05 15:00:00+00:00,426.8301086425781,0.0
2013-04-05 16:00:00+00:00,299.62261962890625,0.0
2013-04-05 17:00:00+00:00,300.96160888671875,0.0
2013-04-05 18:00:00+00:00,1054.9471435546875,0.0
2013-04-05 19:00:00+00:00,975.612548828125,0.0
2013-04-05 20:00:00+00:00,482.02801513671875,0.0
2013-04-05 21:00:00+00:00,317.73089599609375,0.0
2013-04-05 22:00:00+00:00,269.96527099609375,0.0
2013-04-05 23:00:00+00:00,200.87152099609375,0.0
2013-04-06 00:00:00+00:00,184.78163146972656,0.0
2013-04-06 01:00:00+00:00,179.89756774902344,0.0
2013-04-06 02:00:00+00:00,192.72743225097656,0.0
2013-04-06 03:00:00+00:00,178.64869689941406,0.0
2013-04-06 04:00:00+00:00,206.11129760742188,0.0
2013-04-06 05:00:00+00:00,277.2742919921875,0.0
2013-04-06 06:00:00+00:00,220.8000030517578,0.0
2013-04-06 07:00:00+00:00,991.8268432617188,0.0
2013-04-06 08:00:00+00:00,848.7960815429688,0.0
2013-04-06 09:00:00+00:00,690.0623779296875,0.0
2013-04-06 10:00:00+00:00,192.03131103515625,0.0
2013-04-06 11:00:00+00:00,330.7922668457031,0.0
2013-04-06 12:00:00+00:00,186.2086944580078,0.0
2013-04-06 13:00:00+00:00,192.93739318847656,0.0
2013-04-06 14:00:00+00:00,190.26956176757812,0.0
2013-04-06 15:00:00+00:00,194.20419311523438,0.0
2013-04-06 16:00:00+00:00,436.69635009765625,0.0
2013-04-06 17:00:00+00:00,289.57666015625,0.0
2013-04-06 18:00:00+00:00,926.717041015625,0.0
2013-04-06 19:00:00+00:00,940.7827758789062,0.0
2013-04-06 20:00:00+00:00,318.4982604980469,0.0
2013-04-06 21:00:00+00:00,475.60662841796875,0.0
2013-04-06 22:00:00+00:00,281.2166442871094,0.0
2013-04-06 23:00:00+00:00,174.81076049804688,0.0
2013-04-07 00:00:00+00:00,163.1871795654297,0.0
2013-04-07 01:00:00+00:00,161.4791717529297,0.0
2013-04-07 02:00:00+00:00,164.66957092285156,0.0
2013-04-07 03:00:00+00:00,158.1822967529297,0.0
2013-04-07 04:00:00+00:00,198.58609008789062,0.0
2013-04-07 05:00:00+00:00,248.06956481933594,0.0
2013-04-07 06:00:00+00:00,208.41390991210938,0.0
2013-04-07 07:00:00+00:00,155.15625,0.0
2013-04-07 08:00:00+00:00,745.8630981445312,0.0
2013-04-07 09:00:00+00:00,648.280029296875,0.0
2013-04-07 10:00:00+00:00,1164.8370361328125,0.0
2013-04-07 11:00:00+00:00,467.2312927246094,0.0
2013-04-07 12:00:00+00:00,471.6998291015625,0.0
2013-04-07 13:00:00+00:00,186.54608154296875,0.0
2013-04-07 14:00:00+00:00,487.71905517578125,0.0
2013-04-07 15:00:00+00:00,516.5211791992188,0.0
2013-04-07 16:00:00+00:00,585.8309936523438,0.0
2013-04-07 17:00:00+00:00,210.19371032714844,0.0
2013-04-07 18:00:00+00:00,432.1358947753906,0.0
2013-04-07 19:00:00+00:00,278.0520935058594,0.0
2013-04-07 20:00:00+00:00,434.1811828613281,0.0
2013-04-07 21:00:00+00:00,251.03472900390625,0.0
2013-04-07 22:00:00+00:00,235.6573944091797,0.0
2013-04-07 23:00:00+00:00,199.25173950195312,0.0
2013-04-08 00:00:00+00:00,159.90451049804688,0.0
2013-04-08 01:00:00+00:00,163.7916717529297,0.0
2013-04-08 02:00:00+00:00,154.69912719726562,0.0
2013-04-08 03:00:00+00:00,165.3408660888672,0.0
2013-04-08 04:00:00+00:00,182.588134765625,0.0
2013-04-08 05:00:00+00:00,258.36346435546875,0.0
2013-04-08 06:00:00+00:00,226.58274841308594,0.0
2013-04-08 07:00:00+00:00,163.38194274902344,0.0
2013-04-08 08:00:00+00:00,154.00173950195312,0.0
2013-04-08 09:00:00+00:00,198.43243408203125,0.0
2013-04-08 10:00:00+00:00,156.61233520507812,0.0
2013-04-08 11:00:00+00:00,158.0247802734375,0.0
2013-04-08 12:00:00+00:00,156.95408630371094,0.0
2013-04-08 13:00:00+00:00,156.65719604492188,0.0
2013-04-08 14:00:00+00:00,160.79518127441406,0.0
2013-04-08 15:00:00+00:00,167.5693817138672,0.0
2013-04-08 16:00:00+00:00,414.9670104980469,0.0
2013-04-08 17:00:00+00:00,546.8902587890625,0.0
2013-04-08 18:00:00+00:00,366.0,0.0
2013-04-08 19:00:00+00:00,1020.9944458007812,0.0
2013-04-08 20:00:00+00:00,1448.2037353515625,0.0
2013-04-08 21:00:00+00:00,387.7229919433594,0.0
2013-04-08 22:00:00+00:00,333.6516418457031,0.0
2013-04-08 23:00:00+00:00,207.0677032470703,0.0
2013-04-09 00:00:00+00:00,166.7573699951172,0.0
2013-04-09 01:00:00+00:00,158.33506774902344,0.0
2013-04-09 02:00:00+00:00,166.9947967529297,0.0
2013-04-09 03:00:00+00:00,158.50347900390625,0.0
2013-04-09 04:00:00+00:00,198.3385467529297,0.0
2013-04-09 05:00:00+00:00,323.32000732421875,0.0
2013-04-09 06:00:00+00:00,228.13937377929688,0.0
2013-04-09 07:00:00+00:00,157.97012329101562,0.0
2013-04-09 08:00:00+00:00,301.3287048339844,0.0
2013-04-09 09:00:00+00:00,244.53472900390625,0.0
2013-04-09 10:00:00+00:00,243.27777099609375,0.0
2013-04-09 11:00:00+00:00,0.0,0.0
2013-04-09 12:00:00+00:00,0.0,0.0
2013-04-09 13:00:00+00:00,0.0,0.0
2013-04-09 14:00:00+00:00,0.0,0.0
2013-04-09 15:00:00+00:00,0.0,0.0
2013-04-09 16:00:00+00:00,0.0,0.0
2013-04-09 17:00:00+00:00,0.0,0.0
2013-04-09 18:00:00+00:00,0.0,0.0
2013-04-09 19:00:00+00:00,0.0,0.0
2013-04-09 20:00:00+00:00,0.0,0.0
2013-04-09 21:00:00+00:00,0.0,0.0
2013-04-09 22:00:00+00:00,0.0,0.0
2013-04-09 23:00:00+00:00,0.0,0.0
2013-04-10 00:00:00+00:00,0.0,0.0
2013-04-10 01:00:00+00:00,0.0,0.0
2013-04-10 02:00:00+00:00,0.0,0.0
2013-04-10 03:00:00+00:00,0.0,0.0
2013-04-10 04:00:00+00:00,0.0,0.0
2013-04-10 05:00:00+00:00,0.0,0.0
2013-04-10 06:00:00+00:00,0.0,0.0
2013-04-10 07:00:00+00:00,0.0,0.0
2013-04-10 08:00:00+00:00,0.0,0.0
2013-04-10 09:00:00+00:00,0.0,0.0
2013-04-10 10:00:00+00:00,0.0,0.0
2013-04-10 11:00:00+00:00,0.0,0.0
2013-04-10 12:00:00+00:00,0.0,0.0
2013-04-10 13:00:00+00:00,0.0,0.0
2013-04-10 14:00:00+00:00,0.0,0.0
2013-04-10 15:00:00+00:00,0.0,0.0
2013-04-10 16:00:00+00:00,0.0,0.0
2013-04-10 17:00:00+00:00,0.0,0.0
2013-04-10 18:00:00+00:00,0.0,0.0
2013-04-10 19:00:00+00:00,0.0,0.0
2013-04-10 20:00:00+00:00,0.0,0.0
2013-04-10 21:00:00+00:00,0.0,0.0
2013-04-10 22:00:00+00:00,0.0,0.0
2013-04-10 23:00:00+00:00,0.0,0.0
2013-04-11 00:00:00+00:00,0.0,0.0
2013-04-11 01:00:00+00:00,0.0,0.0
2013-04-11 02:00:00+00:00,0.0,0.0
2013-04-11 03:00:00+00:00,0.0,0.0
2013-04-11 04:00:00+00:00,0.0,0.0
2013-04-11 05:00:00+00:00,0.0,0.0
2013-04-11 06:00:00+00:00,0.0,0.0
2013-04-11 07:00:00+00:00,0.0,0.0
2013-04-11 08:00:00+00:00,0.0,0.0
2013-04-11 09:00:00+00:00,0.0,0.0
2013-04-11 10:00:00+00:00,0.0,0.0
2013-04-11 11:00:00+00:00,0.0,0.0
2013-04-11 12:00:00+00:00,0.0,0.0
2013-04-11 13:00:00+00:00,0.0,0.0
2013-04-11 14:00:00+00:00,0.0,0.0
2013-04-11 15:00:00+00:00,0.0,0.0
2013-04-11 16:00:00+00:00,0.0,0.0
2013-04-11 17:00:00+00:00,0.0,0.0
2013-04-11 18:00:00+00:00,0.0,0.0
2013-04-11 19:00:00+00:00,0.0,0.0
2013-04-11 20:00:00+00:00,0.0,0.0
2013-04-11 21:00:00+00:00,0.0,0.0
2013-04-11 22:00:00+00:00,0.0,0.0
2013-04-11 23:00:00+00:00,0.0,0.0
2013-04-12 00:00:00+00:00,0.0,0.0
2013-04-12 01:00:00+00:00,0.0,0.0
2013-04-12 02:00:00+00:00,0.0,0.0
2013-04-12 03:00:00+00:00,0.0,0.0
2013-04-12 04:00:00+00:00,0.0,0.0
2013-04-12 05:00:00+00:00,0.0,0.0
2013-04-12 06:00:00+00:00,0.0,0.0
2013-04-12 07:00:00+00:00,0.0,0.0
2013-04-12 08:00:00+00:00,0.0,0.0
2013-04-12 09:00:00+00:00,0.0,0.0
2013-04-12 10:00:00+00:00,0.0,0.0
2013-04-12 11:00:00+00:00,0.0,0.0
2013-04-12 12:00:00+00:00,0.0,0.0
2013-04-12 13:00:00+00:00,0.0,0.0
2013-04-12 14:00:00+00:00,0.0,0.0
2013-04-12 15:00:00+00:00,0.0,0.0
2013-04-12 16:00:00+00:00,0.0,0.0
2013-04-12 17:00:00+00:00,0.0,0.0
2013-04-12 18:00:00+00:00,0.0,0.0
2013-04-12 19:00:00+00:00,0.0,0.0
2013-04-12 20:00:00+00:00,0.0,0.0
2013-04-12 21:00:00+00:00,0.0,0.0
2013-04-12 22:00:00+00:00,0.0,0.0
2013-04-12 23:00:00+00:00,0.0,0.0
2013-04-13 00:00:00+00:00,0.0,0.0
2013-04-13 01:00:00+00:00,0.0,0.0
2013-04-13 02:00:00+00:00,0.0,0.0
2013-04-13 03:00:00+00:00,0.0,0.0
2013-04-13 04:00:00+00:00,0.0,0.0
2013-04-13 05:00:00+00:00,0.0,0.0
2013-04-13 06:00:00+00:00,0.0,0.0
2013-04-13 07:00:00+00:00,0.0,0.0
2013-04-13 08:00:00+00:00,0.0,0.0
2013-04-13 09:00:00+00:00,0.0,0.0
2013-04-13 10:00:00+00:00,0.0,0.0
2013-04-13 11:00:00+00:00,0.0,0.0
2013-04-13 12:00:00+00:00,0.0,0.0
2013-04-13 13:00:00+00:00,0.0,0.0
2013-04-13 14:00:00+00:00,0.0,0.0
2013-04-13 15:00:00+00:00,0.0,0.0
2013-04-13 16:00:00+00:00,0.0,0.0
2013-04-13 17:00:00+00:00,0.0,0.0
2013-04-13 18:00:00+00:00,0.0,0.0
2013-04-13 19:00:00+00:00,0.0,0.0
2013-04-13 20:00:00+00:00,0.0,0.0
2013-04-13 21:00:00+00:00,0.0,0.0
2013-04-13 22:00:00+00:00,0.0,0.0
2013-04-13 23:00:00+00:00,0.0,0.0
2013-04-14 00:00:00+00:00,0.0,0.0
2013-04-14 01:00:00+00:00,0.0,0.0
2013-04-14 02:00:00+00:00,0.0,0.0
2013-04-14 03:00:00+00:00,0.0,0.0
2013-04-14 04:00:00+00:00,0.0,0.0
2013-04-14 05:00:00+00:00,0.0,0.0
2013-04-14 06:00:00+00:00,0.0,0.0
2013-04-14 07:00:00+00:00,0.0,0.0
2013-04-14 08:00:00+00:00,0.0,0.0
2013-04-14 09:00:00+00:00,0.0,0.0
2013-04-14 10:00:00+00:00,0.0,0.0
2013-04-14 11:00:00+00:00,0.0,0.0
2013-04-14 12:00:00+00:00,0.0,0.0
2013-04-14 13:00:00+00:00,0.0,0.0
2013-04-14 14:00:00+00:00,0.0,0.0
2013-04-14 15:00:00+00:00,0.0,0.0
2013-04-14 16:00:00+00:00,0.0,0.0
2013-04-14 17:00:00+00:00,0.0,0.0
2013-04-14 18:00:00+00:00,0.0,0.0
2013-04-14 19:00:00+00:00,0.0,0.0
2013-04-14 20:00:00+00:00,0.0,0.0
2013-04-14 21:00:00+00:00,0.0,0.0
2013-04-14 22:00:00+00:00,0.0,0.0
2013-04-14 23:00:00+00:00,0.0,0.0
2013-04-15 00:00:00+00:00,0.0,0.0
2013-04-15 01:00:00+00:00,0.0,0.0
2013-04-15 02:00:00+00:00,0.0,0.0
2013-04-15 03:00:00+00:00,0.0,0.0
2013-04-15 04:00:00+00:00,0.0,0.0
2013-04-15 05:00:00+00:00,0.0,0.0
2013-04-15 06:00:00+00:00,0.0,0.0
2013-04-15 07:00:00+00:00,0.0,0.0
2013-04-15 08:00:00+00:00,0.0,0.0
2013-04-15 09:00:00+00:00,0.0,0.0
2013-04-15 10:00:00+00:00,0.0,0.0
2013-04-15 11:00:00+00:00,0.0,0.0
2013-04-15 12:00:00+00:00,0.0,0.0
2013-04-15 13:00:00+00:00,0.0,0.0
2013-04-15 14:00:00+00:00,0.0,0.0
2013-04-15 15:00:00+00:00,0.0,0.0
2013-04-15 16:00:00+00:00,0.0,0.0
2013-04-15 17:00:00+00:00,0.0,0.0
2013-04-15 18:00:00+00:00,0.0,0.0
2013-04-15 19:00:00+00:00,0.0,0.0
2013-04-15 20:00:00+00:00,0.0,0.0
2013-04-15 21:00:00+00:00,0.0,0.0
2013-04-15 22:00:00+00:00,0.0,0.0
2013-04-15 23:00:00+00:00,0.0,0.0
2013-04-16 00:00:00+00:00,0.0,0.0
2013-04-16 01:00:00+00:00,0.0,0.0
2013-04-16 02:00:00+00:00,0.0,0.0
2013-04-16 03:00:00+00:00,0.0,0.0
2013-04-16 04:00:00+00:00,0.0,0.0
2013-04-16 05:00:00+00:00,0.0,0.0
2013-04-16 06:00:00+00:00,0.0,0.0
2013-04-16 07:00:00+00:00,0.0,0.0
2013-04-16 08:00:00+00:00,0.0,0.0
2013-04-16 09:00:00+00:00,0.0,0.0
2013-04-16 10:00:00+00:00,0.0,0.0
2013-04-16 11:00:00+00:00,0.0,0.0
2013-04-16 12:00:00+00:00,0.0,0.0
2013-04-16 13:00:00+00:00,0.0,0.0
2013-04-16 14:00:00+00:00,0.0,0.0
2013-04-16 15:00:00+00:00,0.0,0.0
2013-04-16 16:00:00+00:00,0.0,0.0
2013-04-16 17:00:00+00:00,0.0,0.0
2013-04-16 18:00:00+00:00,0.0,0.0
2013-04-16 19:00:00+00:00,0.0,0.0
2013-04-16 20:00:00+00:00,357.16455078125,0.0
2013-04-16 21:00:00+00:00,262.9581298828125,0.47420147
2013-04-16 22:00:00+00:00,259.2710266113281,0.43396226
2013-04-16 23:00:00+00:00,184.8199005126953,0.38765007
2013-04-17 00:00:00+00:00,160.07705688476562,0.37264958
2013-04-17 01:00:00+00:00,157.4545440673828,0.31506848
2013-04-17 02:00:00+00:00,152.76712036132812,0.4041096
2013-04-17 03:00:00+00:00,154.90737915039062,0.32418525
2013-04-17 04:00:00+00:00,180.09776306152344,0.3053173
2013-04-17 05:00:00+00:00,216.15145874023438,0.37094018
2013-04-17 06:00:00+00:00,156.0410919189453,0.38527396
2013-04-17 07:00:00+00:00,153.9743194580078,0.36301368
2013-04-17 08:00:00+00:00,307.03594970703125,92.82906
2013-04-17 09:00:00+00:00,154.26026916503906,0.33561644
2013-04-17 10:00:00+00:00,156.3247833251953,0.33675215
2013-04-17 11:00:00+00:00,147.4571990966797,0.31335616
2013-04-17 12:00:00+00:00,155.69178771972656,0.35445204
2013-04-17 13:00:00+00:00,144.74871826171875,0.2837607
2013-04-17 14:00:00+00:00,156.76541137695312,0.33047944
2013-04-17 15:00:00+00:00,236.2085418701172,0.35555556
2013-04-17 16:00:00+00:00,375.3855285644531,144.46416
2013-04-17 17:00:00+00:00,488.2088928222656,0.31228667
2013-04-17 18:00:00+00:00,501.7752990722656,0.2901024
2013-04-17 19:00:00+00:00,1698.4244384765625,171.07744
2013-04-17 20:00:00+00:00,580.6893920898438,153.58603
2013-04-17 21:00:00+00:00,290.41510009765625,0.37883958
2013-04-17 22:00:00+00:00,223.85470581054688,0.33333334
2013-04-17 23:00:00+00:00,178.07862854003906,0.36068377
2013-04-18 00:00:00+00:00,169.8634796142578,0.3020478
2013-04-18 01:00:00+00:00,146.22393798828125,0.31111112
2013-04-18 02:00:00+00:00,163.59829711914062,0.37264958
2013-04-18 03:00:00+00:00,146.57435607910156,0.32991454
2013-04-18 04:00:00+00:00,190.30821228027344,0.37157536
2013-04-18 05:00:00+00:00,222.16952514648438,0.36239317
2013-04-18 06:00:00+00:00,164.36581420898438,0.34358975
2013-04-18 07:00:00+00:00,163.0224151611328,0.3794872
2013-04-18 08:00:00+00:00,258.4495849609375,0.2769231
2013-04-18 09:00:00+00:00,147.34075927734375,0.29452056
2013-04-18 10:00:00+00:00,155.92808532714844,0.32020548
2013-04-18 11:00:00+00:00,149.16952514648438,0.40239727
2013-04-18 12:00:00+00:00,154.90255737304688,0.3811966
2013-04-18 13:00:00+00:00,149.47259521484375,0.4229452
2013-04-18 14:00:00+00:00,150.984619140625,0.35384616
2013-04-18 15:00:00+00:00,333.5154113769531,159.37543
2013-04-18 16:00:00+00:00,228.93162536621094,0.2940171
2013-04-18 17:00:00+00:00,533.1239013671875,259.98782
2013-04-18 18:00:00+00:00,665.3561401367188,52.130283
2013-04-18 19:00:00+00:00,1518.84765625,0.25882354
2013-04-18 20:00:00+00:00,309.1692199707031,0.30427352
2013-04-18 21:00:00+00:00,328.6387023925781,0.35555556
2013-04-18 22:00:00+00:00,257.5675354003906,0.30598292
2013-04-18 23:00:00+00:00,179.72308349609375,0.32820514
2013-04-19 00:00:00+00:00,148.008544921875,0.33675215
2013-04-19 01:00:00+00:00,158.2940216064453,0.34812286
2013-04-19 02:00:00+00:00,148.0393829345703,0.30479452
2013-04-19 03:00:00+00:00,157.85862731933594,0.31569967
2013-04-19 04:00:00+00:00,174.63870239257812,0.34417808
2013-04-19 05:00:00+00:00,271.85369873046875,0.26153848
2013-04-19 06:00:00+00:00,144.44349670410156,0.31506848
2013-04-19 07:00:00+00:00,157.88717651367188,0.34188035
2013-04-19 08:00:00+00:00,148.10806274414062,0.2888889
2013-04-19 09:00:00+00:00,225.70547485351562,0.32020548
2013-04-19 10:00:00+00:00,342.30157470703125,127.51959
2013-04-19 11:00:00+00:00,305.6369934082031,0.34871796
2013-04-19 12:00:00+00:00,150.96575927734375,0.30136988
2013-04-19 13:00:00+00:00,151.8321990966797,0.34417808
2013-04-19 14:00:00+00:00,151.74957275390625,0.32246998
2013-04-19 15:00:00+00:00,162.73973083496094,0.33504274
2013-04-19 16:00:00+00:00,240.70497131347656,0.3516295
2013-04-19 17:00:00+00:00,259.15411376953125,0.31678084
2013-04-19 18:00:00+00:00,603.806884765625,163.55232
2013-04-19 19:00:00+00:00,1786.3466796875,155.42087
2013-04-19 20:00:00+00:00,412.1979064941406,0.33675215
2013-04-19 21:00:00+00:00,309.0530700683594,0.37157536
2013-04-19 22:00:00+00:00,285.1318359375,0.34700856
2013-04-19 23:00:00+00:00,165.05821228027344,0.36130136
2013-04-20 00:00:00+00:00,157.4322509765625,0.34476843
2013-04-20 01:00:00+00:00,147.5633544921875,0.3270548
2013-04-20 02:00:00+00:00,159.3728485107422,0.3018868
2013-04-20 03:00:00+00:00,149.12864685058594,0.27787307
2013-04-20 04:00:00+00:00,191.908935546875,0.28865978
2013-04-20 05:00:00+00:00,237.5223388671875,0.35223368
2013-04-20 06:00:00+00:00,178.58419799804688,0.35051546
2013-04-20 07:00:00+00:00,148.6460418701172,0.36941582
2013-04-20 08:00:00+00:00,1072.423583984375,314.65256
2013-04-20 09:00:00+00:00,320.55401611328125,0.35787672
2013-04-20 10:00:00+00:00,665.2474365234375,0.3566553
2013-04-20 11:00:00+00:00,754.5342407226562,172.93175
2013-04-20 12:00:00+00:00,239.4854278564453,0.36535162
2013-04-20 13:00:00+00:00,245.8109893798828,0.32130584
2013-04-20 14:00:00+00:00,495.9413757324219,273.33105
2013-04-20 15:00:00+00:00,251.37973022460938,0.3024055
2013-04-20 16:00:00+00:00,570.2232055664062,167.247
2013-04-20 17:00:00+00:00,411.86083984375,0.39003438
2013-04-20 18:00:00+00:00,1494.8743896484375,391.7932
2013-04-20 19:00:00+00:00,918.2991333007812,0.35714287
2013-04-20 20:00:00+00:00,403.69708251953125,0.35738832
2013-04-20 21:00:00+00:00,335.998291015625,0.39794168
2013-04-20 22:00:00+00:00,288.3883056640625,0.40206185
2013-04-20 23:00:00+00:00,200.19725036621094,0.40582192
2013-04-21 00:00:00+00:00,167.46826171875,0.37221268
2013-04-21 01:00:00+00:00,152.4476776123047,0.34819898
2013-04-21 02:00:00+00:00,162.6666717529297,0.38487974
2013-04-21 03:00:00+00:00,150.7869415283203,0.41752577
2013-04-21 04:00:00+00:00,186.2405548095703,0.34020618
2013-04-21 05:00:00+00:00,220.79896545410156,0.3556701
2013-04-21 06:00:00+00:00,152.5008544921875,0.40963855
2013-04-21 07:00:00+00:00,209.7182159423828,0.4347079
2013-04-21 08:00:00+00:00,546.9913940429688,321.8765
2013-04-21 09:00:00+00:00,1293.6068115234375,166.07614
2013-04-21 10:00:00+00:00,476.83160400390625,0.38659793
2013-04-21 11:00:00+00:00,749.7227172851562,0.33163264
2013-04-21 12:00:00+00:00,303.7418212890625,0.3666093
2013-04-21 13:00:00+00:00,377.3706970214844,127.99828
2013-04-21 14:00:00+00:00,285.3937683105469,0.40994853
2013-04-21 15:00:00+00:00,240.06529235839844,0.41065294
2013-04-21 16:00:00+00:00,247.93975830078125,0.4251291
2013-04-21 17:00:00+00:00,594.843994140625,0.3773585
2013-04-21 18:00:00+00:00,955.0137939453125,183.661
2013-04-21 19:00:00+00:00,1414.300048828125,0.35025382
2013-04-21 20:00:00+00:00,903.8566284179688,150.50853
2013-04-21 21:00:00+00:00,359.5689697265625,0.43053174
2013-04-21 22:00:00+00:00,285.6976013183594,0.4226804
2013-04-21 23:00:00+00:00,152.34536743164062,0.419244
2013-04-22 00:00:00+00:00,157.45875549316406,0.38487974
2013-04-22 01:00:00+00:00,146.29896545410156,0.38831615
2013-04-22 02:00:00+00:00,155.1219940185547,0.3797251
2013-04-22 03:00:00+00:00,147.99313354492188,0.40206185
2013-04-22 04:00:00+00:00,148.59036254882812,0.36488813
2013-04-22 05:00:00+00:00,148.2628936767578,0.31958762
2013-04-22 06:00:00+00:00,151.32875061035156,0.31325302
2013-04-22 07:00:00+00:00,622.1787109375,334.2899
2013-04-22 08:00:00+00:00,392.30926513671875,155.50258
2013-04-22 09:00:00+00:00,258.17181396484375,0.42685026
2013-04-22 10:00:00+00:00,677.3715209960938,415.36642
2013-04-22 11:00:00+00:00,401.2790222167969,63.20548
2013-04-22 12:00:00+00:00,382.859619140625,166.94168
2013-04-22 13:00:00+00:00,233.6862030029297,0.4226804
2013-04-22 14:00:00+00:00,263.6344909667969,0.30874786
2013-04-22 15:00:00+00:00,473.7766418457031,0.3419244
2013-04-22 16:00:00+00:00,428.0826110839844,0.35738832
2013-04-22 17:00:00+00:00,824.5908813476562,181.18027
2013-04-22 18:00:00+00:00,1305.85107421875,0.37755102
2013-04-22 19:00:00+00:00,833.8890991210938,0.32027256
2013-04-22 20:00:00+00:00,508.6758117675781,179.06335
2013-04-22 21:00:00+00:00,272.87457275390625,0.33161512
2013-04-22 22:00:00+00:00,234.9674072265625,0.22945206
2013-04-22 23:00:00+00:00,198.25430297851562,0.3298969
2013-04-23 00:00:00+00:00,150.6288604736328,0.29896906
2013-04-23 01:00:00+00:00,159.45875549316406,0.30068728
2013-04-23 02:00:00+00:00,150.84906005859375,0.3053173
2013-04-23 03:00:00+00:00,155.5532684326172,0.27958834
2013-04-23 04:00:00+00:00,152.10671997070312,0.3080895
2013-04-23 05:00:00+00:00,147.6357421875,0.27319586
2013-04-23 06:00:00+00:00,157.12026977539062,0.28350514
2013-04-23 07:00:00+00:00,491.5882263183594,325.4144
2013-04-23 08:00:00+00:00,247.7817840576172,0.35051546
2013-04-23 09:00:00+00:00,248.82130432128906,0.37457046
2013-04-23 10:00:00+00:00,594.3229370117188,290.65982
2013-04-23 11:00:00+00:00,442.94500732421875,170.91252
2013-04-23 12:00:00+00:00,248.5111541748047,0.37564322
2013-04-23 13:00:00+00:00,254.83705139160156,0.40308747
2013-04-23 14:00:00+00:00,426.9018859863281,166.57948
2013-04-23 15:00:00+00:00,250.69512939453125,0.3466899
2013-04-23 16:00:00+00:00,336.0824890136719,0.3208191
2013-04-23 17:00:00+00:00,257.04443359375,0.32820514
2013-04-23 18:00:00+00:00,242.5428009033203,0.3566553
2013-04-23 19:00:00+00:00,264.5726623535156,0.37264958
2013-04-23 20:00:00+00:00,274.6803283691406,0.34529915
2013-04-23 21:00:00+00:00,270.3270568847656,0.38527396
2013-04-23 22:00:00+00:00,590.6265258789062,178.07155
2013-04-23 23:00:00+00:00,268.0719299316406,77.05973
2013-04-24 00:00:00+00:00,171.0410919189453,0.33047944
2013-04-24 01:00:00+00:00,164.56089782714844,0.34700856
2013-04-24 02:00:00+00:00,170.15554809570312,0.382906
2013-04-24 03:00:00+00:00,160.20376586914062,0.36130136
2013-04-24 04:00:00+00:00,168.3018798828125,0.36535162
2013-04-24 05:00:00+00:00,159.55650329589844,0.36923078
2013-04-24 06:00:00+00:00,377.94158935546875,177.26154
2013-04-24 07:00:00+00:00,1228.4632568359375,341.77344
2013-04-24 08:00:00+00:00,494.6209411621094,0.35958904
2013-04-24 09:00:00+00:00,603.46484375,0.380789
2013-04-24 10:00:00+00:00,183.40512084960938,0.3931624
2013-04-24 11:00:00+00:00,185.2702178955078,0.4051282
2013-04-24 12:00:00+00:00,170.974365234375,0.34188035
2013-04-24 13:00:00+00:00,620.7257080078125,0.35034013
2013-04-24 14:00:00+00:00,428.20648193359375,146.35324
2013-04-24 15:00:00+00:00,472.2627868652344,0.3993174
2013-04-24 16:00:00+00:00,373.8359375,0.44027305
2013-04-24 17:00:00+00:00,1133.3946533203125,315.17935
2013-04-24 18:00:00+00:00,994.0697021484375,0.36993244
2013-04-24 19:00:00+00:00,385.8191223144531,0.4020443
2013-04-24 20:00:00+00:00,299.964111328125,0.3877551
2013-04-24 21:00:00+00:00,287.3764953613281,0.4003407
2013-04-24 22:00:00+00:00,254.18739318847656,0.3867121
2013-04-24 23:00:00+00:00,187.8620147705078,0.35434413
2013-04-25 00:00:00+00:00,169.18600463867188,0.3003413
2013-04-25 01:00:00+00:00,171.8705291748047,6.102215
2013-04-25 02:00:00+00:00,163.91311645507812,0.37989777
2013-04-25 03:00:00+00:00,177.01705932617188,0.31228667
2013-04-25 04:00:00+00:00,164.18429565429688,0.3225256
2013-04-25 05:00:00+00:00,174.81089782714844,0.3407155
2013-04-25 06:00:00+00:00,193.6717987060547,0.32935154
2013-04-25 07:00:00+00:00,614.4974365234375,368.91852
2013-04-25 08:00:00+00:00,312.3162536621094,0.38737202
2013-04-25 09:00:00+00:00,281.4862976074219,0.36626917
2013-04-25 10:00:00+00:00,311.5290222167969,0.29180887
2013-04-25 11:00:00+00:00,420.9213562011719,1.0935374
2013-04-25 12:00:00+00:00,373.71453857421875,139.0359
2013-04-25 13:00:00+00:00,413.08502197265625,157.29591
2013-04-25 14:00:00+00:00,249.6558837890625,0.38841566
2013-04-25 15:00:00+00:00,242.13604736328125,0.36734694
2013-04-25 16:00:00+00:00,469.8048095703125,162.57555
2013-04-25 17:00:00+00:00,414.8435363769531,164.6078
2013-04-25 18:00:00+00:00,337.30731201171875,0.34125638
2013-04-25 19:00:00+00:00,1283.0537109375,149.48398
2013-04-25 20:00:00+00:00,810.1035766601562,0.42639595
2013-04-25 21:00:00+00:00,256.9456787109375,0.43972835
2013-04-25 22:00:00+00:00,252.3475341796875,0.38879457
2013-04-25 23:00:00+00:00,218.86077880859375,0.41086587
2013-04-26 00:00:00+00:00,157.27040100097656,0.37755102
2013-04-26 01:00:00+00:00,161.9608917236328,0.41595924
2013-04-26 02:00:00+00:00,154.51870727539062,0.35884354
2013-04-26 03:00:00+00:00,163.52040100097656,0.3469388
2013-04-26 04:00:00+00:00,151.63095092773438,0.28231293
2013-04-26 05:00:00+00:00,160.7938690185547,0.34582624
2013-04-26 06:00:00+00:00,415.53741455078125,178.7585
2013-04-26 07:00:00+00:00,584.8447265625,331.3339
2013-04-26 08:00:00+00:00,261.59075927734375,0.37989777
2013-04-26 09:00:00+00:00,276.2279968261719,0.4108352
2013-04-26 10:00:00+00:00,238.1880340576172,0.46587032
2013-04-26 11:00:00+00:00,424.1856994628906,0.48040885
2013-04-26 12:00:00+00:00,297.6416320800781,0.4334471
2013-04-26 13:00:00+00:00,288.9162292480469,0.45641026
2013-04-26 14:00:00+00:00,441.0853271484375,167.94719
2013-04-26 15:00:00+00:00,249.64273071289062,0.4940171
2013-04-26 16:00:00+00:00,268.4709777832031,0.48976108
2013-04-26 17:00:00+00:00,348.23760986328125,0.4317406
2013-04-26 18:00:00+00:00,853.5025634765625,196.36055
2013-04-26 19:00:00+00:00,1294.958740234375,74.099495
2013-04-26 20:00:00+00:00,378.7125549316406,0.7235495
2013-04-26 21:00:00+00:00,333.6712341308594,0.5870307
2013-04-26 22:00:00+00:00,201.3972625732422,0.5188356
2013-04-26 23:00:00+00:00,155.76541137695312,0.55479455
2013-04-27 00:00:00+00:00,157.67123413085938,0.5376712
2013-04-27 01:00:00+00:00,156.1543731689453,0.57632935
2013-04-27 02:00:00+00:00,154.32418823242188,0.6975945
2013-04-27 03:00:00+00:00,161.1288604736328,0.5900515
2013-04-27 04:00:00+00:00,147.60824584960938,0.6082474
2013-04-27 05:00:00+00:00,157.7955322265625,0.5910653
2013-04-27 06:00:00+00:00,344.1426086425781,182.97595
2013-04-27 07:00:00+00:00,673.8956298828125,315.07993
2013-04-27 08:00:00+00:00,267.8760681152344,0.5645439
2013-04-27 09:00:00+00:00,367.7132873535156,163.72289
2013-04-27 10:00:00+00:00,238.91738891601562,0.49225473
2013-04-27 11:00:00+00:00,460.1689758300781,96.67637
2013-04-27 12:00:00+00:00,416.13836669921875,179.34549
2013-04-27 13:00:00+00:00,258.4612731933594,0.6230637
2013-04-27 14:00:00+00:00,433.414794921875,156.8199
2013-04-27 15:00:00+00:00,424.5352783203125,0.6333907
2013-04-27 16:00:00+00:00,688.3494873046875,293.69348
2013-04-27 17:00:00+00:00,469.5121154785156,0.6603774
2013-04-27 18:00:00+00:00,348.78411865234375,0.6735395
2013-04-27 19:00:00+00:00,1644.84765625,0.618887
2013-04-27 20:00:00+00:00,520.648193359375,171.29915
2013-04-27 21:00:00+00:00,315.9515686035156,0.6226415
2013-04-27 22:00:00+00:00,247.4199676513672,0.6333907
2013-04-27 23:00:00+00:00,158.4543914794922,0.6695353
2013-04-28 00:00:00+00:00,153.8103485107422,0.63448274
2013-04-28 01:00:00+00:00,151.12393188476562,0.60757315
2013-04-28 02:00:00+00:00,181.69430541992188,0.6148532
2013-04-28 03:00:00+00:00,187.28103637695312,0.6165803
2013-04-28 04:00:00+00:00,210.1744384765625,0.6534483
2013-04-28 05:00:00+00:00,539.8031616210938,295.55423
2013-04-28 06:00:00+00:00,678.248291015625,152.41753
2013-04-28 07:00:00+00:00,1036.51123046875,0.582906
2013-04-28 08:00:00+00:00,536.9688720703125,0.5910653
2013-04-28 09:00:00+00:00,577.1732177734375,0.5917667
2013-04-28 10:00:00+00:00,260.14459228515625,0.67469877
2013-04-28 11:00:00+00:00,418.512939453125,177.82474
2013-04-28 12:00:00+00:00,198.61618041992188,0.63511187
2013-04-28 13:00:00+00:00,232.87930297851562,0.69655174
2013-04-28 14:00:00+00:00,363.2547607421875,139.86792
2013-04-28 15:00:00+00:00,222.70912170410156,0.70567983
2013-04-28 16:00:00+00:00,276.6058654785156,0.6626506
2013-04-28 17:00:00+00:00,570.0051879882812,136.18835
2013-04-28 18:00:00+00:00,1194.9931640625,0.7423729
2013-04-28 19:00:00+00:00,1012.8642578125,149.4753
2013-04-28 20:00:00+00:00,356.5542297363281,0.83993113
2013-04-28 21:00:00+00:00,283.07916259765625,0.79345953
2013-04-28 22:00:00+00:00,155.7487030029297,0.78829604
2013-04-28 23:00:00+00:00,160.61102294921875,0.7865749
2013-04-29 00:00:00+00:00,149.7349395751953,0.7969019
2013-04-29 01:00:00+00:00,160.48793029785156,0.77624786
2013-04-29 02:00:00+00:00,148.8652801513672,0.79553264
2013-04-29 03:00:00+00:00,156.26678466796875,0.76936316
2013-04-29 04:00:00+00:00,153.0413818359375,0.8
2013-04-29 05:00:00+00:00,598.4370727539062,295.44348
2013-04-29 06:00:00+00:00,338.17041015625,154.24915
2013-04-29 07:00:00+00:00,156.4371795654297,0.7848537
2013-04-29 08:00:00+00:00,149.6937713623047,0.82474226
2013-04-29 09:00:00+00:00,164.87973022460938,0.7869416
2013-04-29 10:00:00+00:00,165.99656677246094,0.8659794
2013-04-29 11:00:00+00:00,246.12930297851562,0.8370497
2013-04-29 12:00:00+00:00,660.8655395507812,303.29865
2013-04-29 13:00:00+00:00,285.319580078125,0.84192437
2013-04-29 14:00:00+00:00,283.8213195800781,0.7886598
2013-04-29 15:00:00+00:00,306.7886657714844,0.82474226
2013-04-29 16:00:00+00:00,610.4231567382812,276.4017
2013-04-29 17:00:00+00:00,440.47088623046875,0.8284734
2013-04-29 18:00:00+00:00,1513.6131591796875,152.95946
2013-04-29 19:00:00+00:00,359.14776611328125,0.80756015
2013-04-29 20:00:00+00:00,285.7564392089844,0.8181818
2013-04-29 21:00:00+00:00,277.30413818359375,0.8676976
2013-04-29 22:00:00+00:00,200.66036987304688,0.8439108
2013-04-29 23:00:00+00:00,180.65463256835938,0.8178694
2013-04-30 00:00:00+00:00,166.92095947265625,0.82302403
2013-04-30 01:00:00+00:00,152.12220764160156,0.7796902
2013-04-30 02:00:00+00:00,152.01890563964844,0.8264605
2013-04-30 03:00:00+00:00,154.91378784179688,0.8
2013-04-30 04:00:00+00:00,174.47332763671875,0.82788295
2013-04-30 05:00:00+00:00,314.78411865234375,82.386986
2013-04-30 06:00:00+00:00,297.3507080078125,134.41309
2013-04-30 07:00:00+00:00,289.35345458984375,0.8519794
2013-04-30 08:00:00+00:00,232.6970672607422,0.80756015
2013-04-30 09:00:00+00:00,229.56626892089844,0.80895007
2013-04-30 10:00:00+00:00,231.26116943359375,0.8502582
2013-04-30 11:00:00+00:00,360.3240966796875,0.85982907
2013-04-30 12:00:00+00:00,198.41236877441406,0.83676976
2013-04-30 13:00:00+00:00,146.69931030273438,0.8780069
2013-04-30 14:00:00+00:00,157.42095947265625,0.8436426
2013-04-30 15:00:00+00:00,275.1889953613281,133.53001
2013-04-30 16:00:00+00:00,247.60720825195312,0.8799314
2013-04-30 17:00:00+00:00,717.1433715820312,172.14359
2013-04-30 18:00:00+00:00,831.7504272460938,276.54004
2013-04-30 19:00:00+00:00,1352.2381591796875,0.8397976
2013-04-30 20:00:00+00:00,369.22760009765625,0.86130136
2013-04-30 21:00:00+00:00,238.27615356445312,0.864494
2013-04-30 22:00:00+00:00,154.8505096435547,0.814433
2013-04-30 23:00:00+00:00,160.8336181640625,0.8610635
2013-05-01 00:00:00+00:00,153.35848999023438,0.84048027
2013-05-01 01:00:00+00:00,160.97938537597656,0.8490566
2013-05-01 02:00:00+00:00,151.5240478515625,0.84192437
2013-05-01 03:00:00+00:00,158.621337890625,0.84165233
2013-05-01 04:00:00+00:00,177.9896697998047,0.79518074
2013-05-01 05:00:00+00:00,344.23236083984375,146.38316
2013-05-01 06:00:00+00:00,216.26942443847656,0.86426115
2013-05-01 07:00:00+00:00,379.6701354980469,169.44179
2013-05-01 08:00:00+00:00,175.09449768066406,0.8264605
2013-05-01 09:00:00+00:00,588.3458862304688,0.8476027
2013-05-01 10:00:00+00:00,425.83648681640625,145.28767
2013-05-01 11:00:00+00:00,185.2577362060547,0.8696398
2013-05-01 12:00:00+00:00,398.2920837402344,152.58319
2013-05-01 13:00:00+00:00,247.55154418945312,0.87113404
2013-05-01 14:00:00+00:00,247.9759521484375,0.8298969
2013-05-01 15:00:00+00:00,423.1715393066406,180.04974
2013-05-01 16:00:00+00:00,266.2879333496094,0.8373288
2013-05-01 17:00:00+00:00,634.3499145507812,162.55821
2013-05-01 18:00:00+00:00,831.66552734375,0.88245314
2013-05-01 19:00:00+00:00,1218.82958984375,157.06587
2013-05-01 20:00:00+00:00,368.469970703125,0.8818493
2013-05-01 21:00:00+00:00,282.1640625,0.864726
2013-05-01 22:00:00+00:00,197.13893127441406,0.8439108
2013-05-01 23:00:00+00:00,162.6134033203125,0.8728522
2013-05-02 00:00:00+00:00,154.43910217285156,0.8421955
2013-05-02 01:00:00+00:00,157.3556671142578,0.82474226
2013-05-02 02:00:00+00:00,155.97418212890625,0.8795181
2013-05-02 03:00:00+00:00,156.02920532226562,0.8539519
2013-05-02 04:00:00+00:00,186.7297821044922,0.83993113
2013-05-02 05:00:00+00:00,297.7098388671875,84.06861
2013-05-02 06:00:00+00:00,214.90171813964844,0.8659794
2013-05-02 07:00:00+00:00,381.79931640625,141.4725
2013-05-02 08:00:00+00:00,241.14630126953125,0.83505154
2013-05-02 09:00:00+00:00,226.378662109375,0.8674699
2013-05-02 10:00:00+00:00,302.2086181640625,0.88869864
2013-05-02 11:00:00+00:00,259.21649169921875,0.88831615
2013-05-02 12:00:00+00:00,387.8416442871094,165.18353
2013-05-02 13:00:00+00:00,219.3642578125,0.8659794
2013-05-02 14:00:00+00:00,216.57904052734375,0.9140893
2013-05-02 15:00:00+00:00,218.1597900390625,0.8831615
2013-05-02 16:00:00+00:00,228.35162353515625,0.8747856
2013-05-02 17:00:00+00:00,571.276611328125,325.50256
2013-05-02 18:00:00+00:00,387.55670166015625,0.88164663
2013-05-02 19:00:00+00:00,1705.934326171875,142.43193
2013-05-02 20:00:00+00:00,390.91595458984375,0.87135506
2013-05-02 21:00:00+00:00,288.9295654296875,0.87113404
2013-05-02 22:00:00+00:00,223.25257873535156,0.8848797
2013-05-02 23:00:00+00:00,162.55746459960938,0.87135506
2013-05-03 00:00:00+00:00,149.13230895996094,0.8505155
2013-05-03 01:00:00+00:00,157.32530212402344,0.895189
2013-05-03 02:00:00+00:00,149.84536743164062,0.8573883
2013-05-03 03:00:00+00:00,154.690185546875,0.88123924
2013-05-03 04:00:00+00:00,176.7418212890625,0.84165233
2013-05-03 05:00:00+00:00,292.7733459472656,80.2813
2013-05-03 06:00:00+00:00,322.5432434082031,138.56357
2013-05-03 07:00:00+00:00,242.30120849609375,0.86230636
2013-05-03 08:00:00+00:00,221.04647827148438,0.8932874
2013-05-03 09:00:00+00:00,232.71600341796875,0.87607574
2013-05-03 10:00:00+00:00,304.8006896972656,0.8936535
2013-05-03 11:00:00+00:00,236.3907012939453,0.8625429
2013-05-03 12:00:00+00:00,210.8865966796875,0.8728522
2013-05-03 13:00:00+00:00,367.9031066894531,154.98456
2013-05-03 14:00:00+00:00,231.7135467529297,0.9109589
2013-05-03 15:00:00+00:00,232.40721130371094,0.8659794
2013-05-03 16:00:00+00:00,306.3876647949219,0.85811967
2013-05-03 17:00:00+00:00,265.9777526855469,0.87842464
2013-05-03 18:00:00+00:00,227.10787963867188,0.89897263
2013-05-03 19:00:00+00:00,447.64605712890625,171.94539
2013-05-03 20:00:00+00:00,307.80340576171875,0.8769231
2013-05-03 21:00:00+00:00,440.5513610839844,135.49231
2013-05-03 22:00:00+00:00,215.45469665527344,0.9076923
2013-05-03 23:00:00+00:00,166.92123413085938,0.9023973
2013-05-04 00:00:00+00:00,155.013671875,0.8957265
2013-05-04 01:00:00+00:00,153.20034790039062,0.9041096
2013-05-04 02:00:00+00:00,155.50341796875,0.864726
2013-05-04 03:00:00+00:00,152.84075927734375,0.875
2013-05-04 04:00:00+00:00,156.2739715576172,0.8732877
2013-05-04 05:00:00+00:00,147.60205078125,0.9056604
2013-05-04 06:00:00+00:00,550.6883544921875,349.38565
2013-05-04 07:00:00+00:00,241.0548858642578,0.8885077
2013-05-04 08:00:00+00:00,235.66896057128906,0.8696398
2013-05-04 09:00:00+00:00,223.70205688476562,0.8593482
2013-05-04 10:00:00+00:00,237.72727966308594,0.8630137
2013-05-04 11:00:00+00:00,815.75341796875,338.89627
2013-05-04 12:00:00+00:00,1867.08935546875,0.8875839
2013-05-04 13:00:00+00:00,690.8688354492188,0.9013606
2013-05-04 14:00:00+00:00,323.7735900878906,0.92649573
2013-05-04 15:00:00+00:00,533.135498046875,320.94028
2013-05-04 16:00:00+00:00,375.37158203125,0.9400685
2013-05-04 17:00:00+00:00,415.10101318359375,0.9109589
2013-05-04 18:00:00+00:00,530.6134033203125,204.10051
2013-05-04 19:00:00+00:00,1254.8919677734375,0.90725124
2013-05-04 20:00:00+00:00,828.4024047851562,0.89134127
2013-05-04 21:00:00+00:00,324.19488525390625,0.94529915
2013-05-04 22:00:00+00:00,215.53675842285156,0.9230769
2013-05-04 23:00:00+00:00,173.00856018066406,0.90924656
2013-05-05 00:00:00+00:00,155.1692352294922,0.9076923
2013-05-05 01:00:00+00:00,161.4178009033203,0.89897263
2013-05-05 02:00:00+00:00,151.6991424560547,0.9094017
2013-05-05 03:00:00+00:00,162.9451141357422,0.8799314
2013-05-05 04:00:00+00:00,164.15199279785156,0.9032815
2013-05-05 05:00:00+00:00,209.12521362304688,0.9193825
2013-05-05 06:00:00+00:00,593.1019287109375,345.86325
2013-05-05 07:00:00+00:00,789.3839721679688,0.9049236
2013-05-05 08:00:00+00:00,1339.82177734375,0.8330523
2013-05-05 09:00:00+00:00,564.7088623046875,0.8837607
2013-05-05 10:00:00+00:00,528.5780639648438,298.6376
2013-05-05 11:00:00+00:00,377.6666564941406,0.88926744
2013-05-05 12:00:00+00:00,227.11473083496094,0.93835616
2013-05-05 13:00:00+00:00,234.5428009033203,0.92979455
2013-05-05 14:00:00+00:00,616.1832275390625,92.109406
2013-05-05 15:00:00+00:00,307.1213684082031,68.79145
2013-05-05 16:00:00+00:00,437.5557556152344,160.23761
2013-05-05 17:00:00+00:00,252.3037567138672,0.9213675
2013-05-05 18:00:00+00:00,890.5466918945312,0.8947368
2013-05-05 19:00:00+00:00,1071.6278076171875,0.8935811
2013-05-05 20:00:00+00:00,493.9709777832031,135.82082
2013-05-05 21:00:00+00:00,260.1518859863281,0.9095563
2013-05-05 22:00:00+00:00,176.7542724609375,0.89419794
2013-05-05 23:00:00+00:00,156.37220764160156,0.9112628
2013-05-06 00:00:00+00:00,154.96246337890625,0.9146758
2013-05-06 01:00:00+00:00,161.75384521484375,0.9213675
2013-05-06 02:00:00+00:00,150.998291015625,0.8940171
2013-05-06 03:00:00+00:00,161.5093994140625,0.9042735
2013-05-06 04:00:00+00:00,152.48793029785156,0.9232082
2013-05-06 05:00:00+00:00,202.994873046875,0.9025641
2013-05-06 06:00:00+00:00,575.2972412109375,303.75598
2013-05-06 07:00:00+00:00,274.46392822265625,0.93526405
2013-05-06 08:00:00+00:00,420.3418884277344,166.80513
2013-05-06 09:00:00+00:00,262.5787658691406,0.9109589
2013-05-06 10:00:00+00:00,345.7277526855469,72.04615
2013-05-06 11:00:00+00:00,387.63494873046875,0.88926744
2013-05-06 12:00:00+00:00,556.4393310546875,287.7483
2013-05-06 13:00:00+00:00,242.35043334960938,0.93846154
2013-05-06 14:00:00+00:00,557.4837646484375,0.9128205
2013-05-06 15:00:00+00:00,408.7308349609375,156.34753
2013-05-06 16:00:00+00:00,321.8869934082031,0.9556314
2013-05-06 17:00:00+00:00,297.21502685546875,0.9540034
2013-05-06 18:00:00+00:00,1051.9490966796875,0.9170897
2013-05-06 19:00:00+00:00,926.5236206054688,144.86633
2013-05-06 20:00:00+00:00,352.5162353515625,0.94207835
2013-05-06 21:00:00+00:00,226.04608154296875,0.9129693
2013-05-06 22:00:00+00:00,165.40443420410156,0.9300341
2013-05-06 23:00:00+00:00,164.7969207763672,0.9334471
2013-05-07 00:00:00+00:00,155.1928253173828,0.92662114
2013-05-07 01:00:00+00:00,161.4752197265625,0.93846154
2013-05-07 02:00:00+00:00,151.02047729492188,0.9146758
2013-05-07 03:00:00+00:00,159.86837768554688,0.9162393
2013-05-07 04:00:00+00:00,151.02392578125,0.88869864
2013-05-07 05:00:00+00:00,371.6095886230469,166.24573
2013-05-07 06:00:00+00:00,225.65179443359375,0.9160959
2013-05-07 07:00:00+00:00,184.3390350341797,0.90924656
2013-05-07 08:00:00+00:00,336.71917724609375,146.73676
2013-05-07 09:00:00+00:00,198.23287963867188,0.91952056
2013-05-07 10:00:00+00:00,192.61300659179688,0.9246575
2013-05-07 11:00:00+00:00,174.28302001953125,0.9247863
2013-05-07 12:00:00+00:00,438.2355041503906,157.27257
2013-05-07 13:00:00+00:00,220.34417724609375,0.93835616
2013-05-07 14:00:00+00:00,382.3162536621094,140.57509
2013-05-07 15:00:00+00:00,485.5479431152344,148.67747
2013-05-07 16:00:00+00:00,508.0683898925781,89.53504
2013-05-07 17:00:00+00:00,276.76239013671875,0.95051193
2013-05-07 18:00:00+00:00,1010.80712890625,0.8949153
2013-05-07 19:00:00+00:00,1092.2027587890625,143.57167
2013-05-07 20:00:00+00:00,337.63482666015625,0.93174064
2013-05-07 21:00:00+00:00,238.3111114501953,0.9590444
2013-05-07 22:00:00+00:00,195.3651885986328,0.9334471
2013-05-07 23:00:00+00:00,181.65357971191406,0.90784985
2013-05-08 00:00:00+00:00,191.001708984375,0.90614337
2013-05-08 01:00:00+00:00,182.67234802246094,0.8976109
2013-05-08 02:00:00+00:00,187.93162536621094,0.9076923
2013-05-08 03:00:00+00:00,187.07008361816406,0.92991453
2013-05-08 04:00:00+00:00,186.7025604248047,0.8905983
2013-05-08 05:00:00+00:00,184.13333129882812,0.9112628
2013-05-08 06:00:00+00:00,717.7461547851562,445.17007
2013-05-08 07:00:00+00:00,328.7698974609375,0.91952056
2013-05-08 08:00:00+00:00,279.005126953125,0.87542665
2013-05-08 09:00:00+00:00,587.7692260742188,160.35556
2013-05-08 10:00:00+00:00,339.62158203125,0.90784985
2013-05-08 11:00:00+00:00,436.85223388671875,151.64456
2013-05-08 12:00:00+00:00,210.54701232910156,0.94529915
2013-05-08 13:00:00+00:00,225.2153778076172,0.93333334
2013-05-08 14:00:00+00:00,223.74485778808594,0.93846154
2013-05-08 15:00:00+00:00,211.64956665039062,0.9334471
2013-05-08 16:00:00+00:00,334.2688293457031,0.93867123
2013-05-08 17:00:00+00:00,497.5921630859375,135.12096
2013-05-08 18:00:00+00:00,341.2593994140625,0.9283276
2013-05-08 19:00:00+00:00,1586.2579345703125,0.94276094
2013-05-08 20:00:00+00:00,312.8617858886719,0.9047619
2013-05-08 21:00:00+00:00,200.7491455078125,0.94880545
2013-05-08 22:00:00+00:00,168.50936889648438,0.89778537
2013-05-08 23:00:00+00:00,174.0802001953125,0.9334471
2013-05-09 00:00:00+00:00,164.4436798095703,0.8959044
2013-05-09 01:00:00+00:00,171.56314086914062,0.93504274
2013-05-09 02:00:00+00:00,165.986328125,0.92662114
2013-05-09 03:00:00+00:00,169.62734985351562,0.89726025
2013-05-09 04:00:00+00:00,164.83047485351562,0.95042735
2013-05-09 05:00:00+00:00,231.5574951171875,36.351536
2013-05-09 06:00:00+00:00,164.32876586914062,0.9143836
2013-05-09 07:00:00+00:00,447.9811096191406,219.40956
2013-05-09 08:00:00+00:00,245.7277374267578,0.9160959
2013-05-09 09:00:00+00:00,245.59588623046875,0.94863015
2013-05-09 10:00:00+00:00,395.24700927734375,3.635274
2013-05-09 11:00:00+00:00,448.91424560546875,130.23761
2013-05-09 12:00:00+00:00,225.5256805419922,0.9332192
2013-05-09 13:00:00+00:00,235.8782196044922,0.94700855
2013-05-09 14:00:00+00:00,392.960693359375,167.99487
2013-05-09 15:00:00+00:00,238.06185913085938,0.9537671
2013-05-09 16:00:00+00:00,236.88185119628906,0.92649573
2013-05-09 17:00:00+00:00,543.6318359375,0.9349315
2013-05-09 18:00:00+00:00,948.001708984375,159.38672
2013-05-09 19:00:00+00:00,1259.9697265625,0.9206081
2013-05-09 20:00:00+00:00,460.0222473144531,107.196915
2013-05-09 21:00:00+00:00,265.5102844238281,0.9332192
2013-05-09 22:00:00+00:00,153.05690002441406,0.943686
2013-05-09 23:00:00+00:00,162.24143981933594,0.94871795
2013-05-10 00:00:00+00:00,151.5616455078125,0.9143836
2013-05-10 01:00:00+00:00,163.19862365722656,0.94691783
2013-05-10 02:00:00+00:00,153.19178771972656,0.91952056
2013-05-10 03:00:00+00:00,161.41510009765625,0.92795885
2013-05-10 04:00:00+00:00,164.11985778808594,0.9246575
2013-05-10 05:00:00+00:00,205.6262969970703,0.9179487
2013-05-10 06:00:00+00:00,261.44598388671875,46.727272
2013-05-10 07:00:00+00:00,329.5265808105469,95.979454
2013-05-10 08:00:00+00:00,270.7084045410156,0.90909094
2013-05-10 09:00:00+00:00,200.15753173828125,0.9212329
2013-05-10 10:00:00+00:00,153.5660400390625,0.9296741
2013-05-10 11:00:00+00:00,154.71868896484375,0.93310463
2013-05-10 12:00:00+00:00,155.01541137695312,0.9451115
2013-05-10 13:00:00+00:00,149.8130340576172,0.95547944
2013-05-10 14:00:00+00:00,154.70840454101562,0.95368785
2013-05-10 15:00:00+00:00,149.39041137695312,0.9606164
2013-05-10 16:00:00+00:00,549.730224609375,316.45377
2013-05-10 17:00:00+00:00,292.72088623046875,0.93504274
2013-05-10 18:00:00+00:00,406.27691650390625,143.7087
2013-05-10 19:00:00+00:00,322.4332275390625,0.94863015
2013-05-10 20:00:00+00:00,498.5008544921875,161.77986
2013-05-10 21:00:00+00:00,429.99658203125,111.96923
2013-05-10 22:00:00+00:00,193.01370239257812,0.9349315
2013-05-10 23:00:00+00:00,154.44102478027344,0.92820513
2013-05-11 00:00:00+00:00,160.14212036132812,0.9126712
2013-05-11 01:00:00+00:00,148.6849365234375,0.89897263
2013-05-11 02:00:00+00:00,158.95025634765625,0.92795885
2013-05-11 03:00:00+00:00,148.92808532714844,0.92636985
2013-05-11 04:00:00+00:00,176.82333374023438,0.92281306
2013-05-11 05:00:00+00:00,160.5008544921875,0.89022297
2013-05-11 06:00:00+00:00,177.19383239746094,0.9108062
2013-05-11 07:00:00+00:00,570.718017578125,306.2338
2013-05-11 08:00:00+00:00,268.2216491699219,0.91752577
2013-05-11 09:00:00+00:00,325.2469787597656,77.537674
2013-05-11 10:00:00+00:00,1276.554931640625,421.04236
2013-05-11 11:00:00+00:00,749.7384643554688,0.923339
2013-05-11 12:00:00+00:00,294.59552001953125,0.9109589
2013-05-11 13:00:00+00:00,240.80274963378906,0.9313894
2013-05-11 14:00:00+00:00,346.408935546875,118.33562
2013-05-11 15:00:00+00:00,373.7989501953125,0.9109589
2013-05-11 16:00:00+00:00,614.5137329101562,195.92612
2013-05-11 17:00:00+00:00,732.0806274414062,136.78596
2013-05-11 18:00:00+00:00,687.5379028320312,0.93504274
2013-05-11 19:00:00+00:00,1397.6536865234375,0.91062397
2013-05-11 20:00:00+00:00,503.0462341308594,156.51541
2013-05-11 21:00:00+00:00,302.6689453125,0.92109776
2013-05-11 22:00:00+00:00,200.32473754882812,0.92783505
2013-05-11 23:00:00+00:00,177.19931030273438,0.9347079
2013-05-12 00:00:00+00:00,166.27491760253906,0.9108062
2013-05-12 01:00:00+00:00,169.1357421875,0.91580755
2013-05-12 02:00:00+00:00,152.32530212402344,1.9380379
2013-05-12 03:00:00+00:00,154.2628936767578,0.90378004
2013-05-12 04:00:00+00:00,186.00344848632812,0.86230636
2013-05-12 05:00:00+00:00,206.66551208496094,0.9053356
2013-05-12 06:00:00+00:00,561.4490356445312,287.25558
2013-05-12 07:00:00+00:00,905.6862182617188,0.914966
2013-05-12 08:00:00+00:00,626.9862670898438,338.13358
2013-05-12 09:00:00+00:00,1082.0618896484375,172.19557
2013-05-12 10:00:00+00:00,272.09295654296875,0.9070568
2013-05-12 11:00:00+00:00,418.3732604980469,25.982876
2013-05-12 12:00:00+00:00,545.49658203125,293.98972
2013-05-12 13:00:00+00:00,269.1256408691406,0.92254734
2013-05-12 14:00:00+00:00,501.86920166015625,0.92254734
2013-05-12 15:00:00+00:00,463.35394287109375,157.31218
2013-05-12 16:00:00+00:00,617.3511352539062,144.72556
2013-05-12 17:00:00+00:00,346.2448425292969,0.92783505
2013-05-12 18:00:00+00:00,1551.4237060546875,160.79695
2013-05-12 19:00:00+00:00,556.5222778320312,0.93333334
2013-05-12 20:00:00+00:00,332.7975769042969,0.92281306
2013-05-12 21:00:00+00:00,242.61790466308594,0.91595197
2013-05-12 22:00:00+00:00,168.1560821533203,0.9243986
2013-05-12 23:00:00+00:00,164.21514892578125,0.9176672
2013-05-13 00:00:00+00:00,168.8336181640625,0.92268044
2013-05-13 01:00:00+00:00,159.4320068359375,0.9005146
2013-05-13 02:00:00+00:00,168.044677734375,0.93310463
2013-05-13 03:00:00+00:00,157.65463256835938,0.9209622
2013-05-13 04:00:00+00:00,200.45016479492188,0.9193825
2013-05-13 05:00:00+00:00,535.94140625,317.50772
2013-05-13 06:00:00+00:00,228.77662658691406,0.94501716
2013-05-13 07:00:00+00:00,212.56109619140625,0.9193825
2013-05-13 08:00:00+00:00,215.11512756347656,0.92109776
2013-05-13 09:00:00+00:00,217.399658203125,0.9365352
2013-05-13 10:00:00+00:00,368.8216247558594,167.46404
2013-05-13 11:00:00+00:00,271.5837707519531,31.857876
2013-05-13 12:00:00+00:00,440.20068359375,143.76712
2013-05-13 13:00:00+00:00,266.5420227050781,0.948542
2013-05-13 14:00:00+00:00,388.8421936035156,112.946915
2013-05-13 15:00:00+00:00,486.5214538574219,57.469982
2013-05-13 16:00:00+00:00,715.1773071289062,159.42294
2013-05-13 17:00:00+00:00,227.64151000976562,0.94863015
2013-05-13 18:00:00+00:00,1488.6131591796875,0.9394958
2013-05-13 19:00:00+00:00,640.3316040039062,201.38054
2013-05-13 20:00:00+00:00,396.0242614746094,64.83419
2013-05-13 21:00:00+00:00,217.11985778808594,0.9537671
2013-05-13 22:00:00+00:00,161.97084045410156,0.9433962
2013-05-13 23:00:00+00:00,156.2144012451172,0.94682676
2013-05-14 00:00:00+00:00,151.9125213623047,0.9554031
2013-05-14 01:00:00+00:00,157.70790100097656,0.9243986
2013-05-14 02:00:00+00:00,148.8439178466797,0.93996567
2013-05-14 03:00:00+00:00,158.7814178466797,0.9295533
2013-05-14 04:00:00+00:00,174.12371826171875,0.92268044
2013-05-14 05:00:00+00:00,212.20962524414062,0.94168097
2013-05-14 06:00:00+00:00,426.6065368652344,171.16809
2013-05-14 07:00:00+00:00,280.41278076171875,41.264153
2013-05-14 08:00:00+00:00,250.40206909179688,0.9535284
2013-05-14 09:00:00+00:00,343.53265380859375,0.91952056
2013-05-14 10:00:00+00:00,275.87457275390625,0.9467354
2013-05-14 11:00:00+00:00,433.06390380859375,189.47089
2013-05-14 12:00:00+00:00,249.5240478515625,0.9415808
2013-05-14 13:00:00+00:00,380.316162109375,0.9484536
2013-05-14 14:00:00+00:00,280.57733154296875,0.9415808
2013-05-14 15:00:00+00:00,264.955322265625,0.9467354
2013-05-14 16:00:00+00:00,432.45703125,186.16267
2013-05-14 17:00:00+00:00,503.3095703125,76.441025
2013-05-14 18:00:00+00:00,801.6109008789062,0.93846154
2013-05-14 19:00:00+00:00,1378.062744140625,155.07614
2013-05-14 20:00:00+00:00,500.56109619140625,108.96741
2013-05-14 21:00:00+00:00,303.9690856933594,0.9587629
2013-05-14 22:00:00+00:00,153.56185913085938,0.9484536
2013-05-14 23:00:00+00:00,161.0929412841797,0.95697075
2013-05-15 00:00:00+00:00,144.24742126464844,0.93986255
2013-05-15 01:00:00+00:00,154.58863830566406,0.94501716
2013-05-15 02:00:00+00:00,152.42068481445312,0.91065294
2013-05-15 03:00:00+00:00,146.77108764648438,0.92082614
2013-05-15 04:00:00+00:00,218.94491577148438,0.93631667
2013-05-15 05:00:00+00:00,204.29360961914062,0.9242685
2013-05-15 06:00:00+00:00,671.8492431640625,322.21674
2013-05-15 07:00:00+00:00,436.9449157714844,157.03615
2013-05-15 08:00:00+00:00,256.2926025390625,0.96391755
2013-05-15 09:00:00+00:00,441.5407409667969,183.75342
2013-05-15 10:00:00+00:00,453.8992919921875,63.114727
2013-05-15 11:00:00+00:00,465.091064453125,105.6072
2013-05-15 12:00:00+00:00,308.795166015625,0.92943203
2013-05-15 13:00:00+00:00,308.69879150390625,0.9345955
2013-05-15 14:00:00+00:00,510.2943115234375,0.9466437
2013-05-15 15:00:00+00:00,516.2684936523438,129.97595
2013-05-15 16:00:00+00:00,684.5965576171875,177.85103
2013-05-15 17:00:00+00:00,220.99827575683594,0.9604131
2013-05-15 18:00:00+00:00,1132.202392578125,0.9101695
2013-05-15 19:00:00+00:00,869.7559814453125,91.0477
2013-05-15 20:00:00+00:00,433.1574401855469,66.47513
2013-05-15 21:00:00+00:00,255.82615661621094,0.95697075
2013-05-15 22:00:00+00:00,160.35293579101562,0.9117647
2013-05-15 23:00:00+00:00,0.0,0.9117647
2013-05-16 00:00:00+00:00,0.0,0.9117647
2013-05-16 01:00:00+00:00,0.0,0.9117647
2013-05-16 02:00:00+00:00,0.0,0.9117647
2013-05-16 03:00:00+00:00,0.0,0.9117647
2013-05-16 04:00:00+00:00,0.0,0.9117647
2013-05-16 05:00:00+00:00,0.0,0.9117647
2013-05-16 06:00:00+00:00,0.0,0.9117647
2013-05-16 07:00:00+00:00,0.0,0.9117647
2013-05-16 08:00:00+00:00,0.0,0.9117647
2013-05-16 09:00:00+00:00,0.0,0.0
2013-05-16 10:00:00+00:00,0.0,0.0
2013-05-16 11:00:00+00:00,0.0,0.0
2013-05-16 12:00:00+00:00,0.0,0.0
2013-05-16 13:00:00+00:00,0.0,0.0
2013-05-16 14:00:00+00:00,0.0,0.0
2013-05-16 15:00:00+00:00,0.0,0.0
2013-05-16 16:00:00+00:00,0.0,0.0
2013-05-16 17:00:00+00:00,0.0,0.0
2013-05-16 18:00:00+00:00,0.0,0.0
2013-05-16 19:00:00+00:00,0.0,0.0
2013-05-16 20:00:00+00:00,0.0,0.0
2013-05-16 21:00:00+00:00,0.0,0.0
2013-05-16 22:00:00+00:00,0.0,0.0
2013-05-16 23:00:00+00:00,0.0,0.0
2013-05-17 00:00:00+00:00,0.0,0.0
2013-05-17 01:00:00+00:00,0.0,0.0
2013-05-17 02:00:00+00:00,0.0,0.0
2013-05-17 03:00:00+00:00,0.0,0.0
2013-05-17 04:00:00+00:00,0.0,0.0
2013-05-17 05:00:00+00:00,0.0,0.0
2013-05-17 06:00:00+00:00,0.0,0.0
2013-05-17 07:00:00+00:00,0.0,0.0
2013-05-17 08:00:00+00:00,0.0,0.0
2013-05-17 09:00:00+00:00,0.0,0.0
2013-05-17 10:00:00+00:00,0.0,0.0
2013-05-17 11:00:00+00:00,0.0,0.0
2013-05-17 12:00:00+00:00,0.0,0.0
2013-05-17 13:00:00+00:00,0.0,0.0
2013-05-17 14:00:00+00:00,0.0,0.0
2013-05-17 15:00:00+00:00,0.0,0.0
2013-05-17 16:00:00+00:00,0.0,0.0
2013-05-17 17:00:00+00:00,0.0,0.0
2013-05-17 18:00:00+00:00,0.0,0.0
2013-05-17 19:00:00+00:00,0.0,0.0
2013-05-17 20:00:00+00:00,0.0,0.0
2013-05-17 21:00:00+00:00,0.0,0.0
2013-05-17 22:00:00+00:00,0.0,0.0
2013-05-17 23:00:00+00:00,0.0,0.0
2013-05-18 00:00:00+00:00,0.0,0.0
2013-05-18 01:00:00+00:00,0.0,0.0
2013-05-18 02:00:00+00:00,0.0,0.0
2013-05-18 03:00:00+00:00,0.0,0.0
2013-05-18 04:00:00+00:00,0.0,0.0
2013-05-18 05:00:00+00:00,0.0,0.0
2013-05-18 06:00:00+00:00,0.0,0.0
2013-05-18 07:00:00+00:00,0.0,0.0
2013-05-18 08:00:00+00:00,0.0,0.0
2013-05-18 09:00:00+00:00,0.0,0.0
2013-05-18 10:00:00+00:00,0.0,0.0
2013-05-18 11:00:00+00:00,0.0,0.0
2013-05-18 12:00:00+00:00,0.0,0.0
2013-05-18 13:00:00+00:00,0.0,0.0
2013-05-18 14:00:00+00:00,0.0,0.0
2013-05-18 15:00:00+00:00,0.0,0.0
2013-05-18 16:00:00+00:00,0.0,0.0
2013-05-18 17:00:00+00:00,0.0,0.0
2013-05-18 18:00:00+00:00,0.0,0.0
2013-05-18 19:00:00+00:00,0.0,0.0
2013-05-18 20:00:00+00:00,0.0,0.0
2013-05-18 21:00:00+00:00,0.0,0.0
2013-05-18 22:00:00+00:00,0.0,0.0
2013-05-18 23:00:00+00:00,0.0,0.0
2013-05-19 00:00:00+00:00,0.0,0.0
2013-05-19 01:00:00+00:00,0.0,0.0
2013-05-19 02:00:00+00:00,0.0,0.0
2013-05-19 03:00:00+00:00,0.0,0.0
2013-05-19 04:00:00+00:00,0.0,0.0
2013-05-19 05:00:00+00:00,0.0,0.0
2013-05-19 06:00:00+00:00,0.0,0.0
2013-05-19 07:00:00+00:00,0.0,0.0
2013-05-19 08:00:00+00:00,0.0,0.0
2013-05-19 09:00:00+00:00,0.0,0.0
2013-05-19 10:00:00+00:00,0.0,0.0
2013-05-19 11:00:00+00:00,0.0,0.0
2013-05-19 12:00:00+00:00,0.0,0.0
2013-05-19 13:00:00+00:00,0.0,0.0
2013-05-19 14:00:00+00:00,0.0,0.0
2013-05-19 15:00:00+00:00,0.0,0.0
2013-05-19 16:00:00+00:00,0.0,0.0
2013-05-19 17:00:00+00:00,0.0,0.0
2013-05-19 18:00:00+00:00,0.0,0.0
2013-05-19 19:00:00+00:00,0.0,0.0
2013-05-19 20:00:00+00:00,0.0,0.0
2013-05-19 21:00:00+00:00,0.0,0.0
2013-05-19 22:00:00+00:00,0.0,0.0
2013-05-19 23:00:00+00:00,0.0,0.0
2013-05-20 00:00:00+00:00,0.0,0.0
2013-05-20 01:00:00+00:00,0.0,0.0
2013-05-20 02:00:00+00:00,0.0,0.0
2013-05-20 03:00:00+00:00,0.0,0.0
2013-05-20 04:00:00+00:00,0.0,0.0
2013-05-20 05:00:00+00:00,0.0,0.0
2013-05-20 06:00:00+00:00,0.0,0.0
2013-05-20 07:00:00+00:00,0.0,0.0
2013-05-20 08:00:00+00:00,0.0,0.0
2013-05-20 09:00:00+00:00,0.0,0.0
2013-05-20 10:00:00+00:00,0.0,0.0
2013-05-20 11:00:00+00:00,0.0,0.0
2013-05-20 12:00:00+00:00,0.0,0.0
2013-05-20 13:00:00+00:00,0.0,0.0
2013-05-20 14:00:00+00:00,0.0,0.0
2013-05-20 15:00:00+00:00,0.0,0.0
2013-05-20 16:00:00+00:00,1382.1163330078125,1179.5862
2013-05-20 17:00:00+00:00,0.0,1179.5862
2013-05-20 18:00:00+00:00,0.0,1179.5862
2013-05-20 19:00:00+00:00,0.0,1179.5862
2013-05-20 20:00:00+00:00,0.0,1179.5862
2013-05-20 21:00:00+00:00,347.1601257324219,0.98039216
2013-05-20 22:00:00+00:00,284.03082275390625,0.9537671
2013-05-20 23:00:00+00:00,260.0666809082031,0.9709402
2013-05-21 00:00:00+00:00,252.06495666503906,0.94880545
2013-05-21 01:00:00+00:00,160.23973083496094,0.94863015
2013-05-21 02:00:00+00:00,165.25982666015625,0.9777778
2013-05-21 03:00:00+00:00,151.3145294189453,0.96752137
2013-05-21 04:00:00+00:00,157.92599487304688,0.94188035
2013-05-21 05:00:00+00:00,195.60690307617188,0.95042735
2013-05-21 06:00:00+00:00,154.26837158203125,0.94529915
2013-05-21 07:00:00+00:00,161.0239715576172,0.9332192
2013-05-21 08:00:00+00:00,362.3184814453125,169.21367
2013-05-21 09:00:00+00:00,253.80308532714844,0.9691781
2013-05-21 10:00:00+00:00,242.6878662109375,0.9643564
2013-05-21 11:00:00+00:00,325.8544616699219,0.95555556
2013-05-21 12:00:00+00:00,245.8544464111328,0.96746576
2013-05-21 13:00:00+00:00,240.501708984375,0.97602737
2013-05-21 14:00:00+00:00,238.24871826171875,0.95711833
2013-05-21 15:00:00+00:00,232.1609649658203,0.94691783
2013-05-21 16:00:00+00:00,245.77015686035156,0.93310463
2013-05-21 17:00:00+00:00,501.494873046875,183.67918
2013-05-21 18:00:00+00:00,205.21575927734375,0.9708904
2013-05-21 19:00:00+00:00,1093.1270751953125,0.95925295
2013-05-21 20:00:00+00:00,1211.943603515625,268.7619
2013-05-21 21:00:00+00:00,562.7581176757812,0.95726496
2013-05-21 22:00:00+00:00,299.6329345703125,0.96410257
2013-05-21 23:00:00+00:00,192.02401733398438,0.9433962
2013-05-22 00:00:00+00:00,164.6792449951172,0.948542
2013-05-22 01:00:00+00:00,154.5883331298828,0.948542
2013-05-22 02:00:00+00:00,167.46311950683594,0.9639794
2013-05-22 03:00:00+00:00,153.3790740966797,0.9451115
2013-05-22 04:00:00+00:00,200.20103454589844,0.9415808
2013-05-22 05:00:00+00:00,159.75257873535156,0.95197254
2013-05-22 06:00:00+00:00,184.75430297851562,0.9606164
2013-05-22 07:00:00+00:00,156.2646026611328,0.95704466
2013-05-22 08:00:00+00:00,204.13551330566406,0.95883363
2013-05-22 09:00:00+00:00,438.1944885253906,216.07877
2013-05-22 10:00:00+00:00,249.8130340576172,0.9296741
2013-05-22 11:00:00+00:00,362.0724182128906,0.95719177
2013-05-22 12:00:00+00:00,244.60891723632812,0.96391755
2013-05-22 13:00:00+00:00,246.6683807373047,0.96740997
2013-05-22 14:00:00+00:00,268.501708984375,0.9604811
2013-05-22 15:00:00+00:00,431.7735900878906,0.9605489
2013-05-22 16:00:00+00:00,421.4065246582031,194.25215
2013-05-22 17:00:00+00:00,496.5310363769531,223.99486
2013-05-22 18:00:00+00:00,441.2344970703125,0.9623288
2013-05-22 19:00:00+00:00,1558.9290771484375,266.72543
2013-05-22 20:00:00+00:00,902.1160278320312,0.9625213
2013-05-22 21:00:00+00:00,384.59967041015625,0.9467354
2013-05-22 22:00:00+00:00,277.07745361328125,0.9518072
2013-05-22 23:00:00+00:00,307.06402587890625,0.9554031
2013-05-23 00:00:00+00:00,279.12908935546875,0.95697075
2013-05-23 01:00:00+00:00,237.8863983154297,0.95524955
2013-05-23 02:00:00+00:00,139.4637908935547,0.9414802
2013-05-23 03:00:00+00:00,140.48193359375,0.93631667
2013-05-23 04:00:00+00:00,196.6051788330078,0.94482756
2013-05-23 05:00:00+00:00,194.45249938964844,0.9464594
2013-05-23 06:00:00+00:00,152.6781463623047,0.96213424
2013-05-23 07:00:00+00:00,141.3000030517578,0.962069
2013-05-23 08:00:00+00:00,135.44921875,0.9380379
2013-05-23 09:00:00+00:00,143.3741455078125,0.9534483
2013-05-23 10:00:00+00:00,448.2076110839844,201.43665
2013-05-23 11:00:00+00:00,246.52586364746094,0.9551724
2013-05-23 12:00:00+00:00,227.97418212890625,0.94320136
2013-05-23 13:00:00+00:00,411.1669616699219,159.52324
2013-05-23 14:00:00+00:00,223.51034545898438,0.9517241
2013-05-23 15:00:00+00:00,409.89520263671875,181.6747
2013-05-23 16:00:00+00:00,236.40447998046875,0.9466437
2013-05-23 17:00:00+00:00,234.42068481445312,0.9413793
2013-05-23 18:00:00+00:00,316.20001220703125,0.96907216
2013-05-23 19:00:00+00:00,256.2486877441406,0.95697075
2013-05-23 20:00:00+00:00,972.9364013671875,302.76068
2013-05-23 21:00:00+00:00,1256.32373046875,0.9677966
2013-05-23 22:00:00+00:00,280.5448303222656,0.96901894
2013-05-23 23:00:00+00:00,259.0258483886719,0.9672414
2013-05-24 00:00:00+00:00,282.1017150878906,0.92068964
2013-05-24 01:00:00+00:00,185.58030700683594,0.92918825
2013-05-24 02:00:00+00:00,143.05172729492188,0.962069
2013-05-24 03:00:00+00:00,135.7564697265625,0.955095
2013-05-24 04:00:00+00:00,200.92401123046875,0.93264246
2013-05-24 05:00:00+00:00,207.2266387939453,0.9463668
2013-05-24 06:00:00+00:00,151.75689697265625,0.9655172
2013-05-24 07:00:00+00:00,139.6666717529297,0.96027637
2013-05-24 08:00:00+00:00,135.1862030029297,0.94310343
2013-05-24 09:00:00+00:00,143.37132263183594,0.94127804
2013-05-24 10:00:00+00:00,238.14654541015625,0.95
2013-05-24 11:00:00+00:00,269.46630859375,0.9464594
2013-05-24 12:00:00+00:00,340.1876220703125,0.9604131
2013-05-24 13:00:00+00:00,269.9395446777344,0.95
2013-05-24 14:00:00+00:00,191.7944793701172,0.9585492
2013-05-24 15:00:00+00:00,144.26425170898438,0.93782383
2013-05-24 16:00:00+00:00,187.16925048828125,0.9551724
2013-05-24 17:00:00+00:00,146.70120239257812,0.9430052
2013-05-24 18:00:00+00:00,188.17788696289062,0.93091536
2013-05-24 19:00:00+00:00,176.6189727783203,0.95
2013-05-24 20:00:00+00:00,635.9481811523438,348.36365
2013-05-24 21:00:00+00:00,371.6614990234375,0.97409326
2013-05-24 22:00:00+00:00,306.1502685546875,0.95008606
2013-05-24 23:00:00+00:00,274.9275817871094,0.94827586
2013-05-25 00:00:00+00:00,268.791015625,0.94127804
2013-05-25 01:00:00+00:00,212.03793334960938,0.93448275
2013-05-25 02:00:00+00:00,132.8065643310547,0.9430052
2013-05-25 03:00:00+00:00,148.76165771484375,0.94127804
2013-05-25 04:00:00+00:00,212.38754272460938,0.9273356
2013-05-25 05:00:00+00:00,207.25086975097656,0.9584775
2013-05-25 06:00:00+00:00,151.3678741455078,0.9516408
2013-05-25 07:00:00+00:00,135.9689178466797,0.9585492
2013-05-25 08:00:00+00:00,322.7056884765625,163.45189
2013-05-25 09:00:00+00:00,138.70294189453125,0.97063905
2013-05-25 10:00:00+00:00,284.2124328613281,0.9483649
2013-05-25 11:00:00+00:00,576.0380859375,162.7072
2013-05-25 12:00:00+00:00,300.44482421875,0.9775862
2013-05-25 13:00:00+00:00,455.00518798828125,227.28473
2013-05-25 14:00:00+00:00,247.52159118652344,0.96901894
2013-05-25 15:00:00+00:00,289.0867919921875,0.96729773
2013-05-25 16:00:00+00:00,362.74310302734375,0.9551724
2013-05-25 17:00:00+00:00,513.5716552734375,157.25342
2013-05-25 18:00:00+00:00,261.0327453613281,0.9637931
2013-05-25 19:00:00+00:00,1800.7015380859375,169.51093
2013-05-25 20:00:00+00:00,292.552490234375,0.9604131
2013-05-25 21:00:00+00:00,227.84165954589844,0.96385545
2013-05-25 22:00:00+00:00,202.98448181152344,0.9724138
2013-05-25 23:00:00+00:00,221.03846740722656,0.9414802
2013-05-26 00:00:00+00:00,287.3724060058594,0.9293103
2013-05-26 01:00:00+00:00,208.20034790039062,0.93955094
2013-05-26 02:00:00+00:00,150.80517578125,0.94655174
2013-05-26 03:00:00+00:00,135.07266235351562,0.9411765
2013-05-26 04:00:00+00:00,204.62867736816406,0.92573404
2013-05-26 05:00:00+00:00,204.07093811035156,0.9394464
2013-05-26 06:00:00+00:00,157.88601684570312,0.94127804
2013-05-26 07:00:00+00:00,137.0656280517578,0.9568221
2013-05-26 08:00:00+00:00,320.8912048339844,174.02927
2013-05-26 09:00:00+00:00,1196.861572265625,0.96615905
2013-05-26 10:00:00+00:00,1614.7154541015625,0.9510135
2013-05-26 11:00:00+00:00,1061.76123046875,275.54388
2013-05-26 12:00:00+00:00,855.2478637695312,0.9606164
2013-05-26 13:00:00+00:00,246.41651916503906,0.9707401
2013-05-26 14:00:00+00:00,220.21762084960938,0.9483649
2013-05-26 15:00:00+00:00,507.4732360839844,163.16295
2013-05-26 16:00:00+00:00,414.744384765625,0.9554031
2013-05-26 17:00:00+00:00,551.2835083007812,0.97274274
2013-05-26 18:00:00+00:00,338.3018798828125,0.96575344
2013-05-26 19:00:00+00:00,1307.922607421875,0.9612142
2013-05-26 20:00:00+00:00,528.6426391601562,180.93494
2013-05-26 21:00:00+00:00,289.3065185546875,0.9623288
2013-05-26 22:00:00+00:00,212.41510009765625,0.9794168
2013-05-26 23:00:00+00:00,168.67066955566406,0.9794168
2013-05-27 00:00:00+00:00,133.23670959472656,0.96740997
2013-05-27 01:00:00+00:00,146.34991455078125,0.974271
2013-05-27 02:00:00+00:00,132.84906005859375,0.95197254
2013-05-27 03:00:00+00:00,147.0549774169922,0.95532644
2013-05-27 04:00:00+00:00,132.09622192382812,0.9484536
2013-05-27 05:00:00+00:00,146.5670166015625,0.96907216
2013-05-27 06:00:00+00:00,134.6265106201172,0.9741824
2013-05-27 07:00:00+00:00,145.67184448242188,0.9604811
2013-05-27 08:00:00+00:00,299.2650451660156,169.87479
2013-05-27 09:00:00+00:00,194.8445587158203,0.9604811
2013-05-27 10:00:00+00:00,694.1646118164062,403.84238
2013-05-27 11:00:00+00:00,246.96730041503906,0.9707904
2013-05-27 12:00:00+00:00,151.47250366210938,0.97422683
2013-05-27 13:00:00+00:00,193.02749633789062,0.96391755
2013-05-27 14:00:00+00:00,167.8867950439453,0.9604811
2013-05-27 15:00:00+00:00,185.3333282470703,0.96569467
2013-05-27 16:00:00+00:00,459.07904052734375,148.74486
2013-05-27 17:00:00+00:00,458.17242431640625,0.9761499
2013-05-27 18:00:00+00:00,938.4360961914062,160.13435
2013-05-27 19:00:00+00:00,1150.5101318359375,12.260575
2013-05-27 20:00:00+00:00,676.3619384765625,164.66496
2013-05-27 21:00:00+00:00,291.2893981933594,0.9708904
2013-05-27 22:00:00+00:00,268.0530700683594,0.97431505
2013-05-27 23:00:00+00:00,199.65924072265625,0.97773975
2013-05-28 00:00:00+00:00,141.35787963867188,0.9589041
2013-05-28 01:00:00+00:00,150.39002990722656,0.96752137
2013-05-28 02:00:00+00:00,134.42881774902344,0.9639794
2013-05-28 03:00:00+00:00,146.5821990966797,0.95547944
2013-05-28 04:00:00+00:00,134.02745056152344,0.9691252
2013-05-28 05:00:00+00:00,148.25729370117188,0.95368785
2013-05-28 06:00:00+00:00,138.29159545898438,0.97770154
2013-05-28 07:00:00+00:00,143.45968627929688,0.9622642
2013-05-28 08:00:00+00:00,151.16123962402344,0.95368785
2013-05-28 09:00:00+00:00,143.26632690429688,0.93986255
2013-05-28 10:00:00+00:00,138.19039916992188,0.95883363
2013-05-28 11:00:00+00:00,142.332763671875,0.9622642
2013-05-28 12:00:00+00:00,137.69415283203125,0.9656357
2013-05-28 13:00:00+00:00,143.35162353515625,0.9605489
2013-05-28 14:00:00+00:00,139.85076904296875,0.9605489
2013-05-28 15:00:00+00:00,139.47250366210938,0.97422683
2013-05-28 16:00:00+00:00,334.33160400390625,0.9605489
2013-05-28 17:00:00+00:00,822.056884765625,294.03238
2013-05-28 18:00:00+00:00,1166.27392578125,194.11545
2013-05-28 19:00:00+00:00,1032.555908203125,0.9677966
2013-05-28 20:00:00+00:00,304.71697998046875,0.96907216
2013-05-28 21:00:00+00:00,253.43814086914062,0.95719177
2013-05-28 22:00:00+00:00,289.9450988769531,0.9691252
2013-05-28 23:00:00+00:00,265.6185607910156,0.96391755
2013-05-29 00:00:00+00:00,154.9776611328125,0.91752577
2013-05-29 01:00:00+00:00,138.59690856933594,0.9622642
2013-05-29 02:00:00+00:00,140.53952026367188,0.95532644
2013-05-29 03:00:00+00:00,142.58934020996094,0.9348199
2013-05-29 04:00:00+00:00,172.1841583251953,0.9655766
2013-05-29 05:00:00+00:00,157.79037475585938,0.93986255
2013-05-29 06:00:00+00:00,167.63058471679688,0.95532644
2013-05-29 07:00:00+00:00,409.95855712890625,171.24445
2013-05-29 08:00:00+00:00,183.73367309570312,0.9467354
2013-05-29 09:00:00+00:00,188.773193359375,0.9725086
2013-05-29 10:00:00+00:00,186.15318298339844,0.9655766
2013-05-29 11:00:00+00:00,319.7216491699219,152.78217
2013-05-29 12:00:00+00:00,283.4635314941406,111.06346
2013-05-29 13:00:00+00:00,178.33741760253906,0.97084045
2013-05-29 14:00:00+00:00,169.55938720703125,0.97590363
2013-05-29 15:00:00+00:00,161.0240478515625,0.95189005
2013-05-29 16:00:00+00:00,177.585205078125,0.94492257
2013-05-29 17:00:00+00:00,594.04638671875,148.11795
2013-05-29 18:00:00+00:00,388.46539306640625,0.97084045
2013-05-29 19:00:00+00:00,1276.2554931640625,0.95952785
2013-05-29 20:00:00+00:00,386.1594543457031,149.91939
2013-05-29 21:00:00+00:00,241.44329833984375,0.9707904
2013-05-29 22:00:00+00:00,230.27366638183594,0.96729773
2013-05-29 23:00:00+00:00,139.68212890625,0.9415808
2013-05-30 00:00:00+00:00,148.7762451171875,0.96213424
2013-05-30 01:00:00+00:00,133.79690551757812,0.9707401
2013-05-30 02:00:00+00:00,145.57315063476562,0.9466437
2013-05-30 03:00:00+00:00,135.3218536376953,0.9483649
2013-05-30 04:00:00+00:00,187.63682556152344,0.9345955
2013-05-30 05:00:00+00:00,143.6437225341797,0.9518072
2013-05-30 06:00:00+00:00,154.45094299316406,0.95524955
2013-05-30 07:00:00+00:00,139.7762451171875,0.9707401
2013-05-30 08:00:00+00:00,135.7869415283203,0.9312715
2013-05-30 09:00:00+00:00,146.4371795654297,0.96385545
2013-05-30 10:00:00+00:00,407.2291564941406,202.66896
2013-05-30 11:00:00+00:00,276.19244384765625,0.9656357
2013-05-30 12:00:00+00:00,325.4766845703125,0.974271
2013-05-30 13:00:00+00:00,263.7383728027344,0.9655766
2013-05-30 14:00:00+00:00,239.621337890625,0.96729773
2013-05-30 15:00:00+00:00,461.4827575683594,219.21062
2013-05-30 16:00:00+00:00,238.43890380859375,0.95524955
2013-05-30 17:00:00+00:00,592.918701171875,159.62457
2013-05-30 18:00:00+00:00,436.74871826171875,0.9466437
2013-05-30 19:00:00+00:00,1824.8138427734375,164.75462
2013-05-30 20:00:00+00:00,419.2344970703125,0.96901894
2013-05-30 21:00:00+00:00,353.3780212402344,0.9484536
2013-05-30 22:00:00+00:00,303.88641357421875,0.9535284
2013-05-30 23:00:00+00:00,280.94158935546875,0.9656357
2013-05-31 00:00:00+00:00,179.5576629638672,0.95524955
2013-05-31 01:00:00+00:00,148.3166961669922,0.9466437
2013-05-31 02:00:00+00:00,143.54638671875,0.9501718
2013-05-31 03:00:00+00:00,134.05690002441406,0.9467354
2013-05-31 04:00:00+00:00,193.1017303466797,0.9672414
2013-05-31 05:00:00+00:00,131.0757293701172,0.92771083
2013-05-31 06:00:00+00:00,158.6609344482422,0.96729773
2013-05-31 07:00:00+00:00,343.30621337890625,173.79659
2013-05-31 08:00:00+00:00,240.45155334472656,0.95197254
2013-05-31 09:00:00+00:00,168.3907012939453,0.9604131
2013-05-31 10:00:00+00:00,199.11744689941406,0.9691252
2013-05-31 11:00:00+00:00,160.069091796875,0.9707904
2013-05-31 12:00:00+00:00,169.4845428466797,0.9725086
2013-05-31 13:00:00+00:00,239.84854125976562,0.9415808
2013-05-31 14:00:00+00:00,427.3127136230469,194.30875
2013-05-31 15:00:00+00:00,312.26116943359375,0.95711833
2013-05-31 16:00:00+00:00,412.1955261230469,0.95711833
2013-05-31 17:00:00+00:00,867.1124267578125,0.96258503
2013-05-31 18:00:00+00:00,748.919921875,0.9558574
2013-05-31 19:00:00+00:00,354.6352844238281,165.05309
2013-05-31 20:00:00+00:00,317.75946044921875,128.39761
2013-05-31 21:00:00+00:00,236.65008544921875,0.96575344
2013-05-31 22:00:00+00:00,282.6729431152344,0.9537671
2013-05-31 23:00:00+00:00,273.5,0.9794521
2013-06-01 00:00:00+00:00,269.5025634765625,0.94682676
2013-06-01 01:00:00+00:00,280.3099365234375,0.94691783
2013-06-01 02:00:00+00:00,248.4802703857422,0.9245283
2013-06-01 03:00:00+00:00,155.6346435546875,0.93310463
2013-06-01 04:00:00+00:00,142.4759521484375,0.96391755
2013-06-01 05:00:00+00:00,164.9228057861328,0.9365352
2013-06-01 06:00:00+00:00,141.44845581054688,0.92783505
2013-06-01 07:00:00+00:00,149.4450225830078,0.9329897
2013-06-01 08:00:00+00:00,175.77720642089844,0.96740997
2013-06-01 09:00:00+00:00,150.10308837890625,0.9536083
2013-06-01 10:00:00+00:00,185.27882385253906,11.012028
2013-06-01 11:00:00+00:00,425.2448425292969,161.6
2013-06-01 12:00:00+00:00,261.4244079589844,0.9605489
2013-06-01 13:00:00+00:00,177.65635681152344,0.9587629
2013-06-01 14:00:00+00:00,504.0684814453125,154.49658
2013-06-01 15:00:00+00:00,356.22509765625,0.9656357
2013-06-01 16:00:00+00:00,260.42266845703125,0.93835616
2013-06-01 17:00:00+00:00,430.9777526855469,110.323074
2013-06-01 18:00:00+00:00,1121.0711669921875,0.9559322
2013-06-01 19:00:00+00:00,1092.87646484375,278.05405
2013-06-01 20:00:00+00:00,252.44178771972656,0.9520548
2013-06-01 21:00:00+00:00,200.88014221191406,0.9691781
2013-06-01 22:00:00+00:00,285.68438720703125,0.96752137
2013-06-01 23:00:00+00:00,282.8578796386719,0.9640411
2013-06-02 00:00:00+00:00,247.30531311035156,0.95883363
2013-06-02 01:00:00+00:00,141.65924072265625,0.9640411
2013-06-02 02:00:00+00:00,144.1646728515625,0.9537671
2013-06-02 03:00:00+00:00,140.06747436523438,0.9589041
2013-06-02 04:00:00+00:00,142.88336181640625,0.95883363
2013-06-02 05:00:00+00:00,137.42538452148438,0.96569467
2013-06-02 06:00:00+00:00,142.8556671142578,0.96907216
2013-06-02 07:00:00+00:00,137.9674072265625,0.95532644
2013-06-02 08:00:00+00:00,143.45188903808594,0.9348199
2013-06-02 09:00:00+00:00,338.2805480957031,165.76712
2013-06-02 10:00:00+00:00,1016.5042724609375,195.43538
2013-06-02 11:00:00+00:00,868.1658325195312,0.97098976
2013-06-02 12:00:00+00:00,601.9468383789062,321.52225
2013-06-02 13:00:00+00:00,375.1531982421875,113.2637
2013-06-02 14:00:00+00:00,261.0635681152344,0.95547944
2013-06-02 15:00:00+00:00,221.04116821289062,0.9639794
2013-06-02 16:00:00+00:00,390.1578063964844,0.974271
2013-06-02 17:00:00+00:00,438.2972412109375,82.006836
2013-06-02 18:00:00+00:00,990.1777954101562,78.03905
2013-06-02 19:00:00+00:00,961.5084838867188,0.9745331
2013-06-02 20:00:00+00:00,355.5697021484375,0.9777778
2013-06-02 21:00:00+00:00,242.48800659179688,0.97773975
2013-06-02 22:00:00+00:00,244.00857543945312,0.97255576
2013-06-02 23:00:00+00:00,167.044677734375,0.982906
2013-06-03 00:00:00+00:00,140.84048461914062,0.94682676
2013-06-03 01:00:00+00:00,145.00343322753906,0.9605489
2013-06-03 02:00:00+00:00,135.25990295410156,0.94863015
2013-06-03 03:00:00+00:00,146.37220764160156,0.974271
2013-06-03 04:00:00+00:00,131.50343322753906,0.95368785
2013-06-03 05:00:00+00:00,159.78350830078125,0.9365352
2013-06-03 06:00:00+00:00,152.6580810546875,0.9484536
2013-06-03 07:00:00+00:00,389.4628601074219,167.95197
2013-06-03 08:00:00+00:00,205.40618896484375,0.9776632
2013-06-03 09:00:00+00:00,175.70172119140625,0.9691781
2013-06-03 10:00:00+00:00,316.78485107421875,171.0686
2013-06-03 11:00:00+00:00,238.7633819580078,0.9759863
2013-06-03 12:00:00+00:00,172.08233642578125,0.97255576
2013-06-03 13:00:00+00:00,172.14852905273438,0.97255576
2013-06-03 14:00:00+00:00,482.9759521484375,334.0598
2013-06-03 15:00:00+00:00,247.7873077392578,0.9622642
2013-06-03 16:00:00+00:00,550.9177856445312,158.44957
2013-06-03 17:00:00+00:00,338.08734130859375,0.9863248
2013-06-03 18:00:00+00:00,1123.3118896484375,0.96954316
2013-06-03 19:00:00+00:00,775.9151000976562,152.33731
2013-06-03 20:00:00+00:00,467.69586181640625,0.9761092
2013-06-03 21:00:00+00:00,292.03765869140625,0.9828767
2013-06-03 22:00:00+00:00,171.82473754882812,0.95555556
2013-06-03 23:00:00+00:00,156.45205688476562,0.9623288
2013-06-04 00:00:00+00:00,150.66952514648438,0.9640411
2013-06-04 01:00:00+00:00,153.50341796875,0.9880137
2013-06-04 02:00:00+00:00,151.1457977294922,0.9622642
2013-06-04 03:00:00+00:00,151.9160919189453,0.9451115
2013-06-04 04:00:00+00:00,150.81614685058594,0.95711833
2013-06-04 05:00:00+00:00,175.75257873535156,0.96746576
2013-06-04 06:00:00+00:00,286.965576171875,87.54374
2013-06-04 07:00:00+00:00,339.2810363769531,125.48116
2013-06-04 08:00:00+00:00,233.0729217529297,0.96569467
2013-06-04 09:00:00+00:00,223.55670166015625,0.96219933
2013-06-04 10:00:00+00:00,316.4896545410156,0.9708904
2013-06-04 11:00:00+00:00,164.15093994140625,0.9622642
2013-06-04 12:00:00+00:00,154.69296264648438,0.96907216
2013-06-04 13:00:00+00:00,151.8243408203125,0.9828767
2013-06-04 14:00:00+00:00,153.56678771972656,0.9811644
2013-06-04 15:00:00+00:00,154.0771942138672,0.97255576
2013-06-04 16:00:00+00:00,151.77264404296875,0.9794872
2013-06-04 17:00:00+00:00,155.79965209960938,0.9623288
2013-06-04 18:00:00+00:00,153.00341796875,0.9777778
2013-06-04 19:00:00+00:00,453.8634948730469,158.59625
2013-06-04 20:00:00+00:00,1280.529541015625,166.92725
2013-06-04 21:00:00+00:00,527.1887817382812,0.9676871
2013-06-04 22:00:00+00:00,398.1572570800781,128.7099
2013-06-04 23:00:00+00:00,242.1794891357422,0.974359
2013-06-05 00:00:00+00:00,162.2722625732422,0.9658703
2013-06-05 01:00:00+00:00,146.60684204101562,0.9760684
2013-06-05 02:00:00+00:00,160.06495666503906,0.9691781
2013-06-05 03:00:00+00:00,146.00856018066406,0.9709402
2013-06-05 04:00:00+00:00,158.30703735351562,0.95726496
2013-06-05 05:00:00+00:00,178.09982299804688,0.96752137
2013-06-05 06:00:00+00:00,158.15924072265625,0.95719177
2013-06-05 07:00:00+00:00,203.5697021484375,0.9640411
2013-06-05 08:00:00+00:00,164.26026916503906,0.9623288
2013-06-05 09:00:00+00:00,153.9228057861328,0.9605489
2013-06-05 10:00:00+00:00,153.55746459960938,0.9605489
2013-06-05 11:00:00+00:00,153.01712036132812,0.9537671
2013-06-05 12:00:00+00:00,152.17495727539062,0.99142367
2013-06-05 13:00:00+00:00,153.05479431152344,0.95547944
2013-06-05 14:00:00+00:00,152.6626739501953,0.94863015
2013-06-05 15:00:00+00:00,214.3299102783203,0.97773975
2013-06-05 16:00:00+00:00,254.9143829345703,0.9846154
2013-06-05 17:00:00+00:00,761.998291015625,317.12244
2013-06-05 18:00:00+00:00,470.5162353515625,0.9795571
2013-06-05 19:00:00+00:00,1693.935546875,141.32155
2013-06-05 20:00:00+00:00,252.52218627929688,0.9931741
2013-06-05 21:00:00+00:00,423.873291015625,115.54017
2013-06-05 22:00:00+00:00,241.72308349609375,0.9794872
2013-06-05 23:00:00+00:00,192.8170928955078,0.96752137
2013-06-06 00:00:00+00:00,149.9740447998047,0.9692833
2013-06-06 01:00:00+00:00,159.09246826171875,0.95719177
2013-06-06 02:00:00+00:00,146.8170928955078,0.974359
2013-06-06 03:00:00+00:00,158.7705535888672,0.9691781
2013-06-06 04:00:00+00:00,147.05650329589844,0.9691781
2013-06-06 05:00:00+00:00,202.2768096923828,0.94529915
2013-06-06 06:00:00+00:00,151.2756805419922,0.9503425
2013-06-06 07:00:00+00:00,410.0445251464844,196.73676
2013-06-06 08:00:00+00:00,266.4562683105469,0.9622642
2013-06-06 09:00:00+00:00,231.19554138183594,0.95883363
2013-06-06 10:00:00+00:00,233.82705688476562,0.97773975
2013-06-06 11:00:00+00:00,294.1715393066406,0.97602737
2013-06-06 12:00:00+00:00,238.80479431152344,0.9726027
2013-06-06 13:00:00+00:00,225.36300659179688,0.9691781
2013-06-06 14:00:00+00:00,237.2991485595703,0.9709402
2013-06-06 15:00:00+00:00,227.8324737548828,0.974359
2013-06-06 16:00:00+00:00,236.95042419433594,0.9760684
2013-06-06 17:00:00+00:00,349.5119323730469,0.96245736
2013-06-06 18:00:00+00:00,554.4476928710938,189.80067
2013-06-06 19:00:00+00:00,1810.4932861328125,296.67282
2013-06-06 20:00:00+00:00,335.0802001953125,0.98634815
2013-06-06 21:00:00+00:00,313.4116516113281,0.9778535
2013-06-06 22:00:00+00:00,254.98123168945312,0.9744027
2013-06-06 23:00:00+00:00,273.4300231933594,0.97269624
2013-06-07 00:00:00+00:00,246.68142700195312,0.9761499
2013-06-07 01:00:00+00:00,156.5,0.96752137
2013-06-07 02:00:00+00:00,161.37777709960938,0.9658703
2013-06-07 03:00:00+00:00,151.15357971191406,0.95051193
2013-06-07 04:00:00+00:00,165.46836853027344,0.9709402
2013-06-07 05:00:00+00:00,181.19244384765625,0.95555556
2013-06-07 06:00:00+00:00,243.50779724121094,0.95051193
2013-06-07 07:00:00+00:00,219.974365234375,0.96068376
2013-06-07 08:00:00+00:00,454.4334411621094,183.55043
2013-06-07 09:00:00+00:00,220.57191467285156,0.9726496
2013-06-07 10:00:00+00:00,238.27349853515625,0.96752137
2013-06-07 11:00:00+00:00,229.6820526123047,0.9726496
2013-06-07 12:00:00+00:00,394.6290588378906,0.9693356
2013-06-07 13:00:00+00:00,234.11965942382812,0.9794872
2013-06-07 14:00:00+00:00,224.4522247314453,0.9539249
2013-06-07 15:00:00+00:00,161.60342407226562,0.9777778
2013-06-07 16:00:00+00:00,328.1128234863281,145.9063
2013-06-07 17:00:00+00:00,475.2337951660156,136.76361
2013-06-07 18:00:00+00:00,616.1262817382812,160.28741
2013-06-07 19:00:00+00:00,1496.3712158203125,0.9764706
2013-06-07 20:00:00+00:00,217.93003845214844,0.9778157
2013-06-07 21:00:00+00:00,276.5179443359375,0.9846678
2013-06-07 22:00:00+00:00,204.337890625,0.96416384
2013-06-07 23:00:00+00:00,161.56581115722656,0.96239316
2013-06-08 00:00:00+00:00,147.9470977783203,0.9778157
2013-06-08 01:00:00+00:00,159.64846801757812,0.9744027
2013-06-08 02:00:00+00:00,147.8205108642578,0.97952217
2013-06-08 03:00:00+00:00,158.7106170654297,0.9658703
2013-06-08 04:00:00+00:00,146.3282012939453,0.94188035
2013-06-08 05:00:00+00:00,159.06678771972656,0.9606164
2013-06-08 06:00:00+00:00,147.09230041503906,0.96068376
2013-06-08 07:00:00+00:00,327.7890319824219,172.3094
2013-06-08 08:00:00+00:00,153.47259521484375,0.9589041
2013-06-08 09:00:00+00:00,157.54452514648438,0.9640411
2013-06-08 10:00:00+00:00,749.7444458007812,0.9626486
2013-06-08 11:00:00+00:00,593.1863403320312,141.98805
2013-06-08 12:00:00+00:00,401.8533935546875,0.9846939
2013-06-08 13:00:00+00:00,285.4383544921875,0.96746576
2013-06-08 14:00:00+00:00,164.2119598388672,0.96752137
2013-06-08 15:00:00+00:00,170.9142303466797,0.98293513
2013-06-08 16:00:00+00:00,186.23590087890625,0.9760684
2013-06-08 17:00:00+00:00,420.9197998046875,0.97952217
2013-06-08 18:00:00+00:00,381.9005126953125,0.9794872
2013-06-08 19:00:00+00:00,1625.0635986328125,156.71092
2013-06-08 20:00:00+00:00,361.1418762207031,0.96752137
2013-06-08 21:00:00+00:00,283.656982421875,0.9846416
2013-06-08 22:00:00+00:00,219.37435913085938,0.96581197
2013-06-08 23:00:00+00:00,154.89248657226562,0.9744027
2013-06-09 00:00:00+00:00,157.26666259765625,0.9811966
2013-06-09 01:00:00+00:00,154.26324462890625,0.9777778
2013-06-09 02:00:00+00:00,155.12478637695312,0.95897436
2013-06-09 03:00:00+00:00,155.70669555664062,0.96239316
2013-06-09 04:00:00+00:00,152.6871795654297,0.96752137
2013-06-09 05:00:00+00:00,154.67637634277344,0.94863015
2013-06-09 06:00:00+00:00,150.86985778808594,0.97602737
2013-06-09 07:00:00+00:00,158.67123413085938,0.9537671
2013-06-09 08:00:00+00:00,303.9828186035156,157.19145
2013-06-09 09:00:00+00:00,218.45376586914062,0.97773975
2013-06-09 10:00:00+00:00,323.6929626464844,160.03767
2013-06-09 11:00:00+00:00,282.75341796875,0.94529915
2013-06-09 12:00:00+00:00,872.1992797851562,0.95911413
2013-06-09 13:00:00+00:00,228.63807678222656,0.9606164
2013-06-09 14:00:00+00:00,178.1646728515625,0.95711833
2013-06-09 15:00:00+00:00,272.9931335449219,0.9502573
2013-06-09 16:00:00+00:00,863.4810791015625,318.56412
2013-06-09 17:00:00+00:00,1225.14404296875,252.01527
2013-06-09 18:00:00+00:00,889.9641723632812,0.9745331
2013-06-09 19:00:00+00:00,331.21270751953125,0.97255576
2013-06-09 20:00:00+00:00,296.4366455078125,0.9640411
2013-06-09 21:00:00+00:00,275.198974609375,0.974271
2013-06-09 22:00:00+00:00,216.5523223876953,0.9691252
2013-06-09 23:00:00+00:00,188.801025390625,0.9605489
2013-06-10 00:00:00+00:00,138.95704650878906,0.97422683
2013-06-10 01:00:00+00:00,146.65695190429688,0.95711833
2013-06-10 02:00:00+00:00,133.44940185546875,0.948542
2013-06-10 03:00:00+00:00,147.18385314941406,0.96391755
2013-06-10 04:00:00+00:00,131.0532684326172,0.97422683
2013-06-10 05:00:00+00:00,175.69827270507812,0.9520548
2013-06-10 06:00:00+00:00,134.0687255859375,0.97590363
2013-06-10 07:00:00+00:00,146.17384338378906,0.95532644
2013-06-10 08:00:00+00:00,166.48193359375,0.975945
2013-06-10 09:00:00+00:00,144.7130584716797,0.96735394
2013-06-10 10:00:00+00:00,133.7478485107422,0.97422683
2013-06-10 11:00:00+00:00,143.8556671142578,0.97422683
2013-06-10 12:00:00+00:00,133.62994384765625,0.96901894
2013-06-10 13:00:00+00:00,142.25257873535156,0.9604811
2013-06-10 14:00:00+00:00,135.80345153808594,0.96391755
2013-06-10 15:00:00+00:00,139.6048126220703,0.9535284
2013-06-10 16:00:00+00:00,301.35577392578125,71.4161
2013-06-10 17:00:00+00:00,454.3642578125,122.33448
2013-06-10 18:00:00+00:00,447.90625,110.85128
2013-06-10 19:00:00+00:00,594.4767456054688,136.69691
2013-06-10 20:00:00+00:00,1525.19091796875,161.6172
2013-06-10 21:00:00+00:00,309.5704345703125,0.99312717
2013-06-10 22:00:00+00:00,182.4639129638672,0.9776632
2013-06-10 23:00:00+00:00,151.40309143066406,0.9759863
2013-06-11 00:00:00+00:00,140.1288604736328,0.97422683
2013-06-11 01:00:00+00:00,142.23448181152344,0.9862779
2013-06-11 02:00:00+00:00,138.62802124023438,0.9656357
2013-06-11 03:00:00+00:00,143.53367614746094,0.948542
2013-06-11 04:00:00+00:00,137.9150848388672,0.9467354
2013-06-11 05:00:00+00:00,138.21514892578125,0.9604131
2013-06-11 06:00:00+00:00,175.66896057128906,0.97255576
2013-06-11 07:00:00+00:00,137.2168731689453,0.96901894
2013-06-11 08:00:00+00:00,243.45596313476562,0.9656357
2013-06-11 09:00:00+00:00,392.3511047363281,175.38316
2013-06-11 10:00:00+00:00,223.80723571777344,0.96213424
2013-06-11 11:00:00+00:00,309.51287841796875,0.97255576
2013-06-11 12:00:00+00:00,242.25645446777344,0.96385545
2013-06-11 13:00:00+00:00,233.74569702148438,0.9828179
2013-06-11 14:00:00+00:00,247.92784118652344,0.9707904
2013-06-11 15:00:00+00:00,236.44921875,0.96901894
2013-06-11 16:00:00+00:00,237.89810180664062,0.95711833
2013-06-11 17:00:00+00:00,393.9190979003906,144.96913
2013-06-11 18:00:00+00:00,458.14776611328125,31.223368
2013-06-11 19:00:00+00:00,435.7581481933594,132.97774
2013-06-11 20:00:00+00:00,1132.3367919921875,85.88095
2013-06-11 21:00:00+00:00,1038.1785888671875,122.31918
2013-06-11 22:00:00+00:00,326.5941162109375,0.95719177
2013-06-11 23:00:00+00:00,178.15093994140625,0.97255576
2013-06-12 00:00:00+00:00,133.4854278564453,0.9622642
2013-06-12 01:00:00+00:00,145.11643981933594,0.9726027
2013-06-12 02:00:00+00:00,133.58489990234375,0.9639794
2013-06-12 03:00:00+00:00,141.5670166015625,0.9640411
2013-06-12 04:00:00+00:00,137.9468231201172,0.9622642
2013-06-12 05:00:00+00:00,137.32418823242188,0.95883363
2013-06-12 06:00:00+00:00,146.9349365234375,0.97084045
2013-06-12 07:00:00+00:00,521.7049560546875,311.45563
2013-06-12 08:00:00+00:00,250.84669494628906,0.9708904
2013-06-12 09:00:00+00:00,649.2010498046875,128.84642
2013-06-12 10:00:00+00:00,294.51629638671875,137.57362
2013-06-12 11:00:00+00:00,160.28302001953125,0.96569467
2013-06-12 12:00:00+00:00,225.0310821533203,0.9761092
2013-06-12 13:00:00+00:00,169.85934448242188,0.97255576
2013-06-12 14:00:00+00:00,397.7903747558594,263.22354
2013-06-12 15:00:00+00:00,421.4486389160156,139.78119
2013-06-12 16:00:00+00:00,333.3855285644531,0.982906
2013-06-12 17:00:00+00:00,278.19146728515625,0.9726496
2013-06-12 18:00:00+00:00,374.4195251464844,156.853
2013-06-12 19:00:00+00:00,295.7564392089844,135.95726
2013-06-12 20:00:00+00:00,148.51026916503906,0.9828767
2013-06-12 21:00:00+00:00,264.7372131347656,0.9794872
2013-06-12 22:00:00+00:00,1286.726806640625,0.9612142
2013-06-12 23:00:00+00:00,143.54794311523438,0.97773975
2013-06-13 00:00:00+00:00,140.14871215820312,0.9777778
2013-06-13 01:00:00+00:00,136.87841796875,0.9811644
2013-06-13 02:00:00+00:00,145.5281982421875,0.96239316
2013-06-13 03:00:00+00:00,133.83047485351562,0.9537671
2013-06-13 04:00:00+00:00,146.64212036132812,0.96575344
2013-06-13 05:00:00+00:00,190.68284606933594,0.9658703
2013-06-13 06:00:00+00:00,139.8216094970703,0.9675768
2013-06-13 07:00:00+00:00,140.5359649658203,0.9794521
2013-06-13 08:00:00+00:00,261.8216247558594,0.96746576
2013-06-13 09:00:00+00:00,246.45626831054688,0.96740997
2013-06-13 10:00:00+00:00,423.0570068359375,114.730835
2013-06-13 11:00:00+00:00,232.5557403564453,0.95883363
2013-06-13 12:00:00+00:00,135.248291015625,0.9794521
2013-06-13 13:00:00+00:00,144.29623413085938,0.97773975
2013-06-13 14:00:00+00:00,133.53001403808594,0.96740997
2013-06-13 15:00:00+00:00,145.59246826171875,0.9640411
2013-06-13 16:00:00+00:00,461.19317626953125,178.16382
2013-06-13 17:00:00+00:00,579.3218994140625,162.86667
2013-06-13 18:00:00+00:00,500.2096252441406,0.96752137
2013-06-13 19:00:00+00:00,1754.971435546875,153.25084
2013-06-13 20:00:00+00:00,472.6878356933594,150.46324
2013-06-13 21:00:00+00:00,403.7722473144531,0.982906
2013-06-13 22:00:00+00:00,275.0479431152344,0.9708904
2013-06-13 23:00:00+00:00,206.55479431152344,0.97431505
2013-06-14 00:00:00+00:00,141.44178771972656,0.96581197
2013-06-14 01:00:00+00:00,148.5205535888672,0.9708904
2013-06-14 02:00:00+00:00,133.70376586914062,0.9691252
2013-06-14 03:00:00+00:00,146.6998291015625,0.9691781
2013-06-14 04:00:00+00:00,134.83705139160156,0.96569467
2013-06-14 05:00:00+00:00,148.93997192382812,0.9605489
2013-06-14 06:00:00+00:00,142.40823364257812,0.9691252
2013-06-14 07:00:00+00:00,342.8059997558594,139.85959
2013-06-14 08:00:00+00:00,202.40994262695312,0.97255576
2013-06-14 09:00:00+00:00,136.2349853515625,0.9639794
2013-06-14 10:00:00+00:00,149.2422637939453,0.9536083
2013-06-14 11:00:00+00:00,135.5145721435547,0.9639794
2013-06-14 12:00:00+00:00,147.09091186523438,0.9554031
2013-06-14 13:00:00+00:00,137.53001403808594,0.9691252
2013-06-14 14:00:00+00:00,144.74099731445312,0.9759863
2013-06-14 15:00:00+00:00,140.8465576171875,0.9640411
2013-06-14 16:00:00+00:00,141.93470764160156,0.9846154
2013-06-14 17:00:00+00:00,647.2999877929688,293.45905
2013-06-14 18:00:00+00:00,779.0153198242188,146.89285
2013-06-14 19:00:00+00:00,833.2901611328125,0.95600677
2013-06-14 20:00:00+00:00,233.27862548828125,0.9709402
2013-06-14 21:00:00+00:00,253.4143829345703,0.98293513
2013-06-14 22:00:00+00:00,154.875,0.9726027
2013-06-14 23:00:00+00:00,165.35214233398438,0.96752137
2013-06-15 00:00:00+00:00,150.6905975341797,0.9692308
2013-06-15 01:00:00+00:00,149.0650634765625,0.9811644
2013-06-15 02:00:00+00:00,140.5196533203125,0.9777778
2013-06-15 03:00:00+00:00,138.27520751953125,0.9726496
2013-06-15 04:00:00+00:00,145.19178771972656,0.95547944
2013-06-15 05:00:00+00:00,155.28424072265625,0.9726027
2013-06-15 06:00:00+00:00,157.4640350341797,0.9606164
2013-06-15 07:00:00+00:00,528.7701416015625,175.21635
2013-06-15 08:00:00+00:00,515.7064819335938,0.97098976
2013-06-15 09:00:00+00:00,270.9486389160156,113.97094
2013-06-15 10:00:00+00:00,335.7211608886719,179.27226
2013-06-15 11:00:00+00:00,380.5456237792969,56.84838
2013-06-15 12:00:00+00:00,609.593505859375,157.25256
2013-06-15 13:00:00+00:00,212.59449768066406,0.9675768
2013-06-15 14:00:00+00:00,178.4126739501953,0.95726496
2013-06-15 15:00:00+00:00,179.14041137695312,0.96746576
2013-06-15 16:00:00+00:00,168.89913940429688,0.9537671
2013-06-15 17:00:00+00:00,174.91952514648438,0.96239316
2013-06-15 18:00:00+00:00,536.022216796875,156.34813
2013-06-15 19:00:00+00:00,389.3677062988281,0.97269624
2013-06-15 20:00:00+00:00,282.8571472167969,63.479523
2013-06-15 21:00:00+00:00,300.2328796386719,126.59487
2013-06-15 22:00:00+00:00,158.90084838867188,0.9709402
2013-06-15 23:00:00+00:00,149.88717651367188,0.9709402
2013-06-16 00:00:00+00:00,151.90426635742188,0.9726496
2013-06-16 01:00:00+00:00,139.86814880371094,0.9434931
2013-06-16 02:00:00+00:00,149.8136749267578,0.9709402
2013-06-16 03:00:00+00:00,135.61473083496094,0.9623288
2013-06-16 04:00:00+00:00,154.78253173828125,0.97602737
2013-06-16 05:00:00+00:00,132.40411376953125,0.95547944
2013-06-16 06:00:00+00:00,147.9623260498047,0.96575344
2013-06-16 07:00:00+00:00,134.89041137695312,0.9691781
2013-06-16 08:00:00+00:00,144.75814819335938,0.974271
2013-06-16 09:00:00+00:00,137.49571228027344,0.96239316
2013-06-16 10:00:00+00:00,360.0601501464844,132.98291
2013-06-16 11:00:00+00:00,892.2318115234375,106.933784
2013-06-16 12:00:00+00:00,316.2903747558594,0.98122865
2013-06-16 13:00:00+00:00,204.98458862304688,0.9520548
2013-06-16 14:00:00+00:00,204.09246826171875,0.97773975
2013-06-16 15:00:00+00:00,255.39041137695312,0.9708904
2013-06-16 16:00:00+00:00,452.7408752441406,169.32027
2013-06-16 17:00:00+00:00,256.9143981933594,0.9606164
2013-06-16 18:00:00+00:00,252.6883544921875,0.97773975
2013-06-16 19:00:00+00:00,246.29623413085938,0.94863015
2013-06-16 20:00:00+00:00,355.8642578125,0.9726496
2013-06-16 21:00:00+00:00,726.2312622070312,0.9625213
2013-06-16 22:00:00+00:00,687.1211547851562,0.9779287
2013-06-16 23:00:00+00:00,152.6900634765625,0.97602737
2013-06-17 00:00:00+00:00,146.3099365234375,0.96746576
2013-06-17 01:00:00+00:00,150.82534790039062,0.97431505
2013-06-17 02:00:00+00:00,154.87391662597656,0.96410257
2013-06-17 03:00:00+00:00,144.19178771972656,0.9811644
2013-06-17 04:00:00+00:00,150.54965209960938,0.9708904
2013-06-17 05:00:00+00:00,151.39382934570312,0.96746576
2013-06-17 06:00:00+00:00,149.80821228027344,0.97255576
2013-06-17 07:00:00+00:00,272.73077392578125,0.9658703
2013-06-17 08:00:00+00:00,234.04310607910156,0.9863248
2013-06-17 09:00:00+00:00,411.78387451171875,191.34418
2013-06-17 10:00:00+00:00,335.9245300292969,39.638226
2013-06-17 11:00:00+00:00,226.92796325683594,0.96746576
2013-06-17 12:00:00+00:00,240.77529907226562,0.9606164
2013-06-17 13:00:00+00:00,284.15411376953125,0.96239316
2013-06-17 14:00:00+00:00,264.4811706542969,0.97431505
2013-06-17 15:00:00+00:00,225.6455535888672,0.97773975
2013-06-17 16:00:00+00:00,231.74871826171875,0.9760684
2013-06-17 17:00:00+00:00,412.9176940917969,144.67406
2013-06-17 18:00:00+00:00,300.4940185546875,0.97098976
2013-06-17 19:00:00+00:00,295.1335754394531,0.9828767
2013-06-17 20:00:00+00:00,267.4427490234375,0.9777778
2013-06-17 21:00:00+00:00,286.28546142578125,0.982906
2013-06-17 22:00:00+00:00,426.0649719238281,0.982906
2013-06-17 23:00:00+00:00,1024.1253662109375,0.9728814
2013-06-18 00:00:00+00:00,196.1897430419922,0.98293513
2013-06-18 01:00:00+00:00,172.44178771972656,0.97773975
2013-06-18 02:00:00+00:00,159.84957885742188,0.9726496
2013-06-18 03:00:00+00:00,172.6957244873047,0.9811966
2013-06-18 04:00:00+00:00,161.07008361816406,0.95555556
2013-06-18 05:00:00+00:00,169.78424072265625,0.98630136
2013-06-18 06:00:00+00:00,161.71133422851562,0.9778157
2013-06-18 07:00:00+00:00,182.6752166748047,0.9709402
2013-06-18 08:00:00+00:00,275.6649475097656,0.96416384
2013-06-18 09:00:00+00:00,168.3094024658203,0.96581197
2013-06-18 10:00:00+00:00,167.00514221191406,0.9726027
2013-06-18 11:00:00+00:00,164.4854736328125,0.9777778
2013-06-18 12:00:00+00:00,170.04095458984375,0.97269624
2013-06-18 13:00:00+00:00,162.09230041503906,0.9846154
2013-06-18 14:00:00+00:00,174.2085418701172,0.96410257
2013-06-18 15:00:00+00:00,163.09896850585938,0.98293513
2013-06-18 16:00:00+00:00,215.7542724609375,0.97269624
2013-06-18 17:00:00+00:00,261.6376037597656,0.9811966
2013-06-18 18:00:00+00:00,393.1450500488281,0.94880545
2013-06-18 19:00:00+00:00,239.7052764892578,0.9863714
2013-06-18 20:00:00+00:00,253.5,0.97098976
2013-06-18 21:00:00+00:00,330.667236328125,0.98634815
2013-06-18 22:00:00+00:00,754.998291015625,0.9830508
2013-06-18 23:00:00+00:00,712.9356079101562,0.9729272
2013-06-19 00:00:00+00:00,155.99147033691406,0.9778157
2013-06-19 01:00:00+00:00,162.0494842529297,0.9692833
2013-06-19 02:00:00+00:00,145.2947235107422,0.9795571
2013-06-19 03:00:00+00:00,154.8890838623047,0.9897611
2013-06-19 04:00:00+00:00,148.68429565429688,0.96245736
2013-06-19 05:00:00+00:00,152.0511016845703,0.9795571
2013-06-19 06:00:00+00:00,151.23037719726562,0.97269624
2013-06-19 07:00:00+00:00,149.93856811523438,0.9675768
2013-06-19 08:00:00+00:00,158.8310546875,0.97098976
2013-06-19 09:00:00+00:00,234.35775756835938,0.9846678
2013-06-19 10:00:00+00:00,258.4692687988281,0.97269624
2013-06-19 11:00:00+00:00,314.91326904296875,0.9829932
2013-06-19 12:00:00+00:00,231.16354370117188,0.97444636
2013-06-19 13:00:00+00:00,246.67176818847656,0.9744898
2013-06-19 14:00:00+00:00,237.39012145996094,0.9761499
2013-06-19 15:00:00+00:00,236.87435913085938,0.9728814
2013-06-19 16:00:00+00:00,252.26870727539062,0.9897959
2013-06-19 17:00:00+00:00,266.8556823730469,0.9626486
2013-06-19 18:00:00+00:00,174.2342987060547,0.9796265
2013-06-19 19:00:00+00:00,156.46609497070312,0.98474574
2013-06-19 20:00:00+00:00,160.37860107421875,0.9830221
2013-06-19 21:00:00+00:00,148.45932006835938,0.9898305
2013-06-19 22:00:00+00:00,161.81832885742188,0.98132426
2013-06-19 23:00:00+00:00,221.3593292236328,0.979661
2013-06-20 00:00:00+00:00,147.16978454589844,0.9677419
2013-06-20 01:00:00+00:00,139.76779174804688,0.9898305
2013-06-20 02:00:00+00:00,149.56875610351562,0.9745331
2013-06-20 03:00:00+00:00,145.71817016601562,0.9745331
2013-06-20 04:00:00+00:00,137.9745330810547,0.9728353
2013-06-20 05:00:00+00:00,142.41836547851562,0.96101695
2013-06-20 06:00:00+00:00,150.05093383789062,0.98132426
2013-06-20 07:00:00+00:00,140.3843536376953,0.96428573
2013-06-20 08:00:00+00:00,139.48556518554688,0.9677419
2013-06-20 09:00:00+00:00,410.1663818359375,163.07445
2013-06-20 10:00:00+00:00,247.8777618408203,0.9847199
2013-06-20 11:00:00+00:00,242.1307373046875,0.9728353
2013-06-20 12:00:00+00:00,282.13922119140625,0.9660441
2013-06-20 13:00:00+00:00,254.5806427001953,0.9846939
2013-06-20 14:00:00+00:00,232.1666717529297,0.9898305
2013-06-20 15:00:00+00:00,704.0662231445312,0.98644066
2013-06-20 16:00:00+00:00,747.2821044921875,0.95952785
2013-06-20 17:00:00+00:00,253.94566345214844,0.97789115
2013-06-20 18:00:00+00:00,445.6332702636719,177.05254
2013-06-20 19:00:00+00:00,267.6661071777344,0.98474574
2013-06-20 20:00:00+00:00,270.51531982421875,0.97619045
2013-06-20 21:00:00+00:00,277.47198486328125,0.9880952
2013-06-20 22:00:00+00:00,362.6013488769531,0.97959185
2013-06-20 23:00:00+00:00,302.2044372558594,0.97444636
2013-06-21 00:00:00+00:00,172.3594512939453,0.9778535
2013-06-21 01:00:00+00:00,167.8972625732422,0.9744898
2013-06-21 02:00:00+00:00,165.00682067871094,0.9846678
2013-06-21 03:00:00+00:00,158.58163452148438,0.9744898
2013-06-21 04:00:00+00:00,171.92832946777344,0.9761499
2013-06-21 05:00:00+00:00,159.4088592529297,0.9710392
2013-06-21 06:00:00+00:00,159.925048828125,0.98126066
2013-06-21 07:00:00+00:00,207.0341339111328,0.9710392
2013-06-21 08:00:00+00:00,151.17918395996094,0.9846416
2013-06-21 09:00:00+00:00,144.03236389160156,0.9778535
2013-06-21 10:00:00+00:00,154.0136260986328,0.9693356
2013-06-21 11:00:00+00:00,139.54344177246094,0.9863714
2013-06-21 12:00:00+00:00,265.1243591308594,0.9659864
2013-06-21 13:00:00+00:00,494.24102783203125,190.33163
2013-06-21 14:00:00+00:00,280.62286376953125,0.97789115
2013-06-21 15:00:00+00:00,186.1771697998047,0.9829932
2013-06-21 16:00:00+00:00,335.41326904296875,148.60544
2013-06-21 17:00:00+00:00,595.2351684570312,0.98474574
2013-06-21 18:00:00+00:00,921.9092407226562,0.97979796
2013-06-21 19:00:00+00:00,345.3248291015625,145.48897
2013-06-21 20:00:00+00:00,196.70237731933594,0.9880952
2013-06-21 21:00:00+00:00,158.6791229248047,0.9830221
2013-06-21 22:00:00+00:00,151.4761962890625,0.97959185
2013-06-21 23:00:00+00:00,143.9897918701172,0.9897959
2013-06-22 00:00:00+00:00,149.5008544921875,0.9677419
2013-06-22 01:00:00+00:00,133.9234619140625,0.9710884
2013-06-22 02:00:00+00:00,140.37754821777344,0.9642249
2013-06-22 03:00:00+00:00,145.31175231933594,0.9863946
2013-06-22 04:00:00+00:00,132.52891540527344,0.97619045
2013-06-22 05:00:00+00:00,144.6013641357422,0.9693356
2013-06-22 06:00:00+00:00,135.67120361328125,0.96763206
2013-06-22 07:00:00+00:00,135.8722381591797,0.9625213
2013-06-22 08:00:00+00:00,1196.501708984375,148.66104
2013-06-22 09:00:00+00:00,882.818359375,0.9780405
2013-06-22 10:00:00+00:00,436.71380615234375,0.9727891
2013-06-22 11:00:00+00:00,338.4146728515625,163.26405
2013-06-22 12:00:00+00:00,488.8515319824219,114.2879
2013-06-22 13:00:00+00:00,170.8092041015625,0.97444636
2013-06-22 14:00:00+00:00,138.64735412597656,0.9778535
2013-06-22 15:00:00+00:00,149.00511169433594,0.9761499
2013-06-22 16:00:00+00:00,221.54344177246094,0.98129255
2013-06-22 17:00:00+00:00,363.29010009765625,0.97952217
2013-06-22 18:00:00+00:00,246.4871826171875,0.9710392
2013-06-22 19:00:00+00:00,212.04940795898438,0.9761499
2013-06-22 20:00:00+00:00,395.04266357421875,128.30835
2013-06-22 21:00:00+00:00,204.83648681640625,0.9914966
2013-06-22 22:00:00+00:00,174.39761352539062,0.9658703
2013-06-22 23:00:00+00:00,136.41709899902344,0.99148214
2013-06-23 00:00:00+00:00,147.72555541992188,0.9693356
2013-06-23 01:00:00+00:00,135.12969970703125,0.9761092
2013-06-23 02:00:00+00:00,139.37094116210938,0.9760684
2013-06-23 03:00:00+00:00,144.3111114501953,0.9710392
2013-06-23 04:00:00+00:00,132.7218475341797,0.9794872
2013-06-23 05:00:00+00:00,147.8188018798828,0.96416384
2013-06-23 06:00:00+00:00,131.2940216064453,0.9692308
2013-06-23 07:00:00+00:00,140.8307647705078,0.9726496
2013-06-23 08:00:00+00:00,813.7286987304688,151.73006
2013-06-23 09:00:00+00:00,533.7880249023438,0.9727891
2013-06-23 10:00:00+00:00,263.98284912109375,0.95897436
2013-06-23 11:00:00+00:00,153.39590454101562,0.9590444
2013-06-23 12:00:00+00:00,263.4545593261719,0.98293513
2013-06-23 13:00:00+00:00,158.8805389404297,0.9607509
2013-06-23 14:00:00+00:00,152.27008056640625,0.95726496
2013-06-23 15:00:00+00:00,355.78460693359375,0.95897436
2013-06-23 16:00:00+00:00,518.8283081054688,0.96108294
2013-06-23 17:00:00+00:00,304.04779052734375,0.96239316
2013-06-23 18:00:00+00:00,427.943603515625,143.12607
2013-06-23 19:00:00+00:00,220.39248657226562,0.97952217
2013-06-23 20:00:00+00:00,231.17405700683594,0.96416384
2013-06-23 21:00:00+00:00,304.0633544921875,129.86348
2013-06-23 22:00:00+00:00,198.5358428955078,0.98122865
2013-06-23 23:00:00+00:00,148.34471130371094,0.97269624
2013-06-24 00:00:00+00:00,143.3316192626953,0.9692308
2013-06-24 01:00:00+00:00,137.7093963623047,0.974359
2013-06-24 02:00:00+00:00,146.67637634277344,0.9846416
2013-06-24 03:00:00+00:00,135.7093963623047,0.96752137
2013-06-24 04:00:00+00:00,147.15753173828125,0.95384616
2013-06-24 05:00:00+00:00,176.0085906982422,0.9777778
2013-06-24 06:00:00+00:00,148.16123962402344,0.96239316
2013-06-24 07:00:00+00:00,133.376708984375,0.9726027
2013-06-24 08:00:00+00:00,294.9965515136719,97.95898
2013-06-24 09:00:00+00:00,234.57191467285156,0.9828767
2013-06-24 10:00:00+00:00,249.2109832763672,0.974271
2013-06-24 11:00:00+00:00,232.73585510253906,0.96581197
2013-06-24 12:00:00+00:00,405.14801025390625,82.69468
2013-06-24 13:00:00+00:00,228.4760284423828,0.97602737
2013-06-24 14:00:00+00:00,220.88165283203125,0.982906
2013-06-24 15:00:00+00:00,221.801025390625,0.97770154
2013-06-24 16:00:00+00:00,167.06539916992188,0.974359
2013-06-24 17:00:00+00:00,411.3401794433594,145.37778
2013-06-24 18:00:00+00:00,609.4241333007812,139.66609
2013-06-24 19:00:00+00:00,1321.608154296875,151.29321
2013-06-24 20:00:00+00:00,760.8970947265625,0.98811543
2013-06-24 21:00:00+00:00,291.6529846191406,0.9811966
2013-06-24 22:00:00+00:00,247.8099365234375,0.9828767
2013-06-24 23:00:00+00:00,193.5076904296875,0.9640411
2013-06-25 00:00:00+00:00,138.9639129638672,0.97098976
2013-06-25 01:00:00+00:00,146.7478485107422,0.9811644
2013-06-25 02:00:00+00:00,137.11492919921875,0.9726027
2013-06-25 03:00:00+00:00,144.95196533203125,0.9794168
2013-06-25 04:00:00+00:00,134.6044464111328,0.9691781
2013-06-25 05:00:00+00:00,172.6329345703125,0.9691781
2013-06-25 06:00:00+00:00,135.0532684326172,0.95189005
2013-06-25 07:00:00+00:00,148.5677490234375,0.97770154
2013-06-25 08:00:00+00:00,156.42611694335938,0.9605489
2013-06-25 09:00:00+00:00,236.86106872558594,0.9639794
2013-06-25 10:00:00+00:00,300.6878356933594,87.43396
2013-06-25 11:00:00+00:00,328.7697448730469,31.2
2013-06-25 12:00:00+00:00,235.9553985595703,0.9811321
2013-06-25 13:00:00+00:00,247.4476776123047,0.98284733
2013-06-25 14:00:00+00:00,305.0155029296875,103.46587
2013-06-25 15:00:00+00:00,243.39041137695312,0.98284733
2013-06-25 16:00:00+00:00,251.931396484375,0.974359
2013-06-25 17:00:00+00:00,585.623291015625,161.14871
2013-06-25 18:00:00+00:00,1009.5738525390625,0.9830508
2013-06-25 19:00:00+00:00,778.903076171875,0.9660441
2013-06-25 20:00:00+00:00,450.23236083984375,121.42906
2013-06-25 21:00:00+00:00,281.21746826171875,0.9828767
2013-06-25 22:00:00+00:00,187.6900634765625,0.9794521
2013-06-25 23:00:00+00:00,151.501708984375,0.98458904
2013-06-26 00:00:00+00:00,136.3418731689453,0.9811966
2013-06-26 01:00:00+00:00,148.68150329589844,0.9811644
2013-06-26 02:00:00+00:00,135.15951538085938,0.9759863
2013-06-26 03:00:00+00:00,149.67637634277344,0.97602737
2013-06-26 04:00:00+00:00,134.81678771972656,0.97773975
2013-06-26 05:00:00+00:00,167.08590698242188,0.9640411
2013-06-26 06:00:00+00:00,136.13551330566406,0.9811321
2013-06-26 07:00:00+00:00,222.1337890625,0.9691252
2013-06-26 08:00:00+00:00,145.23287963867188,0.9691781
2013-06-26 09:00:00+00:00,148.0994873046875,0.9708904
2013-06-26 10:00:00+00:00,134.80960083007812,0.9554031
2013-06-26 11:00:00+00:00,144.7123260498047,0.97255576
2013-06-26 12:00:00+00:00,136.98284912109375,0.9880137
2013-06-26 13:00:00+00:00,142.91952514648438,0.989726
2013-06-26 14:00:00+00:00,139.873291015625,0.9794521
2013-06-26 15:00:00+00:00,140.4786376953125,0.974359
2013-06-26 16:00:00+00:00,358.2619934082031,170.94359
2013-06-26 17:00:00+00:00,310.5384521484375,0.9863248
2013-06-26 18:00:00+00:00,330.3999938964844,0.9709402
2013-06-26 19:00:00+00:00,1463.771484375,0.9647059
2013-06-26 20:00:00+00:00,328.880126953125,0.9693356
2013-06-26 21:00:00+00:00,278.1299133300781,0.9846154
2013-06-26 22:00:00+00:00,221.43418884277344,0.974359
2013-06-26 23:00:00+00:00,150.6331024169922,0.9761092
2013-06-27 00:00:00+00:00,136.35726928710938,0.9811966
2013-06-27 01:00:00+00:00,150.04103088378906,0.9777778
2013-06-27 02:00:00+00:00,134.86325073242188,0.974359
2013-06-27 03:00:00+00:00,147.6974334716797,0.9846154
2013-06-27 04:00:00+00:00,136.8358917236328,0.9760684
2013-06-27 05:00:00+00:00,159.75430297851562,0.9692308
2013-06-27 06:00:00+00:00,144.55821228027344,0.97602737
2013-06-27 07:00:00+00:00,137.42294311523438,0.96746576
2013-06-27 08:00:00+00:00,165.91795349121094,0.9726027
2013-06-27 09:00:00+00:00,132.58047485351562,0.9777778
2013-06-27 10:00:00+00:00,149.03602600097656,0.9760684
2013-06-27 11:00:00+00:00,134.015380859375,0.9760684
2013-06-27 12:00:00+00:00,148.14700317382812,0.9726496
2013-06-27 13:00:00+00:00,136.2764434814453,0.97952217
2013-06-27 14:00:00+00:00,140.92649841308594,0.9726496
2013-06-27 15:00:00+00:00,143.22525024414062,0.98122865
2013-06-27 16:00:00+00:00,133.44198608398438,0.9897611
2013-06-27 17:00:00+00:00,493.2088928222656,157.73083
2013-06-27 18:00:00+00:00,286.5921630859375,0.97098976
2013-06-27 19:00:00+00:00,329.29180908203125,0.9778535
2013-06-27 20:00:00+00:00,719.612548828125,0.96949154
2013-06-27 21:00:00+00:00,813.1694946289062,0.98307955
2013-06-27 22:00:00+00:00,155.5853271484375,0.9897611
2013-06-27 23:00:00+00:00,134.22866821289062,0.9778157
2013-06-28 00:00:00+00:00,149.25723266601562,0.9778535
2013-06-28 01:00:00+00:00,136.7969207763672,0.9931624
2013-06-28 02:00:00+00:00,141.7948760986328,0.98122865
2013-06-28 03:00:00+00:00,139.0836181640625,0.9778157
2013-06-28 04:00:00+00:00,139.80886840820312,0.9675768
2013-06-28 05:00:00+00:00,172.73333740234375,0.9726496
2013-06-28 06:00:00+00:00,152.3890838623047,0.9675768
2013-06-28 07:00:00+00:00,171.3401641845703,0.9760684
2013-06-28 08:00:00+00:00,143.8099365234375,0.97098976
2013-06-28 09:00:00+00:00,144.3668975830078,0.9726496
2013-06-28 10:00:00+00:00,211.1669464111328,0.9659864
2013-06-28 11:00:00+00:00,143.89572143554688,0.9760684
2013-06-28 12:00:00+00:00,142.90084838867188,0.982906
2013-06-28 13:00:00+00:00,142.4727020263672,0.9744027
2013-06-28 14:00:00+00:00,138.48805236816406,0.98122865
2013-06-28 15:00:00+00:00,145.77777099609375,0.9760684
2013-06-28 16:00:00+00:00,134.32594299316406,0.98293513
2013-06-28 17:00:00+00:00,321.3263854980469,0.96938777
2013-06-28 18:00:00+00:00,220.49317932128906,0.9761092
2013-06-28 19:00:00+00:00,177.17234802246094,0.9761092
2013-06-28 20:00:00+00:00,369.81024169921875,152.08517
2013-06-28 21:00:00+00:00,253.8103485107422,0.9931857
2013-06-28 22:00:00+00:00,200.73719787597656,0.97952217
2013-06-28 23:00:00+00:00,168.30152893066406,0.98293513
2013-06-29 00:00:00+00:00,179.47952270507812,0.9608177
2013-06-29 01:00:00+00:00,161.34812927246094,0.97098976
2013-06-29 02:00:00+00:00,169.1365203857422,0.9692833
2013-06-29 03:00:00+00:00,166.82081604003906,0.9761092
2013-06-29 04:00:00+00:00,159.4940185546875,0.98126066
2013-06-29 05:00:00+00:00,171.4974365234375,0.9726496
2013-06-29 06:00:00+00:00,160.09059143066406,0.96763206
2013-06-29 07:00:00+00:00,172.1880340576172,0.96239316
2013-06-29 08:00:00+00:00,332.1555480957031,162.43344
2013-06-29 09:00:00+00:00,168.02218627929688,0.98122865
2013-06-29 10:00:00+00:00,994.3189697265625,149.48055
2013-06-29 11:00:00+00:00,1174.991455078125,0.9647651
2013-06-29 12:00:00+00:00,314.0733642578125,0.98122865
2013-06-29 13:00:00+00:00,266.8735046386719,122.73765
2013-06-29 14:00:00+00:00,164.231689453125,0.9778535
2013-06-29 15:00:00+00:00,165.32423400878906,0.9982935
2013-06-29 16:00:00+00:00,182.614990234375,0.9778535
2013-06-29 17:00:00+00:00,507.5775146484375,122.42857
2013-06-29 18:00:00+00:00,607.0203247070312,0.9915254
2013-06-29 19:00:00+00:00,1096.6739501953125,1.0
2013-06-29 20:00:00+00:00,217.22393798828125,1.0033956
2013-06-29 21:00:00+00:00,347.63201904296875,123.89643
2013-06-29 22:00:00+00:00,156.67007446289062,0.9897959
2013-06-29 23:00:00+00:00,145.1258544921875,0.9846939
2013-06-30 00:00:00+00:00,160.36734008789062,0.9846939
2013-06-30 01:00:00+00:00,146.0850372314453,0.9829932
2013-06-30 02:00:00+00:00,153.40475463867188,0.98129255
2013-06-30 03:00:00+00:00,148.57411193847656,0.98807496
2013-06-30 04:00:00+00:00,148.2827911376953,0.98126066
2013-06-30 05:00:00+00:00,147.5850372314453,0.97959185
2013-06-30 06:00:00+00:00,147.05621337890625,0.9761499
2013-06-30 07:00:00+00:00,151.71038818359375,0.98807496
2013-06-30 08:00:00+00:00,334.71282958984375,160.7742
2013-06-30 09:00:00+00:00,154.41737365722656,0.9761499
2013-06-30 10:00:00+00:00,266.8074951171875,0.9727891
2013-06-30 11:00:00+00:00,550.2098999023438,0.9915398
2013-06-30 12:00:00+00:00,352.62799072265625,0.9796265
2013-06-30 13:00:00+00:00,182.9098663330078,0.9846939
2013-06-30 14:00:00+00:00,162.05262756347656,0.9830221
2013-06-30 15:00:00+00:00,445.300537109375,134.77234
2013-06-30 16:00:00+00:00,210.36441040039062,0.9881356
2013-06-30 17:00:00+00:00,645.126953125,138.97293
2013-06-30 18:00:00+00:00,391.766845703125,0.98988193
2013-06-30 19:00:00+00:00,1462.8250732421875,0.9865546
2013-06-30 20:00:00+00:00,536.767578125,103.87479
2013-06-30 21:00:00+00:00,311.7207336425781,0.99323183
2013-06-30 22:00:00+00:00,191.69175720214844,0.9915398
2013-06-30 23:00:00+00:00,165.41319274902344,0.99492383
2013-07-01 00:00:00+00:00,171.02276611328125,0.9829932
2013-07-01 01:00:00+00:00,164.3470458984375,0.9780405
2013-07-01 02:00:00+00:00,172.4356231689453,0.99319726
2013-07-01 03:00:00+00:00,162.92832946777344,0.98815566
2013-07-01 04:00:00+00:00,165.42176818847656,0.9813875
2013-07-01 05:00:00+00:00,161.90646362304688,0.9881356
2013-07-01 06:00:00+00:00,168.02542114257812,0.9762712
2013-07-01 07:00:00+00:00,203.65306091308594,0.9779661
2013-07-01 08:00:00+00:00,330.4295349121094,162.51695
2013-07-01 09:00:00+00:00,181.7815704345703,0.9728353
2013-07-01 10:00:00+00:00,222.49658203125,0.9813875
2013-07-01 11:00:00+00:00,189.0,0.9898305
2013-07-01 12:00:00+00:00,167.5796661376953,0.9898305
2013-07-01 13:00:00+00:00,173.8828582763672,0.9728353
2013-07-01 14:00:00+00:00,160.65365600585938,0.9813875
2013-07-01 15:00:00+00:00,262.31695556640625,5.947458
2013-07-01 16:00:00+00:00,579.4254150390625,163.0322
2013-07-01 17:00:00+00:00,266.68878173828125,0.9966159
2013-07-01 18:00:00+00:00,248.41175842285156,0.9932432
2013-07-01 19:00:00+00:00,195.8951873779297,0.9898477
2013-07-01 20:00:00+00:00,210.09434509277344,0.9847199
2013-07-01 21:00:00+00:00,320.20001220703125,117.36548
2013-07-01 22:00:00+00:00,876.7648315429688,0.9915825
2013-07-01 23:00:00+00:00,670.4772338867188,0.9915541
2013-07-02 00:00:00+00:00,176.65762329101562,0.9932203
2013-07-02 01:00:00+00:00,149.147705078125,0.98981327
2013-07-02 02:00:00+00:00,146.97962951660156,0.9779287
2013-07-02 03:00:00+00:00,140.43972778320312,0.9847199
2013-07-02 04:00:00+00:00,147.4550018310547,0.98132426
2013-07-02 05:00:00+00:00,173.05093383789062,0.9762309
2013-07-02 06:00:00+00:00,147.2294464111328,0.99151105
2013-07-02 07:00:00+00:00,140.04251098632812,0.9846939
2013-07-02 08:00:00+00:00,145.8758544921875,0.9846939
2013-07-02 09:00:00+00:00,194.768310546875,0.9608177
2013-07-02 10:00:00+00:00,382.78875732421875,77.73684
2013-07-02 11:00:00+00:00,238.75169372558594,0.9829932
2013-07-02 12:00:00+00:00,235.6598663330078,0.9914966
2013-07-02 13:00:00+00:00,273.8157043457031,0.98129255
2013-07-02 14:00:00+00:00,231.17376708984375,0.97959185
2013-07-02 15:00:00+00:00,233.14820861816406,0.98807496
2013-07-02 16:00:00+00:00,241.998291015625,0.9795571
2013-07-02 17:00:00+00:00,384.0732421875,72.92177
2013-07-02 18:00:00+00:00,234.5511932373047,0.9846416
2013-07-02 19:00:00+00:00,222.0511016845703,0.9761499
2013-07-02 20:00:00+00:00,223.6160430908203,0.9846416
2013-07-02 21:00:00+00:00,592.322509765625,177.81122
2013-07-02 22:00:00+00:00,276.2419128417969,0.9914676
2013-07-02 23:00:00+00:00,228.98805236816406,0.99148214
2013-07-03 00:00:00+00:00,173.4180908203125,0.97269624
2013-07-03 01:00:00+00:00,143.11924743652344,0.97274274
2013-07-03 02:00:00+00:00,139.99658203125,0.98122865
2013-07-03 03:00:00+00:00,148.332763671875,0.97952217
2013-07-03 04:00:00+00:00,134.55535888671875,0.9556314
2013-07-03 05:00:00+00:00,150.37200927734375,0.9710392
2013-07-03 06:00:00+00:00,137.85836791992188,0.9692833
2013-07-03 07:00:00+00:00,370.2337951660156,161.0204
2013-07-03 08:00:00+00:00,204.31570434570312,0.9692833
2013-07-03 09:00:00+00:00,187.1177520751953,0.97952217
2013-07-03 10:00:00+00:00,298.8310546875,143.8092
2013-07-03 11:00:00+00:00,173.84471130371094,0.97952217
2013-07-03 12:00:00+00:00,164.01022338867188,0.99148214
2013-07-03 13:00:00+00:00,167.6331024169922,0.99658704
2013-07-03 14:00:00+00:00,166.83816528320312,0.9897785
2013-07-03 15:00:00+00:00,166.34922790527344,0.99829644
2013-07-03 16:00:00+00:00,465.9880676269531,0.9795571
2013-07-03 17:00:00+00:00,483.1839904785156,239.88286
2013-07-03 18:00:00+00:00,1241.658203125,0.98988193
2013-07-03 19:00:00+00:00,1061.890625,0.9780034
2013-07-03 20:00:00+00:00,524.93017578125,134.64346
2013-07-03 21:00:00+00:00,468.5468444824219,0.9897959
2013-07-03 22:00:00+00:00,255.0118865966797,0.9880952
2013-07-03 23:00:00+00:00,243.69676208496094,0.9779287
2013-07-04 00:00:00+00:00,167.1222381591797,0.98129255
2013-07-04 01:00:00+00:00,158.69676208496094,0.9846939
2013-07-04 02:00:00+00:00,155.11224365234375,0.97619045
2013-07-04 03:00:00+00:00,157.18878173828125,0.97789115
2013-07-04 04:00:00+00:00,154.14041137695312,0.9779287
2013-07-04 05:00:00+00:00,174.10580444335938,0.9778535
2013-07-04 06:00:00+00:00,155.7008514404297,0.97619045
2013-07-04 07:00:00+00:00,156.26065063476562,0.97274274
2013-07-04 08:00:00+00:00,153.00340270996094,0.98126066
2013-07-04 09:00:00+00:00,171.85836791992188,0.98807496
2013-07-04 10:00:00+00:00,238.7853546142578,0.9863946
2013-07-04 11:00:00+00:00,367.848388671875,0.99659866
2013-07-04 12:00:00+00:00,248.79421997070312,0.9897959
2013-07-04 13:00:00+00:00,268.5411071777344,0.97959185
2013-07-04 14:00:00+00:00,286.3486328125,0.98132426
2013-07-04 15:00:00+00:00,305.7040710449219,0.97959185
2013-07-04 16:00:00+00:00,484.235595703125,171.11206
2013-07-04 17:00:00+00:00,450.8943786621094,90.62034
2013-07-04 18:00:00+00:00,1105.4422607421875,0.994941
2013-07-04 19:00:00+00:00,755.4629516601562,0.99156827
2013-07-04 20:00:00+00:00,492.6241149902344,141.24873
2013-07-04 21:00:00+00:00,381.87841796875,0.9915398
2013-07-04 22:00:00+00:00,296.7657165527344,0.98474574
2013-07-04 23:00:00+00:00,275.33221435546875,0.9915254
2013-07-05 00:00:00+00:00,266.2593078613281,0.98474574
2013-07-05 01:00:00+00:00,156.2903289794922,0.98641765
2013-07-05 02:00:00+00:00,165.77249145507812,0.9728353
2013-07-05 03:00:00+00:00,151.23768615722656,0.9830221
2013-07-05 04:00:00+00:00,163.7300567626953,0.9830221
2013-07-05 05:00:00+00:00,153.14260864257812,0.9932088
2013-07-05 06:00:00+00:00,160.2653045654297,0.9727891
2013-07-05 07:00:00+00:00,327.6683654785156,146.93718
2013-07-05 08:00:00+00:00,209.149658203125,0.9983022
2013-07-05 09:00:00+00:00,382.45330810546875,163.98473
2013-07-05 10:00:00+00:00,184.9421844482422,0.99489796
2013-07-05 11:00:00+00:00,219.62881469726562,0.9932203
2013-07-05 12:00:00+00:00,187.40406799316406,0.9932088
2013-07-05 13:00:00+00:00,178.777587890625,0.98811543
2013-07-05 14:00:00+00:00,263.5721435546875,0.9762712
2013-07-05 15:00:00+00:00,325.202392578125,0.99491525
2013-07-05 16:00:00+00:00,452.6083984375,127.001686
2013-07-05 17:00:00+00:00,1325.258544921875,0.99496645
2013-07-05 18:00:00+00:00,186.39999389648438,0.994941
2013-07-05 19:00:00+00:00,357.5729675292969,143.12204
2013-07-05 20:00:00+00:00,230.8333282470703,0.9830221
2013-07-05 21:00:00+00:00,243.95567321777344,0.9966216
2013-07-05 22:00:00+00:00,172.82229614257812,0.9949066
2013-07-05 23:00:00+00:00,160.6181182861328,0.9881757
2013-07-06 00:00:00+00:00,171.5026397705078,0.9881956
2013-07-06 01:00:00+00:00,157.17283630371094,1.0
2013-07-06 02:00:00+00:00,175.7061004638672,0.98630136
2013-07-06 03:00:00+00:00,157.07106018066406,0.9830221
2013-07-06 04:00:00+00:00,172.52076721191406,0.98474574
2013-07-06 05:00:00+00:00,156.2699432373047,0.98644066
2013-07-06 06:00:00+00:00,170.01358032226562,0.97118646
2013-07-06 07:00:00+00:00,159.6271209716797,0.979661
2013-07-06 08:00:00+00:00,580.6277465820312,160.28041
2013-07-06 09:00:00+00:00,514.3585205078125,0.99156827
2013-07-06 10:00:00+00:00,342.998291015625,0.9898649
2013-07-06 11:00:00+00:00,593.0772094726562,0.9831081
2013-07-06 12:00:00+00:00,271.2943115234375,0.9797297
2013-07-06 13:00:00+00:00,220.3485870361328,0.98981327
2013-07-06 14:00:00+00:00,998.019287109375,0.99156827
2013-07-06 15:00:00+00:00,669.8179931640625,161.94078
2013-07-06 16:00:00+00:00,367.2310485839844,146.69609
2013-07-06 17:00:00+00:00,212.7105712890625,0.9863248
2013-07-06 18:00:00+00:00,199.47303771972656,0.99488926
2013-07-06 19:00:00+00:00,223.95803833007812,0.98641765
2013-07-06 20:00:00+00:00,223.9566650390625,0.9932088
2013-07-06 21:00:00+00:00,180.3858184814453,0.9932088
2013-07-06 22:00:00+00:00,144.6165771484375,0.99319726
2013-07-06 23:00:00+00:00,151.20761108398438,0.9863946
2013-07-07 00:00:00+00:00,160.4342498779297,0.98815566
2013-07-07 01:00:00+00:00,159.46527099609375,0.9915541
2013-07-07 02:00:00+00:00,173.5833282470703,0.99319726
2013-07-07 03:00:00+00:00,157.78298950195312,0.9897959
2013-07-07 04:00:00+00:00,145.03309631347656,0.9914966
2013-07-07 05:00:00+00:00,152.06434631347656,0.9897785
2013-07-07 06:00:00+00:00,139.46868896484375,0.9932088
2013-07-07 07:00:00+00:00,596.8220825195312,376.6914
2013-07-07 08:00:00+00:00,200.3292236328125,0.9881356
2013-07-07 09:00:00+00:00,192.44056701660156,0.9932203
2013-07-07 10:00:00+00:00,191.29734802246094,0.9897959
2013-07-07 11:00:00+00:00,197.68675231933594,0.98981327
2013-07-07 12:00:00+00:00,365.58087158203125,0.9829932
2013-07-07 13:00:00+00:00,509.9599914550781,138.88364
2013-07-07 14:00:00+00:00,226.50608825683594,0.99491525
2013-07-07 15:00:00+00:00,366.6435852050781,140.60884
2013-07-07 16:00:00+00:00,339.2556457519531,0.9795571
2013-07-07 17:00:00+00:00,288.70660400390625,0.9914966
2013-07-07 18:00:00+00:00,396.4315490722656,0.9914383
2013-07-07 19:00:00+00:00,871.358642578125,0.9948718
2013-07-07 20:00:00+00:00,875.3316040039062,0.9982993
2013-07-07 21:00:00+00:00,523.7648315429688,151.36986
2013-07-07 22:00:00+00:00,303.9600830078125,0.99656945
2013-07-07 23:00:00+00:00,152.68630981445312,0.99656945
2013-07-08 00:00:00+00:00,149.73089599609375,0.9982877
2013-07-08 01:00:00+00:00,159.16348266601562,0.9897084
2013-07-08 02:00:00+00:00,144.0348358154297,0.99659866
2013-07-08 03:00:00+00:00,150.1265411376953,0.9761092
2013-07-08 04:00:00+00:00,152.98785400390625,0.9829642
2013-07-08 05:00:00+00:00,236.0935821533203,0.9931857
2013-07-08 06:00:00+00:00,154.81976318359375,0.9880952
2013-07-08 07:00:00+00:00,181.32464599609375,0.9846939
2013-07-08 08:00:00+00:00,223.77508544921875,0.98815566
2013-07-08 09:00:00+00:00,160.48532104492188,0.9881356
2013-07-08 10:00:00+00:00,152.81076049804688,0.99659866
2013-07-08 11:00:00+00:00,144.3773956298828,0.9932088
2013-07-08 12:00:00+00:00,152.8356475830078,0.9965928
2013-07-08 13:00:00+00:00,158.3566436767578,0.98811543
2013-07-08 14:00:00+00:00,151.34201049804688,0.9829932
2013-07-08 15:00:00+00:00,146.98423767089844,1.0
2013-07-08 16:00:00+00:00,154.74087524414062,0.9913793
2013-07-08 17:00:00+00:00,158.8804168701172,0.99486303
2013-07-08 18:00:00+00:00,440.2486877441406,162.21709
2013-07-08 19:00:00+00:00,1060.190673828125,130.91864
2013-07-08 20:00:00+00:00,1108.0069580078125,145.5017
2013-07-08 21:00:00+00:00,426.70660400390625,0.9896907
2013-07-08 22:00:00+00:00,272.87152099609375,0.9914676
2013-07-08 23:00:00+00:00,187.70660400390625,0.9897959
2013-07-09 00:00:00+00:00,184.85365295410156,0.9897959
2013-07-09 01:00:00+00:00,188.1745147705078,0.9931857
2013-07-09 02:00:00+00:00,165.8208770751953,0.98811543
2013-07-09 03:00:00+00:00,176.3583984375,0.98126066
2013-07-09 04:00:00+00:00,155.7412567138672,0.99488926
2013-07-09 05:00:00+00:00,196.1871795654297,0.9830508
2013-07-09 06:00:00+00:00,147.27972412109375,0.9966159
2013-07-09 07:00:00+00:00,156.15679931640625,0.98641765
2013-07-09 08:00:00+00:00,230.78707885742188,0.97959185
2013-07-09 09:00:00+00:00,248.99827575683594,0.9931857
2013-07-09 10:00:00+00:00,250.6486053466797,0.97959185
2013-07-09 11:00:00+00:00,318.4824523925781,0.99319726
2013-07-09 12:00:00+00:00,241.4090118408203,0.99489796
2013-07-09 13:00:00+00:00,244.62413024902344,0.98641765
2013-07-09 14:00:00+00:00,271.769775390625,0.9915541
2013-07-09 15:00:00+00:00,266.7846984863281,0.9864865
2013-07-09 16:00:00+00:00,277.9205627441406,0.99489796
2013-07-09 17:00:00+00:00,590.2693481445312,150.74324
2013-07-09 18:00:00+00:00,439.3982849121094,149.0356
2013-07-09 19:00:00+00:00,1366.9232177734375,0.996633
2013-07-09 20:00:00+00:00,722.1943969726562,134.91371
2013-07-09 21:00:00+00:00,378.1148376464844,0.99156827
2013-07-09 22:00:00+00:00,236.1022491455078,0.98126066
2013-07-09 23:00:00+00:00,180.63729858398438,0.99148214
2013-07-10 00:00:00+00:00,144.8426513671875,0.9831081
2013-07-10 01:00:00+00:00,153.41421508789062,0.9914676
2013-07-10 02:00:00+00:00,147.455810546875,0.99489796
2013-07-10 03:00:00+00:00,148.38327026367188,0.98981327
2013-07-10 04:00:00+00:00,149.24691772460938,0.98307955
2013-07-10 05:00:00+00:00,160.16871643066406,0.9898477
2013-07-10 06:00:00+00:00,157.44464111328125,1.7894737
2013-07-10 07:00:00+00:00,208.4808349609375,0.9949066
2013-07-10 08:00:00+00:00,188.94493103027344,0.9915398
2013-07-10 09:00:00+00:00,146.67137145996094,0.9846939
2013-07-10 10:00:00+00:00,150.40350341796875,0.9966159
2013-07-10 11:00:00+00:00,154.3544921875,0.9898477
2013-07-10 12:00:00+00:00,141.43531799316406,0.99488926
2013-07-10 13:00:00+00:00,156.3391876220703,0.9898305
2013-07-10 14:00:00+00:00,151.6482696533203,0.9863946
2013-07-10 15:00:00+00:00,142.69284057617188,0.9863946
2013-07-10 16:00:00+00:00,157.59585571289062,0.9931857
2013-07-10 17:00:00+00:00,496.9982604980469,133.62436
2013-07-10 18:00:00+00:00,258.4377136230469,0.97444636
2013-07-10 19:00:00+00:00,1392.0518798828125,0.98994976
2013-07-10 20:00:00+00:00,350.9230651855469,0.9830508
2013-07-10 21:00:00+00:00,409.02459716796875,104.54992
2013-07-10 22:00:00+00:00,454.33685302734375,0.98811543
2013-07-10 23:00:00+00:00,227.84800720214844,0.99659866
2013-07-11 00:00:00+00:00,177.1539764404297,0.99151105
2013-07-11 01:00:00+00:00,158.94065856933594,0.98981327
2013-07-11 02:00:00+00:00,176.11837768554688,1.0
2013-07-11 03:00:00+00:00,160.0619659423828,0.99323183
2013-07-11 04:00:00+00:00,171.7803192138672,0.9864636
2013-07-11 05:00:00+00:00,178.1490478515625,0.9830221
2013-07-11 06:00:00+00:00,145.76609802246094,0.9813559
2013-07-11 07:00:00+00:00,147.99322509765625,0.9881356
2013-07-11 08:00:00+00:00,171.60678100585938,0.9915254
2013-07-11 09:00:00+00:00,268.2598876953125,0.9728814
2013-07-11 10:00:00+00:00,218.56875610351562,0.9745331
2013-07-11 11:00:00+00:00,242.4033966064453,0.99491525
2013-07-11 12:00:00+00:00,304.1184387207031,0.98644066
2013-07-11 13:00:00+00:00,223.7147674560547,0.98474574
2013-07-11 14:00:00+00:00,233.91140747070312,0.9915254
2013-07-11 15:00:00+00:00,247.15187072753906,0.9915254
2013-07-11 16:00:00+00:00,258.13763427734375,0.98641765
2013-07-11 17:00:00+00:00,610.6105346679688,149.14915
2013-07-11 18:00:00+00:00,216.52767944335938,0.9830221
2013-07-11 19:00:00+00:00,1502.2769775390625,144.43121
2013-07-11 20:00:00+00:00,308.5870056152344,0.9898649
2013-07-11 21:00:00+00:00,336.76251220703125,0.9932432
2013-07-11 22:00:00+00:00,218.6267547607422,0.98815566
2013-07-11 23:00:00+00:00,184.96661376953125,0.98641765
2013-07-12 00:00:00+00:00,163.13961791992188,0.9915254
2013-07-12 01:00:00+00:00,151.328125,0.9983051
2013-07-12 02:00:00+00:00,142.85491943359375,0.98474574
2013-07-12 03:00:00+00:00,151.7203369140625,0.99491525
2013-07-12 04:00:00+00:00,138.24237060546875,0.9762712
2013-07-12 05:00:00+00:00,181.147705078125,0.9881356
2013-07-12 06:00:00+00:00,138.24490356445312,0.9898305
2013-07-12 07:00:00+00:00,360.70001220703125,75.901695
2013-07-12 08:00:00+00:00,232.14431762695312,0.98811543
2013-07-12 09:00:00+00:00,169.46688842773438,0.98811543
2013-07-12 10:00:00+00:00,141.88455200195312,0.9932088
2013-07-12 11:00:00+00:00,153.1126251220703,0.9932203
2013-07-12 12:00:00+00:00,138.9066162109375,0.9932088
2013-07-12 13:00:00+00:00,156.16128540039062,0.9949066
2013-07-12 14:00:00+00:00,140.51016235351562,0.99491525
2013-07-12 15:00:00+00:00,256.4295349121094,0.9847199
2013-07-12 16:00:00+00:00,429.44366455078125,149.26837
2013-07-12 17:00:00+00:00,274.2083435058594,1.0
2013-07-12 18:00:00+00:00,325.9684143066406,1.0
2013-07-12 19:00:00+00:00,307.6631164550781,0.98477155
2013-07-12 20:00:00+00:00,633.9606323242188,128.4358
2013-07-12 21:00:00+00:00,350.7157897949219,0.99491525
2013-07-12 22:00:00+00:00,368.62896728515625,0.9949066
2013-07-12 23:00:00+00:00,186.84228515625,0.99492383
2013-07-13 00:00:00+00:00,164.74171447753906,0.9779661
2013-07-13 01:00:00+00:00,143.0259552001953,0.99323183
2013-07-13 02:00:00+00:00,144.96636962890625,0.9915254
2013-07-13 03:00:00+00:00,153.5204315185547,0.9915541
2013-07-13 04:00:00+00:00,138.49826049804688,0.9932203
2013-07-13 05:00:00+00:00,152.50088500976562,0.9898477
2013-07-13 06:00:00+00:00,223.97894287109375,0.9897959
2013-07-13 07:00:00+00:00,144.16578674316406,0.9864865
2013-07-13 08:00:00+00:00,167.90501403808594,0.98307955
2013-07-13 09:00:00+00:00,377.043701171875,156.7027
2013-07-13 10:00:00+00:00,649.0173950195312,0.99492383
2013-07-13 11:00:00+00:00,573.3827514648438,0.98477155
2013-07-13 12:00:00+00:00,579.198974609375,0.99830794
2013-07-13 13:00:00+00:00,173.38475036621094,0.9932088
2013-07-13 14:00:00+00:00,166.66725158691406,0.99489796
2013-07-13 15:00:00+00:00,173.9532012939453,0.99148214
2013-07-13 16:00:00+00:00,179.88986206054688,0.9932203
2013-07-13 17:00:00+00:00,224.2747802734375,0.99488926
2013-07-13 18:00:00+00:00,404.1260986328125,141.89285
2013-07-13 19:00:00+00:00,419.041748046875,128.12692
2013-07-13 20:00:00+00:00,270.5862731933594,0.9982906
2013-07-13 21:00:00+00:00,287.8177185058594,0.9948454
2013-07-13 22:00:00+00:00,190.64236450195312,0.9931389
2013-07-13 23:00:00+00:00,188.3854217529297,1.0
2013-07-14 00:00:00+00:00,169.73089599609375,0.989726
2013-07-14 01:00:00+00:00,146.28819274902344,0.99140894
2013-07-14 02:00:00+00:00,150.45138549804688,0.99828476
2013-07-14 03:00:00+00:00,159.51910400390625,0.98805463
2013-07-14 04:00:00+00:00,147.56869506835938,0.9863714
2013-07-14 05:00:00+00:00,144.88153076171875,0.99148214
2013-07-14 06:00:00+00:00,157.94773864746094,0.9863714
2013-07-14 07:00:00+00:00,153.32635498046875,0.9897785
2013-07-14 08:00:00+00:00,247.44288635253906,0.9966159
2013-07-14 09:00:00+00:00,235.37521362304688,0.99659866
2013-07-14 10:00:00+00:00,225.40695190429688,0.9847199
2013-07-14 11:00:00+00:00,257.386474609375,0.9897785
2013-07-14 12:00:00+00:00,485.1767883300781,154.20547
2013-07-14 13:00:00+00:00,1462.716064453125,217.07797
2013-07-14 14:00:00+00:00,772.3385009765625,6.0341883
2013-07-14 15:00:00+00:00,484.81390380859375,153.9077
2013-07-14 16:00:00+00:00,399.37261962890625,0.9948365
2013-07-14 17:00:00+00:00,542.717529296875,73.1931
2013-07-14 18:00:00+00:00,589.6903076171875,78.39033
2013-07-14 19:00:00+00:00,1279.144287109375,0.9931857
2013-07-14 20:00:00+00:00,614.8635864257812,0.99827886
2013-07-14 21:00:00+00:00,331.8890686035156,0.9948186
2013-07-14 22:00:00+00:00,371.4679260253906,47.289383
2013-07-14 23:00:00+00:00,176.3448944091797,0.99312717
2013-07-15 00:00:00+00:00,161.50779724121094,0.9931153
2013-07-15 01:00:00+00:00,159.6637725830078,0.9862306
2013-07-15 02:00:00+00:00,158.29116821289062,0.9931389
2013-07-15 03:00:00+00:00,148.11285400390625,0.99142367
2013-07-15 04:00:00+00:00,145.88888549804688,0.9897084
2013-07-15 05:00:00+00:00,182.6114959716797,0.989726
2013-07-15 06:00:00+00:00,158.14111328125,0.9931857
2013-07-15 07:00:00+00:00,147.69444274902344,0.9880952
2013-07-15 08:00:00+00:00,236.8052215576172,0.9914966
2013-07-15 09:00:00+00:00,195.1036834716797,0.98807496
2013-07-15 10:00:00+00:00,158.80555725097656,0.99151105
2013-07-15 11:00:00+00:00,156.79339599609375,0.991453
2013-07-15 12:00:00+00:00,150.3072967529297,0.99142367
2013-07-15 13:00:00+00:00,150.28695678710938,0.99656945
2013-07-15 14:00:00+00:00,152.4010467529297,0.9948542
2013-07-15 15:00:00+00:00,281.2530212402344,0.9931389
2013-07-15 16:00:00+00:00,280.6805419921875,0.99655765
2013-07-15 17:00:00+00:00,385.8823547363281,0.99655765
2013-07-15 18:00:00+00:00,493.1354064941406,144.89157
2013-07-15 19:00:00+00:00,1336.49658203125,1.0
2013-07-15 20:00:00+00:00,321.10382080078125,0.9948097
2013-07-15 21:00:00+00:00,355.5709228515625,0.9948007
2013-07-15 22:00:00+00:00,239.37954711914062,0.9862069
2013-07-15 23:00:00+00:00,199.89080810546875,0.99827886
2013-07-16 00:00:00+00:00,184.05372619628906,0.9913793
2013-07-16 01:00:00+00:00,193.20277404785156,0.99828476
2013-07-16 02:00:00+00:00,188.21664428710938,0.99142367
2013-07-16 03:00:00+00:00,181.42013549804688,0.9897084
2013-07-16 04:00:00+00:00,161.3495635986328,0.9931507
2013-07-16 05:00:00+00:00,186.23385620117188,0.99657536
2013-07-16 06:00:00+00:00,153.703125,0.9931507
2013-07-16 07:00:00+00:00,317.013916015625,0.9863714
2013-07-16 08:00:00+00:00,303.7408752441406,0.99151105
2013-07-16 09:00:00+00:00,282.4860534667969,0.99659866
2013-07-16 10:00:00+00:00,337.9375,0.9932088
2013-07-16 11:00:00+00:00,203.98423767089844,0.99148214
2013-07-16 12:00:00+00:00,160.3072967529297,0.99828476
2013-07-16 13:00:00+00:00,158.75,0.99656945
2013-07-16 14:00:00+00:00,158.0833282470703,0.99656945
2013-07-16 15:00:00+00:00,154.90467834472656,0.98967296
2013-07-16 16:00:00+00:00,207.3067626953125,0.98967296
2013-07-16 17:00:00+00:00,402.2422180175781,145.57587
2013-07-16 18:00:00+00:00,267.7001647949219,0.9931153
2013-07-16 19:00:00+00:00,1137.4305419921875,149.21843
2013-07-16 20:00:00+00:00,477.1015625,0.9948454
2013-07-16 21:00:00+00:00,183.55613708496094,0.9982699
2013-07-16 22:00:00+00:00,186.40597534179688,0.98618305
2013-07-16 23:00:00+00:00,217.29188537597656,1.0034602
2013-07-17 00:00:00+00:00,203.67300415039062,0.9913644
2013-07-17 01:00:00+00:00,190.23529052734375,0.9913345
2013-07-17 02:00:00+00:00,188.67938232421875,0.9982699
2013-07-17 03:00:00+00:00,198.58824157714844,0.9982699
2013-07-17 04:00:00+00:00,193.94801330566406,1.0017241
2013-07-17 05:00:00+00:00,198.3937225341797,0.99655765
2013-07-17 06:00:00+00:00,175.46966552734375,0.98967296
2013-07-17 07:00:00+00:00,176.36221313476562,1.0
2013-07-17 08:00:00+00:00,299.6169738769531,1.0017095
2013-07-17 09:00:00+00:00,329.0207824707031,0.99828476
2013-07-17 10:00:00+00:00,278.4670104980469,0.99655175
2013-07-17 11:00:00+00:00,341.02252197265625,0.99657536
2013-07-17 12:00:00+00:00,252.8128204345703,0.9896552
2013-07-17 13:00:00+00:00,365.168701171875,89.56379
2013-07-17 14:00:00+00:00,315.43597412109375,0.9965398
2013-07-17 15:00:00+00:00,323.12091064453125,0.9965398
2013-07-17 16:00:00+00:00,328.6833801269531,0.9930915
2013-07-17 17:00:00+00:00,414.2258605957031,0.9931153
2013-07-17 18:00:00+00:00,477.5854797363281,134.55766
2013-07-17 19:00:00+00:00,611.6580200195312,175.70619
2013-07-17 20:00:00+00:00,417.73309326171875,0.99310344
2013-07-17 21:00:00+00:00,328.4766845703125,0.9982729
2013-07-17 22:00:00+00:00,281.6107177734375,0.9965398
2013-07-17 23:00:00+00:00,208.7374725341797,0.9896373
2013-07-18 00:00:00+00:00,204.1643524169922,0.9930796
2013-07-18 01:00:00+00:00,189.73182678222656,0.9948097
2013-07-18 02:00:00+00:00,186.37542724609375,0.9965398
2013-07-18 03:00:00+00:00,180.73703002929688,1.0
2013-07-18 04:00:00+00:00,179.48873901367188,1.0
2013-07-18 05:00:00+00:00,185.64297485351562,0.99312717
2013-07-18 06:00:00+00:00,349.8166198730469,153.07376
2013-07-18 07:00:00+00:00,247.8013916015625,0.99140894
2013-07-18 08:00:00+00:00,221.5476531982422,0.9896907
2013-07-18 09:00:00+00:00,211.0381317138672,0.99656355
2013-07-18 10:00:00+00:00,219.0207977294922,0.9828179
2013-07-18 11:00:00+00:00,364.7556457519531,135.31497
2013-07-18 12:00:00+00:00,353.698974609375,0.99827886
2013-07-18 13:00:00+00:00,296.5467224121094,0.9930796
2013-07-18 14:00:00+00:00,291.80621337890625,0.9896194
2013-07-18 15:00:00+00:00,481.42486572265625,162.8069
2013-07-18 16:00:00+00:00,635.9566040039062,139.21034
2013-07-18 17:00:00+00:00,351.6873779296875,6.1278067
2013-07-18 18:00:00+00:00,1456.0272216796875,79.451775
2013-07-18 19:00:00+00:00,396.13299560546875,0.9930915
2013-07-18 20:00:00+00:00,401.539794921875,1.0034602
2013-07-18 21:00:00+00:00,378.6863098144531,0.99655175
2013-07-18 22:00:00+00:00,304.5294189453125,0.9965398
2013-07-18 23:00:00+00:00,196.53286743164062,0.9930796
2013-07-19 00:00:00+00:00,168.6141815185547,1.0
2013-07-19 01:00:00+00:00,171.93240356445312,0.9930915
2013-07-19 02:00:00+00:00,183.23916625976562,0.99655765
2013-07-19 03:00:00+00:00,183.40554809570312,0.9931389
2013-07-19 04:00:00+00:00,165.71701049804688,0.9880137
2013-07-19 05:00:00+00:00,177.96527099609375,0.99312717
2013-07-19 06:00:00+00:00,172.71875,1.0017123
2013-07-19 07:00:00+00:00,167.32118225097656,0.98458904
2013-07-19 08:00:00+00:00,406.3485107421875,153.78644
2013-07-19 09:00:00+00:00,600.0347290039062,0.99830794
2013-07-19 10:00:00+00:00,584.4973754882812,0.9932203
2013-07-19 11:00:00+00:00,191.71006774902344,0.99312717
2013-07-19 12:00:00+00:00,185.765625,1.0017123
2013-07-19 13:00:00+00:00,197.546875,0.9948454
2013-07-19 14:00:00+00:00,307.94085693359375,132.84048
2013-07-19 15:00:00+00:00,259.876953125,0.9982818
2013-07-19 16:00:00+00:00,297.9723205566406,1.0
2013-07-19 17:00:00+00:00,292.5320739746094,0.9965398
2013-07-19 18:00:00+00:00,333.75604248046875,0.9913644
2013-07-19 19:00:00+00:00,296.88580322265625,0.9982729
2013-07-19 20:00:00+00:00,285.6914978027344,0.9931153
2013-07-19 21:00:00+00:00,528.9151000976562,156.75085
2013-07-19 22:00:00+00:00,329.96527099609375,0.9948542
2013-07-19 23:00:00+00:00,178.8457489013672,0.99657536
2013-07-20 00:00:00+00:00,160.55381774902344,0.99142367
2013-07-20 01:00:00+00:00,149.56597900390625,0.99656945
2013-07-20 02:00:00+00:00,147.31423950195312,0.99140894
2013-07-20 03:00:00+00:00,156.515625,0.9931507
2013-07-20 04:00:00+00:00,158.09548950195312,0.9931389
2013-07-20 05:00:00+00:00,144.93345642089844,1.0
2013-07-20 06:00:00+00:00,149.2156524658203,0.99488926
2013-07-20 07:00:00+00:00,309.1854553222656,140.26994
2013-07-20 08:00:00+00:00,175.69122314453125,0.9897959
2013-07-20 09:00:00+00:00,304.52972412109375,0.9863714
2013-07-20 10:00:00+00:00,300.4188537597656,134.89116
2013-07-20 11:00:00+00:00,310.64459228515625,0.99659866
2013-07-20 12:00:00+00:00,278.5826110839844,0.9932088
2013-07-20 13:00:00+00:00,196.5,0.9982935
2013-07-20 14:00:00+00:00,176.2604217529297,0.9931624
2013-07-20 15:00:00+00:00,177.16493225097656,0.9932088
2013-07-20 16:00:00+00:00,341.1993103027344,0.98981327
2013-07-20 17:00:00+00:00,297.65087890625,0.99489796
2013-07-20 18:00:00+00:00,489.71405029296875,151.44142
2013-07-20 19:00:00+00:00,1317.8414306640625,0.98657715
2013-07-20 20:00:00+00:00,227.77951049804688,0.99659866
2013-07-20 21:00:00+00:00,255.8958740234375,1.0017123
2013-07-20 22:00:00+00:00,251.6317596435547,0.9880952
2013-07-20 23:00:00+00:00,201.87130737304688,0.98811543
2013-07-21 00:00:00+00:00,158.6086883544922,0.9897611
2013-07-21 01:00:00+00:00,151.2859649658203,0.98132426
2013-07-21 02:00:00+00:00,146.62283325195312,0.99491525
2013-07-21 03:00:00+00:00,160.04151916503906,0.9880952
2013-07-21 04:00:00+00:00,145.22451782226562,0.9846939
2013-07-21 05:00:00+00:00,148.48704528808594,0.9932432
2013-07-21 06:00:00+00:00,156.81944274902344,0.9931857
2013-07-21 07:00:00+00:00,141.5637969970703,0.99658704
2013-07-21 08:00:00+00:00,150.37889099121094,0.9898305
2013-07-21 09:00:00+00:00,528.261474609375,275.95728
2013-07-21 10:00:00+00:00,534.4073486328125,196.51361
2013-07-21 11:00:00+00:00,365.5147399902344,0.9847199
2013-07-21 12:00:00+00:00,443.26654052734375,1.0016835
2013-07-21 13:00:00+00:00,392.3114929199219,0.99661016
2013-07-21 14:00:00+00:00,479.3992919921875,0.9983108
2013-07-21 15:00:00+00:00,244.6306610107422,0.9983022
2013-07-21 16:00:00+00:00,260.9529724121094,0.99491525
2013-07-21 17:00:00+00:00,599.3414916992188,111.890015
2013-07-21 18:00:00+00:00,805.6585693359375,0.99156827
2013-07-21 19:00:00+00:00,1021.7613525390625,0.9932203
2013-07-21 20:00:00+00:00,558.2665405273438,119.66724
2013-07-21 21:00:00+00:00,327.05975341796875,0.98641765
2013-07-21 22:00:00+00:00,299.8782653808594,0.99319726
2013-07-21 23:00:00+00:00,172.51736450195312,0.9932203
2013-07-22 00:00:00+00:00,148.7526092529297,0.99488056
2013-07-22 01:00:00+00:00,157.54180908203125,0.99659866
2013-07-22 02:00:00+00:00,147.9252166748047,0.99661016
2013-07-22 03:00:00+00:00,145.75086975097656,0.9931741
2013-07-22 04:00:00+00:00,157.64459228515625,0.99148214
2013-07-22 05:00:00+00:00,170.42105102539062,0.99151105
2013-07-22 06:00:00+00:00,143.80279541015625,0.99661016
2013-07-22 07:00:00+00:00,155.59336853027344,0.9914966
2013-07-22 08:00:00+00:00,209.48167419433594,0.99151105
2013-07-22 09:00:00+00:00,236.36851501464844,0.991453
2013-07-22 10:00:00+00:00,242.57638549804688,0.99830794
2013-07-22 11:00:00+00:00,339.2837219238281,0.9932203
2013-07-22 12:00:00+00:00,247.27902221679688,1.0
2013-07-22 13:00:00+00:00,242.6498260498047,0.9745331
2013-07-22 14:00:00+00:00,297.8420104980469,0.9931624
2013-07-22 15:00:00+00:00,291.295654296875,1.0
2013-07-22 16:00:00+00:00,303.3847351074219,0.99655765
2013-07-22 17:00:00+00:00,853.16064453125,268.8356
2013-07-22 18:00:00+00:00,387.16436767578125,0.9948097
2013-07-22 19:00:00+00:00,774.1635131835938,0.99656355
2013-07-22 20:00:00+00:00,1094.37109375,0.9965928
2013-07-22 21:00:00+00:00,376.441162109375,0.9982699
2013-07-22 22:00:00+00:00,335.0726623535156,0.9965398
2013-07-22 23:00:00+00:00,234.04498291015625,0.9965398
2013-07-23 00:00:00+00:00,217.56747436523438,0.9948097
2013-07-23 01:00:00+00:00,217.2711639404297,1.0
2013-07-23 02:00:00+00:00,219.00173950195312,0.9982729
2013-07-23 03:00:00+00:00,193.8544158935547,0.9982729
2013-07-23 04:00:00+00:00,187.49827575683594,0.9896194
2013-07-23 05:00:00+00:00,167.99481201171875,0.9930796
2013-07-23 06:00:00+00:00,166.6332244873047,0.9896194
2013-07-23 07:00:00+00:00,223.2859649658203,0.98096883
2013-07-23 08:00:00+00:00,667.967041015625,150.46391
2013-07-23 09:00:00+00:00,211.58131408691406,0.9930796
2013-07-23 10:00:00+00:00,222.01559448242188,1.0051903
2013-07-23 11:00:00+00:00,343.0364074707031,135.35924
2013-07-23 12:00:00+00:00,222.92041015625,0.9982669
2013-07-23 13:00:00+00:00,222.80242919921875,0.98615915
2013-07-23 14:00:00+00:00,219.6868438720703,0.9965398
2013-07-23 15:00:00+00:00,348.7469787597656,144.29361
2013-07-23 16:00:00+00:00,243.76817321777344,0.9930796
2013-07-23 17:00:00+00:00,401.2024230957031,1.0
2013-07-23 18:00:00+00:00,292.5692138671875,0.9878893
2013-07-23 19:00:00+00:00,232.0034942626953,0.9947644
2013-07-23 20:00:00+00:00,1072.984619140625,133.78365
2013-07-23 21:00:00+00:00,864.6908569335938,0.9931389
2013-07-23 22:00:00+00:00,189.39791870117188,0.9930796
2013-07-23 23:00:00+00:00,176.0885467529297,0.9948097
2013-07-24 00:00:00+00:00,173.33795166015625,0.99655765
2013-07-24 01:00:00+00:00,166.77296447753906,0.99827886
2013-07-24 02:00:00+00:00,167.21664428710938,1.0017182
2013-07-24 03:00:00+00:00,176.51388549804688,0.989726
2013-07-24 04:00:00+00:00,171.701904296875,0.99828476
2013-07-24 05:00:00+00:00,177.3457489013672,0.9948007
2013-07-24 06:00:00+00:00,151.72854614257812,0.9965338
2013-07-24 07:00:00+00:00,184.45217895507812,1.0017123
2013-07-24 08:00:00+00:00,249.17893981933594,0.9982993
2013-07-24 09:00:00+00:00,283.5572814941406,0.98811543
2013-07-24 10:00:00+00:00,228.82955932617188,0.99659866
2013-07-24 11:00:00+00:00,234.85739135742188,0.9931741
2013-07-24 12:00:00+00:00,814.91943359375,0.9983108
2013-07-24 13:00:00+00:00,257.3106384277344,0.99489796
2013-07-24 14:00:00+00:00,226.33624267578125,0.9982906
2013-07-24 15:00:00+00:00,262.5646057128906,1.0
2013-07-24 16:00:00+00:00,276.3732604980469,0.9982818
2013-07-24 17:00:00+00:00,440.0400085449219,0.9948718
2013-07-24 18:00:00+00:00,1134.2353515625,146.5068
2013-07-24 19:00:00+00:00,751.0382690429688,0.9897611
2013-07-24 20:00:00+00:00,407.1317138671875,0.99656945
2013-07-24 21:00:00+00:00,333.7326354980469,0.9897084
2013-07-24 22:00:00+00:00,237.47569274902344,1.0051458
2013-07-24 23:00:00+00:00,149.15451049804688,1.0
2013-07-25 00:00:00+00:00,181.93565368652344,0.9948542
2013-07-25 01:00:00+00:00,174.06076049804688,0.9982818
2013-07-25 02:00:00+00:00,145.890625,0.9982906
2013-07-25 03:00:00+00:00,174.56944274902344,0.9863946
2013-07-25 04:00:00+00:00,142.77407836914062,0.99660444
2013-07-25 05:00:00+00:00,209.22512817382812,0.9863946
2013-07-25 06:00:00+00:00,161.70138549804688,0.9931857
2013-07-25 07:00:00+00:00,172.873046875,0.9915254
2013-07-25 08:00:00+00:00,261.7899169921875,0.9932088
2013-07-25 09:00:00+00:00,271.5791320800781,0.99489796
2013-07-25 10:00:00+00:00,346.2513122558594,69.55254
2013-07-25 11:00:00+00:00,351.58404541015625,0.99151105
2013-07-25 12:00:00+00:00,295.038330078125,0.9983022
2013-07-25 13:00:00+00:00,347.8629150390625,70.679115
2013-07-25 14:00:00+00:00,276.5165100097656,0.99661016
2013-07-25 15:00:00+00:00,288.0194396972656,0.99829644
2013-07-25 16:00:00+00:00,272.7291564941406,0.9914676
2013-07-25 17:00:00+00:00,428.478271484375,0.9965812
2013-07-25 18:00:00+00:00,414.96527099609375,148.1891
2013-07-25 19:00:00+00:00,1049.1463623046875,1.0050933
2013-07-25 20:00:00+00:00,776.3057250976562,0.9931741
2013-07-25 21:00:00+00:00,330.7578430175781,0.9949066
2013-07-25 22:00:00+00:00,174.1354217529297,1.0034364
2013-07-25 23:00:00+00:00,143.95138549804688,0.9931857
2013-07-26 00:00:00+00:00,173.7760467529297,0.9982906
2013-07-26 01:00:00+00:00,142.32098388671875,0.9983022
2013-07-26 02:00:00+00:00,174.0944061279297,0.9931741
2013-07-26 03:00:00+00:00,142.0260009765625,0.99660444
2013-07-26 04:00:00+00:00,174.58290100097656,0.9897959
2013-07-26 05:00:00+00:00,179.76817321777344,0.99151105
2013-07-26 06:00:00+00:00,160.18197631835938,0.9829642
2013-07-26 07:00:00+00:00,222.0767822265625,0.9915254
2013-07-26 08:00:00+00:00,194.46607971191406,0.99661016
2013-07-26 09:00:00+00:00,163.89703369140625,0.9949066
2013-07-26 10:00:00+00:00,150.73182678222656,1.0
2013-07-26 11:00:00+00:00,163.15744018554688,1.0
2013-07-26 12:00:00+00:00,159.7526092529297,0.9982935
2013-07-26 13:00:00+00:00,156.40347290039062,0.99319726
2013-07-26 14:00:00+00:00,172.77391052246094,0.99488926
2013-07-26 15:00:00+00:00,141.09756469726562,1.0
2013-07-26 16:00:00+00:00,178.31478881835938,0.99661016
2013-07-26 17:00:00+00:00,331.0315246582031,139.06587
2013-07-26 18:00:00+00:00,194.57839965820312,0.99319726
2013-07-26 19:00:00+00:00,446.4114685058594,147.98642
2013-07-26 20:00:00+00:00,219.26516723632812,0.9982993
2013-07-26 21:00:00+00:00,228.6504364013672,0.9965928
2013-07-26 22:00:00+00:00,178.34616088867188,0.9965928
2013-07-26 23:00:00+00:00,216.51748657226562,1.0
2013-07-27 00:00:00+00:00,156.91696166992188,0.9965928
2013-07-27 01:00:00+00:00,174.72425842285156,0.9914966
2013-07-27 02:00:00+00:00,142.2426300048828,0.98811543
2013-07-27 03:00:00+00:00,173.49740600585938,0.99658704
2013-07-27 04:00:00+00:00,142.85690307617188,0.99319726
2013-07-27 05:00:00+00:00,154.56695556640625,1.0016978
2013-07-27 06:00:00+00:00,156.93275451660156,0.9949066
2013-07-27 07:00:00+00:00,141.68760681152344,0.97789115
2013-07-27 08:00:00+00:00,541.3636474609375,0.9915254
2013-07-27 09:00:00+00:00,312.2231750488281,0.98815566
2013-07-27 10:00:00+00:00,361.2010498046875,84.94247
2013-07-27 11:00:00+00:00,695.9964599609375,258.41455
2013-07-27 12:00:00+00:00,1069.6829833984375,0.9966159
2013-07-27 13:00:00+00:00,394.2701721191406,1.0
2013-07-27 14:00:00+00:00,254.62045288085938,1.0
2013-07-27 15:00:00+00:00,410.6167297363281,147.27797
2013-07-27 16:00:00+00:00,518.611083984375,0.9931857
2013-07-27 17:00:00+00:00,385.9132080078125,1.0017123
2013-07-27 18:00:00+00:00,1429.0325927734375,138.50845
2013-07-27 19:00:00+00:00,945.4758911132812,55.25641
2013-07-27 20:00:00+00:00,477.28521728515625,0.99828476
2013-07-27 21:00:00+00:00,403.1617431640625,0.9948454
2013-07-27 22:00:00+00:00,210.02777099609375,0.9862779
2013-07-27 23:00:00+00:00,181.47222900390625,0.99829644
2013-07-28 00:00:00+00:00,181.4895782470703,0.9982993
2013-07-28 01:00:00+00:00,180.450439453125,0.9931857
2013-07-28 02:00:00+00:00,180.41217041015625,0.9914966
2013-07-28 03:00:00+00:00,153.75390625,0.9982935
2013-07-28 04:00:00+00:00,181.97543334960938,0.9983051
2013-07-28 05:00:00+00:00,161.40798950195312,0.9863946
2013-07-28 06:00:00+00:00,174.3095703125,0.9846939
2013-07-28 07:00:00+00:00,180.48866271972656,0.98805463
2013-07-28 08:00:00+00:00,322.1370849609375,157.34401
2013-07-28 09:00:00+00:00,275.6712951660156,67.47189
2013-07-28 10:00:00+00:00,251.62457275390625,70.809525
2013-07-28 11:00:00+00:00,214.4886932373047,0.9983051
2013-07-28 12:00:00+00:00,817.283447265625,137.49747
2013-07-28 13:00:00+00:00,645.9620971679688,102.98649
2013-07-28 14:00:00+00:00,643.7828369140625,135.46689
2013-07-28 15:00:00+00:00,411.8336181640625,71.34407
2013-07-28 16:00:00+00:00,520.203125,0.99323183
2013-07-28 17:00:00+00:00,516.7706909179688,0.9914966
2013-07-28 18:00:00+00:00,437.90673828125,0.9931507
2013-07-28 19:00:00+00:00,1357.0,0.99663866
2013-07-28 20:00:00+00:00,838.00341796875,0.98132426
2013-07-28 21:00:00+00:00,502.3096923828125,116.3039
2013-07-28 22:00:00+00:00,178.91566467285156,0.99658704
2013-07-28 23:00:00+00:00,162.19546508789062,0.9983108
2013-07-29 00:00:00+00:00,161.04983520507812,0.99319726
2013-07-29 01:00:00+00:00,161.6614532470703,0.98807496
2013-07-29 02:00:00+00:00,158.5235595703125,0.9966159
2013-07-29 03:00:00+00:00,160.15289306640625,0.99488926
2013-07-29 04:00:00+00:00,157.7526092529297,1.0
2013-07-29 05:00:00+00:00,193.2208709716797,0.9932203
2013-07-29 06:00:00+00:00,232.9086151123047,0.97952217
2013-07-29 07:00:00+00:00,259.75909423828125,0.99489796
2013-07-29 08:00:00+00:00,243.1786346435547,0.99151105
2013-07-29 09:00:00+00:00,310.0867919921875,71.318565
2013-07-29 10:00:00+00:00,335.0434875488281,0.98811543
2013-07-29 11:00:00+00:00,236.1332244873047,0.9931857
2013-07-29 12:00:00+00:00,159.82669067382812,0.99659866
2013-07-29 13:00:00+00:00,159.22608947753906,0.9932088
2013-07-29 14:00:00+00:00,159.07452392578125,0.9982993
2013-07-29 15:00:00+00:00,273.23834228515625,0.9982906
2013-07-29 16:00:00+00:00,386.1278076171875,89.72449
2013-07-29 17:00:00+00:00,700.638916015625,229.7228
2013-07-29 18:00:00+00:00,625.4323120117188,152.61395
2013-07-29 19:00:00+00:00,335.3123779296875,0.9949066
2013-07-29 20:00:00+00:00,1297.132080078125,139.78078
2013-07-29 21:00:00+00:00,754.5986328125,0.99491525
2013-07-29 22:00:00+00:00,203.42233276367188,1.0
2013-07-29 23:00:00+00:00,181.64645385742188,0.99323183
2013-07-30 00:00:00+00:00,181.33966064453125,0.97952217
2013-07-30 01:00:00+00:00,180.44137573242188,0.9914966
2013-07-30 02:00:00+00:00,180.267822265625,0.9914966
2013-07-30 03:00:00+00:00,179.52113342285156,0.98474574
2013-07-30 04:00:00+00:00,177.096435546875,0.9898649
2013-07-30 05:00:00+00:00,213.79122924804688,0.9932088
2013-07-30 06:00:00+00:00,353.4020690917969,85.52129
2013-07-30 07:00:00+00:00,242.0907440185547,0.99829644
2013-07-30 08:00:00+00:00,242.15220642089844,0.96943974
2013-07-30 09:00:00+00:00,309.3357238769531,56.641285
2013-07-30 10:00:00+00:00,263.3202209472656,27.424704
2013-07-30 11:00:00+00:00,320.0467834472656,0.99491525
2013-07-30 12:00:00+00:00,242.8272705078125,0.98641765
2013-07-30 13:00:00+00:00,154.1393280029297,0.99491525
2013-07-30 14:00:00+00:00,158.37478637695312,0.9915254
2013-07-30 15:00:00+00:00,156.5017547607422,0.99661016
2013-07-30 16:00:00+00:00,155.6536407470703,0.99489796
2013-07-30 17:00:00+00:00,394.3057861328125,149.19763
2013-07-30 18:00:00+00:00,714.116943359375,128.3305
2013-07-30 19:00:00+00:00,803.9598999023438,0.99660444
2013-07-30 20:00:00+00:00,1283.4659423828125,118.8266
2013-07-30 21:00:00+00:00,339.65350341796875,0.9983022
2013-07-30 22:00:00+00:00,178.35096740722656,0.99661016
2013-07-30 23:00:00+00:00,160.63082885742188,0.98650926
2013-07-31 00:00:00+00:00,158.7336883544922,0.9915541
2013-07-31 01:00:00+00:00,158.23916625976562,0.98474574
2013-07-31 02:00:00+00:00,157.0800018310547,0.98811543
2013-07-31 03:00:00+00:00,155.9735870361328,0.9813559
2013-07-31 04:00:00+00:00,153.5877227783203,0.98307955
2013-07-31 05:00:00+00:00,230.95559692382812,73.4199
2013-07-31 06:00:00+00:00,386.29669189453125,154.22466
2013-07-31 07:00:00+00:00,285.62567138671875,0.9966159
2013-07-31 08:00:00+00:00,488.55999755859375,144.54109
2013-07-31 09:00:00+00:00,269.5421142578125,0.9915398
2013-07-31 10:00:00+00:00,278.382568359375,0.9948186
2013-07-31 11:00:00+00:00,545.7799682617188,142.03716
2013-07-31 12:00:00+00:00,367.89739990234375,0.9881956
2013-07-31 13:00:00+00:00,311.4834899902344,0.99319726
2013-07-31 14:00:00+00:00,294.1780090332031,0.99489796
2013-07-31 15:00:00+00:00,372.71453857421875,71.067795
2013-07-31 16:00:00+00:00,378.0886535644531,0.98811543
2013-07-31 17:00:00+00:00,420.9685974121094,1.0
2013-07-31 18:00:00+00:00,608.1693115234375,70.19459
2013-07-31 19:00:00+00:00,1595.7813720703125,141.94444
2013-07-31 20:00:00+00:00,429.4689636230469,0.9898305
2013-07-31 21:00:00+00:00,346.8840026855469,0.9949066
2013-07-31 22:00:00+00:00,187.485107421875,0.9982993
2013-07-31 23:00:00+00:00,164.2189178466797,0.9897959
2013-08-01 00:00:00+00:00,161.10243225097656,0.9914966
2013-08-01 01:00:00+00:00,160.04885864257812,0.9914966
2013-08-01 02:00:00+00:00,160.63763427734375,0.99489796
2013-08-01 03:00:00+00:00,159.66725158691406,0.9931857
2013-08-01 04:00:00+00:00,157.79380798339844,0.98981327
2013-08-01 05:00:00+00:00,160.80844116210938,0.979661
2013-08-01 06:00:00+00:00,309.62890625,81.62479
2013-08-01 07:00:00+00:00,326.93804931640625,1.0
2013-08-01 08:00:00+00:00,466.8700256347656,139.69983
2013-08-01 09:00:00+00:00,316.899658203125,0.99659866
2013-08-01 10:00:00+00:00,804.168701171875,0.99661016
2013-08-01 11:00:00+00:00,467.1363525390625,0.9932088
2013-08-01 12:00:00+00:00,681.65673828125,139.1545
2013-08-01 13:00:00+00:00,200.22491455078125,0.9983051
2013-08-01 14:00:00+00:00,341.3878173828125,140.7901
2013-08-01 15:00:00+00:00,234.96701049804688,0.99656355
2013-08-01 16:00:00+00:00,235.75347900390625,0.9982877
2013-08-01 17:00:00+00:00,530.8821411132812,132.16495
2013-08-01 18:00:00+00:00,644.751708984375,1.0
2013-08-01 19:00:00+00:00,1465.81640625,1.0
2013-08-01 20:00:00+00:00,458.4093322753906,1.0
2013-08-01 21:00:00+00:00,273.3333435058594,0.9930915
2013-08-01 22:00:00+00:00,196.19171142578125,0.9982729
2013-08-01 23:00:00+00:00,205.75302124023438,0.9896373
2013-08-02 00:00:00+00:00,192.6822052001953,0.9948186
2013-08-02 01:00:00+00:00,183.5840606689453,1.0
2013-08-02 02:00:00+00:00,156.99481201171875,1.0
2013-08-02 03:00:00+00:00,184.52676391601562,0.9930915
2013-08-02 04:00:00+00:00,161.9100341796875,0.982699
2013-08-02 05:00:00+00:00,160.32235717773438,0.9948007
2013-08-02 06:00:00+00:00,320.2356872558594,87.43718
2013-08-02 07:00:00+00:00,611.4273071289062,295.73288
2013-08-02 08:00:00+00:00,278.18292236328125,1.0
2013-08-02 09:00:00+00:00,205.6845703125,0.9896907
2013-08-02 10:00:00+00:00,225.07452392578125,0.989726
2013-08-02 11:00:00+00:00,204.7552032470703,0.99656945
2013-08-02 12:00:00+00:00,330.2417297363281,145.73505
2013-08-02 13:00:00+00:00,276.605224609375,0.99486303
2013-08-02 14:00:00+00:00,217.0416717529297,1.0
2013-08-02 15:00:00+00:00,212.6845703125,0.9931389
2013-08-02 16:00:00+00:00,278.4124755859375,1.0
2013-08-02 17:00:00+00:00,329.1733093261719,0.9879518
2013-08-02 18:00:00+00:00,301.26861572265625,0.9982818
2013-08-02 19:00:00+00:00,1021.6505737304688,0.99319726
2013-08-02 20:00:00+00:00,755.1810302734375,140.51277
2013-08-02 21:00:00+00:00,201.96180725097656,0.99828476
2013-08-02 22:00:00+00:00,199.6132354736328,0.99486303
2013-08-02 23:00:00+00:00,199.17330932617188,0.9931389
2013-08-03 00:00:00+00:00,167.55035400390625,0.9879725
2013-08-03 01:00:00+00:00,162.91477966308594,0.9897084
2013-08-03 02:00:00+00:00,169.55035400390625,0.99828476
2013-08-03 03:00:00+00:00,166.62847900390625,0.9897436
2013-08-03 04:00:00+00:00,164.43182373046875,0.9982993
2013-08-03 05:00:00+00:00,158.0104522705078,0.98641765
2013-08-03 06:00:00+00:00,157.3854217529297,0.9847199
2013-08-03 07:00:00+00:00,383.3315734863281,176.15736
2013-08-03 08:00:00+00:00,710.3368530273438,0.9881356
2013-08-03 09:00:00+00:00,282.4659729003906,0.9897611
2013-08-03 10:00:00+00:00,391.47979736328125,138.09306
2013-08-03 11:00:00+00:00,329.03826904296875,0.9898305
2013-08-03 12:00:00+00:00,676.7614135742188,162.5777
2013-08-03 13:00:00+00:00,438.33563232421875,156.74706
2013-08-03 14:00:00+00:00,309.450439453125,0.99319726
2013-08-03 15:00:00+00:00,561.9653930664062,0.99660444
2013-08-03 16:00:00+00:00,582.5511474609375,83.48805
2013-08-03 17:00:00+00:00,651.5467529296875,39.783417
2013-08-03 18:00:00+00:00,1109.0120849609375,0.9898477
2013-08-03 19:00:00+00:00,798.1260986328125,0.98815566
2013-08-03 20:00:00+00:00,551.1770629882812,137.05423
2013-08-03 21:00:00+00:00,332.017333984375,0.99661016
2013-08-03 22:00:00+00:00,217.8717498779297,0.99489796
2013-08-03 23:00:00+00:00,186.24000549316406,1.0
2013-08-04 00:00:00+00:00,194.0893096923828,0.9982993
2013-08-04 01:00:00+00:00,200.22877502441406,0.9932088
2013-08-04 02:00:00+00:00,185.6041259765625,0.9982935
2013-08-04 03:00:00+00:00,184.10899353027344,0.9931857
2013-08-04 04:00:00+00:00,183.097900390625,0.9982993
2013-08-04 05:00:00+00:00,180.86819458007812,0.98132426
2013-08-04 06:00:00+00:00,181.48448181152344,0.9914676
2013-08-04 07:00:00+00:00,182.73226928710938,0.99660444
2013-08-04 08:00:00+00:00,363.940673828125,74.60678
2013-08-04 09:00:00+00:00,513.4006958007812,145.31526
2013-08-04 10:00:00+00:00,364.134033203125,0.9898649
2013-08-04 11:00:00+00:00,1388.3408203125,131.62752
2013-08-04 12:00:00+00:00,307.42462158203125,0.99491525
2013-08-04 13:00:00+00:00,680.6602783203125,360.84238
2013-08-04 14:00:00+00:00,294.3171691894531,0.99151105
2013-08-04 15:00:00+00:00,202.4567413330078,0.99660444
2013-08-04 16:00:00+00:00,374.4668884277344,0.99156827
2013-08-04 17:00:00+00:00,211.74009704589844,0.97959185
2013-08-04 18:00:00+00:00,571.7573852539062,137.4276
2013-08-04 19:00:00+00:00,1484.0137939453125,0.9983165
2013-08-04 20:00:00+00:00,465.1730651855469,108.49236
2013-08-04 21:00:00+00:00,303.8269348144531,0.9932203
2013-08-04 22:00:00+00:00,225.72535705566406,0.9932203
2013-08-04 23:00:00+00:00,154.2862091064453,0.9914676
2013-08-05 00:00:00+00:00,159.273681640625,0.9949066
2013-08-05 01:00:00+00:00,165.46597290039062,0.9932432
2013-08-05 02:00:00+00:00,152.7640838623047,0.99660444
2013-08-05 03:00:00+00:00,158.46585083007812,0.9932088
2013-08-05 04:00:00+00:00,163.26034545898438,1.0
2013-08-05 05:00:00+00:00,148.14434814453125,0.99319726
2013-08-05 06:00:00+00:00,222.5686798095703,56.064
2013-08-05 07:00:00+00:00,0.0,56.064
2013-08-05 08:00:00+00:00,0.0,56.064
2013-08-05 09:00:00+00:00,0.0,56.064
2013-08-05 10:00:00+00:00,0.0,56.064
2013-08-05 11:00:00+00:00,0.0,56.064
2013-08-05 12:00:00+00:00,0.0,56.064
2013-08-05 13:00:00+00:00,0.0,56.064
2013-08-05 14:00:00+00:00,0.0,56.064
2013-08-05 15:00:00+00:00,0.0,56.064
2013-08-05 16:00:00+00:00,0.0,56.064
2013-08-05 17:00:00+00:00,0.0,0.0
2013-08-05 18:00:00+00:00,0.0,0.0
2013-08-05 19:00:00+00:00,0.0,0.0
2013-08-05 20:00:00+00:00,0.0,0.0
2013-08-05 21:00:00+00:00,0.0,0.0
2013-08-05 22:00:00+00:00,0.0,0.0
2013-08-05 23:00:00+00:00,0.0,0.0
2013-08-06 00:00:00+00:00,0.0,0.0
2013-08-06 01:00:00+00:00,0.0,0.0
2013-08-06 02:00:00+00:00,0.0,0.0
2013-08-06 03:00:00+00:00,0.0,0.0
2013-08-06 04:00:00+00:00,0.0,0.0
2013-08-06 05:00:00+00:00,0.0,0.0
2013-08-06 06:00:00+00:00,228.98214721679688,0.98214287
2013-08-06 07:00:00+00:00,261.4227600097656,0.99151105
2013-08-06 08:00:00+00:00,344.632568359375,82.655815
2013-08-06 09:00:00+00:00,0.0,82.655815
2013-08-06 10:00:00+00:00,0.0,82.655815
2013-08-06 11:00:00+00:00,0.0,82.655815
2013-08-06 12:00:00+00:00,0.0,82.655815
2013-08-06 13:00:00+00:00,0.0,82.655815
2013-08-06 14:00:00+00:00,0.0,82.655815
2013-08-06 15:00:00+00:00,0.0,82.655815
2013-08-06 16:00:00+00:00,0.0,82.655815
2013-08-06 17:00:00+00:00,0.0,82.655815
2013-08-06 18:00:00+00:00,0.0,82.655815
2013-08-06 19:00:00+00:00,0.0,0.0
2013-08-06 20:00:00+00:00,0.0,0.0
2013-08-06 21:00:00+00:00,0.0,0.0
2013-08-06 22:00:00+00:00,0.0,0.0
2013-08-06 23:00:00+00:00,0.0,0.0
2013-08-07 00:00:00+00:00,0.0,0.0
2013-08-07 01:00:00+00:00,0.0,0.0
2013-08-07 02:00:00+00:00,0.0,0.0
2013-08-07 03:00:00+00:00,0.0,0.0
2013-08-07 04:00:00+00:00,0.0,0.0
2013-08-07 05:00:00+00:00,0.0,0.0
2013-08-07 06:00:00+00:00,0.0,0.0
2013-08-07 07:00:00+00:00,0.0,0.0
2013-08-07 08:00:00+00:00,0.0,0.0
2013-08-07 09:00:00+00:00,0.0,0.0
2013-08-07 10:00:00+00:00,0.0,0.0
2013-08-07 11:00:00+00:00,0.0,0.0
2013-08-07 12:00:00+00:00,0.0,0.0
2013-08-07 13:00:00+00:00,0.0,0.0
2013-08-07 14:00:00+00:00,0.0,0.0
2013-08-07 15:00:00+00:00,0.0,0.0
2013-08-07 16:00:00+00:00,0.0,0.0
2013-08-07 17:00:00+00:00,0.0,0.0
2013-08-07 18:00:00+00:00,0.0,0.0
2013-08-07 19:00:00+00:00,0.0,0.0
2013-08-07 20:00:00+00:00,0.0,0.0
2013-08-07 21:00:00+00:00,0.0,0.0
2013-08-07 22:00:00+00:00,0.0,0.0
2013-08-07 23:00:00+00:00,0.0,0.0
2013-08-08 00:00:00+00:00,0.0,0.0
2013-08-08 01:00:00+00:00,0.0,0.0
2013-08-08 02:00:00+00:00,0.0,0.0
2013-08-08 03:00:00+00:00,0.0,0.0
2013-08-08 04:00:00+00:00,0.0,0.0
2013-08-08 05:00:00+00:00,0.0,0.0
2013-08-08 06:00:00+00:00,0.0,0.0
2013-08-08 07:00:00+00:00,0.0,0.0
2013-08-08 08:00:00+00:00,0.0,0.0
2013-08-08 09:00:00+00:00,0.0,0.0
2013-08-08 10:00:00+00:00,0.0,0.0
2013-08-08 11:00:00+00:00,0.0,0.0
2013-08-08 12:00:00+00:00,0.0,0.0
2013-08-08 13:00:00+00:00,0.0,0.0
2013-08-08 14:00:00+00:00,0.0,0.0
2013-08-08 15:00:00+00:00,0.0,0.0
2013-08-08 16:00:00+00:00,0.0,0.0
2013-08-08 17:00:00+00:00,0.0,0.0
2013-08-08 18:00:00+00:00,0.0,0.0
2013-08-08 19:00:00+00:00,0.0,0.0
2013-08-08 20:00:00+00:00,0.0,0.0
2013-08-08 21:00:00+00:00,0.0,0.0
2013-08-08 22:00:00+00:00,0.0,0.0
2013-08-08 23:00:00+00:00,0.0,0.0
2013-08-09 00:00:00+00:00,0.0,0.0
2013-08-09 01:00:00+00:00,0.0,0.0
2013-08-09 02:00:00+00:00,0.0,0.0
2013-08-09 03:00:00+00:00,0.0,0.0
2013-08-09 04:00:00+00:00,0.0,0.0
2013-08-09 05:00:00+00:00,0.0,0.0
2013-08-09 06:00:00+00:00,0.0,0.0
2013-08-09 07:00:00+00:00,0.0,0.0
2013-08-09 08:00:00+00:00,0.0,0.0
2013-08-09 09:00:00+00:00,0.0,0.0
2013-08-09 10:00:00+00:00,0.0,0.0
2013-08-09 11:00:00+00:00,0.0,0.0
2013-08-09 12:00:00+00:00,0.0,0.0
2013-08-09 13:00:00+00:00,0.0,0.0
2013-08-09 14:00:00+00:00,0.0,0.0
2013-08-09 15:00:00+00:00,0.0,0.0
2013-08-09 16:00:00+00:00,0.0,0.0
2013-08-09 17:00:00+00:00,0.0,0.0
2013-08-09 18:00:00+00:00,0.0,0.0
2013-08-09 19:00:00+00:00,0.0,0.0
2013-08-09 20:00:00+00:00,0.0,0.0
2013-08-09 21:00:00+00:00,0.0,0.0
2013-08-09 22:00:00+00:00,0.0,0.0
2013-08-09 23:00:00+00:00,0.0,0.0
2013-08-10 00:00:00+00:00,0.0,0.0
2013-08-10 01:00:00+00:00,0.0,0.0
2013-08-10 02:00:00+00:00,0.0,0.0
2013-08-10 03:00:00+00:00,0.0,0.0
2013-08-10 04:00:00+00:00,0.0,0.0
2013-08-10 05:00:00+00:00,0.0,0.0
2013-08-10 06:00:00+00:00,0.0,0.0
2013-08-10 07:00:00+00:00,0.0,0.0
2013-08-10 08:00:00+00:00,0.0,0.0
2013-08-10 09:00:00+00:00,0.0,0.0
2013-08-10 10:00:00+00:00,0.0,0.0
2013-08-10 11:00:00+00:00,0.0,0.0
2013-08-10 12:00:00+00:00,0.0,0.0
2013-08-10 13:00:00+00:00,0.0,0.0
2013-08-10 14:00:00+00:00,0.0,0.0
2013-08-10 15:00:00+00:00,0.0,0.0
2013-08-10 16:00:00+00:00,0.0,0.0
2013-08-10 17:00:00+00:00,0.0,0.0
2013-08-10 18:00:00+00:00,0.0,0.0
2013-08-10 19:00:00+00:00,0.0,0.0
2013-08-10 20:00:00+00:00,0.0,0.0
2013-08-10 21:00:00+00:00,0.0,0.0
2013-08-10 22:00:00+00:00,0.0,0.0
2013-08-10 23:00:00+00:00,0.0,0.0
2013-08-11 00:00:00+00:00,0.0,0.0
2013-08-11 01:00:00+00:00,0.0,0.0
2013-08-11 02:00:00+00:00,0.0,0.0
2013-08-11 03:00:00+00:00,0.0,0.0
2013-08-11 04:00:00+00:00,0.0,0.0
2013-08-11 05:00:00+00:00,0.0,0.0
2013-08-11 06:00:00+00:00,0.0,0.0
2013-08-11 07:00:00+00:00,0.0,0.0
2013-08-11 08:00:00+00:00,0.0,0.0
2013-08-11 09:00:00+00:00,0.0,0.0
2013-08-11 10:00:00+00:00,0.0,0.0
2013-08-11 11:00:00+00:00,0.0,0.0
2013-08-11 12:00:00+00:00,0.0,0.0
2013-08-11 13:00:00+00:00,0.0,0.0
2013-08-11 14:00:00+00:00,0.0,0.0
2013-08-11 15:00:00+00:00,0.0,0.0
2013-08-11 16:00:00+00:00,0.0,0.0
2013-08-11 17:00:00+00:00,0.0,0.0
2013-08-11 18:00:00+00:00,0.0,0.0
2013-08-11 19:00:00+00:00,0.0,0.0
2013-08-11 20:00:00+00:00,0.0,0.0
2013-08-11 21:00:00+00:00,0.0,0.0
2013-08-11 22:00:00+00:00,0.0,0.0
2013-08-11 23:00:00+00:00,0.0,0.0
2013-08-12 00:00:00+00:00,0.0,0.0
2013-08-12 01:00:00+00:00,0.0,0.0
2013-08-12 02:00:00+00:00,0.0,0.0
2013-08-12 03:00:00+00:00,0.0,0.0
2013-08-12 04:00:00+00:00,0.0,0.0
2013-08-12 05:00:00+00:00,0.0,0.0
2013-08-12 06:00:00+00:00,0.0,0.0
2013-08-12 07:00:00+00:00,0.0,0.0
2013-08-12 08:00:00+00:00,0.0,0.0
2013-08-12 09:00:00+00:00,0.0,0.0
2013-08-12 10:00:00+00:00,0.0,0.0
2013-08-12 11:00:00+00:00,0.0,0.0
2013-08-12 12:00:00+00:00,0.0,0.0
2013-08-12 13:00:00+00:00,0.0,0.0
2013-08-12 14:00:00+00:00,0.0,0.0
2013-08-12 15:00:00+00:00,0.0,0.0
2013-08-12 16:00:00+00:00,0.0,0.0
2013-08-12 17:00:00+00:00,0.0,0.0
2013-08-12 18:00:00+00:00,0.0,0.0
2013-08-12 19:00:00+00:00,0.0,0.0
2013-08-12 20:00:00+00:00,0.0,0.0
2013-08-12 21:00:00+00:00,0.0,0.0
2013-08-12 22:00:00+00:00,0.0,0.0
2013-08-12 23:00:00+00:00,0.0,0.0
2013-08-13 00:00:00+00:00,0.0,0.0
2013-08-13 01:00:00+00:00,0.0,0.0
2013-08-13 02:00:00+00:00,0.0,0.0
2013-08-13 03:00:00+00:00,0.0,0.0
2013-08-13 04:00:00+00:00,0.0,0.0
2013-08-13 05:00:00+00:00,0.0,0.0
2013-08-13 06:00:00+00:00,0.0,0.0
2013-08-13 07:00:00+00:00,0.0,0.0
2013-08-13 08:00:00+00:00,0.0,0.0
2013-08-13 09:00:00+00:00,0.0,0.0
2013-08-13 10:00:00+00:00,0.0,0.0
2013-08-13 11:00:00+00:00,0.0,0.0
2013-08-13 12:00:00+00:00,0.0,0.0
2013-08-13 13:00:00+00:00,0.0,0.0
2013-08-13 14:00:00+00:00,0.0,0.0
2013-08-13 15:00:00+00:00,0.0,0.0
2013-08-13 16:00:00+00:00,0.0,0.0
2013-08-13 17:00:00+00:00,0.0,0.0
2013-08-13 18:00:00+00:00,0.0,0.0
2013-08-13 19:00:00+00:00,0.0,0.0
2013-08-13 20:00:00+00:00,0.0,0.0
2013-08-13 21:00:00+00:00,0.0,0.0
2013-08-13 22:00:00+00:00,0.0,0.0
2013-08-13 23:00:00+00:00,0.0,0.0
2013-08-14 00:00:00+00:00,0.0,0.0
2013-08-14 01:00:00+00:00,0.0,0.0
2013-08-14 02:00:00+00:00,0.0,0.0
2013-08-14 03:00:00+00:00,0.0,0.0
2013-08-14 04:00:00+00:00,0.0,0.0
2013-08-14 05:00:00+00:00,0.0,0.0
2013-08-14 06:00:00+00:00,0.0,0.0
2013-08-14 07:00:00+00:00,0.0,0.0
2013-08-14 08:00:00+00:00,0.0,0.0
2013-08-14 09:00:00+00:00,0.0,0.0
2013-08-14 10:00:00+00:00,0.0,0.0
2013-08-14 11:00:00+00:00,0.0,0.0
2013-08-14 12:00:00+00:00,0.0,0.0
2013-08-14 13:00:00+00:00,0.0,0.0
2013-08-14 14:00:00+00:00,0.0,0.0
2013-08-14 15:00:00+00:00,0.0,0.0
2013-08-14 16:00:00+00:00,0.0,0.0
2013-08-14 17:00:00+00:00,0.0,0.0
2013-08-14 18:00:00+00:00,0.0,0.0
2013-08-14 19:00:00+00:00,0.0,0.0
2013-08-14 20:00:00+00:00,0.0,0.0
2013-08-14 21:00:00+00:00,0.0,0.0
2013-08-14 22:00:00+00:00,0.0,0.0
2013-08-14 23:00:00+00:00,0.0,0.0
2013-08-15 00:00:00+00:00,0.0,0.0
2013-08-15 01:00:00+00:00,0.0,0.0
2013-08-15 02:00:00+00:00,0.0,0.0
2013-08-15 03:00:00+00:00,0.0,0.0
2013-08-15 04:00:00+00:00,0.0,0.0
2013-08-15 05:00:00+00:00,0.0,0.0
2013-08-15 06:00:00+00:00,0.0,0.0
2013-08-15 07:00:00+00:00,0.0,0.0
2013-08-15 08:00:00+00:00,0.0,0.0
2013-08-15 09:00:00+00:00,0.0,0.0
2013-08-15 10:00:00+00:00,0.0,0.0
2013-08-15 11:00:00+00:00,0.0,0.0
2013-08-15 12:00:00+00:00,0.0,0.0
2013-08-15 13:00:00+00:00,0.0,0.0
2013-08-15 14:00:00+00:00,0.0,0.0
2013-08-15 15:00:00+00:00,0.0,0.0
2013-08-15 16:00:00+00:00,0.0,0.0
2013-08-15 17:00:00+00:00,0.0,0.0
2013-08-15 18:00:00+00:00,0.0,0.0
2013-08-15 19:00:00+00:00,0.0,0.0
2013-08-15 20:00:00+00:00,0.0,0.0
2013-08-15 21:00:00+00:00,0.0,0.0
2013-08-15 22:00:00+00:00,0.0,0.0
2013-08-15 23:00:00+00:00,0.0,0.0
2013-08-16 00:00:00+00:00,0.0,0.0
2013-08-16 01:00:00+00:00,0.0,0.0
2013-08-16 02:00:00+00:00,0.0,0.0
2013-08-16 03:00:00+00:00,0.0,0.0
2013-08-16 04:00:00+00:00,0.0,0.0
2013-08-16 05:00:00+00:00,0.0,0.0
2013-08-16 06:00:00+00:00,0.0,0.0
2013-08-16 07:00:00+00:00,0.0,0.0
2013-08-16 08:00:00+00:00,0.0,0.0
2013-08-16 09:00:00+00:00,0.0,0.0
2013-08-16 10:00:00+00:00,0.0,0.0
2013-08-16 11:00:00+00:00,0.0,0.0
2013-08-16 12:00:00+00:00,0.0,0.0
2013-08-16 13:00:00+00:00,0.0,0.0
2013-08-16 14:00:00+00:00,0.0,0.0
2013-08-16 15:00:00+00:00,0.0,0.0
2013-08-16 16:00:00+00:00,0.0,0.0
2013-08-16 17:00:00+00:00,0.0,0.0
2013-08-16 18:00:00+00:00,0.0,0.0
2013-08-16 19:00:00+00:00,0.0,0.0
2013-08-16 20:00:00+00:00,0.0,0.0
2013-08-16 21:00:00+00:00,0.0,0.0
2013-08-16 22:00:00+00:00,0.0,0.0
2013-08-16 23:00:00+00:00,0.0,0.0
2013-08-17 00:00:00+00:00,0.0,0.0
2013-08-17 01:00:00+00:00,0.0,0.0
2013-08-17 02:00:00+00:00,0.0,0.0
2013-08-17 03:00:00+00:00,0.0,0.0
2013-08-17 04:00:00+00:00,0.0,0.0
2013-08-17 05:00:00+00:00,0.0,0.0
2013-08-17 06:00:00+00:00,0.0,0.0
2013-08-17 07:00:00+00:00,0.0,0.0
2013-08-17 08:00:00+00:00,0.0,0.0
2013-08-17 09:00:00+00:00,0.0,0.0
2013-08-17 10:00:00+00:00,0.0,0.0
2013-08-17 11:00:00+00:00,0.0,0.0
2013-08-17 12:00:00+00:00,0.0,0.0
2013-08-17 13:00:00+00:00,0.0,0.0
2013-08-17 14:00:00+00:00,0.0,0.0
2013-08-17 15:00:00+00:00,0.0,0.0
2013-08-17 16:00:00+00:00,0.0,0.0
2013-08-17 17:00:00+00:00,0.0,0.0
2013-08-17 18:00:00+00:00,0.0,0.0
2013-08-17 19:00:00+00:00,0.0,0.0
2013-08-17 20:00:00+00:00,0.0,0.0
2013-08-17 21:00:00+00:00,0.0,0.0
2013-08-17 22:00:00+00:00,0.0,0.0
2013-08-17 23:00:00+00:00,0.0,0.0
2013-08-18 00:00:00+00:00,0.0,0.0
2013-08-18 01:00:00+00:00,0.0,0.0
2013-08-18 02:00:00+00:00,0.0,0.0
2013-08-18 03:00:00+00:00,0.0,0.0
2013-08-18 04:00:00+00:00,0.0,0.0
2013-08-18 05:00:00+00:00,0.0,0.0
2013-08-18 06:00:00+00:00,0.0,0.0
2013-08-18 07:00:00+00:00,0.0,0.0
2013-08-18 08:00:00+00:00,0.0,0.0
2013-08-18 09:00:00+00:00,0.0,0.0
2013-08-18 10:00:00+00:00,0.0,0.0
2013-08-18 11:00:00+00:00,0.0,0.0
2013-08-18 12:00:00+00:00,0.0,0.0
2013-08-18 13:00:00+00:00,0.0,0.0
2013-08-18 14:00:00+00:00,0.0,0.0
2013-08-18 15:00:00+00:00,0.0,0.0
2013-08-18 16:00:00+00:00,0.0,0.0
2013-08-18 17:00:00+00:00,0.0,0.0
2013-08-18 18:00:00+00:00,0.0,0.0
2013-08-18 19:00:00+00:00,0.0,0.0
2013-08-18 20:00:00+00:00,0.0,0.0
2013-08-18 21:00:00+00:00,0.0,0.0
2013-08-18 22:00:00+00:00,0.0,0.0
2013-08-18 23:00:00+00:00,0.0,0.0
2013-08-19 00:00:00+00:00,0.0,0.0
2013-08-19 01:00:00+00:00,0.0,0.0
2013-08-19 02:00:00+00:00,0.0,0.0
2013-08-19 03:00:00+00:00,0.0,0.0
2013-08-19 04:00:00+00:00,0.0,0.0
2013-08-19 05:00:00+00:00,0.0,0.0
2013-08-19 06:00:00+00:00,0.0,0.0
2013-08-19 07:00:00+00:00,0.0,0.0
2013-08-19 08:00:00+00:00,0.0,0.0
2013-08-19 09:00:00+00:00,0.0,0.0
2013-08-19 10:00:00+00:00,0.0,0.0
2013-08-19 11:00:00+00:00,0.0,0.0
2013-08-19 12:00:00+00:00,0.0,0.0
2013-08-19 13:00:00+00:00,0.0,0.0
2013-08-19 14:00:00+00:00,0.0,0.0
2013-08-19 15:00:00+00:00,0.0,0.0
2013-08-19 16:00:00+00:00,0.0,0.0
2013-08-19 17:00:00+00:00,0.0,0.0
2013-08-19 18:00:00+00:00,0.0,0.0
2013-08-19 19:00:00+00:00,0.0,0.0
2013-08-19 20:00:00+00:00,0.0,0.0
2013-08-19 21:00:00+00:00,0.0,0.0
2013-08-19 22:00:00+00:00,0.0,0.0
2013-08-19 23:00:00+00:00,0.0,0.0
2013-08-20 00:00:00+00:00,0.0,0.0
2013-08-20 01:00:00+00:00,0.0,0.0
2013-08-20 02:00:00+00:00,0.0,0.0
2013-08-20 03:00:00+00:00,0.0,0.0
2013-08-20 04:00:00+00:00,0.0,0.0
2013-08-20 05:00:00+00:00,0.0,0.0
2013-08-20 06:00:00+00:00,0.0,0.0
2013-08-20 07:00:00+00:00,0.0,0.0
2013-08-20 08:00:00+00:00,0.0,0.0
2013-08-20 09:00:00+00:00,0.0,0.0
2013-08-20 10:00:00+00:00,0.0,0.0
2013-08-20 11:00:00+00:00,0.0,0.0
2013-08-20 12:00:00+00:00,0.0,0.0
2013-08-20 13:00:00+00:00,0.0,0.0
2013-08-20 14:00:00+00:00,0.0,0.0
2013-08-20 15:00:00+00:00,0.0,0.0
2013-08-20 16:00:00+00:00,0.0,0.0
2013-08-20 17:00:00+00:00,0.0,0.0
2013-08-20 18:00:00+00:00,0.0,0.0
2013-08-20 19:00:00+00:00,0.0,0.0
2013-08-20 20:00:00+00:00,0.0,0.0
2013-08-20 21:00:00+00:00,0.0,0.0
2013-08-20 22:00:00+00:00,0.0,0.0
2013-08-20 23:00:00+00:00,0.0,0.0
2013-08-21 00:00:00+00:00,0.0,0.0
2013-08-21 01:00:00+00:00,0.0,0.0
2013-08-21 02:00:00+00:00,0.0,0.0
2013-08-21 03:00:00+00:00,0.0,0.0
2013-08-21 04:00:00+00:00,0.0,0.0
2013-08-21 05:00:00+00:00,0.0,0.0
2013-08-21 06:00:00+00:00,0.0,0.0
2013-08-21 07:00:00+00:00,0.0,0.0
2013-08-21 08:00:00+00:00,0.0,0.0
2013-08-21 09:00:00+00:00,0.0,0.0
2013-08-21 10:00:00+00:00,0.0,0.0
2013-08-21 11:00:00+00:00,0.0,0.0
2013-08-21 12:00:00+00:00,0.0,0.0
2013-08-21 13:00:00+00:00,0.0,0.0
2013-08-21 14:00:00+00:00,0.0,0.0
2013-08-21 15:00:00+00:00,0.0,0.0
2013-08-21 16:00:00+00:00,0.0,0.0
2013-08-21 17:00:00+00:00,0.0,0.0
2013-08-21 18:00:00+00:00,0.0,0.0
2013-08-21 19:00:00+00:00,0.0,0.0
2013-08-21 20:00:00+00:00,0.0,0.0
2013-08-21 21:00:00+00:00,0.0,0.0
2013-08-21 22:00:00+00:00,0.0,0.0
2013-08-21 23:00:00+00:00,0.0,0.0
2013-08-22 00:00:00+00:00,0.0,0.0
2013-08-22 01:00:00+00:00,0.0,0.0
2013-08-22 02:00:00+00:00,0.0,0.0
2013-08-22 03:00:00+00:00,0.0,0.0
2013-08-22 04:00:00+00:00,0.0,0.0
2013-08-22 05:00:00+00:00,0.0,0.0
2013-08-22 06:00:00+00:00,0.0,0.0
2013-08-22 07:00:00+00:00,0.0,0.0
2013-08-22 08:00:00+00:00,0.0,0.0
2013-08-22 09:00:00+00:00,0.0,0.0
2013-08-22 10:00:00+00:00,0.0,0.0
2013-08-22 11:00:00+00:00,0.0,0.0
2013-08-22 12:00:00+00:00,0.0,0.0
2013-08-22 13:00:00+00:00,0.0,0.0
2013-08-22 14:00:00+00:00,0.0,0.0
2013-08-22 15:00:00+00:00,0.0,0.0
2013-08-22 16:00:00+00:00,0.0,0.0
2013-08-22 17:00:00+00:00,0.0,0.0
2013-08-22 18:00:00+00:00,0.0,0.0
2013-08-22 19:00:00+00:00,0.0,0.0
2013-08-22 20:00:00+00:00,0.0,0.0
2013-08-22 21:00:00+00:00,0.0,0.0
2013-08-22 22:00:00+00:00,0.0,0.0
2013-08-22 23:00:00+00:00,0.0,0.0
2013-08-23 00:00:00+00:00,0.0,0.0
2013-08-23 01:00:00+00:00,0.0,0.0
2013-08-23 02:00:00+00:00,0.0,0.0
2013-08-23 03:00:00+00:00,0.0,0.0
2013-08-23 04:00:00+00:00,0.0,0.0
2013-08-23 05:00:00+00:00,0.0,0.0
2013-08-23 06:00:00+00:00,0.0,0.0
2013-08-23 07:00:00+00:00,604.7138061523438,1.0
2013-08-23 08:00:00+00:00,1103.99658203125,306.2445
2013-08-23 09:00:00+00:00,782.9183959960938,156.04384
2013-08-23 10:00:00+00:00,274.30731201171875,1.0
2013-08-23 11:00:00+00:00,352.2884216308594,0.99492383
2013-08-23 12:00:00+00:00,410.2790222167969,89.11487
2013-08-23 13:00:00+00:00,284.3721008300781,0.99661016
2013-08-23 14:00:00+00:00,272.3043518066406,1.0
2013-08-23 15:00:00+00:00,484.98773193359375,227.5314
2013-08-23 16:00:00+00:00,741.0928344726562,146.05246
2013-08-23 17:00:00+00:00,498.55303955078125,0.9965928
2013-08-23 18:00:00+00:00,946.8824462890625,137.51515
2013-08-23 19:00:00+00:00,1686.5867919921875,285.55386
2013-08-23 20:00:00+00:00,432.15130615234375,0.9932088
2013-08-23 21:00:00+00:00,562.646728515625,167.31424
2013-08-23 22:00:00+00:00,0.0,167.31424
2013-08-23 23:00:00+00:00,0.0,167.31424
2013-08-24 00:00:00+00:00,0.0,167.31424
2013-08-24 01:00:00+00:00,0.0,167.31424
2013-08-24 02:00:00+00:00,0.0,167.31424
2013-08-24 03:00:00+00:00,0.0,167.31424
2013-08-24 04:00:00+00:00,0.0,167.31424
2013-08-24 05:00:00+00:00,250.99607849121094,57.41473
2013-08-24 06:00:00+00:00,673.0323486328125,278.26733
2013-08-24 07:00:00+00:00,309.4293212890625,86.71452
2013-08-24 08:00:00+00:00,259.1408386230469,0.99323183
2013-08-24 09:00:00+00:00,245.7231903076172,0.9898305
2013-08-24 10:00:00+00:00,340.0845031738281,105.58545
2013-08-24 11:00:00+00:00,321.8373718261719,0.9915254
2013-08-24 12:00:00+00:00,255.04074096679688,1.0033898
2013-08-24 13:00:00+00:00,326.2227783203125,72.59898
2013-08-24 14:00:00+00:00,264.3847351074219,0.99661016
2013-08-24 15:00:00+00:00,231.50425720214844,0.99488926
2013-08-24 16:00:00+00:00,245.3084716796875,0.9830508
2013-08-24 17:00:00+00:00,226.75552368164062,0.99151105
2013-08-24 18:00:00+00:00,578.5355834960938,117.280136
2013-08-24 19:00:00+00:00,456.06280517578125,163.86757
2013-08-24 20:00:00+00:00,268.1545104980469,0.99660444
2013-08-24 21:00:00+00:00,150.54669189453125,0.9983022
2013-08-24 22:00:00+00:00,153.6298828125,0.9847199
2013-08-24 23:00:00+00:00,138.25169372558594,0.9914966
2013-08-25 00:00:00+00:00,154.10696411132812,0.9932088
2013-08-25 01:00:00+00:00,140.4421844482422,0.9829932
2013-08-25 02:00:00+00:00,153.9404754638672,0.9863946
2013-08-25 03:00:00+00:00,140.38775634765625,0.9829932
2013-08-25 04:00:00+00:00,155.91993713378906,0.98807496
2013-08-25 05:00:00+00:00,141.36224365234375,0.9863946
2013-08-25 06:00:00+00:00,298.0238952636719,77.71039
2013-08-25 07:00:00+00:00,340.2330017089844,97.255104
2013-08-25 08:00:00+00:00,252.06484985351562,0.98126066
2013-08-25 09:00:00+00:00,1330.1290283203125,0.9932203
2013-08-25 10:00:00+00:00,262.4480285644531,0.9931857
2013-08-25 11:00:00+00:00,383.8074951171875,163.67741
2013-08-25 12:00:00+00:00,466.4949035644531,150.06293
2013-08-25 13:00:00+00:00,292.4787902832031,0.98641765
2013-08-25 14:00:00+00:00,242.22071838378906,0.9932088
2013-08-25 15:00:00+00:00,278.67742919921875,0.98644066
2013-08-25 16:00:00+00:00,381.1813659667969,77.61186
2013-08-25 17:00:00+00:00,292.7254333496094,0.9983051
2013-08-25 18:00:00+00:00,449.6791076660156,0.9949066
2013-08-25 19:00:00+00:00,497.59490966796875,0.99491525
2013-08-25 20:00:00+00:00,497.8101806640625,0.9847199
2013-08-25 21:00:00+00:00,356.1627197265625,0.99491525
2013-08-25 22:00:00+00:00,184.2305145263672,0.9915254
2013-08-25 23:00:00+00:00,149.2745819091797,0.9881356
2013-08-26 00:00:00+00:00,150.00338745117188,0.9898305
2013-08-26 01:00:00+00:00,149.1711883544922,0.9949066
2013-08-26 02:00:00+00:00,149.15084838867188,0.99661016
2013-08-26 03:00:00+00:00,147.06948852539062,0.9915254
2013-08-26 04:00:00+00:00,149.53311157226562,0.9915254
2013-08-26 05:00:00+00:00,321.17767333984375,148.40916
2013-08-26 06:00:00+00:00,225.0662078857422,0.9881356
2013-08-26 07:00:00+00:00,222.67626953125,0.98981327
2013-08-26 08:00:00+00:00,322.8508605957031,85.44652
2013-08-26 09:00:00+00:00,246.072998046875,0.99661016
2013-08-26 10:00:00+00:00,228.3321990966797,0.9847199
2013-08-26 11:00:00+00:00,1133.344482421875,146.80815
2013-08-26 12:00:00+00:00,772.6199340820312,0.99491525
2013-08-26 13:00:00+00:00,268.4652099609375,0.99661016
2013-08-26 14:00:00+00:00,237.1375274658203,0.9932088
2013-08-26 15:00:00+00:00,254.45733642578125,0.9982993
2013-08-26 16:00:00+00:00,222.6348114013672,0.9846939
2013-08-26 17:00:00+00:00,275.51446533203125,0.9931857
2013-08-26 18:00:00+00:00,419.5663146972656,119.41226
2013-08-26 19:00:00+00:00,524.9403686523438,56.544216
2013-08-26 20:00:00+00:00,688.7639770507812,207.9881
2013-08-26 21:00:00+00:00,215.9829864501953,0.9949066
2013-08-26 22:00:00+00:00,189.7346954345703,0.99659866
2013-08-26 23:00:00+00:00,155.4142608642578,1.0050933
2013-08-27 00:00:00+00:00,148.27288818359375,0.99660444
2013-08-27 01:00:00+00:00,148.01695251464844,0.9983051
2013-08-27 02:00:00+00:00,148.20338439941406,0.99661016
2013-08-27 03:00:00+00:00,147.8440704345703,0.98474574
2013-08-27 04:00:00+00:00,147.16441345214844,0.9932203
2013-08-27 05:00:00+00:00,146.60610961914062,1.0
2013-08-27 06:00:00+00:00,1141.60302734375,230.55687
2013-08-27 07:00:00+00:00,801.8585815429688,146.64796
2013-08-27 08:00:00+00:00,391.8180236816406,146.45593
2013-08-27 09:00:00+00:00,253.0916748046875,0.9983022
2013-08-27 10:00:00+00:00,248.3599395751953,0.98981327
2013-08-27 11:00:00+00:00,625.6258544921875,269.8501
2013-08-27 12:00:00+00:00,255.41256713867188,1.0033956
2013-08-27 13:00:00+00:00,367.9017028808594,133.42203
2013-08-27 14:00:00+00:00,468.0916748046875,0.9983022
2013-08-27 15:00:00+00:00,418.4288024902344,0.9949066
2013-08-27 16:00:00+00:00,365.530517578125,0.99661016
2013-08-27 17:00:00+00:00,611.9000244140625,127.7691
2013-08-27 18:00:00+00:00,566.5888061523438,149.93027
2013-08-27 19:00:00+00:00,1608.5706787109375,119.78644
2013-08-27 20:00:00+00:00,381.3644104003906,0.9949066
2013-08-27 21:00:00+00:00,356.73004150390625,0.99661016
2013-08-27 22:00:00+00:00,159.43389892578125,0.9983022
2013-08-27 23:00:00+00:00,148.6485595703125,0.9915254
2013-08-28 00:00:00+00:00,148.92529296875,0.98641765
2013-08-28 01:00:00+00:00,150.7113800048828,0.9932088
2013-08-28 02:00:00+00:00,145.30612182617188,0.9880952
2013-08-28 03:00:00+00:00,152.8709716796875,0.99660444
2013-08-28 04:00:00+00:00,142.68197631835938,0.97789115
2013-08-28 05:00:00+00:00,152.79795837402344,0.9914966
2013-08-28 06:00:00+00:00,290.1413879394531,86.56537
2013-08-28 07:00:00+00:00,559.112060546875,285.0
2013-08-28 08:00:00+00:00,383.2755126953125,144.20068
2013-08-28 09:00:00+00:00,412.96240234375,0.9897785
2013-08-28 10:00:00+00:00,646.8588256835938,0.9949066
2013-08-28 11:00:00+00:00,427.36114501953125,147.0204
2013-08-28 12:00:00+00:00,410.0050964355469,145.77759
2013-08-28 13:00:00+00:00,273.7734375,0.99488926
2013-08-28 14:00:00+00:00,298.26190185546875,0.99489796
2013-08-28 15:00:00+00:00,306.7227783203125,0.9846939
2013-08-28 16:00:00+00:00,816.9796142578125,149.47797
2013-08-28 17:00:00+00:00,459.15789794921875,133.96095
2013-08-28 18:00:00+00:00,1088.474853515625,0.99661016
2013-08-28 19:00:00+00:00,754.198974609375,1.0016978
2013-08-28 20:00:00+00:00,348.6016845703125,11.174576
2013-08-28 21:00:00+00:00,299.84576416015625,92.42007
2013-08-28 22:00:00+00:00,156.35484313964844,0.9983051
2013-08-28 23:00:00+00:00,154.1999969482422,0.98811543
2013-08-29 00:00:00+00:00,151.65423583984375,0.9881356
2013-08-29 01:00:00+00:00,156.4142608642578,0.9932088
2013-08-29 02:00:00+00:00,154.88983154296875,0.99661016
2013-08-29 03:00:00+00:00,155.61968994140625,0.9881356
2013-08-29 04:00:00+00:00,146.83729553222656,0.9949066
2013-08-29 05:00:00+00:00,296.2427978515625,91.98811
2013-08-29 06:00:00+00:00,144.76271057128906,0.98132426
2013-08-29 07:00:00+00:00,152.38540649414062,0.9813559
2013-08-29 08:00:00+00:00,152.59422302246094,0.9932088
2013-08-29 09:00:00+00:00,152.78778076171875,0.9949066
2013-08-29 10:00:00+00:00,150.26145935058594,0.99151105
2013-08-29 11:00:00+00:00,148.08998107910156,1.0
2013-08-29 12:00:00+00:00,148.00338745117188,0.99491525
2013-08-29 13:00:00+00:00,148.1372833251953,0.9949066
2013-08-29 14:00:00+00:00,149.3288116455078,1.0
2013-08-29 15:00:00+00:00,148.52711486816406,1.0016949
2013-08-29 16:00:00+00:00,412.7847595214844,148.48643
2013-08-29 17:00:00+00:00,606.1552734375,152.16469
2013-08-29 18:00:00+00:00,888.7445068359375,143.20204
2013-08-29 19:00:00+00:00,1128.7491455078125,0.9949066
2013-08-29 20:00:00+00:00,368.41326904296875,1.0017036
2013-08-29 21:00:00+00:00,210.35665893554688,0.9897785
2013-08-29 22:00:00+00:00,161.47869873046875,0.9965928
2013-08-29 23:00:00+00:00,161.25,1.0
2013-08-30 00:00:00+00:00,162.72117614746094,0.99659866
2013-08-30 01:00:00+00:00,163.41880798339844,1.0
2013-08-30 02:00:00+00:00,164.80271911621094,0.9863946
2013-08-30 03:00:00+00:00,160.7670135498047,0.9863946
2013-08-30 04:00:00+00:00,154.9658660888672,0.9982993
2013-08-30 05:00:00+00:00,313.7640075683594,67.280136
2013-08-30 06:00:00+00:00,251.6774139404297,0.9949066
2013-08-30 07:00:00+00:00,241.3288116455078,0.9932203
2013-08-30 08:00:00+00:00,238.0084686279297,0.9915254
2013-08-30 09:00:00+00:00,328.31524658203125,0.99151105
2013-08-30 10:00:00+00:00,240.34068298339844,0.99661016
2013-08-30 11:00:00+00:00,236.83050537109375,0.9915254
2013-08-30 12:00:00+00:00,236.56271362304688,0.9983051
2013-08-30 13:00:00+00:00,234.72711181640625,0.9898305
2013-08-30 14:00:00+00:00,415.72711181640625,168.84041
2013-08-30 15:00:00+00:00,272.1714782714844,1.0
2013-08-30 16:00:00+00:00,327.26531982421875,0.99489796
2013-08-30 17:00:00+00:00,477.03753662109375,0.9982993
2013-08-30 18:00:00+00:00,492.8316345214844,164.4728
2013-08-30 19:00:00+00:00,1550.5228271484375,166.88605
2013-08-30 20:00:00+00:00,335.078369140625,0.9965928
2013-08-30 21:00:00+00:00,319.67633056640625,0.9965928
2013-08-30 22:00:00+00:00,177.60409545898438,0.99658704
2013-08-30 23:00:00+00:00,165.59454345703125,0.99488926
2013-08-31 00:00:00+00:00,163.14625549316406,0.9931857
2013-08-31 01:00:00+00:00,155.9778594970703,0.99659866
2013-08-31 02:00:00+00:00,155.83673095703125,0.9914966
2013-08-31 03:00:00+00:00,155.4081573486328,0.9880952
2013-08-31 04:00:00+00:00,154.72572326660156,0.9897785
2013-08-31 05:00:00+00:00,157.85739135742188,0.9932088
2013-08-31 06:00:00+00:00,296.6173400878906,76.135826
2013-08-31 07:00:00+00:00,733.8172607421875,0.99491525
2013-08-31 08:00:00+00:00,726.8043823242188,395.98813
2013-08-31 09:00:00+00:00,258.8505859375,0.98644066
2013-08-31 10:00:00+00:00,431.9847412109375,151.77759
2013-08-31 11:00:00+00:00,459.7508544921875,1.0016978
2013-08-31 12:00:00+00:00,228.17965698242188,0.99660444
2013-08-31 13:00:00+00:00,229.00169372558594,0.99491525
2013-08-31 14:00:00+00:00,698.6044311523438,152.09508
2013-08-31 15:00:00+00:00,302.88812255859375,0.98132426
2013-08-31 16:00:00+00:00,734.7288208007812,207.75424
2013-08-31 17:00:00+00:00,515.479736328125,245.88965
2013-08-31 18:00:00+00:00,719.1197509765625,16.405085
2013-08-31 19:00:00+00:00,1065.31884765625,0.99660444
2013-08-31 20:00:00+00:00,225.25807189941406,0.99661016
2013-08-31 21:00:00+00:00,172.10543823242188,0.9914966
2013-08-31 22:00:00+00:00,167.81324768066406,0.98811543
2013-08-31 23:00:00+00:00,160.0153045654297,0.9914966
2013-09-01 00:00:00+00:00,156.02037048339844,0.99660444
2013-09-01 01:00:00+00:00,166.16326904296875,1.0017006
2013-09-01 02:00:00+00:00,162.4642791748047,0.9897959
2013-09-01 03:00:00+00:00,155.12074279785156,1.0
2013-09-01 04:00:00+00:00,162.35093688964844,0.98126066
2013-09-01 05:00:00+00:00,262.7240295410156,87.44218
2013-09-01 06:00:00+00:00,241.16525268554688,0.9829642
2013-09-01 07:00:00+00:00,399.48809814453125,165.37585
2013-09-01 08:00:00+00:00,678.3558959960938,139.29352
2013-09-01 09:00:00+00:00,420.1825866699219,158.27551
2013-09-01 10:00:00+00:00,332.9217834472656,0.9880952
2013-09-01 11:00:00+00:00,287.04608154296875,0.9846416
2013-09-01 12:00:00+00:00,613.9386596679688,296.55347
2013-09-01 13:00:00+00:00,251.5853271484375,0.99658704
2013-09-01 14:00:00+00:00,249.45484924316406,0.9829642
2013-09-01 15:00:00+00:00,282.69793701171875,0.99658704
2013-09-01 16:00:00+00:00,482.2269592285156,57.504257
2013-09-01 17:00:00+00:00,677.5358276367188,254.80508
2013-09-01 18:00:00+00:00,1235.5244140625,124.14358
2013-09-01 19:00:00+00:00,1034.8128662109375,270.90338
2013-09-01 20:00:00+00:00,362.7697448730469,0.9932088
2013-09-01 21:00:00+00:00,299.70068359375,0.99659866
2013-09-01 22:00:00+00:00,202.17547607421875,0.99319726
2013-09-01 23:00:00+00:00,174.8078155517578,0.99659866
2013-09-02 00:00:00+00:00,184.47959899902344,0.9914966
2013-09-02 01:00:00+00:00,180.01873779296875,0.9931857
2013-09-02 02:00:00+00:00,175.0374755859375,0.9830221
2013-09-02 03:00:00+00:00,172.94207763671875,0.9863714
2013-09-02 04:00:00+00:00,176.5153045654297,0.9897959
2013-09-02 05:00:00+00:00,324.20001220703125,71.75256
2013-09-02 06:00:00+00:00,611.1513671875,311.62308
2013-09-02 07:00:00+00:00,521.0477294921875,161.33673
2013-09-02 08:00:00+00:00,302.2214660644531,0.99488926
2013-09-02 09:00:00+00:00,459.09539794921875,157.20578
2013-09-02 10:00:00+00:00,390.21466064453125,1.0
2013-09-02 11:00:00+00:00,301.5059509277344,0.99148214
2013-09-02 12:00:00+00:00,320.5544128417969,0.9914966
2013-09-02 13:00:00+00:00,302.59454345703125,0.9932088
2013-09-02 14:00:00+00:00,310.21087646484375,1.0
2013-09-02 15:00:00+00:00,542.2125854492188,152.92882
2013-09-02 16:00:00+00:00,560.6241455078125,1.0
2013-09-02 17:00:00+00:00,516.6553344726562,148.64806
2013-09-02 18:00:00+00:00,907.801025390625,143.46959
2013-09-02 19:00:00+00:00,1417.994873046875,146.6605
2013-09-02 20:00:00+00:00,396.2003479003906,0.979661
2013-09-02 21:00:00+00:00,341.4717102050781,1.0
2013-09-02 22:00:00+00:00,213.31153869628906,1.0
2013-09-02 23:00:00+00:00,178.92495727539062,0.9932088
2013-09-03 00:00:00+00:00,198.73875427246094,0.9983051
2013-09-03 01:00:00+00:00,183.27767944335938,0.99491525
2013-09-03 02:00:00+00:00,179.27304077148438,1.0016978
2013-09-03 03:00:00+00:00,195.19761657714844,0.9932203
2013-09-03 04:00:00+00:00,184.2584991455078,0.9932203
2013-09-03 05:00:00+00:00,182.95254516601562,0.9881356
2013-09-03 06:00:00+00:00,420.3157958984375,155.06769
2013-09-03 07:00:00+00:00,524.3486328125,219.32373
2013-09-03 08:00:00+00:00,301.6372985839844,0.99491525
2013-09-03 09:00:00+00:00,461.3565368652344,143.2978
2013-09-03 10:00:00+00:00,476.0424499511719,145.41794
2013-09-03 11:00:00+00:00,379.1864318847656,0.99323183
2013-09-03 12:00:00+00:00,466.4776611328125,141.48817
2013-09-03 13:00:00+00:00,332.619384765625,0.9966216
2013-09-03 14:00:00+00:00,345.4895935058594,0.9983108
2013-09-03 15:00:00+00:00,733.2534790039062,141.38644
2013-09-03 16:00:00+00:00,913.5689086914062,141.13132
2013-09-03 17:00:00+00:00,484.65338134765625,151.56537
2013-09-03 18:00:00+00:00,1526.279541015625,59.894474
2013-09-03 19:00:00+00:00,599.1024780273438,144.81587
2013-09-03 20:00:00+00:00,455.8728332519531,0.99491525
2013-09-03 21:00:00+00:00,372.03472900390625,1.0
2013-09-03 22:00:00+00:00,235.0785369873047,0.99323183
2013-09-03 23:00:00+00:00,169.29232788085938,0.98650926
2013-09-04 00:00:00+00:00,192.92266845703125,0.9881356
2013-09-04 01:00:00+00:00,170.1366729736328,0.99319726
2013-09-04 02:00:00+00:00,166.81239318847656,0.9983051
2013-09-04 03:00:00+00:00,184.20494079589844,0.9898477
2013-09-04 04:00:00+00:00,172.32809448242188,0.99491525
2013-09-04 05:00:00+00:00,168.66140747070312,0.9915254
2013-09-04 06:00:00+00:00,447.0068664550781,233.4034
2013-09-04 07:00:00+00:00,475.6637268066406,106.15567
2013-09-04 08:00:00+00:00,691.6779174804688,0.9966216
2013-09-04 09:00:00+00:00,906.9611206054688,285.13852
2013-09-04 10:00:00+00:00,377.90704345703125,0.99661016
2013-09-04 11:00:00+00:00,559.9212036132812,150.20811
2013-09-04 12:00:00+00:00,439.6166076660156,138.76859
2013-09-04 13:00:00+00:00,328.85614013671875,1.0
2013-09-04 14:00:00+00:00,320.0,0.99489796
2013-09-04 15:00:00+00:00,542.017578125,0.99148214
2013-09-04 16:00:00+00:00,617.78857421875,1.0
2013-09-04 17:00:00+00:00,326.79931640625,0.9949066
2013-09-04 18:00:00+00:00,1227.6007080078125,137.65825
2013-09-04 19:00:00+00:00,806.4581909179688,46.84175
2013-09-04 20:00:00+00:00,660.3978881835938,275.12225
2013-09-04 21:00:00+00:00,459.1430969238281,112.6983
2013-09-04 22:00:00+00:00,223.9567413330078,0.98981327
2013-09-04 23:00:00+00:00,185.5704345703125,0.9897785
2013-09-05 00:00:00+00:00,160.3235321044922,0.99658704
2013-09-05 01:00:00+00:00,181.74913024902344,0.9949066
2013-09-05 02:00:00+00:00,162.24522399902344,0.98811543
2013-09-05 03:00:00+00:00,164.78546142578125,0.99491525
2013-09-05 04:00:00+00:00,176.98580932617188,0.9881356
2013-09-05 05:00:00+00:00,334.5264892578125,113.73142
2013-09-05 06:00:00+00:00,368.4736022949219,127.26013
2013-09-05 07:00:00+00:00,262.36822509765625,0.9932432
2013-09-05 08:00:00+00:00,246.58863830566406,0.9915398
2013-09-05 09:00:00+00:00,250.79965209960938,0.9932088
2013-09-05 10:00:00+00:00,424.2106018066406,0.994941
2013-09-05 11:00:00+00:00,246.64869689941406,0.98644066
2013-09-05 12:00:00+00:00,277.32586669921875,0.9949066
2013-09-05 13:00:00+00:00,423.2064208984375,119.87479
2013-09-05 14:00:00+00:00,271.69488525390625,0.9949324
2013-09-05 15:00:00+00:00,308.9929504394531,0.99489796
2013-09-05 16:00:00+00:00,500.5860900878906,0.9931624
2013-09-05 17:00:00+00:00,333.9704284667969,117.814186
2013-09-05 18:00:00+00:00,308.82025146484375,0.99319726
2013-09-05 19:00:00+00:00,1453.336181640625,130.88087
2013-09-05 20:00:00+00:00,231.72837829589844,0.99488926
2013-09-05 21:00:00+00:00,231.11265563964844,1.0
2013-09-05 22:00:00+00:00,179.76922607421875,0.9982818
2013-09-05 23:00:00+00:00,168.03269958496094,1.0
2013-09-06 00:00:00+00:00,161.21934509277344,0.99319726
2013-09-06 01:00:00+00:00,157.35191345214844,0.98981327
2013-09-06 02:00:00+00:00,165.5989532470703,0.9983051
2013-09-06 03:00:00+00:00,154.3448944091797,0.99661016
2013-09-06 04:00:00+00:00,164.4797821044922,0.9932203
2013-09-06 05:00:00+00:00,215.00523376464844,0.99491525
2013-09-06 06:00:00+00:00,157.90780639648438,0.9966159
2013-09-06 07:00:00+00:00,164.3151397705078,0.9932203
2013-09-06 08:00:00+00:00,154.20877075195312,0.98815566
2013-09-06 09:00:00+00:00,167.34039306640625,0.99323183
2013-09-06 10:00:00+00:00,152.84368896484375,0.9898305
2013-09-06 11:00:00+00:00,165.894287109375,0.9983051
2013-09-06 12:00:00+00:00,165.8347930908203,0.98644066
2013-09-06 13:00:00+00:00,353.3935546875,129.77118
2013-09-06 14:00:00+00:00,405.3474426269531,133.3339
2013-09-06 15:00:00+00:00,393.528076171875,143.9983
2013-09-06 16:00:00+00:00,633.197265625,46.947636
2013-09-06 17:00:00+00:00,1040.399658203125,82.2804
2013-09-06 18:00:00+00:00,870.095947265625,145.42761
2013-09-06 19:00:00+00:00,358.9796142578125,0.9932088
2013-09-06 20:00:00+00:00,383.6825256347656,0.9932088
2013-09-06 21:00:00+00:00,202.74319458007812,0.9898305
2013-09-06 22:00:00+00:00,184.23939514160156,0.98641765
2013-09-06 23:00:00+00:00,167.67062377929688,1.0
2013-09-07 00:00:00+00:00,179.18026733398438,0.99151105
2013-09-07 01:00:00+00:00,160.68197631835938,0.9880952
2013-09-07 02:00:00+00:00,163.9234619140625,0.9982993
2013-09-07 03:00:00+00:00,151.54421997070312,0.9863946
2013-09-07 04:00:00+00:00,159.32823181152344,0.9880952
2013-09-07 05:00:00+00:00,151.54684448242188,0.9829642
2013-09-07 06:00:00+00:00,158.77682495117188,0.98126066
2013-09-07 07:00:00+00:00,348.78326416015625,154.39796
2013-09-07 08:00:00+00:00,185.48123168945312,0.98805463
2013-09-07 09:00:00+00:00,186.14820861816406,0.99488926
2013-09-07 10:00:00+00:00,552.0989990234375,0.9931857
2013-09-07 11:00:00+00:00,642.1964111328125,472.2978
2013-09-07 12:00:00+00:00,0.0,472.2978
2013-09-07 13:00:00+00:00,0.0,472.2978
2013-09-07 14:00:00+00:00,0.0,472.2978
2013-09-07 15:00:00+00:00,0.0,472.2978
2013-09-07 16:00:00+00:00,0.0,472.2978
2013-09-07 17:00:00+00:00,0.0,472.2978
2013-09-07 18:00:00+00:00,0.0,472.2978
2013-09-07 19:00:00+00:00,0.0,472.2978
2013-09-07 20:00:00+00:00,0.0,472.2978
2013-09-07 21:00:00+00:00,0.0,472.2978
2013-09-07 22:00:00+00:00,0.0,0.0
2013-09-07 23:00:00+00:00,0.0,0.0
2013-09-08 00:00:00+00:00,0.0,0.0
2013-09-08 01:00:00+00:00,0.0,0.0
2013-09-08 02:00:00+00:00,0.0,0.0
2013-09-08 03:00:00+00:00,0.0,0.0
2013-09-08 04:00:00+00:00,0.0,0.0
2013-09-08 05:00:00+00:00,0.0,0.0
2013-09-08 06:00:00+00:00,0.0,0.0
2013-09-08 07:00:00+00:00,0.0,0.0
2013-09-08 08:00:00+00:00,0.0,0.0
2013-09-08 09:00:00+00:00,0.0,0.0
2013-09-08 10:00:00+00:00,0.0,0.0
2013-09-08 11:00:00+00:00,0.0,0.0
2013-09-08 12:00:00+00:00,0.0,0.0
2013-09-08 13:00:00+00:00,0.0,0.0
2013-09-08 14:00:00+00:00,0.0,0.0
2013-09-08 15:00:00+00:00,0.0,0.0
2013-09-08 16:00:00+00:00,0.0,0.0
2013-09-08 17:00:00+00:00,0.0,0.0
2013-09-08 18:00:00+00:00,0.0,0.0
2013-09-08 19:00:00+00:00,0.0,0.0
2013-09-08 20:00:00+00:00,0.0,0.0
2013-09-08 21:00:00+00:00,0.0,0.0
2013-09-08 22:00:00+00:00,0.0,0.0
2013-09-08 23:00:00+00:00,0.0,0.0
2013-09-09 00:00:00+00:00,0.0,0.0
2013-09-09 01:00:00+00:00,0.0,0.0
2013-09-09 02:00:00+00:00,0.0,0.0
2013-09-09 03:00:00+00:00,0.0,0.0
2013-09-09 04:00:00+00:00,0.0,0.0
2013-09-09 05:00:00+00:00,0.0,0.0
2013-09-09 06:00:00+00:00,0.0,0.0
2013-09-09 07:00:00+00:00,0.0,0.0
2013-09-09 08:00:00+00:00,0.0,0.0
2013-09-09 09:00:00+00:00,0.0,0.0
2013-09-09 10:00:00+00:00,0.0,0.0
2013-09-09 11:00:00+00:00,0.0,0.0
2013-09-09 12:00:00+00:00,0.0,0.0
2013-09-09 13:00:00+00:00,0.0,0.0
2013-09-09 14:00:00+00:00,0.0,0.0
2013-09-09 15:00:00+00:00,0.0,0.0
2013-09-09 16:00:00+00:00,0.0,0.0
2013-09-09 17:00:00+00:00,862.2557983398438,503.36603
2013-09-09 18:00:00+00:00,0.0,503.36603
2013-09-09 19:00:00+00:00,0.0,503.36603
2013-09-09 20:00:00+00:00,0.0,503.36603
2013-09-09 21:00:00+00:00,0.0,503.36603
2013-09-09 22:00:00+00:00,0.0,503.36603
2013-09-09 23:00:00+00:00,0.0,503.36603
2013-09-10 00:00:00+00:00,0.0,503.36603
2013-09-10 01:00:00+00:00,0.0,503.36603
2013-09-10 02:00:00+00:00,0.0,503.36603
2013-09-10 03:00:00+00:00,0.0,503.36603
2013-09-10 04:00:00+00:00,0.0,0.0
2013-09-10 05:00:00+00:00,0.0,0.0
2013-09-10 06:00:00+00:00,0.0,0.0
2013-09-10 07:00:00+00:00,0.0,0.0
2013-09-10 08:00:00+00:00,0.0,0.0
2013-09-10 09:00:00+00:00,0.0,0.0
2013-09-10 10:00:00+00:00,0.0,0.0
2013-09-10 11:00:00+00:00,0.0,0.0
2013-09-10 12:00:00+00:00,0.0,0.0
2013-09-10 13:00:00+00:00,0.0,0.0
2013-09-10 14:00:00+00:00,0.0,0.0
2013-09-10 15:00:00+00:00,0.0,0.0
2013-09-10 16:00:00+00:00,0.0,0.0
2013-09-10 17:00:00+00:00,0.0,0.0
2013-09-10 18:00:00+00:00,0.0,0.0
2013-09-10 19:00:00+00:00,0.0,0.0
2013-09-10 20:00:00+00:00,0.0,0.0
2013-09-10 21:00:00+00:00,0.0,0.0
2013-09-10 22:00:00+00:00,0.0,0.0
2013-09-10 23:00:00+00:00,0.0,0.0
2013-09-11 00:00:00+00:00,0.0,0.0
2013-09-11 01:00:00+00:00,0.0,0.0
2013-09-11 02:00:00+00:00,0.0,0.0
2013-09-11 03:00:00+00:00,0.0,0.0
2013-09-11 04:00:00+00:00,0.0,0.0
2013-09-11 05:00:00+00:00,0.0,0.0
2013-09-11 06:00:00+00:00,0.0,0.0
2013-09-11 07:00:00+00:00,0.0,0.0
2013-09-11 08:00:00+00:00,0.0,0.0
2013-09-11 09:00:00+00:00,0.0,0.0
2013-09-11 10:00:00+00:00,0.0,0.0
2013-09-11 11:00:00+00:00,0.0,0.0
2013-09-11 12:00:00+00:00,0.0,0.0
2013-09-11 13:00:00+00:00,256.741943359375,1.0064516
2013-09-11 14:00:00+00:00,407.9775085449219,153.50085
2013-09-11 15:00:00+00:00,438.5068359375,0.9982877
2013-09-11 16:00:00+00:00,783.9240112304688,137.87224
2013-09-11 17:00:00+00:00,517.62158203125,147.67462
2013-09-11 18:00:00+00:00,1543.4122314453125,0.98487395
2013-09-11 19:00:00+00:00,471.2697448730469,171.38501
2013-09-11 20:00:00+00:00,499.5,161.98637
2013-09-11 21:00:00+00:00,366.5404357910156,71.01707
2013-09-11 22:00:00+00:00,201.07679748535156,0.9931741
2013-09-11 23:00:00+00:00,164.77264404296875,0.9863248
2013-09-12 00:00:00+00:00,161.11453247070312,0.982906
2013-09-12 01:00:00+00:00,158.1846160888672,0.9931624
2013-09-12 02:00:00+00:00,161.90940856933594,0.9965812
2013-09-12 03:00:00+00:00,152.6752166748047,0.9897436
2013-09-12 04:00:00+00:00,164.3230743408203,0.9777778
2013-09-12 05:00:00+00:00,435.8495788574219,110.441025
2013-09-12 06:00:00+00:00,171.02740478515625,0.9931624
2013-09-12 07:00:00+00:00,158.79623413085938,0.9914676
2013-09-12 08:00:00+00:00,154.34872436523438,0.989726
2013-09-12 09:00:00+00:00,164.2277374267578,0.991453
2013-09-12 10:00:00+00:00,150.41197204589844,0.9811966
2013-09-12 11:00:00+00:00,160.86402893066406,0.9982906
2013-09-12 12:00:00+00:00,155.9166717529297,0.98293513
2013-09-12 13:00:00+00:00,155.77435302734375,0.9982906
2013-09-12 14:00:00+00:00,161.2034149169922,0.9777778
2013-09-12 15:00:00+00:00,151.89059448242188,0.9846154
2013-09-12 16:00:00+00:00,399.5111083984375,228.34583
2013-09-12 17:00:00+00:00,470.22906494140625,118.097435
2013-09-12 18:00:00+00:00,1623.205078125,146.35353
2013-09-12 19:00:00+00:00,478.4777526855469,143.12286
2013-09-12 20:00:00+00:00,381.4195251464844,0.9931857
2013-09-12 21:00:00+00:00,481.5582275390625,151.52219
2013-09-12 22:00:00+00:00,245.79351806640625,0.99658704
2013-09-12 23:00:00+00:00,211.52560424804688,0.99658704
2013-09-13 00:00:00+00:00,176.70648193359375,0.9931741
2013-09-13 01:00:00+00:00,180.85665893554688,0.99488056
2013-09-13 02:00:00+00:00,190.7928009033203,0.9931857
2013-09-13 03:00:00+00:00,177.8634796142578,0.9811966
2013-09-13 04:00:00+00:00,177.18942260742188,0.98634815
2013-09-13 05:00:00+00:00,172.87200927734375,0.9897611
2013-09-13 06:00:00+00:00,224.0376739501953,0.9931857
2013-09-13 07:00:00+00:00,327.5631408691406,72.01195
2013-09-13 08:00:00+00:00,433.381591796875,169.68538
2013-09-13 09:00:00+00:00,276.3470153808594,0.9931741
2013-09-13 10:00:00+00:00,573.7798461914062,168.70187
2013-09-13 11:00:00+00:00,332.4632568359375,0.9931857
2013-09-13 12:00:00+00:00,416.3168640136719,156.48552
2013-09-13 13:00:00+00:00,275.2747497558594,0.99488926
2013-09-13 14:00:00+00:00,213.4163818359375,0.9897611
2013-09-13 15:00:00+00:00,177.7325439453125,0.9931857
2013-09-13 16:00:00+00:00,398.4215087890625,0.9982935
2013-09-13 17:00:00+00:00,500.47698974609375,158.69165
2013-09-13 18:00:00+00:00,1111.4873046875,0.99323183
2013-09-13 19:00:00+00:00,708.3118896484375,0.9881356
2013-09-13 20:00:00+00:00,260.6615295410156,0.99489796
2013-09-13 21:00:00+00:00,178.54266357421875,0.99488056
2013-09-13 22:00:00+00:00,174.5400390625,0.99148214
2013-09-13 23:00:00+00:00,164.6109161376953,0.98807496
2013-09-14 00:00:00+00:00,160.3839569091797,0.9931857
2013-09-14 01:00:00+00:00,163.0477752685547,1.0017065
2013-09-14 02:00:00+00:00,160.9488067626953,0.9914966
2013-09-14 03:00:00+00:00,162.9658660888672,0.9931741
2013-09-14 04:00:00+00:00,162.40103149414062,0.9897611
2013-09-14 05:00:00+00:00,159.94358825683594,0.9948718
2013-09-14 06:00:00+00:00,162.57337951660156,0.9846416
2013-09-14 07:00:00+00:00,157.55213928222656,0.991453
2013-09-14 08:00:00+00:00,1375.859619140625,0.99325466
2013-09-14 09:00:00+00:00,1205.947509765625,0.9898649
2013-09-14 10:00:00+00:00,476.4880065917969,175.49318
2013-09-14 11:00:00+00:00,645.3623657226562,0.9846154
2013-09-14 12:00:00+00:00,180.87008666992188,0.9880342
2013-09-14 13:00:00+00:00,466.04473876953125,274.65924
2013-09-14 14:00:00+00:00,209.08888244628906,0.9897436
2013-09-14 15:00:00+00:00,221.9070587158203,0.9914383
2013-09-14 16:00:00+00:00,473.24658203125,0.9914383
2013-09-14 17:00:00+00:00,543.0968627929688,130.67065
2013-09-14 18:00:00+00:00,341.66265869140625,0.99486303
2013-09-14 19:00:00+00:00,352.3247985839844,0.9863248
2013-09-14 20:00:00+00:00,281.4222106933594,0.9863248
2013-09-14 21:00:00+00:00,228.13845825195312,0.9880137
2013-09-14 22:00:00+00:00,185.7260284423828,0.9863248
2013-09-14 23:00:00+00:00,158.4735107421875,0.9948718
2013-09-15 00:00:00+00:00,150.65469360351562,0.982906
2013-09-15 01:00:00+00:00,154.3356170654297,0.989726
2013-09-15 02:00:00+00:00,146.20205688476562,0.9914383
2013-09-15 03:00:00+00:00,157.7140350341797,0.97431505
2013-09-15 04:00:00+00:00,174.94862365722656,0.97773975
2013-09-15 05:00:00+00:00,192.6226348876953,0.9914383
2013-09-15 06:00:00+00:00,147.7444305419922,0.9811321
2013-09-15 07:00:00+00:00,152.95361328125,0.9794521
2013-09-15 08:00:00+00:00,140.53688049316406,0.99142367
2013-09-15 09:00:00+00:00,319.3797302246094,162.68835
2013-09-15 10:00:00+00:00,162.0239715576172,0.9931507
2013-09-15 11:00:00+00:00,156.8865966796875,0.9862779
2013-09-15 12:00:00+00:00,151.2955322265625,0.9811321
2013-09-15 13:00:00+00:00,322.9293212890625,0.98293513
2013-09-15 14:00:00+00:00,333.3392639160156,0.9795571
2013-09-15 15:00:00+00:00,185.12908935546875,0.9880137
2013-09-15 16:00:00+00:00,258.4065246582031,0.9794168
2013-09-15 17:00:00+00:00,224.53173828125,0.9879931
2013-09-15 18:00:00+00:00,483.6106262207031,0.98456264
2013-09-15 19:00:00+00:00,580.4285888671875,166.72992
2013-09-15 20:00:00+00:00,282.11663818359375,0.9982906
2013-09-15 21:00:00+00:00,234.86837768554688,1.0
2013-09-15 22:00:00+00:00,166.6048126220703,0.982906
2013-09-15 23:00:00+00:00,142.62051391601562,0.9931507
2013-09-16 00:00:00+00:00,155.21575927734375,0.982906
2013-09-16 01:00:00+00:00,142.76026916503906,0.989726
2013-09-16 02:00:00+00:00,152.71746826171875,0.9794521
2013-09-16 03:00:00+00:00,142.50341796875,0.9880137
2013-09-16 04:00:00+00:00,186.26370239257812,0.989726
2013-09-16 05:00:00+00:00,293.6258544921875,93.337326
2013-09-16 06:00:00+00:00,165.4802703857422,0.9879931
2013-09-16 07:00:00+00:00,142.6344757080078,0.9828767
2013-09-16 08:00:00+00:00,155.22470092773438,0.9897084
2013-09-16 09:00:00+00:00,142.33103942871094,0.97431505
2013-09-16 10:00:00+00:00,155.12350463867188,0.9897084
2013-09-16 11:00:00+00:00,142.00685119628906,0.99657536
2013-09-16 12:00:00+00:00,155.1800994873047,0.9879931
2013-09-16 13:00:00+00:00,143.4528350830078,0.99656945
2013-09-16 14:00:00+00:00,155.1866455078125,0.9931507
2013-09-16 15:00:00+00:00,150.75814819335938,0.9897084
2013-09-16 16:00:00+00:00,181.31678771972656,0.9880137
2013-09-16 17:00:00+00:00,341.48712158203125,0.99656945
2013-09-16 18:00:00+00:00,1146.5296630859375,157.70288
2013-09-16 19:00:00+00:00,733.7393798828125,0.9965928
2013-09-16 20:00:00+00:00,267.801025390625,1.0
2013-09-16 21:00:00+00:00,303.7010192871094,0.99657536
2013-09-16 22:00:00+00:00,179.6027374267578,0.9931507
2013-09-16 23:00:00+00:00,195.0222930908203,0.99486303
2013-09-17 00:00:00+00:00,164.44178771972656,0.9897084
2013-09-17 01:00:00+00:00,156.52487182617188,0.97773975
2013-09-17 02:00:00+00:00,144.36019897460938,0.9931389
2013-09-17 03:00:00+00:00,155.9656982421875,0.97770154
2013-09-17 04:00:00+00:00,189.44578552246094,0.9862779
2013-09-17 05:00:00+00:00,308.4861145019531,104.2188
2013-09-17 06:00:00+00:00,153.73023986816406,0.99656355
2013-09-17 07:00:00+00:00,149.30874633789062,0.98456264
2013-09-17 08:00:00+00:00,301.5534362792969,86.82534
2013-09-17 09:00:00+00:00,229.22299194335938,0.9948542
2013-09-17 10:00:00+00:00,226.65635681152344,0.9845361
2013-09-17 11:00:00+00:00,312.95361328125,0.9880137
2013-09-17 12:00:00+00:00,236.1525115966797,0.9965398
2013-09-17 13:00:00+00:00,223.46563720703125,0.9862543
2013-09-17 14:00:00+00:00,236.6048126220703,0.99140894
2013-09-17 15:00:00+00:00,237.85763549804688,0.98284733
2013-09-17 16:00:00+00:00,313.6322937011719,0.9862543
2013-09-17 17:00:00+00:00,506.49224853515625,2.0737565
2013-09-17 18:00:00+00:00,1144.386474609375,0.98641765
2013-09-17 19:00:00+00:00,929.6746826171875,147.65025
2013-09-17 20:00:00+00:00,483.1416320800781,195.97774
2013-09-17 21:00:00+00:00,266.87841796875,1.0034246
2013-09-17 22:00:00+00:00,246.17808532714844,0.9914383
2013-09-17 23:00:00+00:00,198.3099365234375,0.9846154
2013-09-18 00:00:00+00:00,184.21746826171875,0.9931507
2013-09-18 01:00:00+00:00,184.74658203125,0.99657536
2013-09-18 02:00:00+00:00,174.60617065429688,0.98630136
2013-09-18 03:00:00+00:00,151.4802703857422,0.9897084
2013-09-18 04:00:00+00:00,151.0993194580078,0.9931507
2013-09-18 05:00:00+00:00,159.97088623046875,0.9879931
2013-09-18 06:00:00+00:00,177.52487182617188,0.9931507
2013-09-18 07:00:00+00:00,312.7766418457031,154.39897
2013-09-18 08:00:00+00:00,175.28302001953125,0.9759863
2013-09-18 09:00:00+00:00,170.8130340576172,0.9948542
2013-09-18 10:00:00+00:00,458.11834716796875,87.22355
2013-09-18 11:00:00+00:00,421.5927734375,136.94682
2013-09-18 12:00:00+00:00,266.57977294921875,0.99656945
2013-09-18 13:00:00+00:00,245.55746459960938,0.99142367
2013-09-18 14:00:00+00:00,242.3133544921875,0.9914383
2013-09-18 15:00:00+00:00,345.1876220703125,79.563354
2013-09-18 16:00:00+00:00,817.0443115234375,0.98132426
2013-09-18 17:00:00+00:00,563.5086059570312,0.9965812
2013-09-18 18:00:00+00:00,1532.6334228515625,149.09122
2013-09-18 19:00:00+00:00,349.6811218261719,0.99657536
2013-09-18 20:00:00+00:00,277.40753173828125,0.989726
2013-09-18 21:00:00+00:00,264.2212829589844,0.99656945
2013-09-18 22:00:00+00:00,235.69691467285156,0.989726
2013-09-18 23:00:00+00:00,178.04116821289062,0.99142367
2013-09-19 00:00:00+00:00,167.32762145996094,0.97602737
2013-09-19 01:00:00+00:00,144.47930908203125,0.9880137
2013-09-19 02:00:00+00:00,158.07032775878906,0.99142367
2013-09-19 03:00:00+00:00,144.34707641601562,0.9845361
2013-09-19 04:00:00+00:00,198.52316284179688,0.97084045
2013-09-19 05:00:00+00:00,251.63682556152344,0.9897084
2013-09-19 06:00:00+00:00,175.6511993408203,0.9879725
2013-09-19 07:00:00+00:00,156.5540313720703,0.99656945
2013-09-19 08:00:00+00:00,192.2491455078125,0.9845361
2013-09-19 09:00:00+00:00,225.4312744140625,0.9845361
2013-09-19 10:00:00+00:00,422.6866455078125,90.78596
2013-09-19 11:00:00+00:00,203.79244995117188,0.9879931
2013-09-19 12:00:00+00:00,216.7628936767578,0.9862543
2013-09-19 13:00:00+00:00,297.7113342285156,78.957115
2013-09-19 14:00:00+00:00,211.5996551513672,0.9931389
2013-09-19 15:00:00+00:00,245.95704650878906,0.9862543
2013-09-19 16:00:00+00:00,294.90533447265625,0.98456264
2013-09-19 17:00:00+00:00,428.6385498046875,0.99310344
2013-09-19 18:00:00+00:00,519.4871215820312,0.98630136
2013-09-19 19:00:00+00:00,1658.677978515625,139.71933
2013-09-19 20:00:00+00:00,351.6181640625,0.9982877
2013-09-19 21:00:00+00:00,292.8338928222656,0.99657536
2013-09-19 22:00:00+00:00,241.70034790039062,0.98458904
2013-09-19 23:00:00+00:00,166.2722625732422,0.9931507
2013-09-20 00:00:00+00:00,159.2447509765625,0.9914383
2013-09-20 01:00:00+00:00,147.51541137695312,0.9914383
2013-09-20 02:00:00+00:00,159.7491455078125,0.9948718
2013-09-20 03:00:00+00:00,146.6092987060547,0.9880137
2013-09-20 04:00:00+00:00,183.2109832763672,0.9879931
2013-09-20 05:00:00+00:00,344.6866455078125,79.21918
2013-09-20 06:00:00+00:00,166.07203674316406,0.9931389
2013-09-20 07:00:00+00:00,156.667236328125,0.9811321
2013-09-20 08:00:00+00:00,226.5883331298828,0.9879931
2013-09-20 09:00:00+00:00,236.421875,0.97770154
2013-09-20 10:00:00+00:00,299.86083984375,89.142365
2013-09-20 11:00:00+00:00,370.19244384765625,67.60616
2013-09-20 12:00:00+00:00,217.98968505859375,0.9862779
2013-09-20 13:00:00+00:00,231.8542022705078,0.98284733
2013-09-20 14:00:00+00:00,223.6226348876953,0.9897084
2013-09-20 15:00:00+00:00,232.9178009033203,0.97770154
2013-09-20 16:00:00+00:00,217.5423126220703,0.9931507
2013-09-20 17:00:00+00:00,229.36660766601562,0.9777778
2013-09-20 18:00:00+00:00,342.3402099609375,153.74017
2013-09-20 19:00:00+00:00,256.84417724609375,0.98630136
2013-09-20 20:00:00+00:00,246.8199005126953,0.991453
2013-09-20 21:00:00+00:00,206.44940185546875,0.99142367
2013-09-20 22:00:00+00:00,185.73458862304688,0.9931507
2013-09-20 23:00:00+00:00,258.3527526855469,0.9914383
2013-09-21 00:00:00+00:00,157.03253173828125,0.989726
2013-09-21 01:00:00+00:00,155.5471649169922,0.9862779
2013-09-21 02:00:00+00:00,144.6900634765625,0.99486303
2013-09-21 03:00:00+00:00,152.97427368164062,0.9811644
2013-09-21 04:00:00+00:00,168.57461547851562,0.98456264
2013-09-21 05:00:00+00:00,162.41510009765625,0.9879931
2013-09-21 06:00:00+00:00,147.33677673339844,0.97938144
2013-09-21 07:00:00+00:00,159.0789031982422,0.98284733
2013-09-21 08:00:00+00:00,830.807861328125,0.9863714
2013-09-21 09:00:00+00:00,648.9862670898438,0.98634815
2013-09-21 10:00:00+00:00,377.71429443359375,159.99142
2013-09-21 11:00:00+00:00,565.3687744140625,166.99144
2013-09-21 12:00:00+00:00,561.4769287109375,0.9897436
2013-09-21 13:00:00+00:00,1212.1993408203125,0.9881956
2013-09-21 14:00:00+00:00,244.8450927734375,0.98630136
2013-09-21 15:00:00+00:00,202.2195587158203,0.99828476
2013-09-21 16:00:00+00:00,190.86814880371094,0.9914383
2013-09-21 17:00:00+00:00,174.90240478515625,0.98458904
2013-09-21 18:00:00+00:00,184.1849365234375,0.989726
2013-09-21 19:00:00+00:00,199.22088623046875,0.9811644
2013-09-21 20:00:00+00:00,176.15582275390625,0.9931507
2013-09-21 21:00:00+00:00,190.8955535888672,0.99657536
2013-09-21 22:00:00+00:00,413.78631591796875,146.4
2013-09-21 23:00:00+00:00,298.5496520996094,0.9931507
2013-09-22 00:00:00+00:00,164.24786376953125,0.9880342
2013-09-22 01:00:00+00:00,145.95034790039062,1.6078767
2013-09-22 02:00:00+00:00,153.75897216796875,0.9897436
2013-09-22 03:00:00+00:00,150.3316192626953,0.9931624
2013-09-22 04:00:00+00:00,143.625,0.97431505
2013-09-22 05:00:00+00:00,151.41709899902344,0.9880137
2013-09-22 06:00:00+00:00,150.96746826171875,0.9794872
2013-09-22 07:00:00+00:00,141.78082275390625,0.9880137
2013-09-22 08:00:00+00:00,451.26416015625,319.3123
2013-09-22 09:00:00+00:00,346.365966796875,99.64164
2013-09-22 10:00:00+00:00,968.5471801757812,0.9897959
2013-09-22 11:00:00+00:00,253.4735107421875,1.0017095
2013-09-22 12:00:00+00:00,512.549072265625,0.9914676
2013-09-22 13:00:00+00:00,383.9350280761719,156.0512
2013-09-22 14:00:00+00:00,258.2362976074219,0.9846416
2013-09-22 15:00:00+00:00,320.6358947753906,0.9948718
2013-09-22 16:00:00+00:00,477.11187744140625,0.97952217
2013-09-22 17:00:00+00:00,582.1135864257812,93.517006
2013-09-22 18:00:00+00:00,893.852294921875,0.9949066
2013-09-22 19:00:00+00:00,1159.36376953125,69.92737
2013-09-22 20:00:00+00:00,438.0391845703125,86.97615
2013-09-22 21:00:00+00:00,250.1996612548828,0.9982935
2013-09-22 22:00:00+00:00,215.3003387451172,0.98634815
2013-09-22 23:00:00+00:00,207.95733642578125,0.9931741
2013-09-23 00:00:00+00:00,178.59385681152344,0.98634815
2013-09-23 01:00:00+00:00,143.56314086914062,0.9897611
2013-09-23 02:00:00+00:00,150.8034210205078,0.9863248
2013-09-23 03:00:00+00:00,148.35726928710938,0.9880342
2013-09-23 04:00:00+00:00,139.22222900390625,0.9846154
2013-09-23 05:00:00+00:00,233.998291015625,0.9931741
2013-09-23 06:00:00+00:00,161.05812072753906,0.982906
2013-09-23 07:00:00+00:00,156.1572723388672,0.9846154
2013-09-23 08:00:00+00:00,175.09588623046875,0.9914383
2013-09-23 09:00:00+00:00,146.2085418701172,0.9982906
2013-09-23 10:00:00+00:00,140.0873260498047,0.9880342
2013-09-23 11:00:00+00:00,142.2102508544922,0.991453
2013-09-23 12:00:00+00:00,149.06849670410156,0.9931507
2013-09-23 13:00:00+00:00,141.04444885253906,0.9931624
2013-09-23 14:00:00+00:00,141.92649841308594,0.9880342
2013-09-23 15:00:00+00:00,146.3162384033203,0.9846154
2013-09-23 16:00:00+00:00,143.80789184570312,0.9931624
2013-09-23 17:00:00+00:00,535.8375854492188,127.85836
2013-09-23 18:00:00+00:00,342.1367492675781,0.9914676
2013-09-23 19:00:00+00:00,370.9367370605469,133.75427
2013-09-23 20:00:00+00:00,147.9640350341797,0.99658704
2013-09-23 21:00:00+00:00,1079.1646728515625,132.77797
2013-09-23 22:00:00+00:00,658.4957275390625,0.98981327
2013-09-23 23:00:00+00:00,185.44956970214844,0.9880342
2013-09-24 00:00:00+00:00,163.001708984375,0.9880137
2013-09-24 01:00:00+00:00,165.63356018066406,0.9948718
2013-09-24 02:00:00+00:00,164.5093994140625,0.9948718
2013-09-24 03:00:00+00:00,151.3510284423828,0.97602737
2013-09-24 04:00:00+00:00,141.8373260498047,0.9828767
2013-09-24 05:00:00+00:00,276.4484558105469,95.5137
2013-09-24 06:00:00+00:00,144.99314880371094,0.9880137
2013-09-24 07:00:00+00:00,148.24185180664062,0.99142367
2013-09-24 08:00:00+00:00,173.09091186523438,0.99828476
2013-09-24 09:00:00+00:00,221.5454559326172,0.9811321
2013-09-24 10:00:00+00:00,231.66552734375,0.9811321
2013-09-24 11:00:00+00:00,233.86964416503906,0.9897084
2013-09-24 12:00:00+00:00,306.5711975097656,0.98458904
2013-09-24 13:00:00+00:00,255.0463104248047,0.9879931
2013-09-24 14:00:00+00:00,354.8201904296875,134.02222
2013-09-24 15:00:00+00:00,228.6027374267578,0.98630136
2013-09-24 16:00:00+00:00,339.8706970214844,117.11453
2013-09-24 17:00:00+00:00,523.8058471679688,25.478704
2013-09-24 18:00:00+00:00,1172.69091796875,0.9864636
2013-09-24 19:00:00+00:00,968.501708984375,130.2313
2013-09-24 20:00:00+00:00,335.60137939453125,0.9948718
2013-09-24 21:00:00+00:00,421.9298095703125,117.784615
2013-09-24 22:00:00+00:00,262.7414245605469,0.99657536
2013-09-24 23:00:00+00:00,187.69178771972656,0.9914383
2013-09-25 00:00:00+00:00,157.95034790039062,0.9931507
2013-09-25 01:00:00+00:00,161.65463256835938,0.98458904
2013-09-25 02:00:00+00:00,152.11300659179688,0.97773975
2013-09-25 03:00:00+00:00,161.001708984375,0.9862779
2013-09-25 04:00:00+00:00,173.67294311523438,0.98458904
2013-09-25 05:00:00+00:00,226.35162353515625,0.974271
2013-09-25 06:00:00+00:00,178.23236083984375,0.9828767
2013-09-25 07:00:00+00:00,160.9193878173828,0.98456264
2013-09-25 08:00:00+00:00,156.24014282226562,0.9931389
2013-09-25 09:00:00+00:00,161.39451599121094,0.9897084
2013-09-25 10:00:00+00:00,152.7893829345703,0.9828767
2013-09-25 11:00:00+00:00,158.88507080078125,0.98284733
2013-09-25 12:00:00+00:00,159.80821228027344,0.98458904
2013-09-25 13:00:00+00:00,153.0256805419922,0.99657536
2013-09-25 14:00:00+00:00,157.5410919189453,0.9931507
2013-09-25 15:00:00+00:00,327.670654296875,76.535835
2013-09-25 16:00:00+00:00,225.99485778808594,0.9880342
2013-09-25 17:00:00+00:00,576.929931640625,0.9846416
2013-09-25 18:00:00+00:00,468.4829406738281,0.9897436
2013-09-25 19:00:00+00:00,1558.4537353515625,154.4495
2013-09-25 20:00:00+00:00,334.4239196777344,0.9931624
2013-09-25 21:00:00+00:00,207.29180908203125,0.9914676
2013-09-25 22:00:00+00:00,156.167236328125,0.98634815
2013-09-25 23:00:00+00:00,153.4215087890625,0.9897611
2013-09-26 00:00:00+00:00,156.70989990234375,0.9931624
2013-09-26 01:00:00+00:00,153.97259521484375,0.9965928
2013-09-26 02:00:00+00:00,148.25685119628906,0.99488926
2013-09-26 03:00:00+00:00,158.59315490722656,0.9880342
2013-09-26 04:00:00+00:00,156.57167053222656,0.98293513
2013-09-26 05:00:00+00:00,272.7722473144531,87.49488
2013-09-26 06:00:00+00:00,303.21746826171875,90.85154
2013-09-26 07:00:00+00:00,231.001708984375,0.99658704
2013-09-26 08:00:00+00:00,229.2991485595703,0.9982906
2013-09-26 09:00:00+00:00,201.93504333496094,0.9931624
2013-09-26 10:00:00+00:00,195.8376007080078,0.9846678
2013-09-26 11:00:00+00:00,312.0583190917969,0.9982993
2013-09-26 12:00:00+00:00,226.7764434814453,0.98805463
2013-09-26 13:00:00+00:00,203.2940216064453,0.9863248
2013-09-26 14:00:00+00:00,228.14480590820312,0.99148214
2013-09-26 15:00:00+00:00,222.9453887939453,0.9931741
2013-09-26 16:00:00+00:00,240.6348114013672,0.9931741
2013-09-26 17:00:00+00:00,551.846435546875,165.9966
2013-09-26 18:00:00+00:00,613.8758544921875,0.99148214
2013-09-26 19:00:00+00:00,1301.3092041015625,0.9882155
2013-09-26 20:00:00+00:00,487.6307678222656,137.67693
2013-09-26 21:00:00+00:00,365.78509521484375,0.9932088
2013-09-26 22:00:00+00:00,175.3600616455078,0.98805463
2013-09-26 23:00:00+00:00,145.2457275390625,0.99488056
2013-09-27 00:00:00+00:00,149.75596618652344,0.9897611
2013-09-27 01:00:00+00:00,151.12286376953125,0.98122865
2013-09-27 02:00:00+00:00,142.57777404785156,0.9811966
2013-09-27 03:00:00+00:00,148.43077087402344,0.9794872
2013-09-27 04:00:00+00:00,152.62222290039062,0.991453
2013-09-27 05:00:00+00:00,210.15663146972656,0.9897436
2013-09-27 06:00:00+00:00,212.60958862304688,0.98630136
2013-09-27 07:00:00+00:00,231.29794311523438,0.9880137
2013-09-27 08:00:00+00:00,235.19691467285156,0.9914383
2013-09-27 09:00:00+00:00,329.44769287109375,0.97602737
2013-09-27 10:00:00+00:00,205.20034790039062,0.98458904
2013-09-27 11:00:00+00:00,139.12158203125,1.0
2013-09-27 12:00:00+00:00,149.001708984375,0.9982877
2013-09-27 13:00:00+00:00,147.2365264892578,0.9897785
2013-09-27 14:00:00+00:00,137.7140350341797,0.99657536
2013-09-27 15:00:00+00:00,148.8034210205078,0.991453
2013-09-27 16:00:00+00:00,149.59829711914062,0.9777778
2013-09-27 17:00:00+00:00,1350.94921875,153.81787
2013-09-27 18:00:00+00:00,757.4779052734375,0.98981327
2013-09-27 19:00:00+00:00,225.72308349609375,0.9982906
2013-09-27 20:00:00+00:00,190.6506805419922,1.0
2013-09-27 21:00:00+00:00,169.3196563720703,0.9982906
2013-09-27 22:00:00+00:00,166.63699340820312,0.9931741
2013-09-27 23:00:00+00:00,147.271484375,0.9914676
2013-09-28 00:00:00+00:00,149.0222625732422,0.9931507
2013-09-28 01:00:00+00:00,147.58290100097656,0.9982906
2013-09-28 02:00:00+00:00,142.08047485351562,0.98630136
2013-09-28 03:00:00+00:00,150.95042419433594,0.9931624
2013-09-28 04:00:00+00:00,140.10958862304688,0.9828767
2013-09-28 05:00:00+00:00,149.52316284179688,0.9862779
2013-09-28 06:00:00+00:00,143.12158203125,0.9880137
2013-09-28 07:00:00+00:00,144.23458862304688,0.989726
2013-09-28 08:00:00+00:00,603.890380859375,0.9778157
2013-09-28 09:00:00+00:00,521.03271484375,139.24786
2013-09-28 10:00:00+00:00,432.2881774902344,0.99488056
2013-09-28 11:00:00+00:00,160.67123413085938,0.99486303
2013-09-28 12:00:00+00:00,168.80137634277344,0.9880137
2013-09-28 13:00:00+00:00,167.9606170654297,0.9811966
2013-09-28 14:00:00+00:00,161.63699340820312,1.0
2013-09-28 15:00:00+00:00,172.0410919189453,0.9914383
2013-09-28 16:00:00+00:00,157.63339233398438,0.9982935
2013-09-28 17:00:00+00:00,171.32933044433594,0.982906
2013-09-28 18:00:00+00:00,178.9623260498047,0.9897436
2013-09-28 19:00:00+00:00,179.8102569580078,0.9846154
2013-09-28 20:00:00+00:00,188.13185119628906,0.98630136
2013-09-28 21:00:00+00:00,320.1951599121094,0.99148214
2013-09-28 22:00:00+00:00,320.7160339355469,108.08874
2013-09-28 23:00:00+00:00,154.2599639892578,0.991453
2013-09-29 00:00:00+00:00,141.6027374267578,0.9931624
2013-09-29 01:00:00+00:00,151.85763549804688,0.9914676
2013-09-29 02:00:00+00:00,147.68438720703125,0.9811966
2013-09-29 03:00:00+00:00,144.30479431152344,0.9931507
2013-09-29 04:00:00+00:00,150.70376586914062,0.99657536
2013-09-29 05:00:00+00:00,143.54965209960938,0.9828767
2013-09-29 06:00:00+00:00,148.5376739501953,0.9708904
2013-09-29 07:00:00+00:00,150.26882934570312,0.9794521
2013-09-29 08:00:00+00:00,671.1697998046875,0.99488926
2013-09-29 09:00:00+00:00,176.7705535888672,0.9880137
2013-09-29 10:00:00+00:00,346.505126953125,167.33333
2013-09-29 11:00:00+00:00,557.5008544921875,180.35034
2013-09-29 12:00:00+00:00,216.11643981933594,0.9931507
2013-09-29 13:00:00+00:00,593.4315185546875,0.99657536
2013-09-29 14:00:00+00:00,167.96751403808594,0.9948718
2013-09-29 15:00:00+00:00,184.4606170654297,0.9982935
2013-09-29 16:00:00+00:00,390.21026611328125,0.9811966
2013-09-29 17:00:00+00:00,356.4425354003906,0.98805463
2013-09-29 18:00:00+00:00,338.09759521484375,0.98634815
2013-09-29 19:00:00+00:00,342.09075927734375,137.2628
2013-09-29 20:00:00+00:00,260.5675354003906,0.991453
2013-09-29 21:00:00+00:00,189.3670654296875,0.9897436
2013-09-29 22:00:00+00:00,149.01708984375,0.9863248
2013-09-29 23:00:00+00:00,144.65008544921875,0.9897611
2013-09-30 00:00:00+00:00,141.73846435546875,0.9965812
2013-09-30 01:00:00+00:00,149.5008544921875,0.9863248
2013-09-30 02:00:00+00:00,143.7863311767578,0.9846154
2013-09-30 03:00:00+00:00,141.87863159179688,1.0
2013-09-30 04:00:00+00:00,147.965576171875,0.982906
2013-09-30 05:00:00+00:00,309.98974609375,135.74232
2013-09-30 06:00:00+00:00,149.0376739501953,0.9931507
2013-09-30 07:00:00+00:00,148.86666870117188,0.9863248
2013-09-30 08:00:00+00:00,144.24090576171875,0.9897436
2013-09-30 09:00:00+00:00,142.6598358154297,0.982906
2013-09-30 10:00:00+00:00,149.0428009033203,0.9828767
2013-09-30 11:00:00+00:00,146.95896911621094,0.9897436
2013-09-30 12:00:00+00:00,141.0205078125,0.99486303
2013-09-30 13:00:00+00:00,148.64956665039062,0.9931741
2013-09-30 14:00:00+00:00,149.14309692382812,0.9846416
2013-09-30 15:00:00+00:00,140.2034149169922,0.991453
2013-09-30 16:00:00+00:00,325.3583679199219,0.99488056
2013-09-30 17:00:00+00:00,403.3896484375,0.97444636
2013-09-30 18:00:00+00:00,464.3418884277344,118.2116
2013-09-30 19:00:00+00:00,1486.5743408203125,0.99662733
2013-09-30 20:00:00+00:00,588.2136840820312,174.0
2013-09-30 21:00:00+00:00,309.96240234375,0.9965812
2013-09-30 22:00:00+00:00,233.2474365234375,0.98634815
2013-09-30 23:00:00+00:00,155.15554809570312,0.9794872
2013-10-01 00:00:00+00:00,151.92820739746094,0.9948718
2013-10-01 01:00:00+00:00,144.4888916015625,0.9880342
2013-10-01 02:00:00+00:00,141.56484985351562,0.9897436
2013-10-01 03:00:00+00:00,149.7349395751953,0.9778157
2013-10-01 04:00:00+00:00,141.84854125976562,0.9777778
2013-10-01 05:00:00+00:00,316.29010009765625,140.7338
2013-10-01 06:00:00+00:00,154.98973083496094,0.9931507
2013-10-01 07:00:00+00:00,141.9400634765625,0.9914383
2013-10-01 08:00:00+00:00,164.52911376953125,0.9811644
2013-10-01 09:00:00+00:00,142.36985778808594,0.9931507
2013-10-01 10:00:00+00:00,140.69178771972656,0.9880137
2013-10-01 11:00:00+00:00,147.56849670410156,0.9914383
2013-10-01 12:00:00+00:00,139.73973083496094,0.989726
2013-10-01 13:00:00+00:00,143.79965209960938,0.9794521
2013-10-01 14:00:00+00:00,147.67637634277344,0.99486303
2013-10-01 15:00:00+00:00,136.5128173828125,0.99486303
2013-10-01 16:00:00+00:00,184.17808532714844,0.9846154
2013-10-01 17:00:00+00:00,297.5462341308594,0.9931507
2013-10-01 18:00:00+00:00,365.9554138183594,0.9863248
2013-10-01 19:00:00+00:00,481.40924072265625,0.99488056
2013-10-01 20:00:00+00:00,1301.5830078125,156.04054
2013-10-01 21:00:00+00:00,845.4190673828125,146.23299
2013-10-01 22:00:00+00:00,204.013671875,0.9948718
2013-10-01 23:00:00+00:00,160.84417724609375,0.9794521
2013-10-02 00:00:00+00:00,156.04273986816406,0.9948718
2013-10-02 01:00:00+00:00,140.73333740234375,0.9931624
2013-10-02 02:00:00+00:00,148.35958862304688,0.9931507
2013-10-02 03:00:00+00:00,152.72991943359375,0.9897436
2013-10-02 04:00:00+00:00,139.1489715576172,0.9880137
2013-10-02 05:00:00+00:00,218.8273468017578,0.9897436
2013-10-02 06:00:00+00:00,382.75341796875,174.2735
2013-10-02 07:00:00+00:00,213.4126739501953,0.99486303
2013-10-02 08:00:00+00:00,281.14556884765625,0.9931857
2013-10-02 09:00:00+00:00,180.0376739501953,0.9811644
2013-10-02 10:00:00+00:00,178.6044464111328,0.9880137
2013-10-02 11:00:00+00:00,313.58721923828125,129.11282
2013-10-02 12:00:00+00:00,167.4571990966797,0.99657536
2013-10-02 13:00:00+00:00,174.20205688476562,0.99657536
2013-10-02 14:00:00+00:00,163.03253173828125,0.989726
2013-10-02 15:00:00+00:00,473.7426452636719,0.9863248
2013-10-02 16:00:00+00:00,425.5750732421875,0.98634815
2013-10-02 17:00:00+00:00,357.9382629394531,0.9863248
2013-10-02 18:00:00+00:00,381.1350402832031,0.9948718
2013-10-02 19:00:00+00:00,318.6034240722656,0.9982935
2013-10-02 20:00:00+00:00,203.60171508789062,0.9914383
2013-10-02 21:00:00+00:00,1319.0443115234375,114.870155
2013-10-02 22:00:00+00:00,473.4701843261719,0.99829644
2013-10-02 23:00:00+00:00,215.25128173828125,0.9965812
2013-10-03 00:00:00+00:00,161.8205108642578,0.9948718
2013-10-03 01:00:00+00:00,146.61367797851562,0.991453
2013-10-03 02:00:00+00:00,149.41539001464844,0.9811966
2013-10-03 03:00:00+00:00,147.21279907226562,0.9965812
2013-10-03 04:00:00+00:00,144.0205078125,0.9846154
2013-10-03 05:00:00+00:00,317.6661071777344,128.4718
2013-10-03 06:00:00+00:00,140.1044464111328,0.98630136
2013-10-03 07:00:00+00:00,151.24658203125,0.9794521
2013-10-03 08:00:00+00:00,142.07705688476562,0.97773975
2013-10-03 09:00:00+00:00,148.28253173828125,0.9828767
2013-10-03 10:00:00+00:00,146.75,0.99486303
2013-10-03 11:00:00+00:00,140.47259521484375,0.9931507
2013-10-03 12:00:00+00:00,150.21746826171875,0.98630136
2013-10-03 13:00:00+00:00,140.10958862304688,0.9982877
2013-10-03 14:00:00+00:00,148.748291015625,0.9914383
2013-10-03 15:00:00+00:00,156.12158203125,0.98630136
2013-10-03 16:00:00+00:00,158.8493194580078,0.9726027
2013-10-03 17:00:00+00:00,405.15264892578125,161.33789
2013-10-03 18:00:00+00:00,391.0205383300781,0.99657536
2013-10-03 19:00:00+00:00,533.2388916015625,153.97952
2013-10-03 20:00:00+00:00,1189.8935546875,129.9695
2013-10-03 21:00:00+00:00,783.238525390625,0.99659866
2013-10-03 22:00:00+00:00,262.994873046875,0.9863248
2013-10-03 23:00:00+00:00,156.4923095703125,0.991453
2013-10-04 00:00:00+00:00,141.39144897460938,0.991453
2013-10-04 01:00:00+00:00,150.6752166748047,0.9880342
2013-10-04 02:00:00+00:00,151.31910705566406,0.9897611
2013-10-04 03:00:00+00:00,141.73675537109375,0.9948718
2013-10-04 04:00:00+00:00,150.73333740234375,0.9948718
2013-10-04 05:00:00+00:00,165.37030029296875,0.9846416
2013-10-04 06:00:00+00:00,162.62905883789062,0.9897436
2013-10-04 07:00:00+00:00,312.9334411621094,138.46587
2013-10-04 08:00:00+00:00,169.28668212890625,0.9931741
2013-10-04 09:00:00+00:00,169.85470581054688,0.9880342
2013-10-04 10:00:00+00:00,176.06153869628906,0.9931624
2013-10-04 11:00:00+00:00,370.6860046386719,145.34863
2013-10-04 12:00:00+00:00,177.03076171875,0.9948718
2013-10-04 13:00:00+00:00,170.8037567138672,0.9982935
2013-10-04 14:00:00+00:00,171.9641571044922,0.98805463
2013-10-04 15:00:00+00:00,338.34130859375,146.69624
2013-10-04 16:00:00+00:00,192.5986328125,0.99148214
2013-10-04 17:00:00+00:00,236.81399536132812,0.99148214
2013-10-04 18:00:00+00:00,311.1058044433594,0.98122865
2013-10-04 19:00:00+00:00,212.4470977783203,0.9897611
2013-10-04 20:00:00+00:00,382.0,157.44218
2013-10-04 21:00:00+00:00,257.1917724609375,0.99829644
2013-10-04 22:00:00+00:00,160.89590454101562,0.98805463
2013-10-04 23:00:00+00:00,153.15357971191406,0.9914676
2013-10-05 00:00:00+00:00,147.8057861328125,0.9761499
2013-10-05 01:00:00+00:00,137.6177520751953,0.9931741
2013-10-05 02:00:00+00:00,148.37030029296875,1.0
2013-10-05 03:00:00+00:00,146.85369873046875,0.9931153
2013-10-05 04:00:00+00:00,144.00852966308594,0.98805463
2013-10-05 05:00:00+00:00,148.74359130859375,0.991453
2013-10-05 06:00:00+00:00,142.6962432861328,0.9931741
2013-10-05 07:00:00+00:00,298.1418762207031,140.22356
2013-10-05 08:00:00+00:00,182.35665893554688,0.9846416
2013-10-05 09:00:00+00:00,349.0974426269531,135.39116
2013-10-05 10:00:00+00:00,162.1489715576172,0.98122865
2013-10-05 11:00:00+00:00,152.7093963623047,0.9931624
2013-10-05 12:00:00+00:00,215.87371826171875,63.715015
2013-10-05 13:00:00+00:00,1173.349853515625,138.13852
2013-10-05 14:00:00+00:00,891.8881225585938,1.0
2013-10-05 15:00:00+00:00,404.6945495605469,153.54515
2013-10-05 16:00:00+00:00,397.6000061035156,35.425896
2013-10-05 17:00:00+00:00,791.1228637695312,0.9897611
2013-10-05 18:00:00+00:00,746.3133544921875,148.99829
2013-10-05 19:00:00+00:00,519.8392944335938,0.9965928
2013-10-05 20:00:00+00:00,690.7713012695312,0.98132426
2013-10-05 21:00:00+00:00,1191.837890625,0.98307955
2013-10-05 22:00:00+00:00,379.2542724609375,0.98805463
2013-10-05 23:00:00+00:00,260.54437255859375,0.98293513
2013-10-06 00:00:00+00:00,198.78668212890625,0.99658704
2013-10-06 01:00:00+00:00,187.22222900390625,0.9846154
2013-10-06 02:00:00+00:00,190.6996612548828,0.9914676
2013-10-06 03:00:00+00:00,179.6615447998047,0.9948718
2013-10-06 04:00:00+00:00,167.3094024658203,0.9897436
2013-10-06 05:00:00+00:00,177.3076934814453,0.9931624
2013-10-06 06:00:00+00:00,176.3384552001953,1.0
2013-10-06 07:00:00+00:00,167.5616455078125,0.9931507
2013-10-06 08:00:00+00:00,332.4349365234375,129.74744
2013-10-06 09:00:00+00:00,227.77529907226562,0.9811321
2013-10-06 10:00:00+00:00,234.73965454101562,0.98634815
2013-10-06 11:00:00+00:00,1240.1883544921875,134.97643
2013-10-06 12:00:00+00:00,500.78765869140625,0.99488056
2013-10-06 13:00:00+00:00,152.38870239257812,0.989726
2013-10-06 14:00:00+00:00,148.57777404785156,0.974359
2013-10-06 15:00:00+00:00,154.7076873779297,0.9897436
2013-10-06 16:00:00+00:00,151.89230346679688,0.9880342
2013-10-06 17:00:00+00:00,157.5393829345703,0.98293513
2013-10-06 18:00:00+00:00,509.3196716308594,0.9880342
2013-10-06 19:00:00+00:00,376.9145202636719,0.9897436
2013-10-06 20:00:00+00:00,1486.239990234375,0.9848485
2013-10-06 21:00:00+00:00,625.6859741210938,159.13095
2013-10-06 22:00:00+00:00,253.12136840820312,0.99488056
2013-10-06 23:00:00+00:00,176.22337341308594,0.982906
2013-10-07 00:00:00+00:00,152.3510284423828,0.9828767
2013-10-07 01:00:00+00:00,151.36814880371094,0.9811644
2013-10-07 02:00:00+00:00,153.76026916503906,0.99486303
2013-10-07 03:00:00+00:00,142.51882934570312,0.99142367
2013-10-07 04:00:00+00:00,158.22299194335938,0.9897436
2013-10-07 05:00:00+00:00,317.28350830078125,86.535164
2013-10-07 06:00:00+00:00,148.85934448242188,0.9862779
2013-10-07 07:00:00+00:00,151.00514221191406,0.98456264
2013-10-07 08:00:00+00:00,142.10635375976562,0.9879931
2013-10-07 09:00:00+00:00,151.637451171875,0.99656945
2013-10-07 10:00:00+00:00,141.2126922607422,0.98456264
2013-10-07 11:00:00+00:00,151.5986328125,0.9794168
2013-10-07 12:00:00+00:00,141.91766357421875,0.9879931
2013-10-07 13:00:00+00:00,147.1597900390625,0.9862779
2013-10-07 14:00:00+00:00,149.125,0.989726
2013-10-07 15:00:00+00:00,143.17324829101562,0.9862779
2013-10-07 16:00:00+00:00,160.02401733398438,0.98284733
2013-10-07 17:00:00+00:00,360.7619934082031,0.989726
2013-10-07 18:00:00+00:00,463.1732482910156,0.9914383
2013-10-07 19:00:00+00:00,1002.7918090820312,166.60136
2013-10-07 20:00:00+00:00,800.063232421875,0.98981327
2013-10-07 21:00:00+00:00,228.26414489746094,0.99828476
2013-10-07 22:00:00+00:00,172.5428009033203,0.98630136
2013-10-07 23:00:00+00:00,145.10787963867188,0.98458904
2013-10-08 00:00:00+00:00,151.05479431152344,0.9914383
2013-10-08 01:00:00+00:00,151.64212036132812,0.989726
2013-10-08 02:00:00+00:00,145.3464813232422,0.98456264
2013-10-08 03:00:00+00:00,152.02740478515625,0.989726
2013-10-08 04:00:00+00:00,139.86769104003906,0.982906
2013-10-08 05:00:00+00:00,199.8319091796875,0.9862779
2013-10-08 06:00:00+00:00,432.1322937011719,292.76028
2013-10-08 07:00:00+00:00,359.2788391113281,0.9931741
2013-10-08 08:00:00+00:00,573.0913696289062,0.9829642
2013-10-08 09:00:00+00:00,255.54452514648438,0.9982877
2013-10-08 10:00:00+00:00,337.0291442871094,142.41096
2013-10-08 11:00:00+00:00,278.4811706542969,0.9948718
2013-10-08 12:00:00+00:00,182.07876586914062,0.9914383
2013-10-08 13:00:00+00:00,190.7140350341797,0.99657536
2013-10-08 14:00:00+00:00,321.46405029296875,144.64163
2013-10-08 15:00:00+00:00,191.3196563720703,0.9931624
2013-10-08 16:00:00+00:00,395.7294616699219,0.9914383
2013-10-08 17:00:00+00:00,473.1877136230469,0.9914676
2013-10-08 18:00:00+00:00,371.5154113769531,0.9931624
2013-10-08 19:00:00+00:00,486.1421203613281,154.49063
2013-10-08 20:00:00+00:00,285.34130859375,0.9931741
2013-10-08 21:00:00+00:00,983.145263671875,0.99492383
2013-10-08 22:00:00+00:00,672.6943969726562,0.9830221
2013-10-08 23:00:00+00:00,190.4709930419922,0.9761092
2013-10-09 00:00:00+00:00,144.05690002441406,0.99658704
2013-10-09 01:00:00+00:00,149.35153198242188,0.9897611
2013-10-09 02:00:00+00:00,150.2837677001953,0.9965812
2013-10-09 03:00:00+00:00,148.1829071044922,0.9811966
2013-10-09 04:00:00+00:00,142.6837615966797,0.9880342
2013-10-09 05:00:00+00:00,185.77435302734375,0.9777778
2013-10-09 06:00:00+00:00,150.34872436523438,0.9897436
2013-10-09 07:00:00+00:00,171.22906494140625,0.9931624
2013-10-09 08:00:00+00:00,145.49314880371094,0.97773975
2013-10-09 09:00:00+00:00,148.42222595214844,0.9777778
2013-10-09 10:00:00+00:00,147.26712036132812,0.98630136
2013-10-09 11:00:00+00:00,142.8068389892578,0.9794872
2013-10-09 12:00:00+00:00,143.86129760742188,0.989726
2013-10-09 13:00:00+00:00,148.018798828125,0.9880342
2013-10-09 14:00:00+00:00,147.61026000976562,0.9897436
2013-10-09 15:00:00+00:00,139.31849670410156,0.99657536
2013-10-09 16:00:00+00:00,158.74530029296875,0.9880342
2013-10-09 17:00:00+00:00,501.501708984375,146.52136
2013-10-09 18:00:00+00:00,605.3924560546875,186.63823
2013-10-09 19:00:00+00:00,1300.48046875,160.75424
2013-10-09 20:00:00+00:00,782.5792236328125,1.0
2013-10-09 21:00:00+00:00,268.0582275390625,0.99486303
2013-10-09 22:00:00+00:00,218.98287963867188,0.989726
2013-10-09 23:00:00+00:00,145.07191467285156,0.99486303
2013-10-10 00:00:00+00:00,151.3321990966797,0.98630136
2013-10-10 01:00:00+00:00,152.0994873046875,0.98284733
2013-10-10 02:00:00+00:00,144.3773651123047,0.9862779
2013-10-10 03:00:00+00:00,148.867919921875,0.9948542
2013-10-10 04:00:00+00:00,191.9656982421875,0.9759863
2013-10-10 05:00:00+00:00,141.91558837890625,0.9870968
