index,power_watts,kettle_watts
2013-02-17 16:00:00+00:00,250.9253998,0.99769056
2013-02-17 17:00:00+00:00,633.7852173,131.15535
2013-02-17 18:00:00+00:00,556.0980225,1.0068144
2013-02-17 19:00:00+00:00,719.8467407,1.0068144
2013-02-17 20:00:00+00:00,634.1713867,1
2013-02-17 21:00:00+00:00,437.9407654,1
2013-02-17 22:00:00+00:00,300.9034119,1
2013-02-17 23:00:00+00:00,271.1785583,1
2013-02-18 00:00:00+00:00,234.5114288,1
2013-02-18 01:00:00+00:00,240.5271454,1.0071048
2013-02-18 02:00:00+00:00,272.8216248,1
2013-02-18 03:00:00+00:00,235.9137573,1
2013-02-18 04:00:00+00:00,242.1115112,1.0068611
2013-02-18 05:00:00+00:00,272.6767883,1
2013-02-18 06:00:00+00:00,260.5099487,1.0034364
2013-02-18 07:00:00+00:00,654.0450439,93.82444
2013-02-18 08:00:00+00:00,504.9389648,1
2013-02-18 09:00:00+00:00,397.9387512,1.0084746
2013-02-18 10:00:00+00:00,429.5307007,1.0040568
2013-02-18 11:00:00+00:00,582.0231934,86.94492
2013-02-18 12:00:00+00:00,714.8425293,90.73943
2013-02-18 13:00:00+00:00,1514.288086,111.527435
2013-02-18 14:00:00+00:00,782.8167725,1
2013-02-18 15:00:00+00:00,298.9076233,1
2013-02-18 16:00:00+00:00,271.1502686,1
2013-02-18 17:00:00+00:00,1267.474121,107.51448
2013-02-18 18:00:00+00:00,1098.681885,1
2013-02-18 19:00:00+00:00,616.0657349,1.0068259
2013-02-18 20:00:00+00:00,453.9338074,1
2013-02-18 21:00:00+00:00,828.2887573,1
2013-02-18 22:00:00+00:00,957.5858154,1
2013-02-18 23:00:00+00:00,299.1917419,1
2013-02-19 00:00:00+00:00,314.4112244,1
2013-02-19 01:00:00+00:00,263.7285767,1
2013-02-19 02:00:00+00:00,280.5454407,1
2013-02-19 03:00:00+00:00,290.2882996,1
2013-02-19 04:00:00+00:00,277.664856,1
2013-02-19 05:00:00+00:00,255.3669128,1
2013-02-19 06:00:00+00:00,285.5260315,1
2013-02-19 07:00:00+00:00,472.4681091,102.19244
2013-02-19 08:00:00+00:00,650.6343994,69.17265
2013-02-19 09:00:00+00:00,375.3558655,1.2226087
2013-02-19 10:00:00+00:00,388.5469055,1.0035273
2013-02-19 11:00:00+00:00,448.0625,1
2013-02-19 12:00:00+00:00,671.2741699,53.867123
2013-02-19 13:00:00+00:00,391.4585876,1.0034188
2013-02-19 14:00:00+00:00,464.4961853,89.80171
2013-02-19 15:00:00+00:00,332.7295227,1
2013-02-19 16:00:00+00:00,366.3883972,1
2013-02-19 17:00:00+00:00,523.4801636,1
2013-02-19 18:00:00+00:00,980.8637085,96.65921
2013-02-19 19:00:00+00:00,563.7910767,1
2013-02-19 20:00:00+00:00,529.0018311,1
2013-02-19 21:00:00+00:00,653.4156494,1.0034071
2013-02-19 22:00:00+00:00,246.6261139,1
2013-02-19 23:00:00+00:00,252.3410339,1
2013-02-20 00:00:00+00:00,257.2287903,1
2013-02-20 01:00:00+00:00,291.9124146,1.0068611
2013-02-20 02:00:00+00:00,239.9576721,1.0068847
2013-02-20 03:00:00+00:00,276.7977905,1
2013-02-20 04:00:00+00:00,251.5410767,1
2013-02-20 05:00:00+00:00,297.3786316,1
2013-02-20 06:00:00+00:00,279.7337036,1
2013-02-20 07:00:00+00:00,362.1654663,68.506874
2013-02-20 08:00:00+00:00,534.8410645,21.256454
2013-02-20 09:00:00+00:00,420.135498,1.0051546
2013-02-20 10:00:00+00:00,0,1.0051546
2013-02-20 11:00:00+00:00,414.4052429,1
2013-02-20 12:00:00+00:00,875.7789307,1
2013-02-20 13:00:00+00:00,462.9422302,99.595894
2013-02-20 14:00:00+00:00,316.4458618,1
2013-02-20 15:00:00+00:00,210.9643555,1.0034364
2013-02-20 16:00:00+00:00,500.4363708,66.801025
2013-02-20 17:00:00+00:00,553.1790771,77.65577
2013-02-20 18:00:00+00:00,479.4145508,1
2013-02-20 19:00:00+00:00,1152.098633,94.982994
2013-02-20 20:00:00+00:00,918.1634521,1
2013-02-20 21:00:00+00:00,522.614563,1
2013-02-20 22:00:00+00:00,369.7767944,1
2013-02-20 23:00:00+00:00,291.3747864,1
2013-02-21 00:00:00+00:00,270.0251465,1
2013-02-21 01:00:00+00:00,274.4092407,1
2013-02-21 02:00:00+00:00,250.4863892,1
2013-02-21 03:00:00+00:00,241.5895996,1
2013-02-21 04:00:00+00:00,271.7111816,1
2013-02-21 05:00:00+00:00,250.3811188,1
2013-02-21 06:00:00+00:00,275.4504395,1
2013-02-21 07:00:00+00:00,313.0145264,1
2013-02-21 08:00:00+00:00,726.2312012,112.354454
2013-02-21 09:00:00+00:00,445.9435425,1
2013-02-21 10:00:00+00:00,307.0839233,1
2013-02-21 11:00:00+00:00,440.190979,68.50862
2013-02-21 12:00:00+00:00,419.1992798,1
2013-02-21 13:00:00+00:00,379.0018311,1
2013-02-21 14:00:00+00:00,901.6328125,1
2013-02-21 15:00:00+00:00,933.2658691,70.15987
2013-02-21 16:00:00+00:00,535.5276489,5.020513
2013-02-21 17:00:00+00:00,592.1978149,66.16897
2013-02-21 18:00:00+00:00,533.3162842,1
2013-02-21 19:00:00+00:00,707.1984863,197.0457
2013-02-21 20:00:00+00:00,729.2553101,1
2013-02-21 21:00:00+00:00,846.5882568,1.0102739
2013-02-21 22:00:00+00:00,1092.989014,1.0068493
2013-02-21 23:00:00+00:00,234.4154663,1
2013-02-22 00:00:00+00:00,201.2513428,1
2013-02-22 01:00:00+00:00,233.1693726,1
2013-02-22 02:00:00+00:00,193.3399353,1.0068847
2013-02-22 03:00:00+00:00,203.7867432,1
2013-02-22 04:00:00+00:00,200.6595306,1
2013-02-22 05:00:00+00:00,200.5169983,1.0068965
2013-02-22 06:00:00+00:00,194.6726685,1
2013-02-22 07:00:00+00:00,229.4432373,1
2013-02-22 08:00:00+00:00,463.1329651,156.96913
2013-02-22 09:00:00+00:00,516.571167,17.187931
2013-02-22 10:00:00+00:00,253.1341705,1
2013-02-22 11:00:00+00:00,333.6184387,106.73024
2013-02-22 12:00:00+00:00,611.4163818,1
2013-02-22 13:00:00+00:00,992.3905029,98.679726
2013-02-22 14:00:00+00:00,326.2481995,1
2013-02-22 15:00:00+00:00,248.1099091,1.0034364
2013-02-22 16:00:00+00:00,1282.666016,20.562925
2013-02-22 17:00:00+00:00,824.0059204,59.962265
2013-02-22 18:00:00+00:00,488.0145569,1
2013-02-22 19:00:00+00:00,444.0516052,1.0034482
2013-02-22 20:00:00+00:00,512.2692871,1
2013-02-22 21:00:00+00:00,444.4955444,1
2013-02-22 22:00:00+00:00,274.8892822,1
2013-02-22 23:00:00+00:00,233.7486572,1
2013-02-23 00:00:00+00:00,208.4438477,1
2013-02-23 01:00:00+00:00,202.1931458,1.0034482
2013-02-23 02:00:00+00:00,226.804657,1
2013-02-23 03:00:00+00:00,188.3063049,1
2013-02-23 04:00:00+00:00,208.8075562,1
2013-02-23 05:00:00+00:00,209.7257996,1
2013-02-23 06:00:00+00:00,314.8443298,1
2013-02-23 07:00:00+00:00,211.9819794,1
2013-02-23 08:00:00+00:00,343.115448,1
2013-02-23 09:00:00+00:00,618.4399414,88.738304
2013-02-23 10:00:00+00:00,806.8417358,64.72165
2013-02-23 11:00:00+00:00,343.3411255,1
2013-02-23 12:00:00+00:00,370.2332764,101.48714
2013-02-23 13:00:00+00:00,508.3130798,1.0034364
2013-02-23 14:00:00+00:00,403.5798035,81.02178
2013-02-23 15:00:00+00:00,278.8640442,1
2013-02-23 16:00:00+00:00,227.7353516,1.0035907
2013-02-23 17:00:00+00:00,401.5931396,1
2013-02-23 18:00:00+00:00,504.2328491,1
2013-02-23 19:00:00+00:00,723.3723145,1
2013-02-23 20:00:00+00:00,956.0895996,0.99626863
2013-02-23 21:00:00+00:00,487.0404358,1
2013-02-23 22:00:00+00:00,380.0265503,1.0071943
2013-02-23 23:00:00+00:00,247.723526,1
2013-02-24 00:00:00+00:00,242.9229431,1
2013-02-24 01:00:00+00:00,209.3369141,1
2013-02-24 02:00:00+00:00,240.1309662,1.0035843
2013-02-24 03:00:00+00:00,225.4412842,1
2013-02-24 04:00:00+00:00,207.5843658,1.0071684
2013-02-24 05:00:00+00:00,259.0500793,1
2013-02-24 06:00:00+00:00,230.6612854,1
2013-02-24 07:00:00+00:00,243.5989227,1
2013-02-24 08:00:00+00:00,299.0609436,1
2013-02-24 09:00:00+00:00,589.1334839,97.38919
2013-02-24 10:00:00+00:00,1551.663086,1
2013-02-24 11:00:00+00:00,380.7721558,1.0035907
2013-02-24 12:00:00+00:00,537.9324951,130.52972
2013-02-24 13:00:00+00:00,1673.576782,1
2013-02-24 14:00:00+00:00,1200.7948,1
2013-02-24 15:00:00+00:00,221.0747375,1.0035907
2013-02-24 16:00:00+00:00,197.3652496,1
2013-02-24 17:00:00+00:00,564.4907227,72.47207
2013-02-24 18:00:00+00:00,465.2509155,1
2013-02-24 19:00:00+00:00,541.2306519,1
2013-02-24 20:00:00+00:00,611.7758179,1
2013-02-24 21:00:00+00:00,401.571167,1.003643
2013-02-24 22:00:00+00:00,228.7175903,1
2013-02-24 23:00:00+00:00,208.4249573,1
2013-02-25 00:00:00+00:00,242.0448761,1
2013-02-25 01:00:00+00:00,238.7359924,1
2013-02-25 02:00:00+00:00,290.1234436,1
2013-02-25 03:00:00+00:00,246.4365997,1
2013-02-25 04:00:00+00:00,250.1282043,1
2013-02-25 05:00:00+00:00,250.7352448,1.0035907
2013-02-25 06:00:00+00:00,255.6186981,1
2013-02-25 07:00:00+00:00,666.2932739,99.34415
2013-02-25 08:00:00+00:00,527.2345581,69.959076
2013-02-25 09:00:00+00:00,422.0958557,1
2013-02-25 10:00:00+00:00,367.7044678,1.5203252
2013-02-25 11:00:00+00:00,629.7209473,164.07777
2013-02-25 12:00:00+00:00,1125.952515,9.3
2013-02-25 13:00:00+00:00,805.5438232,41.394596
2013-02-25 14:00:00+00:00,290.1842651,1
2013-02-25 15:00:00+00:00,212.7688141,1.0018018
2013-02-25 16:00:00+00:00,245.3063049,1
2013-02-25 17:00:00+00:00,560.8342285,87.60289
2013-02-25 18:00:00+00:00,744.0986938,73.52612
2013-02-25 19:00:00+00:00,394.7894592,1
2013-02-25 20:00:00+00:00,557.258667,1
2013-02-25 21:00:00+00:00,460.0678711,1
2013-02-25 22:00:00+00:00,389.8108215,1
2013-02-25 23:00:00+00:00,415.396759,1
2013-02-26 00:00:00+00:00,242.1528778,1
2013-02-26 01:00:00+00:00,252.0895996,1.0068729
2013-02-26 02:00:00+00:00,193.2706146,1.0086058
2013-02-26 03:00:00+00:00,172.0992584,1
2013-02-26 04:00:00+00:00,188.6530914,1
2013-02-26 05:00:00+00:00,205.107666,1
2013-02-26 06:00:00+00:00,191.5418243,1
2013-02-26 07:00:00+00:00,311.9710693,87.61962
2013-02-26 08:00:00+00:00,608.1795044,88.342804
2013-02-26 09:00:00+00:00,357.1469421,1
2013-02-26 10:00:00+00:00,413.6805115,13.100173
2013-02-26 11:00:00+00:00,332.551178,1
2013-02-26 12:00:00+00:00,365.5949402,1
2013-02-26 13:00:00+00:00,378.0760803,1
2013-02-26 14:00:00+00:00,442.9851074,1
2013-02-26 15:00:00+00:00,458.4096069,1
2013-02-26 16:00:00+00:00,460.2294922,1
2013-02-26 17:00:00+00:00,983.7137451,96.95
2013-02-26 18:00:00+00:00,939.5214844,87.87184
2013-02-26 19:00:00+00:00,683.8228149,1
2013-02-26 20:00:00+00:00,553.7576904,1.0036036
2013-02-26 21:00:00+00:00,498.368988,1.0036101
2013-02-26 22:00:00+00:00,441.7713318,1.003937
2013-02-26 23:00:00+00:00,343.2987366,1.016129
2013-02-27 00:00:00+00:00,312.7388306,1.3516483
2013-02-27 01:00:00+00:00,357.1791992,1
2013-02-27 02:00:00+00:00,310.7793579,1.512
2013-02-27 03:00:00+00:00,315.0107117,1
2013-02-27 04:00:00+00:00,309.9227905,1.0077821
2013-02-27 05:00:00+00:00,313.1705933,1.0059172
2013-02-27 06:00:00+00:00,329.555542,1
2013-02-27 07:00:00+00:00,574.5127563,71.58998
2013-02-27 08:00:00+00:00,686.2160645,95.00725
2013-02-27 09:00:00+00:00,413.1418152,1
2013-02-27 10:00:00+00:00,403.1532898,1.0036036
2013-02-27 11:00:00+00:00,485.2926941,1
2013-02-27 12:00:00+00:00,518.1561279,1
2013-02-27 13:00:00+00:00,1456.085815,138.00362
2013-02-27 14:00:00+00:00,814.1538696,1
2013-02-27 15:00:00+00:00,501.3902588,1.0036101
2013-02-27 16:00:00+00:00,421.8439941,1
2013-02-27 17:00:00+00:00,848.9611206,182.1874
2013-02-27 18:00:00+00:00,1464.453735,1
2013-02-27 19:00:00+00:00,1001.816406,1.0072203
2013-02-27 20:00:00+00:00,633.3321533,1
2013-02-27 21:00:00+00:00,512.9408569,1.0108109
2013-02-27 22:00:00+00:00,538.7189331,1
2013-02-27 23:00:00+00:00,363.8669128,1
2013-02-28 00:00:00+00:00,338.9408569,1
2013-02-28 01:00:00+00:00,399.9470825,1
2013-02-28 02:00:00+00:00,338.5551453,1
2013-02-28 03:00:00+00:00,353.4937134,1
2013-02-28 04:00:00+00:00,349.6265869,1
2013-02-28 05:00:00+00:00,388.149292,1
2013-02-28 06:00:00+00:00,347.2166138,1
2013-02-28 07:00:00+00:00,701.3575439,69.14802
2013-02-28 08:00:00+00:00,499.4909363,63.35676
2013-02-28 09:00:00+00:00,341.1630859,1
2013-02-28 10:00:00+00:00,383.500885,1
2013-02-28 11:00:00+00:00,395.5161438,1
2013-02-28 12:00:00+00:00,361.1497192,1.0035971
2013-02-28 13:00:00+00:00,594.6764526,1
2013-02-28 14:00:00+00:00,581.7490845,86.97653
2013-02-28 15:00:00+00:00,421.2619019,1
2013-02-28 16:00:00+00:00,344.7403259,1
2013-02-28 17:00:00+00:00,593.2559814,152.91531
2013-02-28 18:00:00+00:00,513.8135986,1
2013-02-28 19:00:00+00:00,467.2087097,1
2013-02-28 20:00:00+00:00,1286.426758,1.0036364
2013-02-28 21:00:00+00:00,504.2785645,1
2013-02-28 22:00:00+00:00,381.4854126,1
2013-02-28 23:00:00+00:00,204.6125031,1
2013-03-01 00:00:00+00:00,178.6714478,1
2013-03-01 01:00:00+00:00,172.0928497,1.0072072
2013-03-01 02:00:00+00:00,194.2236176,1
2013-03-01 03:00:00+00:00,160.6470642,1.0071943
2013-03-01 04:00:00+00:00,154.1513519,1.0071943
2013-03-01 05:00:00+00:00,199.167572,1
2013-03-01 06:00:00+00:00,173.1459503,1
2013-03-01 07:00:00+00:00,195.9909821,1
2013-03-01 08:00:00+00:00,920.8221436,162.0434
2013-03-01 09:00:00+00:00,227.0716858,1
2013-03-01 10:00:00+00:00,243.2078094,1
2013-03-01 11:00:00+00:00,226.0286713,1
2013-03-01 12:00:00+00:00,479.5883484,123.49009
2013-03-01 13:00:00+00:00,582.5864258,81.26667
2013-03-01 14:00:00+00:00,431.0248108,1
2013-03-01 15:00:00+00:00,287.1853943,1
2013-03-01 16:00:00+00:00,215.2696381,1
2013-03-01 17:00:00+00:00,713.4078979,189.13693
2013-03-01 18:00:00+00:00,1014.095764,55.057762
2013-03-01 19:00:00+00:00,297.8204651,1.0037174
2013-03-01 20:00:00+00:00,367.3673706,2.202729
2013-03-01 21:00:00+00:00,369.4883728,1
2013-03-01 22:00:00+00:00,301.6818237,1
2013-03-01 23:00:00+00:00,183.777771,1.0073801
2013-03-02 00:00:00+00:00,164.9822083,1
2013-03-02 01:00:00+00:00,248.8754425,1
2013-03-02 02:00:00+00:00,199.7087097,1
2013-03-02 03:00:00+00:00,177.5698853,2.117904
2013-03-02 04:00:00+00:00,155.0626068,1
2013-03-02 05:00:00+00:00,197.1346436,1
2013-03-02 06:00:00+00:00,181.8835144,1.0046189
2013-03-02 07:00:00+00:00,337.1161499,107.35915
2013-03-02 08:00:00+00:00,467.6569824,1
2013-03-02 09:00:00+00:00,1127.871582,79.759926
2013-03-02 10:00:00+00:00,635.9729004,1
2013-03-02 11:00:00+00:00,289.5643005,76.936935
2013-03-02 12:00:00+00:00,440.9003601,70.07027
2013-03-02 13:00:00+00:00,268.7763977,1
2013-03-02 14:00:00+00:00,462.1335754,93.818344
2013-03-02 15:00:00+00:00,336.3327332,1.0036036
2013-03-02 16:00:00+00:00,219.0964355,1
2013-03-02 17:00:00+00:00,396.4946289,117.47112
2013-03-02 18:00:00+00:00,557.3720703,1
2013-03-02 19:00:00+00:00,347.4046326,1
2013-03-02 20:00:00+00:00,559.5151367,1
2013-03-02 21:00:00+00:00,549.579834,1
2013-03-02 22:00:00+00:00,375.4298706,1
2013-03-02 23:00:00+00:00,801.7171021,1
2013-03-03 00:00:00+00:00,828.8309937,1
2013-03-03 01:00:00+00:00,292.719635,1
2013-03-03 02:00:00+00:00,227.2035675,1
2013-03-03 03:00:00+00:00,151.2540283,1
2013-03-03 04:00:00+00:00,185.0802155,1
2013-03-03 05:00:00+00:00,207.2976837,1
2013-03-03 06:00:00+00:00,179.224823,1
2013-03-03 07:00:00+00:00,373.5762939,116.203606
2013-03-03 08:00:00+00:00,307.6600952,1
2013-03-03 09:00:00+00:00,253.9856567,1
2013-03-03 10:00:00+00:00,323.4937134,80.740074
2013-03-03 11:00:00+00:00,391.8018494,50.772564
2013-03-03 12:00:00+00:00,252.8312225,38.640793
2013-03-03 13:00:00+00:00,204.2803497,1
2013-03-03 14:00:00+00:00,251.5265045,1
2013-03-03 15:00:00+00:00,232.5787659,1
2013-03-03 16:00:00+00:00,204.4589233,1
2013-03-03 17:00:00+00:00,181.2322693,1
2013-03-03 18:00:00+00:00,206.6834564,1
2013-03-03 19:00:00+00:00,941.6549683,1
2013-03-03 20:00:00+00:00,1593.353882,78.730354
2013-03-03 21:00:00+00:00,883.1885986,77.005424
2013-03-03 22:00:00+00:00,241.0179901,1.0035971
2013-03-03 23:00:00+00:00,157.1207275,1.0072203
2013-03-04 00:00:00+00:00,175.8465729,1
2013-03-04 01:00:00+00:00,174.0254059,1
2013-03-04 02:00:00+00:00,153.7613068,1
2013-03-04 03:00:00+00:00,170.4172668,1
2013-03-04 04:00:00+00:00,172.2100525,1
2013-03-04 05:00:00+00:00,153.4400024,1
2013-03-04 06:00:00+00:00,201.7145386,1
2013-03-04 07:00:00+00:00,797.3948364,145.02347
2013-03-04 08:00:00+00:00,167.2427521,1
2013-03-04 09:00:00+00:00,180.4955292,1
2013-03-04 10:00:00+00:00,218.7567596,1
2013-03-04 11:00:00+00:00,291.7166443,1
2013-03-04 12:00:00+00:00,223.9237823,1
2013-03-04 13:00:00+00:00,199.7495575,1
2013-03-04 14:00:00+00:00,302.5863342,1
2013-03-04 15:00:00+00:00,167.0053711,1
2013-03-04 16:00:00+00:00,201.2633514,1
2013-03-04 17:00:00+00:00,655.2307739,1.0072072
2013-03-04 18:00:00+00:00,522.0072021,65.29009
2013-03-04 19:00:00+00:00,252.290329,1
2013-03-04 20:00:00+00:00,201.5706635,1
2013-03-04 21:00:00+00:00,359.0284119,83.11712
2013-03-04 22:00:00+00:00,368.9584961,1
2013-03-04 23:00:00+00:00,201.0397797,1
2013-03-05 00:00:00+00:00,186.9459534,1.0072203
2013-03-05 01:00:00+00:00,202.9388428,1
2013-03-05 02:00:00+00:00,162.069397,1
2013-03-05 03:00:00+00:00,137.4547119,1
2013-03-05 04:00:00+00:00,168.2991028,1.0071943
2013-03-05 05:00:00+00:00,136.9456482,1
2013-03-05 06:00:00+00:00,177.472168,1.0035971
2013-03-05 07:00:00+00:00,746.2431641,107.2509
2013-03-05 08:00:00+00:00,194.8759003,1.0072072
2013-03-05 09:00:00+00:00,174.4295959,1
2013-03-05 10:00:00+00:00,210.359848,1
2013-03-05 11:00:00+00:00,213.3232727,1.0108109
2013-03-05 12:00:00+00:00,208.6167603,1
2013-03-05 13:00:00+00:00,168.8499146,1
2013-03-05 14:00:00+00:00,175.7928619,1.0071943
2013-03-05 15:00:00+00:00,208.6816559,1
2013-03-05 16:00:00+00:00,241.1053619,1.0072203
2013-03-05 17:00:00+00:00,623.0089111,1.0018018
2013-03-05 18:00:00+00:00,672.1557617,84.1787
2013-03-05 19:00:00+00:00,211.6958008,1
2013-03-05 20:00:00+00:00,445.9628296,1
2013-03-05 21:00:00+00:00,673.2455444,73.95629
2013-03-05 22:00:00+00:00,497.5688782,1
2013-03-05 23:00:00+00:00,172.9483948,1
2013-03-06 00:00:00+00:00,212.6605835,1
2013-03-06 01:00:00+00:00,156.0978241,1
2013-03-06 02:00:00+00:00,150.4517822,1.0068493
2013-03-06 03:00:00+00:00,186.5967712,1
2013-03-06 04:00:00+00:00,168.5152588,1
2013-03-06 05:00:00+00:00,156.9331055,1
2013-03-06 06:00:00+00:00,186.7838898,1
2013-03-06 07:00:00+00:00,192.4321442,1
2013-03-06 08:00:00+00:00,782.5407104,140.0256
2013-03-06 09:00:00+00:00,1515.526978,1
2013-03-06 10:00:00+00:00,999.5116577,1
2013-03-06 11:00:00+00:00,378.8339233,1
2013-03-06 12:00:00+00:00,573.8818359,1
2013-03-06 13:00:00+00:00,228.4793549,1
2013-03-06 14:00:00+00:00,163.9058685,1
2013-03-06 15:00:00+00:00,166.9625702,1
2013-03-06 16:00:00+00:00,166.3397827,1
2013-03-06 17:00:00+00:00,548.5133667,1.0068493
2013-03-06 18:00:00+00:00,563.6569214,77.06035
2013-03-06 19:00:00+00:00,235.7626495,1
2013-03-06 20:00:00+00:00,382.5381775,99.16354
2013-03-06 21:00:00+00:00,316.6138916,1
2013-03-06 22:00:00+00:00,451.6876221,77.19795
2013-03-06 23:00:00+00:00,144.6921692,1.003413
2013-03-07 00:00:00+00:00,164.8922272,1
2013-03-07 01:00:00+00:00,152.5670319,1
2013-03-07 02:00:00+00:00,142.1022949,1
2013-03-07 03:00:00+00:00,163.9593658,1
2013-03-07 04:00:00+00:00,152.5925903,1
2013-03-07 05:00:00+00:00,141.1023712,1
2013-03-07 06:00:00+00:00,323.5114746,85.13528
2013-03-07 07:00:00+00:00,588.6030273,88.04754
2013-03-07 08:00:00+00:00,258.4460144,1
2013-03-07 09:00:00+00:00,193.9699707,1
2013-03-07 10:00:00+00:00,193.7259979,1.0035971
2013-03-07 11:00:00+00:00,350.6594543,107.059456
2013-03-07 12:00:00+00:00,332.3238831,17.947842
2013-03-07 13:00:00+00:00,1482.574829,0.99497485
2013-03-07 14:00:00+00:00,359.4704895,1
2013-03-07 15:00:00+00:00,226.6077728,1
2013-03-07 16:00:00+00:00,228.9714355,1.0036036
2013-03-07 17:00:00+00:00,386.0773315,103.60289
2013-03-07 18:00:00+00:00,573.375,1
2013-03-07 19:00:00+00:00,729.4490967,1.0072072
2013-03-07 20:00:00+00:00,798.4120483,77.86
2013-03-07 21:00:00+00:00,431.299469,1
2013-03-07 22:00:00+00:00,296.5344238,1.5231389
2013-03-07 23:00:00+00:00,206.1005249,1
2013-03-08 00:00:00+00:00,154.9619446,1
2013-03-08 01:00:00+00:00,169.8631592,1
2013-03-08 02:00:00+00:00,182.7228241,1
2013-03-08 03:00:00+00:00,189.5216675,1
2013-03-08 04:00:00+00:00,169.2064056,1
2013-03-08 05:00:00+00:00,165.9575958,1
2013-03-08 06:00:00+00:00,292.6967468,61.323742
2013-03-08 07:00:00+00:00,918.4564209,105.466545
2013-03-08 08:00:00+00:00,267.730011,1
2013-03-08 09:00:00+00:00,398.8894653,65.33635
2013-03-08 10:00:00+00:00,186.3726196,1
2013-03-08 11:00:00+00:00,193.7170105,1
2013-03-08 12:00:00+00:00,441.8521729,1.007286
2013-03-08 13:00:00+00:00,437.6863098,1.0036036
2013-03-08 14:00:00+00:00,190.1085815,1
2013-03-08 15:00:00+00:00,162.2384186,1.0036101
2013-03-08 16:00:00+00:00,338.6643677,56.807972
2013-03-08 17:00:00+00:00,746.8807983,115.899635
2013-03-08 18:00:00+00:00,740.4821167,122.84837
2013-03-08 19:00:00+00:00,218.7362061,1
2013-03-08 20:00:00+00:00,266.2829895,1.0071943
2013-03-08 21:00:00+00:00,1215.054688,1.0035524
2013-03-08 22:00:00+00:00,445.5073853,1
2013-03-08 23:00:00+00:00,160.1465912,1
2013-03-09 00:00:00+00:00,156.8847504,1
2013-03-09 01:00:00+00:00,158.7001801,1
2013-03-09 02:00:00+00:00,155.5671387,1.0034423
2013-03-09 03:00:00+00:00,155.5807037,1.0068847
2013-03-09 04:00:00+00:00,174.7832184,1
2013-03-09 05:00:00+00:00,148.7095032,1.0068376
2013-03-09 06:00:00+00:00,178.2536469,1
2013-03-09 07:00:00+00:00,629.3562622,125.55631
2013-03-09 08:00:00+00:00,285.952301,1
2013-03-09 09:00:00+00:00,221.1335602,1
2013-03-09 10:00:00+00:00,204.526413,1
2013-03-09 11:00:00+00:00,210.5026245,1
2013-03-09 12:00:00+00:00,198.8951111,1
2013-03-09 13:00:00+00:00,200.3409424,1
2013-03-09 14:00:00+00:00,209.8269196,1.0068847
2013-03-09 15:00:00+00:00,197.435318,1
2013-03-09 16:00:00+00:00,236.5526276,1
2013-03-09 17:00:00+00:00,208.3397522,1
2013-03-09 18:00:00+00:00,209.6017609,1
2013-03-09 19:00:00+00:00,297.090271,1
2013-03-09 20:00:00+00:00,567.5856934,1
2013-03-09 21:00:00+00:00,531.3609009,1.0017182
2013-03-09 22:00:00+00:00,901.4100952,1
2013-03-09 23:00:00+00:00,908.7183228,1.0068144
2013-03-10 00:00:00+00:00,194.5142365,1
2013-03-10 01:00:00+00:00,181.1482086,1
2013-03-10 02:00:00+00:00,226.6429901,1
2013-03-10 03:00:00+00:00,198.8894806,1
2013-03-10 04:00:00+00:00,204.213028,1
2013-03-10 05:00:00+00:00,425.0566406,1
2013-03-10 06:00:00+00:00,372.3462219,1
2013-03-10 07:00:00+00:00,238.4971924,1
2013-03-10 08:00:00+00:00,0,1
2013-03-10 09:00:00+00:00,0,1
2013-03-10 10:00:00+00:00,0,1
2013-03-10 11:00:00+00:00,0,1
2013-03-10 12:00:00+00:00,0,1
2013-03-10 13:00:00+00:00,0,1
2013-03-10 14:00:00+00:00,0,1
2013-03-10 15:00:00+00:00,0,1
2013-03-10 16:00:00+00:00,0,1
2013-03-10 17:00:00+00:00,0,1
2013-03-10 18:00:00+00:00,0,0
2013-03-10 19:00:00+00:00,0,0
2013-03-10 20:00:00+00:00,0,0
2013-03-10 21:00:00+00:00,0,0
2013-03-10 22:00:00+00:00,0,0
2013-03-10 23:00:00+00:00,0,0
2013-03-11 00:00:00+00:00,0,0
2013-03-11 01:00:00+00:00,0,0
2013-03-11 02:00:00+00:00,0,0
2013-03-11 03:00:00+00:00,0,0
2013-03-11 04:00:00+00:00,0,0
2013-03-11 05:00:00+00:00,0,0
2013-03-11 06:00:00+00:00,0,0
2013-03-11 07:00:00+00:00,0,0
2013-03-11 08:00:00+00:00,0,0
2013-03-11 09:00:00+00:00,0,0
2013-03-11 10:00:00+00:00,572.06427,256.19952
2013-03-11 11:00:00+00:00,352.7352295,1
2013-03-11 12:00:00+00:00,301.3399353,1
2013-03-11 13:00:00+00:00,462.2028809,311.5633
2013-03-11 14:00:00+00:00,364.6678772,1
2013-03-11 15:00:00+00:00,225.9787292,2.1752577
2013-03-11 16:00:00+00:00,322.749115,1
2013-03-11 17:00:00+00:00,543.6785889,1.0068729
2013-03-11 18:00:00+00:00,460.5691223,1
2013-03-11 19:00:00+00:00,311.5044861,1
2013-03-11 20:00:00+00:00,279.2007141,1
2013-03-11 21:00:00+00:00,763.2567139,144.05489
2013-03-11 22:00:00+00:00,327.8815002,1
2013-03-11 23:00:00+00:00,184.5509796,1
2013-03-12 00:00:00+00:00,144.4722748,1
2013-03-12 01:00:00+00:00,170.0806427,1
2013-03-12 02:00:00+00:00,170.7729797,1
2013-03-12 03:00:00+00:00,155.7629242,1
2013-03-12 04:00:00+00:00,169.473114,1
2013-03-12 05:00:00+00:00,157.2369843,1.0103806
2013-03-12 06:00:00+00:00,182.6399994,1.0069205
2013-03-12 07:00:00+00:00,787.2614136,148.41167
2013-03-12 08:00:00+00:00,342.7477112,1
2013-03-12 09:00:00+00:00,428.6136475,1
2013-03-12 10:00:00+00:00,233,1
2013-03-12 11:00:00+00:00,441.1000061,1
2013-03-12 12:00:00+00:00,871.3137817,1
2013-03-12 13:00:00+00:00,1821.59375,1
2013-03-12 14:00:00+00:00,599.836792,1
2013-03-12 15:00:00+00:00,283.7032471,1.0070052
2013-03-12 16:00:00+00:00,274.2359924,1
2013-03-12 17:00:00+00:00,666.1206665,106.29578
2013-03-12 18:00:00+00:00,530.2398071,1
2013-03-12 19:00:00+00:00,284.9761353,1.0017513
2013-03-12 20:00:00+00:00,332.7495728,1
2013-03-12 21:00:00+00:00,514.657959,1
2013-03-12 22:00:00+00:00,401.606842,1
2013-03-12 23:00:00+00:00,193.97966,1.010772
2013-03-13 00:00:00+00:00,153.0389862,1
2013-03-13 01:00:00+00:00,160.9388733,1
2013-03-13 02:00:00+00:00,178.4685974,1
2013-03-13 03:00:00+00:00,153.5823364,1.0071684
2013-03-13 04:00:00+00:00,232.972702,1
2013-03-13 05:00:00+00:00,187.2176819,1
2013-03-13 06:00:00+00:00,225.5595245,1
2013-03-13 07:00:00+00:00,428.6637268,91.436035
2013-03-13 08:00:00+00:00,468.6139221,73.66306
2013-03-13 09:00:00+00:00,258.6349792,1
2013-03-13 10:00:00+00:00,224.7683105,1
2013-03-13 11:00:00+00:00,1276.599609,1
2013-03-13 12:00:00+00:00,386.1202087,1.0035971
2013-03-13 13:00:00+00:00,222.9966125,1.0017985
2013-03-13 14:00:00+00:00,367.5743713,153.13261
2013-03-13 15:00:00+00:00,235.8307953,1
2013-03-13 16:00:00+00:00,228.9729767,1
2013-03-13 17:00:00+00:00,426.4544067,1
2013-03-13 18:00:00+00:00,531.4490967,69.46973
2013-03-13 19:00:00+00:00,243.7145233,1
2013-03-13 20:00:00+00:00,538.4356689,1
2013-03-13 21:00:00+00:00,670.7110596,1
2013-03-13 22:00:00+00:00,445.1098022,1
2013-03-13 23:00:00+00:00,740.7177124,1
2013-03-14 00:00:00+00:00,839.3603516,1
2013-03-14 01:00:00+00:00,181.9441681,1
2013-03-14 02:00:00+00:00,206.0355988,1
2013-03-14 03:00:00+00:00,229.8257141,1
2013-03-14 04:00:00+00:00,190.6694946,1.0034965
2013-03-14 05:00:00+00:00,372.6661072,1
2013-03-14 06:00:00+00:00,397.2410889,1
2013-03-14 07:00:00+00:00,180.5126953,1
2013-03-14 08:00:00+00:00,426.7577209,98.17637
2013-03-14 09:00:00+00:00,238.9551392,1.0038835
2013-03-14 10:00:00+00:00,270.2083435,1
2013-03-14 11:00:00+00:00,235.7449341,1.0072072
2013-03-14 12:00:00+00:00,539.8452148,108.05036
2013-03-14 13:00:00+00:00,398.9239807,68.533806
2013-03-14 14:00:00+00:00,186.2037048,1.0035907
2013-03-14 15:00:00+00:00,214.0222931,1
2013-03-14 16:00:00+00:00,229.2736511,1
2013-03-14 17:00:00+00:00,657.2285156,72.496445
2013-03-14 18:00:00+00:00,529.8511353,66.11722
2013-03-14 19:00:00+00:00,244.4575958,1
2013-03-14 20:00:00+00:00,476.5919495,1
2013-03-14 21:00:00+00:00,451.9210205,1
2013-03-14 22:00:00+00:00,346.2941284,1
2013-03-14 23:00:00+00:00,196.2900543,1
2013-03-15 00:00:00+00:00,223.9292908,1.0080972
2013-03-15 01:00:00+00:00,206.4268951,1.0040404
2013-03-15 02:00:00+00:00,217.1247864,1.0080808
2013-03-15 03:00:00+00:00,186.2272797,1.0040568
2013-03-15 04:00:00+00:00,223.1821289,1
2013-03-15 05:00:00+00:00,179.8853302,1.0080808
2013-03-15 06:00:00+00:00,208.7757111,1
2013-03-15 07:00:00+00:00,301.4256287,68.30426
2013-03-15 08:00:00+00:00,482.6237183,71.97727
2013-03-15 09:00:00+00:00,227.4730682,1
2013-03-15 10:00:00+00:00,303.2719727,1
2013-03-15 11:00:00+00:00,508.9056091,1
2013-03-15 12:00:00+00:00,314.0168152,1
2013-03-15 13:00:00+00:00,218.155777,1
2013-03-15 14:00:00+00:00,195.3355713,1.0037665
2013-03-15 15:00:00+00:00,218.8241272,1.007435
2013-03-15 16:00:00+00:00,221.8459015,1
2013-03-15 17:00:00+00:00,642.262207,1
2013-03-15 18:00:00+00:00,677.7958984,91.56736
2013-03-15 19:00:00+00:00,505.5315247,1.0076046
2013-03-15 20:00:00+00:00,1191.196289,1
2013-03-15 21:00:00+00:00,1069.413086,1
2013-03-15 22:00:00+00:00,498.494873,24.438095
2013-03-15 23:00:00+00:00,468.8969116,1.0018761
2013-03-16 00:00:00+00:00,247.9583282,1
2013-03-16 01:00:00+00:00,198.6487885,1
2013-03-16 02:00:00+00:00,186.9495697,1
2013-03-16 03:00:00+00:00,206.4564514,1
2013-03-16 04:00:00+00:00,212.8479004,1.0037383
2013-03-16 05:00:00+00:00,182.5500031,1
2013-03-16 06:00:00+00:00,202.230896,1
2013-03-16 07:00:00+00:00,268.0378723,1
2013-03-16 08:00:00+00:00,362.9964905,76.66729
2013-03-16 09:00:00+00:00,634.3033447,63.521072
2013-03-16 10:00:00+00:00,273.4513855,1.003861
2013-03-16 11:00:00+00:00,384.9420166,1
2013-03-16 12:00:00+00:00,484.7303467,66.92336
2013-03-16 13:00:00+00:00,370.6830139,183.05872
2013-03-16 14:00:00+00:00,1386.20813,49.56788
2013-03-16 15:00:00+00:00,516.361084,1
2013-03-16 16:00:00+00:00,249.774704,1
2013-03-16 17:00:00+00:00,619.0302124,75.02991
2013-03-16 18:00:00+00:00,434.2125549,1.0037524
2013-03-16 19:00:00+00:00,360.6395874,43.929104
2013-03-16 20:00:00+00:00,658.6970215,47.94238
2013-03-16 21:00:00+00:00,782.5133057,1
2013-03-16 22:00:00+00:00,891.7243042,1
2013-03-16 23:00:00+00:00,203.9382477,1
2013-03-17 00:00:00+00:00,210.96875,1.0037106
2013-03-17 01:00:00+00:00,176.0175781,1
2013-03-17 02:00:00+00:00,176.0310364,1
2013-03-17 03:00:00+00:00,216.1112976,1
2013-03-17 04:00:00+00:00,171.4939117,1
2013-03-17 05:00:00+00:00,216.0987854,1
2013-03-17 06:00:00+00:00,209.078537,1.0037174
2013-03-17 07:00:00+00:00,312.8518372,71.18284
2013-03-17 08:00:00+00:00,497.9745789,41.028736
2013-03-17 09:00:00+00:00,333.9429932,1
2013-03-17 10:00:00+00:00,1089.933472,1
2013-03-17 11:00:00+00:00,1917.656738,1
2013-03-17 12:00:00+00:00,498.7697754,71.57117
2013-03-17 13:00:00+00:00,1650.011475,66.76538
2013-03-17 14:00:00+00:00,829.3001709,1
2013-03-17 15:00:00+00:00,462.9707336,63.895603
2013-03-17 16:00:00+00:00,1504.114014,93.88104
2013-03-17 17:00:00+00:00,716.3377075,43.67472
2013-03-17 18:00:00+00:00,500.7827759,1
2013-03-17 19:00:00+00:00,484.8503723,1.0076046
2013-03-17 20:00:00+00:00,735.128479,66.70522
2013-03-17 21:00:00+00:00,432.2108154,1.0018587
2013-03-17 22:00:00+00:00,222.813797,1
2013-03-17 23:00:00+00:00,200.1933289,1
2013-03-18 00:00:00+00:00,226.8678284,1
2013-03-18 01:00:00+00:00,202.6911011,1
2013-03-18 02:00:00+00:00,200.8672485,1
2013-03-18 03:00:00+00:00,203.8368073,1
2013-03-18 04:00:00+00:00,199.7050629,1
2013-03-18 05:00:00+00:00,186.7100677,1
2013-03-18 06:00:00+00:00,275.6556396,79.77757
2013-03-18 07:00:00+00:00,314.4956665,1.007435
2013-03-18 08:00:00+00:00,546.5877075,73.097824
2013-03-18 09:00:00+00:00,266.9270935,1.0035524
2013-03-18 10:00:00+00:00,219.3082275,1
2013-03-18 11:00:00+00:00,493.5729675,105.8244
2013-03-18 12:00:00+00:00,539.3446045,1
2013-03-18 13:00:00+00:00,232.1558228,1
2013-03-18 14:00:00+00:00,234.679245,1
2013-03-18 15:00:00+00:00,550.5043335,1
2013-03-18 16:00:00+00:00,623.5944824,1
2013-03-18 17:00:00+00:00,512.0772095,1
2013-03-18 18:00:00+00:00,705.8543701,167.45865
2013-03-18 19:00:00+00:00,317.7062988,1
2013-03-18 20:00:00+00:00,239.3916016,1
2013-03-18 21:00:00+00:00,570.8879395,55.035915
2013-03-18 22:00:00+00:00,367.6221924,1
2013-03-18 23:00:00+00:00,186.1611786,1
2013-03-19 00:00:00+00:00,200.8670197,1
2013-03-19 01:00:00+00:00,222.9513855,1
2013-03-19 02:00:00+00:00,178.9844513,1
2013-03-19 03:00:00+00:00,201.0642395,1
2013-03-19 04:00:00+00:00,168.6868439,1
2013-03-19 05:00:00+00:00,187.975647,1
2013-03-19 06:00:00+00:00,217.1043549,1.0037314
2013-03-19 07:00:00+00:00,1090.807861,177.23872
2013-03-19 08:00:00+00:00,897.973999,1
2013-03-19 09:00:00+00:00,546.5595093,1
2013-03-19 10:00:00+00:00,793.6467285,125.6203
2013-03-19 11:00:00+00:00,396.684845,23.229166
2013-03-19 12:00:00+00:00,201.9792328,1
2013-03-19 13:00:00+00:00,227.1567993,0.9978448
2013-03-19 14:00:00+00:00,406.6695557,1.0037174
2013-03-19 15:00:00+00:00,235.4366455,1
2013-03-19 16:00:00+00:00,294.3754272,1
2013-03-19 17:00:00+00:00,493.9628296,1
2013-03-19 18:00:00+00:00,803.8729858,110.255684
2013-03-19 19:00:00+00:00,306.1478271,1
2013-03-19 20:00:00+00:00,236.0795898,1
2013-03-19 21:00:00+00:00,434.1037598,1
2013-03-19 22:00:00+00:00,216.979126,1
2013-03-19 23:00:00+00:00,181.4766083,1
2013-03-20 00:00:00+00:00,206.6412506,1
2013-03-20 01:00:00+00:00,176.0456085,1
2013-03-20 02:00:00+00:00,172.2844696,1
2013-03-20 03:00:00+00:00,217.6339722,1
2013-03-20 04:00:00+00:00,171.5709229,1
2013-03-20 05:00:00+00:00,177.4494781,1
2013-03-20 06:00:00+00:00,229.8013763,1
2013-03-20 07:00:00+00:00,881.0561523,155.94173
2013-03-20 08:00:00+00:00,560.3214722,1
2013-03-20 09:00:00+00:00,384.1579895,1
2013-03-20 10:00:00+00:00,354.8057556,1.0037453
2013-03-20 11:00:00+00:00,513.2259521,91.81301
2013-03-20 12:00:00+00:00,443.3881226,63.36832
2013-03-20 13:00:00+00:00,221.4624634,1
2013-03-20 14:00:00+00:00,299.2162781,79.14616
2013-03-20 15:00:00+00:00,336.7735901,1
2013-03-20 16:00:00+00:00,254.0961609,1
2013-03-20 17:00:00+00:00,421.0878601,90.04414
2013-03-20 18:00:00+00:00,729.3549194,1
2013-03-20 19:00:00+00:00,347.828064,1
2013-03-20 20:00:00+00:00,609.4852295,1.0036167
2013-03-20 21:00:00+00:00,570.9458008,1.0036167
2013-03-20 22:00:00+00:00,500.1008606,1
2013-03-20 23:00:00+00:00,339.5244751,1
2013-03-21 00:00:00+00:00,197.7320557,1
2013-03-21 01:00:00+00:00,229.4238129,1
2013-03-21 02:00:00+00:00,207.1603394,1
2013-03-21 03:00:00+00:00,186.9237366,1
2013-03-21 04:00:00+00:00,233.8091125,1
2013-03-21 05:00:00+00:00,182.1463013,1.0076629
2013-03-21 06:00:00+00:00,217.61026,1
2013-03-21 07:00:00+00:00,338.7922668,96.48944
2013-03-21 08:00:00+00:00,477.5609436,1
2013-03-21 09:00:00+00:00,584.0182495,124.94313
2013-03-21 10:00:00+00:00,389.1229858,1
2013-03-21 11:00:00+00:00,0,1
2013-03-21 12:00:00+00:00,0,1
2013-03-21 13:00:00+00:00,396.4590149,1
2013-03-21 14:00:00+00:00,1039.429443,156.63818
2013-03-21 15:00:00+00:00,766.5363159,1.0017953
2013-03-21 16:00:00+00:00,1139.186401,1.0037174
2013-03-21 17:00:00+00:00,740.0436401,84.8833
2013-03-21 18:00:00+00:00,593.921875,1
2013-03-21 19:00:00+00:00,506.2169189,103.3638
2013-03-21 20:00:00+00:00,678.8709106,1
2013-03-21 21:00:00+00:00,514.2547607,1.0072727
2013-03-21 22:00:00+00:00,680.0905762,1
2013-03-21 23:00:00+00:00,940.8551025,1
2013-03-22 00:00:00+00:00,257.065033,1.0018148
2013-03-22 01:00:00+00:00,284.0104675,1
2013-03-22 02:00:00+00:00,266.9776917,1
2013-03-22 03:00:00+00:00,305.5672913,1
2013-03-22 04:00:00+00:00,299.5512085,1
2013-03-22 05:00:00+00:00,271.1539612,1.0072333
2013-03-22 06:00:00+00:00,306.6283875,1
2013-03-22 07:00:00+00:00,585.1812134,87.687164
2013-03-22 08:00:00+00:00,462.3167725,1
2013-03-22 09:00:00+00:00,554.8972168,104.38113
2013-03-22 10:00:00+00:00,414.8942871,1
2013-03-22 11:00:00+00:00,477.495636,87.073784
2013-03-22 12:00:00+00:00,275.4527893,1
2013-03-22 13:00:00+00:00,239.3304443,1
2013-03-22 14:00:00+00:00,211.4208679,1
2013-03-22 15:00:00+00:00,258.4607239,1
2013-03-22 16:00:00+00:00,452.5275269,77.70192
2013-03-22 17:00:00+00:00,545.5837402,1
2013-03-22 18:00:00+00:00,1600.585571,118.09002
2013-03-22 19:00:00+00:00,591.1517334,1.0077369
2013-03-22 20:00:00+00:00,400.1055298,1
2013-03-22 21:00:00+00:00,560.8878784,1.0074074
2013-03-22 22:00:00+00:00,485.8013916,1
2013-03-22 23:00:00+00:00,309.9350891,1.0076923
2013-03-23 00:00:00+00:00,237.3170776,1.0076629
2013-03-23 01:00:00+00:00,184.9806061,1
2013-03-23 02:00:00+00:00,197.1989594,1
2013-03-23 03:00:00+00:00,191.5482788,1
2013-03-23 04:00:00+00:00,199.7873077,1
2013-03-23 05:00:00+00:00,204.5667877,1
2013-03-23 06:00:00+00:00,237.3412628,1
2013-03-23 07:00:00+00:00,422.199646,90.40883
2013-03-23 08:00:00+00:00,544.6942139,1
2013-03-23 09:00:00+00:00,281.1754456,1
2013-03-23 10:00:00+00:00,221.9357605,1.0038462
2013-03-23 11:00:00+00:00,265.3590088,1.0039448
2013-03-23 12:00:00+00:00,241.9683075,1
2013-03-23 13:00:00+00:00,233.6000061,1
2013-03-23 14:00:00+00:00,221.3726196,1
2013-03-23 15:00:00+00:00,242.2189636,1
2013-03-23 16:00:00+00:00,401.7789612,147.89433
2013-03-23 17:00:00+00:00,701.8652954,1
2013-03-23 18:00:00+00:00,562.4100342,1.0076776
2013-03-23 19:00:00+00:00,1181.510254,1
2013-03-23 20:00:00+00:00,591.1010742,1.0039062
2013-03-23 21:00:00+00:00,445.6572876,1
2013-03-23 22:00:00+00:00,293.7341614,1
2013-03-23 23:00:00+00:00,210.649826,1.0076923
2013-03-24 00:00:00+00:00,227.1989594,1
2013-03-24 01:00:00+00:00,206.901886,1
2013-03-24 02:00:00+00:00,178.7333374,1
2013-03-24 03:00:00+00:00,206.8945618,1
2013-03-24 04:00:00+00:00,181.4227448,1
2013-03-24 05:00:00+00:00,193.133667,1
2013-03-24 06:00:00+00:00,235.6300659,1
2013-03-24 07:00:00+00:00,298.5445251,41.80192
2013-03-24 08:00:00+00:00,488.8719788,32.69423
2013-03-24 09:00:00+00:00,677.4006958,49.84542
2013-03-24 10:00:00+00:00,248.8441772,1.0076629
2013-03-24 11:00:00+00:00,349.7269592,81.35328
2013-03-24 12:00:00+00:00,804.3533325,105.515564
2013-03-24 13:00:00+00:00,312.2539063,1
2013-03-24 14:00:00+00:00,1097.113281,1
2013-03-24 15:00:00+00:00,724.6029053,1
2013-03-24 16:00:00+00:00,308.2733459,0.9980806
2013-03-24 17:00:00+00:00,340.3782043,1
2013-03-24 18:00:00+00:00,543.6859131,1
2013-03-24 19:00:00+00:00,453.29776,1
2013-03-24 20:00:00+00:00,392.0445251,1
2013-03-24 21:00:00+00:00,563.1333618,1
2013-03-24 22:00:00+00:00,600.2889404,1
2013-03-24 23:00:00+00:00,842.2543335,1
2013-03-25 00:00:00+00:00,838.3460083,1.0038388
2013-03-25 01:00:00+00:00,213.4559326,1
2013-03-25 02:00:00+00:00,180.7589111,1
2013-03-25 03:00:00+00:00,173.8969574,1
2013-03-25 04:00:00+00:00,207.4080963,1
2013-03-25 05:00:00+00:00,202.210434,1
2013-03-25 06:00:00+00:00,317.1730957,1
2013-03-25 07:00:00+00:00,461.95578,70.093864
2013-03-25 08:00:00+00:00,565.2254639,84.71892
2013-03-25 09:00:00+00:00,427.5925293,1.0071943
2013-03-25 10:00:00+00:00,351.8818359,114.440384
2013-03-25 11:00:00+00:00,334.8512878,1
2013-03-25 12:00:00+00:00,248.3614502,1
2013-03-25 13:00:00+00:00,231.9532013,1
2013-03-25 14:00:00+00:00,218.4672394,1
2013-03-25 15:00:00+00:00,292.3506165,1.0078895
2013-03-25 16:00:00+00:00,842.140625,146.10516
2013-03-25 17:00:00+00:00,650.2640991,1
2013-03-25 18:00:00+00:00,835.2106934,1
2013-03-25 19:00:00+00:00,517.6342773,1
2013-03-25 20:00:00+00:00,507.8431091,1
2013-03-25 21:00:00+00:00,420.171875,1
2013-03-25 22:00:00+00:00,651.8662109,1.0037524
2013-03-25 23:00:00+00:00,185.4335022,1.0038241
2013-03-26 00:00:00+00:00,194.10672,1
2013-03-26 01:00:00+00:00,184.0907593,1
2013-03-26 02:00:00+00:00,192.9777069,1
2013-03-26 03:00:00+00:00,185.3361969,1
2013-03-26 04:00:00+00:00,189.9778595,1
2013-03-26 05:00:00+00:00,166.0355377,1
2013-03-26 06:00:00+00:00,237.4283295,1
2013-03-26 07:00:00+00:00,966.7657471,158.6855
2013-03-26 08:00:00+00:00,332.165802,1.0038685
2013-03-26 09:00:00+00:00,311.5603333,1
2013-03-26 10:00:00+00:00,261.5378113,1.0038314
2013-03-26 11:00:00+00:00,451.0654907,123.62235
2013-03-26 12:00:00+00:00,275.2706604,57.113243
2013-03-26 13:00:00+00:00,512.9188843,88.85521
2013-03-26 14:00:00+00:00,399.7666626,1
2013-03-26 15:00:00+00:00,1133.324829,1
2013-03-26 16:00:00+00:00,726.0321045,1.0038462
2013-03-26 17:00:00+00:00,722.1260986,119.97769
2013-03-26 18:00:00+00:00,760.5214233,1
2013-03-26 19:00:00+00:00,501.5843506,1
2013-03-26 20:00:00+00:00,667.8918457,62.953007
2013-03-26 21:00:00+00:00,535.2062378,1
2013-03-26 22:00:00+00:00,789.6190186,1
2013-03-26 23:00:00+00:00,789.3369141,1
2013-03-27 00:00:00+00:00,407.4595032,1.003861
2013-03-27 01:00:00+00:00,237.2993011,1.0038241
2013-03-27 02:00:00+00:00,220.8152008,1
2013-03-27 03:00:00+00:00,206.4429321,1.0038168
2013-03-27 04:00:00+00:00,218.3514404,1.0038168
2013-03-27 05:00:00+00:00,204.2796631,1
2013-03-27 06:00:00+00:00,212.0961151,1
2013-03-27 07:00:00+00:00,233.4865265,1.0076336
2013-03-27 08:00:00+00:00,540.9750366,46.07061
2013-03-27 09:00:00+00:00,587.3641357,79.44853
2013-03-27 10:00:00+00:00,429.2297058,1.0072072
2013-03-27 11:00:00+00:00,405.4670105,1
2013-03-27 12:00:00+00:00,410,1
2013-03-27 13:00:00+00:00,537.0338135,1
2013-03-27 14:00:00+00:00,371.9746094,1
2013-03-27 15:00:00+00:00,367.5376587,1.0035778
2013-03-27 16:00:00+00:00,480.3539429,107.3125
2013-03-27 17:00:00+00:00,1268.006958,77.4072
2013-03-27 18:00:00+00:00,998.1073608,1
2013-03-27 19:00:00+00:00,408.3902588,1
2013-03-27 20:00:00+00:00,321.8118591,1
2013-03-27 21:00:00+00:00,352.6465454,1
2013-03-27 22:00:00+00:00,529,1
2013-03-27 23:00:00+00:00,299.3745728,1
2013-03-28 00:00:00+00:00,184.6842957,1
2013-03-28 01:00:00+00:00,194.2329865,1
2013-03-28 02:00:00+00:00,188.503418,1
2013-03-28 03:00:00+00:00,187.7208099,1
2013-03-28 04:00:00+00:00,198.8172607,1
2013-03-28 05:00:00+00:00,184.7521057,1
2013-03-28 06:00:00+00:00,201.2525177,1.0038168
2013-03-28 07:00:00+00:00,284.1346741,1
2013-03-28 08:00:00+00:00,806.7785645,108.71346
2013-03-28 09:00:00+00:00,461.0769348,1.0036631
2013-03-28 10:00:00+00:00,390.0923157,1
2013-03-28 11:00:00+00:00,444.5166321,1
2013-03-28 12:00:00+00:00,469.1135864,105.87276
2013-03-28 13:00:00+00:00,305.7132874,1
2013-03-28 14:00:00+00:00,368.6568604,1
2013-03-28 15:00:00+00:00,483.8225098,1
2013-03-28 16:00:00+00:00,512.3721313,86.365456
2013-03-28 17:00:00+00:00,767.6027832,87.20615
2013-03-28 18:00:00+00:00,778.473877,1
2013-03-28 19:00:00+00:00,568.5925903,1
2013-03-28 20:00:00+00:00,1836.474609,84.34846
2013-03-28 21:00:00+00:00,779.1531372,1
2013-03-28 22:00:00+00:00,432.2760315,1
2013-03-28 23:00:00+00:00,286.3110657,1
2013-03-29 00:00:00+00:00,242.3834229,1
2013-03-29 01:00:00+00:00,246.0120239,1
2013-03-29 02:00:00+00:00,242.8871765,1
2013-03-29 03:00:00+00:00,243.8634796,1.0036167
2013-03-29 04:00:00+00:00,242.5085297,1
2013-03-29 05:00:00+00:00,240.0135651,1
2013-03-29 06:00:00+00:00,527.3795166,81.24729
2013-03-29 07:00:00+00:00,431.8820496,57.764706
2013-03-29 08:00:00+00:00,235.9290466,1
2013-03-29 09:00:00+00:00,214.9932098,1.007767
2013-03-29 10:00:00+00:00,216.9537659,1.0019493
2013-03-29 11:00:00+00:00,218.8181763,1
2013-03-29 12:00:00+00:00,255.109024,1
2013-03-29 13:00:00+00:00,229.4363403,1
2013-03-29 14:00:00+00:00,181.0101471,1
2013-03-29 15:00:00+00:00,206.0304565,1
2013-03-29 16:00:00+00:00,181.2148895,1
2013-03-29 17:00:00+00:00,189.2407379,1.0038685
2013-03-29 18:00:00+00:00,211.889267,1
2013-03-29 19:00:00+00:00,239.776474,1
2013-03-29 20:00:00+00:00,228.1979828,1
2013-03-29 21:00:00+00:00,202.3350067,1
2013-03-29 22:00:00+00:00,188.6917877,1
2013-03-29 23:00:00+00:00,179.085434,1
2013-03-30 00:00:00+00:00,190.2046967,1
2013-03-30 01:00:00+00:00,176.3053741,1
2013-03-30 02:00:00+00:00,186.3943024,1
2013-03-30 03:00:00+00:00,227.1210022,1.0135659
2013-03-30 04:00:00+00:00,173.6178436,1.0077369
2013-03-30 05:00:00+00:00,177.7478943,1
2013-03-30 06:00:00+00:00,206.3411713,1
2013-03-30 07:00:00+00:00,231.0521851,1.0038986
2013-03-30 08:00:00+00:00,188.4873962,1
2013-03-30 09:00:00+00:00,200.5286255,1
2013-03-30 10:00:00+00:00,208.1512604,1
2013-03-30 11:00:00+00:00,192.2302551,1
2013-03-30 12:00:00+00:00,180.7176514,1.0077071
2013-03-30 13:00:00+00:00,205.8386536,1
2013-03-30 14:00:00+00:00,185.9074097,1
2013-03-30 15:00:00+00:00,190.1647034,1.0038462
2013-03-30 16:00:00+00:00,180.9815063,1
2013-03-30 17:00:00+00:00,246.959671,1.0077972
2013-03-30 18:00:00+00:00,202.1902313,1
2013-03-30 19:00:00+00:00,185.3956299,1
2013-03-30 20:00:00+00:00,207.5260468,1
2013-03-30 21:00:00+00:00,179.4215851,1
2013-03-30 22:00:00+00:00,187.5505066,1
2013-03-30 23:00:00+00:00,178.417511,1.0038835
2013-03-31 00:00:00+00:00,193.764801,1.0038986
2013-03-31 01:00:00+00:00,176.5656586,1
2013-03-31 02:00:00+00:00,171.9780731,1
2013-03-31 03:00:00+00:00,169.2411499,1
2013-03-31 04:00:00+00:00,196.2144012,1
2013-03-31 05:00:00+00:00,177.7719574,1
2013-03-31 06:00:00+00:00,175.2276611,1.003861
2013-03-31 07:00:00+00:00,178.9915466,1
2013-03-31 08:00:00+00:00,236.2765656,1
2013-03-31 09:00:00+00:00,237.4189148,1
2013-03-31 10:00:00+00:00,182.8718414,1
2013-03-31 11:00:00+00:00,182.0505829,1
2013-03-31 12:00:00+00:00,197.0437775,1.003876
2013-03-31 13:00:00+00:00,173.8013458,1
2013-03-31 14:00:00+00:00,177.0336761,1
2013-03-31 15:00:00+00:00,188.1045532,1
2013-03-31 16:00:00+00:00,197.8313599,1.0077071
2013-03-31 17:00:00+00:00,187.0573425,1
2013-03-31 18:00:00+00:00,177.1655426,1
2013-03-31 19:00:00+00:00,187.4080963,1
2013-03-31 20:00:00+00:00,211.9543915,1
2013-03-31 21:00:00+00:00,174.9662781,1
2013-03-31 22:00:00+00:00,187.3598022,1
2013-03-31 23:00:00+00:00,231.0876923,1
2013-04-01 00:00:00+00:00,170.3327637,1
2013-04-01 01:00:00+00:00,190.0202637,1
2013-04-01 02:00:00+00:00,176.3598022,1
2013-04-01 03:00:00+00:00,175.7026978,1
2013-04-01 04:00:00+00:00,174.9390869,1
2013-04-01 05:00:00+00:00,187.6429749,1
2013-04-01 06:00:00+00:00,178.5042267,1
2013-04-01 07:00:00+00:00,181.0693665,1
2013-04-01 08:00:00+00:00,188.2355957,1
2013-04-01 09:00:00+00:00,181.6615906,1.0077071
2013-04-01 10:00:00+00:00,197.4186401,1
2013-04-01 11:00:00+00:00,179.8186493,1.0115607
2013-04-01 12:00:00+00:00,193.4500885,1
2013-04-01 13:00:00+00:00,226.7779694,1.0038986
2013-04-01 14:00:00+00:00,221.4771576,1
2013-04-01 15:00:00+00:00,234.1302948,1.0038388
2013-04-01 16:00:00+00:00,209.7208099,1
2013-04-01 17:00:00+00:00,196.9256744,1
2013-04-01 18:00:00+00:00,175.9254303,1
2013-04-01 19:00:00+00:00,203.9338989,1
2013-04-01 20:00:00+00:00,927.2156982,0.99242425
2013-04-01 21:00:00+00:00,587.8389893,1.0037665
2013-04-01 22:00:00+00:00,259.6914063,1
2013-04-01 23:00:00+00:00,227.6329956,1
2013-04-02 00:00:00+00:00,241.6363678,1
2013-04-02 01:00:00+00:00,195.3743744,1
2013-04-02 02:00:00+00:00,201.4302521,1
2013-04-02 03:00:00+00:00,218.9579163,1
2013-04-02 04:00:00+00:00,222.9040375,1
2013-04-02 05:00:00+00:00,231.3848724,1
2013-04-02 06:00:00+00:00,360.4696045,54.235405
2013-04-02 07:00:00+00:00,621.6308594,64.14015
2013-04-02 08:00:00+00:00,1070.744629,1
2013-04-02 09:00:00+00:00,956.8010254,1
2013-04-02 10:00:00+00:00,257.3153381,1
2013-04-02 11:00:00+00:00,478.9338989,71.172745
2013-04-02 12:00:00+00:00,574.8848877,1.0038241
2013-04-02 13:00:00+00:00,1224.270752,1.0038685
2013-04-02 14:00:00+00:00,414.975769,1
2013-04-02 15:00:00+00:00,258.8296509,1.0038314
2013-04-02 16:00:00+00:00,646.2147827,113.67626
2013-04-02 17:00:00+00:00,556.409729,91.667915
2013-04-02 18:00:00+00:00,652.8825684,156.69022
2013-04-02 19:00:00+00:00,688.7530518,1
2013-04-02 20:00:00+00:00,627.5129395,1.0072595
2013-04-02 21:00:00+00:00,563.715271,1
2013-04-02 22:00:00+00:00,348.2913818,1.003643
2013-04-02 23:00:00+00:00,311.318573,1
2013-04-03 00:00:00+00:00,169.1054382,1
2013-04-03 01:00:00+00:00,168.446701,1.0076336
2013-04-03 02:00:00+00:00,181.0760193,1
2013-04-03 03:00:00+00:00,204.3170319,1
2013-04-03 04:00:00+00:00,180.2873993,1
2013-04-03 05:00:00+00:00,203.2953033,1
2013-04-03 06:00:00+00:00,212.8050385,1
2013-04-03 07:00:00+00:00,442.4553223,112.429115
2013-04-03 08:00:00+00:00,510.096283,1
2013-04-03 09:00:00+00:00,381.2554932,1
2013-04-03 10:00:00+00:00,1085.182617,90.70758
2013-04-03 11:00:00+00:00,860.81604,1.0036167
2013-04-03 12:00:00+00:00,719.7185059,141.05673
2013-04-03 13:00:00+00:00,607.4827271,52.57371
2013-04-03 14:00:00+00:00,513.6239014,1
2013-04-03 15:00:00+00:00,547.7841187,1.0070796
2013-04-03 16:00:00+00:00,747.4440308,137.09584
2013-04-03 17:00:00+00:00,985.9661255,124.390656
2013-04-03 18:00:00+00:00,2371.422607,5.61753
2013-04-03 19:00:00+00:00,873.140625,1
2013-04-03 20:00:00+00:00,530.0819092,1
2013-04-03 21:00:00+00:00,772.9854126,1.003891
2013-04-03 22:00:00+00:00,933.8641968,1
2013-04-03 23:00:00+00:00,167.251297,1
2013-04-04 00:00:00+00:00,191.0559387,1
2013-04-04 01:00:00+00:00,168.0086365,1
2013-04-04 02:00:00+00:00,184.0823364,1
2013-04-04 03:00:00+00:00,167.0630341,1.0038388
2013-04-04 04:00:00+00:00,165.4064026,1
2013-04-04 05:00:00+00:00,228.8327637,1.0039139
2013-04-04 06:00:00+00:00,207.4401398,1
2013-04-04 07:00:00+00:00,461.8362427,122.44071
2013-04-04 08:00:00+00:00,712.1655273,1
2013-04-04 09:00:00+00:00,359.4338074,1.0072072
2013-04-04 10:00:00+00:00,367.394043,1
2013-04-04 11:00:00+00:00,586.9529419,82.35432
2013-04-04 12:00:00+00:00,759.0498047,99.54513
2013-04-04 13:00:00+00:00,645.5652466,1
2013-04-04 14:00:00+00:00,405.293396,1.0035971
2013-04-04 15:00:00+00:00,392.0939026,1.003795
2013-04-04 16:00:00+00:00,703.257019,1
2013-04-04 17:00:00+00:00,754.324707,83.4425
2013-04-04 18:00:00+00:00,469.9094238,1
2013-04-04 19:00:00+00:00,575.550293,1
2013-04-04 20:00:00+00:00,510.4477844,1
2013-04-04 21:00:00+00:00,291.2957764,1
2013-04-04 22:00:00+00:00,219.8617096,1.0076776
2013-04-04 23:00:00+00:00,229.1095581,1
2013-04-05 00:00:00+00:00,182.2391663,1.0038314
2013-04-05 01:00:00+00:00,221.1166382,1
2013-04-05 02:00:00+00:00,196.3373108,1
2013-04-05 03:00:00+00:00,188.827652,1
2013-04-05 04:00:00+00:00,303.6027222,1
2013-04-05 05:00:00+00:00,465.3259888,1.0076923
2013-04-05 06:00:00+00:00,508.3373413,1
2013-04-05 07:00:00+00:00,567.2727051,91.50995
2013-04-05 08:00:00+00:00,474.2919617,51.967625
2013-04-05 09:00:00+00:00,370.8541565,1
2013-04-05 10:00:00+00:00,434.0456848,1
2013-04-05 11:00:00+00:00,576.0180054,205.68115
2013-04-05 12:00:00+00:00,417.9895325,57.049004
2013-04-05 13:00:00+00:00,397.1234741,1
2013-04-05 14:00:00+00:00,437.803833,1
2013-04-05 15:00:00+00:00,370.7150574,1
2013-04-05 16:00:00+00:00,506.0881958,83.568016
2013-04-05 17:00:00+00:00,294.3079529,1.0076776
2013-04-05 18:00:00+00:00,972.128418,1
2013-04-05 19:00:00+00:00,759.7620239,1
2013-04-05 20:00:00+00:00,466.6349487,1
2013-04-05 21:00:00+00:00,705.0796509,1
2013-04-05 22:00:00+00:00,537.5706787,1
2013-04-05 23:00:00+00:00,733.3070068,1
2013-04-06 00:00:00+00:00,169.7377625,1
2013-04-06 01:00:00+00:00,179.1328735,1
2013-04-06 02:00:00+00:00,206.5595856,1
2013-04-06 03:00:00+00:00,166.4344788,1
2013-04-06 04:00:00+00:00,220.8108978,1
2013-04-06 05:00:00+00:00,228.8000031,1
2013-04-06 06:00:00+00:00,166.1016998,1
2013-04-06 07:00:00+00:00,201.0406036,1
2013-04-06 08:00:00+00:00,446.7113342,149.19498
2013-04-06 09:00:00+00:00,377.8677368,1
2013-04-06 10:00:00+00:00,550.9981689,0.9978678
2013-04-06 11:00:00+00:00,228.4642181,1.007752
2013-04-06 12:00:00+00:00,240.3139343,1
2013-04-06 13:00:00+00:00,215.9407654,1.0114722
2013-04-06 14:00:00+00:00,375.0106506,73.21346
2013-04-06 15:00:00+00:00,264.7964172,1
2013-04-06 16:00:00+00:00,411.3166504,54.252407
2013-04-06 17:00:00+00:00,424.8556213,1.0038536
2013-04-06 18:00:00+00:00,266.6851196,1
2013-04-06 19:00:00+00:00,567.4325562,1.0039062
2013-04-06 20:00:00+00:00,503.2904358,1
2013-04-06 21:00:00+00:00,430.2714539,1.0077369
2013-04-06 22:00:00+00:00,255.0470428,1
2013-04-06 23:00:00+00:00,188.4506073,1
2013-04-07 00:00:00+00:00,195.3817902,1
2013-04-07 01:00:00+00:00,210.744751,1
2013-04-07 02:00:00+00:00,179.9564514,1.0076923
2013-04-07 03:00:00+00:00,197.0017242,1
2013-04-07 04:00:00+00:00,185.3230286,1
2013-04-07 05:00:00+00:00,247.7688293,1
2013-04-07 06:00:00+00:00,223.4048462,1.0076923
2013-04-07 07:00:00+00:00,410.2052612,105.46911
2013-04-07 08:00:00+00:00,316.0851135,0.9980769
2013-04-07 09:00:00+00:00,406.834259,86.19536
2013-04-07 10:00:00+00:00,260.3758545,1
2013-04-07 11:00:00+00:00,255.0401459,1
2013-04-07 12:00:00+00:00,258.0814514,1
2013-04-07 13:00:00+00:00,233.9982758,1
2013-04-07 14:00:00+00:00,352.7330933,67.2846
2013-04-07 15:00:00+00:00,1579.620239,5.4913297
2013-04-07 16:00:00+00:00,493.2831116,64.27573
2013-04-07 17:00:00+00:00,433.0282593,54.88566
2013-04-07 18:00:00+00:00,332.7651062,1
2013-04-07 19:00:00+00:00,485.1864014,1.0098425
2013-04-07 20:00:00+00:00,432.8869629,1
2013-04-07 21:00:00+00:00,414.7110596,1
2013-04-07 22:00:00+00:00,271.0989685,1
2013-04-07 23:00:00+00:00,236.9388123,1
2013-04-08 00:00:00+00:00,252.1965179,1.0038685
2013-04-08 01:00:00+00:00,277.3702393,1
2013-04-08 02:00:00+00:00,272.2106934,1
2013-04-08 03:00:00+00:00,231.4350128,1
2013-04-08 04:00:00+00:00,250.6821289,1
2013-04-08 05:00:00+00:00,267.0171814,1
2013-04-08 06:00:00+00:00,508.5507202,128.34363
2013-04-08 07:00:00+00:00,1238.611816,1
2013-04-08 08:00:00+00:00,667.5203857,1.0071943
2013-04-08 09:00:00+00:00,399.6098328,1
2013-04-08 10:00:00+00:00,401.5714417,1
2013-04-08 11:00:00+00:00,420.2714539,1
2013-04-08 12:00:00+00:00,513.9329834,120.969315
2013-04-08 13:00:00+00:00,1654.990845,1.0072072
2013-04-08 14:00:00+00:00,983.7886353,1
2013-04-08 15:00:00+00:00,836.6321411,60.860252
2013-04-08 16:00:00+00:00,592.5836182,70.49907
2013-04-08 17:00:00+00:00,616.8308716,1.007722
2013-04-08 18:00:00+00:00,2316.439941,168.492
2013-04-08 19:00:00+00:00,710.7580566,1
2013-04-08 20:00:00+00:00,512.0682983,1
2013-04-08 21:00:00+00:00,403.461792,1.0076776
2013-04-08 22:00:00+00:00,187.0103607,1
2013-04-08 23:00:00+00:00,196.8434753,1
2013-04-09 00:00:00+00:00,177.0824585,1
2013-04-09 01:00:00+00:00,190.0855103,1.0038241
2013-04-09 02:00:00+00:00,192.5371094,1
2013-04-09 03:00:00+00:00,187.1497345,1
2013-04-09 04:00:00+00:00,171.9554749,1.0038241
2013-04-09 05:00:00+00:00,224.6523285,1.0076336
2013-04-09 06:00:00+00:00,231.1260834,1
2013-04-09 07:00:00+00:00,270.6574402,1
2013-04-09 08:00:00+00:00,647.1115112,132.92206
2013-04-09 09:00:00+00:00,451.8765259,1.0036232
2013-04-09 10:00:00+00:00,359.8598938,1.0072464
2013-04-09 11:00:00+00:00,557.1010742,70.13636
2013-04-09 12:00:00+00:00,472.1459351,67.74291
2013-04-09 13:00:00+00:00,395.5355225,1
2013-04-09 14:00:00+00:00,444.1724854,57.589596
2013-04-09 15:00:00+00:00,495.6223755,1
2013-04-09 16:00:00+00:00,669.0527954,84.69531
2013-04-09 17:00:00+00:00,456.6105347,1
2013-04-09 18:00:00+00:00,300.5218201,1
2013-04-09 19:00:00+00:00,394.1256409,1
2013-04-09 20:00:00+00:00,529.588623,173.39215
2013-04-09 21:00:00+00:00,580.3730469,1
2013-04-09 22:00:00+00:00,224.183075,1.001912
2013-04-09 23:00:00+00:00,206.03125,1
2013-04-10 00:00:00+00:00,207.6372986,1
2013-04-10 01:00:00+00:00,201.23703,1.0038388
2013-04-10 02:00:00+00:00,183.9371796,1.0039062
2013-04-10 03:00:00+00:00,219.3530426,1.0038314
2013-04-10 04:00:00+00:00,183.6232605,1
2013-04-10 05:00:00+00:00,226.8200989,1.0038388
2013-04-10 06:00:00+00:00,227.4204102,1
2013-04-10 07:00:00+00:00,565.4448242,124.390045
2013-04-10 08:00:00+00:00,312.1899719,1
2013-04-10 09:00:00+00:00,431.0731812,1.0018182
2013-04-10 10:00:00+00:00,450.2162781,1
2013-04-10 11:00:00+00:00,603.3581543,136.52515
2013-04-10 12:00:00+00:00,312.8361816,1
2013-04-10 13:00:00+00:00,296.6563721,1.0038685
2013-04-10 14:00:00+00:00,234.6216278,1
2013-04-10 15:00:00+00:00,262.5500793,1
2013-04-10 16:00:00+00:00,240.7108459,1
2013-04-10 17:00:00+00:00,351.247345,1
2013-04-10 18:00:00+00:00,209.890625,1
2013-04-10 19:00:00+00:00,542.8010864,72.818184
2013-04-10 20:00:00+00:00,365.1254272,1
2013-04-10 21:00:00+00:00,692.802124,82.25
2013-04-10 22:00:00+00:00,680.6759033,1
2013-04-10 23:00:00+00:00,841.6134033,1
2013-04-11 00:00:00+00:00,186.4487,1
2013-04-11 01:00:00+00:00,177.6141815,1
2013-04-11 02:00:00+00:00,203.7329865,1
2013-04-11 03:00:00+00:00,230.9598541,1
2013-04-11 04:00:00+00:00,185.41362,1
2013-04-11 05:00:00+00:00,199.8930969,1.0038685
2013-04-11 06:00:00+00:00,234.7460632,1
2013-04-11 07:00:00+00:00,764.845459,84.3902
2013-04-11 08:00:00+00:00,499.3466187,1
2013-04-11 09:00:00+00:00,586.1535645,71.80214
2013-04-11 10:00:00+00:00,517.1393433,22.165775
2013-04-11 11:00:00+00:00,668.7816162,80.86786
2013-04-11 12:00:00+00:00,510.7469788,91.25771
2013-04-11 13:00:00+00:00,339.3174744,1.0072464
2013-04-11 14:00:00+00:00,450.6166992,1.0150943
2013-04-11 15:00:00+00:00,437.2047729,1
2013-04-11 16:00:00+00:00,440.2495422,54.314392
2013-04-11 17:00:00+00:00,0,54.314392
2013-04-11 18:00:00+00:00,0,54.314392
2013-04-11 19:00:00+00:00,596.9440918,1.0045558
2013-04-11 20:00:00+00:00,427.2538452,1
2013-04-11 21:00:00+00:00,416.7320862,1
2013-04-11 22:00:00+00:00,232.6218109,1
2013-04-11 23:00:00+00:00,176.2739716,1
2013-04-12 00:00:00+00:00,183.9400635,1.004
2013-04-12 01:00:00+00:00,177.34729,1
2013-04-12 02:00:00+00:00,191.4155121,1
2013-04-12 03:00:00+00:00,183.7076111,1
2013-04-12 04:00:00+00:00,170.2872009,1
2013-04-12 05:00:00+00:00,215.1652374,1.0041237
2013-04-12 06:00:00+00:00,231.172287,88.15195
2013-04-12 07:00:00+00:00,517.8892822,84.073555
2013-04-12 08:00:00+00:00,405.0714417,1.0072203
2013-04-12 09:00:00+00:00,417.750885,64.05556
2013-04-12 10:00:00+00:00,260.746521,1.0039761
2013-04-12 11:00:00+00:00,245.757843,1.004016
2013-04-12 12:00:00+00:00,227.5507813,1
2013-04-12 13:00:00+00:00,263.4974365,1
2013-04-12 14:00:00+00:00,198.3730774,1
2013-04-12 15:00:00+00:00,324.7589722,1.0040241
2013-04-12 16:00:00+00:00,499.3570251,1
2013-04-12 17:00:00+00:00,1217.020386,53.49091
2013-04-12 18:00:00+00:00,664.5152588,1
2013-04-12 19:00:00+00:00,379.7999878,1
2013-04-12 20:00:00+00:00,651.5548096,1.0076629
2013-04-12 21:00:00+00:00,302.728363,1
2013-04-12 22:00:00+00:00,225.9501648,1.0040241
2013-04-12 23:00:00+00:00,236.012085,1
2013-04-13 00:00:00+00:00,196.365387,1
2013-04-13 01:00:00+00:00,170.8522339,1.0040984
2013-04-13 02:00:00+00:00,179.8973846,1
2013-04-13 03:00:00+00:00,168.7909393,1
2013-04-13 04:00:00+00:00,201.7306366,1
2013-04-13 05:00:00+00:00,194.3797913,1
2013-04-13 06:00:00+00:00,173.0192719,1
2013-04-13 07:00:00+00:00,538.7490845,72.24297
2013-04-13 08:00:00+00:00,347.0830383,1.0040323
2013-04-13 09:00:00+00:00,931.1992798,1.0039761
2013-04-13 10:00:00+00:00,638.8112183,1.0079681
2013-04-13 11:00:00+00:00,478.5767212,1
2013-04-13 12:00:00+00:00,1012.027344,83.10097
2013-04-13 13:00:00+00:00,307.0971069,1
2013-04-13 14:00:00+00:00,910.5460815,1
2013-04-13 15:00:00+00:00,740.4627686,80.5
2013-04-13 16:00:00+00:00,780.0246582,173.88454
2013-04-13 17:00:00+00:00,1558.205444,0.9939759
2013-04-13 18:00:00+00:00,310.7026978,0.99800795
2013-04-13 19:00:00+00:00,419.0641785,1
2013-04-13 20:00:00+00:00,613.8119507,1
2013-04-13 21:00:00+00:00,437.1819763,1
2013-04-13 22:00:00+00:00,642.3631592,1
2013-04-13 23:00:00+00:00,811.0521851,1
2013-04-14 00:00:00+00:00,189.1694946,1
2013-04-14 01:00:00+00:00,189.4940796,1
2013-04-14 02:00:00+00:00,186.752121,1.003992
2013-04-14 03:00:00+00:00,181.2901001,1
2013-04-14 04:00:00+00:00,218.1747437,1.003992
2013-04-14 05:00:00+00:00,236.9331055,1
2013-04-14 06:00:00+00:00,175.8531952,1.0040486
2013-04-14 07:00:00+00:00,446.1276855,141.75
2013-04-14 08:00:00+00:00,448.1087952,1
2013-04-14 09:00:00+00:00,214.0686035,1.0031056
2013-04-14 10:00:00+00:00,203.8166351,1.0140351
2013-04-14 11:00:00+00:00,537.6003418,1
2013-04-14 12:00:00+00:00,805.689209,1.0117302
2013-04-14 13:00:00+00:00,1306.251343,1
2013-04-14 14:00:00+00:00,380.1325378,1
2013-04-14 15:00:00+00:00,308.6379395,57.145653
2013-04-14 16:00:00+00:00,242.2448273,85.20122
2013-04-14 17:00:00+00:00,285.258606,1.3160493
2013-04-14 18:00:00+00:00,217.2918091,1
2013-04-14 19:00:00+00:00,528.3413086,66.06387
2013-04-14 20:00:00+00:00,516.0289307,1.004008
2013-04-14 21:00:00+00:00,317.2000122,1
2013-04-14 22:00:00+00:00,191.4470978,1.004016
2013-04-14 23:00:00+00:00,173.0253754,1
2013-04-15 00:00:00+00:00,192.4149628,1
2013-04-15 01:00:00+00:00,171.447464,1
2013-04-15 02:00:00+00:00,190.8999939,1.0079207
2013-04-15 03:00:00+00:00,170.4776611,0.998
2013-04-15 04:00:00+00:00,190.9637909,1
2013-04-15 05:00:00+00:00,193.9488068,1
2013-04-15 06:00:00+00:00,306.6839294,152.56512
2013-04-15 07:00:00+00:00,320.290802,1.0072595
2013-04-15 08:00:00+00:00,345.4650879,1
2013-04-15 09:00:00+00:00,394.984436,68.92922
2013-04-15 10:00:00+00:00,402.1626587,1
2013-04-15 11:00:00+00:00,469.4320679,74.068016
2013-04-15 12:00:00+00:00,289.2367859,1
2013-04-15 13:00:00+00:00,189.3720093,1
2013-04-15 14:00:00+00:00,189.457489,1
2013-04-15 15:00:00+00:00,313.3281555,1.007984
2013-04-15 16:00:00+00:00,420.3893738,1
2013-04-15 17:00:00+00:00,1150.096558,122.57481
2013-04-15 18:00:00+00:00,484.8023987,1
2013-04-15 19:00:00+00:00,376.251709,1
2013-04-15 20:00:00+00:00,612.2896729,57.391464
2013-04-15 21:00:00+00:00,407.4548645,1
2013-04-15 22:00:00+00:00,190.0884399,1
2013-04-15 23:00:00+00:00,202.6318512,1
2013-04-16 00:00:00+00:00,213.4847412,1
2013-04-16 01:00:00+00:00,211.0596313,1.0039761
2013-04-16 02:00:00+00:00,174.9475403,1
2013-04-16 03:00:00+00:00,200.3457642,1
2013-04-16 04:00:00+00:00,178.5135651,1
2013-04-16 05:00:00+00:00,221.4966125,1
2013-04-16 06:00:00+00:00,521.4700928,139.76096
2013-04-16 07:00:00+00:00,1199,1
2013-04-16 08:00:00+00:00,470.555542,1
2013-04-16 09:00:00+00:00,285.8230286,117.212425
2013-04-16 10:00:00+00:00,243.4839325,1
2013-04-16 11:00:00+00:00,206.8305054,1
2013-04-16 12:00:00+00:00,300.0223694,1
2013-04-16 13:00:00+00:00,212.9777374,1.0078895
2013-04-16 14:00:00+00:00,221.8902283,1
2013-04-16 15:00:00+00:00,1101.16394,1
2013-04-16 16:00:00+00:00,672.3639526,1
2013-04-16 17:00:00+00:00,486.0970154,64.54864
2013-04-16 18:00:00+00:00,238.2163544,1.003937
2013-04-16 19:00:00+00:00,381,1
2013-04-16 20:00:00+00:00,627.1785278,57.827137
2013-04-16 21:00:00+00:00,741.0557251,1.0039682
2013-04-16 22:00:00+00:00,610.005188,1.0039604
2013-04-16 23:00:00+00:00,386.6769104,1
2013-04-17 00:00:00+00:00,190.1669464,1
2013-04-17 01:00:00+00:00,168.9673004,1
2013-04-17 02:00:00+00:00,183.1813507,1
2013-04-17 03:00:00+00:00,168.9326477,1
2013-04-17 04:00:00+00:00,169.7311707,1
2013-04-17 05:00:00+00:00,208.7791595,1.004016
2013-04-17 06:00:00+00:00,219.0313568,1
2013-04-17 07:00:00+00:00,305.5933533,107.65
2013-04-17 08:00:00+00:00,533.2321167,1
2013-04-17 09:00:00+00:00,484.2517395,62.681564
2013-04-17 10:00:00+00:00,371.791748,1.0036697
2013-04-17 11:00:00+00:00,217.1406708,1.0039841
2013-04-17 12:00:00+00:00,668.871582,19.552269
2013-04-17 13:00:00+00:00,1285.896484,51.07737
2013-04-17 14:00:00+00:00,407.7258606,1
2013-04-17 15:00:00+00:00,218.7398682,1.001996
2013-04-17 16:00:00+00:00,364.4432678,85.14629
2013-04-17 17:00:00+00:00,314.1898193,1
2013-04-17 18:00:00+00:00,357.4368591,1
2013-04-17 19:00:00+00:00,424.2108765,1
2013-04-17 20:00:00+00:00,483.1058044,1.004008
2013-04-17 21:00:00+00:00,282.6615295,1.0080483
2013-04-17 22:00:00+00:00,195.9162445,1
2013-04-17 23:00:00+00:00,173.247879,1
2013-04-18 00:00:00+00:00,192.2157593,1
2013-04-18 01:00:00+00:00,170.2900543,1
2013-04-18 02:00:00+00:00,186.5246124,1
2013-04-18 03:00:00+00:00,171.1979675,1
2013-04-18 04:00:00+00:00,170.6666718,1
2013-04-18 05:00:00+00:00,204.3996582,1
2013-04-18 06:00:00+00:00,262.9122314,89.11336
2013-04-18 07:00:00+00:00,393.2797852,22.475836
2013-04-18 08:00:00+00:00,316.1811829,1
2013-04-18 09:00:00+00:00,438.0378113,1
2013-04-18 10:00:00+00:00,340.2983093,1
2013-04-18 11:00:00+00:00,383.9263611,18.148745
2013-04-18 12:00:00+00:00,700.9508057,95.07748
2013-04-18 13:00:00+00:00,415.643219,1
2013-04-18 14:00:00+00:00,406.9621887,1
2013-04-18 15:00:00+00:00,328.8129272,1
2013-04-18 16:00:00+00:00,438.9914856,89.519455
2013-04-18 17:00:00+00:00,485.167511,1
2013-04-18 18:00:00+00:00,528.7347412,1
2013-04-18 19:00:00+00:00,1526.499023,1
2013-04-18 20:00:00+00:00,572.4406128,1
2013-04-18 21:00:00+00:00,472.8139954,1
2013-04-18 22:00:00+00:00,293.9289246,1
2013-04-18 23:00:00+00:00,256.125,1.0080483
2013-04-19 00:00:00+00:00,177.1040955,1.1404959
2013-04-19 01:00:00+00:00,196.9897614,1
2013-04-19 02:00:00+00:00,231.0895081,1
2013-04-19 03:00:00+00:00,218.6119995,1
2013-04-19 04:00:00+00:00,506.7447815,1
2013-04-19 05:00:00+00:00,268.3036499,1.0040323
2013-04-19 06:00:00+00:00,169.1951599,1
2013-04-19 07:00:00+00:00,438.4581909,64.23061
2013-04-19 08:00:00+00:00,344,1
2013-04-19 09:00:00+00:00,421.182312,139.559
2013-04-19 10:00:00+00:00,233.6433563,0.99786323
2013-04-19 11:00:00+00:00,515.663147,93.74502
2013-04-19 12:00:00+00:00,207.5216675,1
2013-04-19 13:00:00+00:00,198.5599365,1.0019493
2013-04-19 14:00:00+00:00,198.0574951,1
2013-04-19 15:00:00+00:00,303.8041687,1
2013-04-19 16:00:00+00:00,465.3274536,91.39406
2013-04-19 17:00:00+00:00,606.1363525,70.98817
2013-04-19 18:00:00+00:00,410.8295593,78.68431
2013-04-19 19:00:00+00:00,495.4423218,1.0039293
2013-04-19 20:00:00+00:00,452.3735046,1
2013-04-19 21:00:00+00:00,468.9844666,1
2013-04-19 22:00:00+00:00,381.9911804,1
2013-04-19 23:00:00+00:00,683.9927979,1
2013-04-20 00:00:00+00:00,627.3980713,1.007722
2013-04-20 01:00:00+00:00,183.3858185,1
2013-04-20 02:00:00+00:00,169.8747864,1
2013-04-20 03:00:00+00:00,184.456604,1
2013-04-20 04:00:00+00:00,178.2698975,1
2013-04-20 05:00:00+00:00,193.120697,1
2013-04-20 06:00:00+00:00,753.1001587,109.373795
2013-04-20 07:00:00+00:00,182.6504364,1.0019569
2013-04-20 08:00:00+00:00,562.9894409,164.45224
2013-04-20 09:00:00+00:00,246.4231415,1
2013-04-20 10:00:00+00:00,204.8213043,1
2013-04-20 11:00:00+00:00,230.5008698,1
2013-04-20 12:00:00+00:00,204.9365387,1.0078278
2013-04-20 13:00:00+00:00,220.037735,1
2013-04-20 14:00:00+00:00,420.2940063,112.898636
2013-04-20 15:00:00+00:00,452.146637,70.42248
2013-04-20 16:00:00+00:00,289.9634094,1.003861
2013-04-20 17:00:00+00:00,529.6660767,1
2013-04-20 18:00:00+00:00,390.6347656,1
2013-04-20 19:00:00+00:00,436.4663086,1.0039139
2013-04-20 20:00:00+00:00,419.5652161,1.0077821
2013-04-20 21:00:00+00:00,275.3275452,1.003876
2013-04-20 22:00:00+00:00,201.4905396,1
2013-04-20 23:00:00+00:00,223.9930267,1
2013-04-21 00:00:00+00:00,181.730896,1
2013-04-21 01:00:00+00:00,187.8984222,1
2013-04-21 02:00:00+00:00,183.7940674,1
2013-04-21 03:00:00+00:00,165.9776306,1
2013-04-21 04:00:00+00:00,168.3674164,1.0039526
2013-04-21 05:00:00+00:00,218.674057,1
2013-04-21 06:00:00+00:00,605.2819214,91.42802
2013-04-21 07:00:00+00:00,1903.400391,1
2013-04-21 08:00:00+00:00,317.1587219,1.0078125
2013-04-21 09:00:00+00:00,211.1663818,1.003891
2013-04-21 10:00:00+00:00,248.3500061,1
2013-04-21 11:00:00+00:00,435.998291,1
2013-04-21 12:00:00+00:00,416.8591309,104.22755
2013-04-21 13:00:00+00:00,275.8650513,86.47482
2013-04-21 14:00:00+00:00,239.6787567,1.0083858
2013-04-21 15:00:00+00:00,237.4878845,35.869648
2013-04-21 16:00:00+00:00,226.4620667,1.0039139
2013-04-21 17:00:00+00:00,722.6713867,144.53726
2013-04-21 18:00:00+00:00,404.8307495,1.0077972
2013-04-21 19:00:00+00:00,454.161499,1
2013-04-21 20:00:00+00:00,290.6178894,1.005814
2013-04-21 21:00:00+00:00,175.6055298,1
2013-04-21 22:00:00+00:00,182.3951416,1
2013-04-21 23:00:00+00:00,164.3448334,1
2013-04-22 00:00:00+00:00,185.5875244,1
2013-04-22 01:00:00+00:00,166.3922882,1.0037736
2013-04-22 02:00:00+00:00,161.7037048,1
2013-04-22 03:00:00+00:00,197.7082672,1
2013-04-22 04:00:00+00:00,202.522644,1
2013-04-22 05:00:00+00:00,230.3671265,1
2013-04-22 06:00:00+00:00,228.5845032,75.85078
2013-04-22 07:00:00+00:00,320.9474487,1
2013-04-22 08:00:00+00:00,789.5250244,1
2013-04-22 09:00:00+00:00,586.5162354,1.0038023
2013-04-22 10:00:00+00:00,327.7951355,1.0098232
2013-04-22 11:00:00+00:00,305.4650269,1
2013-04-22 12:00:00+00:00,361.129364,70.348076
2013-04-22 13:00:00+00:00,331.9465637,14.431559
2013-04-22 14:00:00+00:00,297.6328735,92.1813
2013-04-22 15:00:00+00:00,318.0713196,1
2013-04-22 16:00:00+00:00,591.152771,1
2013-04-22 17:00:00+00:00,533.329834,41.73828
2013-04-22 18:00:00+00:00,702.703186,159.07393
2013-04-22 19:00:00+00:00,550.6546631,1
2013-04-22 20:00:00+00:00,471.2706909,1
2013-04-22 21:00:00+00:00,729.3798828,1.011236
2013-04-22 22:00:00+00:00,510.2279053,1
2013-04-22 23:00:00+00:00,625.3981934,1
2013-04-23 00:00:00+00:00,200.7902069,1
2013-04-23 01:00:00+00:00,189.609848,1.0077972
2013-04-23 02:00:00+00:00,215.0052948,1
2013-04-23 03:00:00+00:00,187.6724701,1
2013-04-23 04:00:00+00:00,206.7702942,1
2013-04-23 05:00:00+00:00,230.7521515,1
2013-04-23 06:00:00+00:00,348.3968201,92.15458
2013-04-23 07:00:00+00:00,441.0070496,1.0039139
2013-04-23 08:00:00+00:00,225.5471649,1
2013-04-23 09:00:00+00:00,270.3747864,1
2013-04-23 10:00:00+00:00,258.4276123,1
2013-04-23 11:00:00+00:00,204.7138062,1.0039216
2013-04-23 12:00:00+00:00,424.7543945,199.73756
2013-04-23 13:00:00+00:00,233.320816,1
2013-04-23 14:00:00+00:00,199.6548157,1
2013-04-23 15:00:00+00:00,262.3214417,1
2013-04-23 16:00:00+00:00,361.9809265,132.41205
2013-04-23 17:00:00+00:00,238.9461823,47.528713
2013-04-23 18:00:00+00:00,199.8771362,1
2013-04-23 19:00:00+00:00,391.8449707,1
2013-04-23 20:00:00+00:00,460.4358215,1
2013-04-23 21:00:00+00:00,314.6030579,1
2013-04-23 22:00:00+00:00,175.3237305,1
2013-04-23 23:00:00+00:00,192.9078522,1
2013-04-24 00:00:00+00:00,169.314621,1
2013-04-24 01:00:00+00:00,219.0528107,1
2013-04-24 02:00:00+00:00,176.9589081,1
2013-04-24 03:00:00+00:00,179.5289154,1.0038835
2013-04-24 04:00:00+00:00,176.4778137,1.0078585
2013-04-24 05:00:00+00:00,188.2789154,1
2013-04-24 06:00:00+00:00,193.3790131,1.0039526
2013-04-24 07:00:00+00:00,463.9982605,111.89592
2013-04-24 08:00:00+00:00,343.4054565,1
2013-04-24 09:00:00+00:00,329.2728882,1
2013-04-24 10:00:00+00:00,404.1116943,39.32866
2013-04-24 11:00:00+00:00,379.2469482,1
2013-04-24 12:00:00+00:00,418.165802,88.86822
2013-04-24 13:00:00+00:00,406.4168091,1
2013-04-24 14:00:00+00:00,349.9179382,1
2013-04-24 15:00:00+00:00,382.4503479,1
2013-04-24 16:00:00+00:00,342.2041016,1.0040733
2013-04-24 17:00:00+00:00,272.6517334,66.044495
2013-04-24 18:00:00+00:00,333.8097839,1
2013-04-24 19:00:00+00:00,574.6525269,1
2013-04-24 20:00:00+00:00,435.9607544,1
2013-04-24 21:00:00+00:00,193.0068665,1
2013-04-24 22:00:00+00:00,187.1226196,1
2013-04-24 23:00:00+00:00,170.318573,1
2013-04-25 00:00:00+00:00,180.785965,1
2013-04-25 01:00:00+00:00,183.1692352,1
2013-04-25 02:00:00+00:00,169.9073792,1
2013-04-25 03:00:00+00:00,188.5171814,1
2013-04-25 04:00:00+00:00,167.0767975,1
2013-04-25 05:00:00+00:00,244.9306793,1
2013-04-25 06:00:00+00:00,1351.85376,116.89879
2013-04-25 07:00:00+00:00,550.4698486,1
2013-04-25 08:00:00+00:00,364.3811951,67.194336
2013-04-25 09:00:00+00:00,221.8384857,1
2013-04-25 10:00:00+00:00,314.2775879,1
2013-04-25 11:00:00+00:00,224.5567017,1
2013-04-25 12:00:00+00:00,232.4488678,1
2013-04-25 13:00:00+00:00,226.5283966,1
2013-04-25 14:00:00+00:00,219.5335693,1
2013-04-25 15:00:00+00:00,265.3367615,1
2013-04-25 16:00:00+00:00,487.3327332,198.59763
2013-04-25 17:00:00+00:00,260.2301025,1
2013-04-25 18:00:00+00:00,235.7910919,1
2013-04-25 19:00:00+00:00,393.7056885,1
2013-04-25 20:00:00+00:00,597.196167,0.997992
2013-04-25 21:00:00+00:00,344.5599365,1
2013-04-25 22:00:00+00:00,200.4545441,1
2013-04-25 23:00:00+00:00,196.2835083,1.003937
2013-04-26 00:00:00+00:00,186.8488007,1
2013-04-26 01:00:00+00:00,204.0974426,1
2013-04-26 02:00:00+00:00,209.1165161,1
2013-04-26 03:00:00+00:00,172.4030609,1
2013-04-26 04:00:00+00:00,181.015274,1.0039062
2013-04-26 05:00:00+00:00,219.0782318,1
2013-04-26 06:00:00+00:00,407.5432434,78.14479
2013-04-26 07:00:00+00:00,1666.860962,1
2013-04-26 08:00:00+00:00,1043.292358,1
2013-04-26 09:00:00+00:00,176.1290283,1
2013-04-26 10:00:00+00:00,255.611969,1
2013-04-26 11:00:00+00:00,220.466095,1
2013-04-26 12:00:00+00:00,377.8301697,194.40625
2013-04-26 13:00:00+00:00,274.591156,1.0246913
2013-04-26 14:00:00+00:00,248.8214264,1
2013-04-26 15:00:00+00:00,228.1262817,1
2013-04-26 16:00:00+00:00,436.7935791,1
2013-04-26 17:00:00+00:00,331.1666565,89.69657
2013-04-26 18:00:00+00:00,192.578949,1
2013-04-26 19:00:00+00:00,862.4260254,1
2013-04-26 20:00:00+00:00,841.4872437,1.379822
2013-04-26 21:00:00+00:00,481.5826111,1.3926381
2013-04-26 22:00:00+00:00,261.8057861,1
2013-04-26 23:00:00+00:00,186.9401703,1
2013-04-27 00:00:00+00:00,204.1766663,0.9978992
2013-04-27 01:00:00+00:00,183.965271,1
2013-04-27 02:00:00+00:00,194.4578247,1.522449
2013-04-27 03:00:00+00:00,170.663208,1
2013-04-27 04:00:00+00:00,208.7713776,0.9979798
2013-04-27 05:00:00+00:00,192.63414,1
2013-04-27 06:00:00+00:00,175.235199,1
2013-04-27 07:00:00+00:00,549.2619019,97.81159
2013-04-27 08:00:00+00:00,213.7767944,1
2013-04-27 09:00:00+00:00,190.5954437,1
2013-04-27 10:00:00+00:00,858.9160156,1.0076336
2013-04-27 11:00:00+00:00,378.2298279,0.9935065
2013-04-27 12:00:00+00:00,424.0792847,91.98788
2013-04-27 13:00:00+00:00,948.1335449,28.488317
2013-04-27 14:00:00+00:00,625.8493042,1
2013-04-27 15:00:00+00:00,229.8618317,1
2013-04-27 16:00:00+00:00,395.2781677,47.835735
2013-04-27 17:00:00+00:00,425.2250366,49.557335
2013-04-27 18:00:00+00:00,492.4025574,1
2013-04-27 19:00:00+00:00,410.3850098,1
2013-04-27 20:00:00+00:00,369.7179871,1
2013-04-27 21:00:00+00:00,243.9982605,1
2013-04-27 22:00:00+00:00,290.5181885,1
2013-04-27 23:00:00+00:00,240.6045685,1
2013-04-28 00:00:00+00:00,219.5256653,1
2013-04-28 01:00:00+00:00,242.0571899,1
2013-04-28 02:00:00+00:00,239.1265106,1.0039841
2013-04-28 03:00:00+00:00,236.0599365,1
2013-04-28 04:00:00+00:00,214.7951355,1.0040568
2013-04-28 05:00:00+00:00,276.2184448,1
2013-04-28 06:00:00+00:00,290.7848511,1
2013-04-28 07:00:00+00:00,312.4257507,1
2013-04-28 08:00:00+00:00,559.8618774,127.09761
2013-04-28 09:00:00+00:00,273.355896,1.0039841
2013-04-28 10:00:00+00:00,204.0362091,1
2013-04-28 11:00:00+00:00,273.7329712,95.67002
2013-04-28 12:00:00+00:00,308.128479,72.587395
2013-04-28 13:00:00+00:00,304.8082275,1
2013-04-28 14:00:00+00:00,262.1188354,1
2013-04-28 15:00:00+00:00,212.1945343,1.0096618
2013-04-28 16:00:00+00:00,445.7388306,179.75053
2013-04-28 17:00:00+00:00,302.0360718,1
2013-04-28 18:00:00+00:00,280.0953979,1
2013-04-28 19:00:00+00:00,469.2827454,1
2013-04-28 20:00:00+00:00,453.0119019,1
2013-04-28 21:00:00+00:00,738.342041,1
2013-04-28 22:00:00+00:00,869.7247314,1
2013-04-28 23:00:00+00:00,181.6987915,1.004008
2013-04-29 00:00:00+00:00,190.4273376,1
2013-04-29 01:00:00+00:00,177.0677032,1
2013-04-29 02:00:00+00:00,194.3835449,1
2013-04-29 03:00:00+00:00,213.8616486,1
2013-04-29 04:00:00+00:00,193.3639526,1.0040733
2013-04-29 05:00:00+00:00,192.8295288,1
2013-04-29 06:00:00+00:00,206.0314178,44.15638
2013-04-29 07:00:00+00:00,365.0696411,101.15416
2013-04-29 08:00:00+00:00,231.4072723,1
2013-04-29 09:00:00+00:00,196.8006744,1.0354767
2013-04-29 10:00:00+00:00,211.2606506,1
2013-04-29 11:00:00+00:00,196.4706879,1
2013-04-29 12:00:00+00:00,205.0529022,1
2013-04-29 13:00:00+00:00,296.2979431,1.0047733
2013-04-29 14:00:00+00:00,506.8612671,78.75304
2013-04-29 15:00:00+00:00,1524.238159,1
2013-04-29 16:00:00+00:00,742.6856689,97.712746
2013-04-29 17:00:00+00:00,369.1897583,1
2013-04-29 18:00:00+00:00,572.0872803,70.04931
2013-04-29 19:00:00+00:00,442.996582,1
2013-04-29 20:00:00+00:00,302.2377014,1
2013-04-29 21:00:00+00:00,181.0542297,1
2013-04-29 22:00:00+00:00,193.9404755,1.003992
2013-04-29 23:00:00+00:00,171.7170105,1.012
2013-04-30 00:00:00+00:00,180.095993,1
2013-04-30 01:00:00+00:00,178.2383423,1
2013-04-30 02:00:00+00:00,191.9705353,1
2013-04-30 03:00:00+00:00,194.2206726,1.00409
2013-04-30 04:00:00+00:00,285.0226135,1
2013-04-30 05:00:00+00:00,435.7125549,1
2013-04-30 06:00:00+00:00,345.0683594,67.54637
2013-04-30 07:00:00+00:00,367.5080872,1
2013-04-30 08:00:00+00:00,230.9248199,1
2013-04-30 09:00:00+00:00,298.4076538,98.314285
2013-04-30 10:00:00+00:00,299.4035034,1
2013-04-30 11:00:00+00:00,297.8618164,1
2013-04-30 12:00:00+00:00,203.5827637,1
2013-04-30 13:00:00+00:00,202.319046,1.0040323
2013-04-30 14:00:00+00:00,196.9212341,1
2013-04-30 15:00:00+00:00,254.29776,1.00409
2013-04-30 16:00:00+00:00,412.1320801,1
2013-04-30 17:00:00+00:00,426.822052,116.866264
2013-04-30 18:00:00+00:00,207.7649078,1
2013-04-30 19:00:00+00:00,389.9237366,1
2013-04-30 20:00:00+00:00,418.408783,1
2013-04-30 21:00:00+00:00,297.7373962,1.0036496
2013-04-30 22:00:00+00:00,307.2556458,1
2013-04-30 23:00:00+00:00,323.4165344,1
2013-05-01 00:00:00+00:00,326.4465637,1
2013-05-01 01:00:00+00:00,284.7132874,1.0072464
2013-05-01 02:00:00+00:00,282.7145386,1.007326
2013-05-01 03:00:00+00:00,304.4863586,1.0036298
2013-05-01 04:00:00+00:00,283.2793884,1
2013-05-01 05:00:00+00:00,424.3418884,69.34846
2013-05-01 06:00:00+00:00,587.086853,31.577778
2013-05-01 07:00:00+00:00,303.5739136,1
2013-05-01 08:00:00+00:00,340.5,1.0108109
2013-05-01 09:00:00+00:00,295.151825,1.0036364
2013-05-01 10:00:00+00:00,307.3877258,1
2013-05-01 11:00:00+00:00,384.2944336,1
2013-05-01 12:00:00+00:00,454.7119751,99.7704
2013-05-01 13:00:00+00:00,370.3315735,1
2013-05-01 14:00:00+00:00,464.8925476,42.74312
2013-05-01 15:00:00+00:00,392.4930725,1
2013-05-01 16:00:00+00:00,435.7904968,48.629562
2013-05-01 17:00:00+00:00,488.6725464,1
2013-05-01 18:00:00+00:00,463.4394531,1
2013-05-01 19:00:00+00:00,433.0247803,1.0072464
2013-05-01 20:00:00+00:00,473.7565308,1
2013-05-01 21:00:00+00:00,425.3068848,1
2013-05-01 22:00:00+00:00,520.9653931,1
2013-05-01 23:00:00+00:00,731.8467407,1
2013-05-02 00:00:00+00:00,168.152359,1
2013-05-02 01:00:00+00:00,192.9404602,1
2013-05-02 02:00:00+00:00,184.671875,1
2013-05-02 03:00:00+00:00,167.7478333,1.0118577
2013-05-02 04:00:00+00:00,181.8436432,1
2013-05-02 05:00:00+00:00,316.8754272,72.417496
2013-05-02 06:00:00+00:00,1352.074341,72.63599
2013-05-02 07:00:00+00:00,586.2445679,1
2013-05-02 08:00:00+00:00,329.4713135,1
2013-05-02 09:00:00+00:00,355.746521,1
2013-05-02 10:00:00+00:00,390.9291992,65.24501
2013-05-02 11:00:00+00:00,352.3814392,1.0036036
2013-05-02 12:00:00+00:00,333.5927734,1.0036036
2013-05-02 13:00:00+00:00,418.6317749,108.87454
2013-05-02 14:00:00+00:00,322.7145386,1
2013-05-02 15:00:00+00:00,350.1378784,1
2013-05-02 16:00:00+00:00,872.178894,1
2013-05-02 17:00:00+00:00,648.4332275,1
2013-05-02 18:00:00+00:00,476.2013855,1
2013-05-02 19:00:00+00:00,434.7213745,1.6305419
2013-05-02 20:00:00+00:00,410.227417,1
2013-05-02 21:00:00+00:00,252.3989563,1.0050762
2013-05-02 22:00:00+00:00,198.904007,1
2013-05-02 23:00:00+00:00,169.2617798,1.0041841
2013-05-03 00:00:00+00:00,176.4862061,1
2013-05-03 01:00:00+00:00,167.2647095,1
2013-05-03 02:00:00+00:00,165.146347,1.0020534
2013-05-03 03:00:00+00:00,186.019165,1
2013-05-03 04:00:00+00:00,181.860672,1
2013-05-03 05:00:00+00:00,256.0140991,66.224915
2013-05-03 06:00:00+00:00,327.5924683,82.640686
2013-05-03 07:00:00+00:00,371.3889771,1
2013-05-03 08:00:00+00:00,247.2258606,1
2013-05-03 09:00:00+00:00,191.968811,1
2013-05-03 10:00:00+00:00,254.5839081,1
2013-05-03 11:00:00+00:00,209.6118622,1
2013-05-03 12:00:00+00:00,213.098465,1
2013-05-03 13:00:00+00:00,189.414505,1
2013-05-03 14:00:00+00:00,213.9368591,1
2013-05-03 15:00:00+00:00,188.1921844,1.0046083
2013-05-03 16:00:00+00:00,325.1906433,1.0020618
2013-05-03 17:00:00+00:00,1062.746826,147.30878
2013-05-03 18:00:00+00:00,766.9259644,1.4115756
2013-05-03 19:00:00+00:00,414.829895,1
2013-05-03 20:00:00+00:00,393.2971191,1
2013-05-03 21:00:00+00:00,233.7157593,1
2013-05-03 22:00:00+00:00,216.8590851,1
2013-05-03 23:00:00+00:00,179.4531555,1
2013-05-04 00:00:00+00:00,196.514389,1
2013-05-04 01:00:00+00:00,210.536377,1
2013-05-04 02:00:00+00:00,203.7585602,1
2013-05-04 03:00:00+00:00,166.7815704,1
2013-05-04 04:00:00+00:00,180.2564545,1
2013-05-04 05:00:00+00:00,173.2719421,1
2013-05-04 06:00:00+00:00,365.6066895,140.23166
2013-05-04 07:00:00+00:00,443.6772461,88.64208
2013-05-04 08:00:00+00:00,246.2552032,1
2013-05-04 09:00:00+00:00,215.100174,1
2013-05-04 10:00:00+00:00,216.3299255,1
2013-05-04 11:00:00+00:00,259.8237305,1
2013-05-04 12:00:00+00:00,208.2774963,1
2013-05-04 13:00:00+00:00,302.4642334,71.94852
2013-05-04 14:00:00+00:00,239.0836182,1
2013-05-04 15:00:00+00:00,236.3910065,1.0039604
2013-05-04 16:00:00+00:00,237.942276,1
2013-05-04 17:00:00+00:00,380.3684082,79.30375
2013-05-04 18:00:00+00:00,927.3005371,1
2013-05-04 19:00:00+00:00,314.2930298,1.0118343
2013-05-04 20:00:00+00:00,361.6098938,1
2013-05-04 21:00:00+00:00,376.2224121,1
2013-05-04 22:00:00+00:00,624.4329834,1
2013-05-04 23:00:00+00:00,706.2611084,1
2013-05-05 00:00:00+00:00,165.5711823,1
2013-05-05 01:00:00+00:00,181.5521393,1
2013-05-05 02:00:00+00:00,167.9915009,1
2013-05-05 03:00:00+00:00,163.8461609,1
2013-05-05 04:00:00+00:00,182.6806335,1
2013-05-05 05:00:00+00:00,172.769104,1
2013-05-05 06:00:00+00:00,413.4202271,114.674934
2013-05-05 07:00:00+00:00,299.006897,1
2013-05-05 08:00:00+00:00,376.8611145,39.178864
2013-05-05 09:00:00+00:00,190.7618256,1
2013-05-05 10:00:00+00:00,1978.953857,127.802734
2013-05-05 11:00:00+00:00,861.5996704,123.80507
2013-05-05 12:00:00+00:00,318.9365234,1.0079365
2013-05-05 13:00:00+00:00,234.5672913,1
2013-05-05 14:00:00+00:00,241.9745789,1.0079681
2013-05-05 15:00:00+00:00,203.0983124,1
2013-05-05 16:00:00+00:00,179.883255,1
2013-05-05 17:00:00+00:00,171.6351318,1
2013-05-05 18:00:00+00:00,549.1381836,1.007767
2013-05-05 19:00:00+00:00,898.480896,1
2013-05-05 20:00:00+00:00,518.494873,1
2013-05-05 21:00:00+00:00,427.9118652,1.0019343
2013-05-05 22:00:00+00:00,212.2037659,1
2013-05-05 23:00:00+00:00,179.6797333,1
2013-05-06 00:00:00+00:00,170.4111633,1
2013-05-06 01:00:00+00:00,165.8061676,1
2013-05-06 02:00:00+00:00,185.9506836,1.0039062
2013-05-06 03:00:00+00:00,163.0339508,1.0019608
2013-05-06 04:00:00+00:00,182.0836182,1
2013-05-06 05:00:00+00:00,184.0611267,1
2013-05-06 06:00:00+00:00,531.1347656,126.15686
2013-05-06 07:00:00+00:00,228.0253754,1
2013-05-06 08:00:00+00:00,241.3829041,1
2013-05-06 09:00:00+00:00,212.150589,1.0039062
2013-05-06 10:00:00+00:00,190.191452,1
2013-05-06 11:00:00+00:00,218.033905,1.003876
2013-05-06 12:00:00+00:00,215.2355957,1
2013-05-06 13:00:00+00:00,243.3139954,1.003876
2013-05-06 14:00:00+00:00,186.984726,1
2013-05-06 15:00:00+00:00,206.016983,1.0039139
2013-05-06 16:00:00+00:00,193.0689697,1
2013-05-06 17:00:00+00:00,298.2444458,1
2013-05-06 18:00:00+00:00,279.6230774,1
2013-05-06 19:00:00+00:00,328.95755,1.0038536
2013-05-06 20:00:00+00:00,646.7469482,1.0044346
2013-05-06 21:00:00+00:00,487.9537659,1.0055866
2013-05-06 22:00:00+00:00,451.3350525,1
2013-05-06 23:00:00+00:00,216.0531769,1
2013-05-07 00:00:00+00:00,164.3762665,1
2013-05-07 01:00:00+00:00,183.3648682,1
2013-05-07 02:00:00+00:00,163.5415955,1
2013-05-07 03:00:00+00:00,218.223938,1
2013-05-07 04:00:00+00:00,179.5854492,1
2013-05-07 05:00:00+00:00,237.9691772,66.67864
2013-05-07 06:00:00+00:00,293.1056213,60.672306
2013-05-07 07:00:00+00:00,187.70578,1.0020534
2013-05-07 08:00:00+00:00,189.8387146,1
2013-05-07 09:00:00+00:00,213.7049713,1
2013-05-07 10:00:00+00:00,211.5621796,1
2013-05-07 11:00:00+00:00,245.1042786,1.0119522
2013-05-07 12:00:00+00:00,235.356781,1
2013-05-07 13:00:00+00:00,207.0292664,1.007874
2013-05-07 14:00:00+00:00,169.2214661,1
2013-05-07 15:00:00+00:00,263.9363098,1.0078125
2013-05-07 16:00:00+00:00,208.7036438,1.0039682
2013-05-07 17:00:00+00:00,270.0516357,58.22672
2013-05-07 18:00:00+00:00,239.7375641,1
2013-05-07 19:00:00+00:00,243.9230804,1
2013-05-07 20:00:00+00:00,456.2182007,1
2013-05-07 21:00:00+00:00,447.386322,1
2013-05-07 22:00:00+00:00,263.553833,1
2013-05-07 23:00:00+00:00,186.6815033,1
2013-05-08 00:00:00+00:00,186.935379,1
2013-05-08 01:00:00+00:00,167.826828,1
2013-05-08 02:00:00+00:00,221.2830505,1
2013-05-08 03:00:00+00:00,179.793869,1
2013-05-08 04:00:00+00:00,183.1894226,1
2013-05-08 05:00:00+00:00,401.6382141,164.43378
2013-05-08 06:00:00+00:00,326.3610229,1
2013-05-08 07:00:00+00:00,329.4494019,1.0037243
2013-05-08 08:00:00+00:00,414.1904907,1
2013-05-08 09:00:00+00:00,333.7719727,1
2013-05-08 10:00:00+00:00,344.6405334,1
2013-05-08 11:00:00+00:00,333.3833008,1.0075614
2013-05-08 12:00:00+00:00,463.2627869,63.247147
2013-05-08 13:00:00+00:00,309.4224854,1
2013-05-08 14:00:00+00:00,321.4285583,1
2013-05-08 15:00:00+00:00,378.9830933,1.001912
2013-05-08 16:00:00+00:00,327.8890686,1
2013-05-08 17:00:00+00:00,350.8163147,1
2013-05-08 18:00:00+00:00,409.7229004,78.939735
2013-05-08 19:00:00+00:00,352.1776733,1
2013-05-08 20:00:00+00:00,368.3441162,1
2013-05-08 21:00:00+00:00,423.1042786,1
2013-05-08 22:00:00+00:00,216.4037476,1
2013-05-08 23:00:00+00:00,172.8979645,1.0117878
2013-05-09 00:00:00+00:00,165.2637024,1
2013-05-09 01:00:00+00:00,169.6859131,1
2013-05-09 02:00:00+00:00,162.3412628,1.0079051
2013-05-09 03:00:00+00:00,169.2960358,1
2013-05-09 04:00:00+00:00,158.2550659,1
2013-05-09 05:00:00+00:00,181.2495728,1.0039841
2013-05-09 06:00:00+00:00,159.7244873,1
2013-05-09 07:00:00+00:00,336.8258667,74.55754
2013-05-09 08:00:00+00:00,315.1243591,1
2013-05-09 09:00:00+00:00,361.7286682,1
2013-05-09 10:00:00+00:00,319.1586914,1
2013-05-09 11:00:00+00:00,347.7546997,1
2013-05-09 12:00:00+00:00,479.1740723,54.801136
2013-05-09 13:00:00+00:00,394.2901611,1
2013-05-09 14:00:00+00:00,349.6791687,1
2013-05-09 15:00:00+00:00,340.2436218,1
2013-05-09 16:00:00+00:00,316.0194092,32.79922
2013-05-09 17:00:00+00:00,192.774704,1
2013-05-09 18:00:00+00:00,203.8188171,1
2013-05-09 19:00:00+00:00,191.9034424,1
2013-05-09 20:00:00+00:00,174.3368225,1
2013-05-09 21:00:00+00:00,174.3013916,1.0060121
2013-05-09 22:00:00+00:00,206.0847778,1
2013-05-09 23:00:00+00:00,211.656311,1
2013-05-10 00:00:00+00:00,181.4165192,1
2013-05-10 01:00:00+00:00,158.9635468,1.0079207
2013-05-10 02:00:00+00:00,173.6989594,1
2013-05-10 03:00:00+00:00,163.9930878,1
2013-05-10 04:00:00+00:00,153.2379303,1.0076629
2013-05-10 05:00:00+00:00,181.2099762,1
2013-05-10 06:00:00+00:00,159.4507751,1
2013-05-10 07:00:00+00:00,332.4620667,75.39645
2013-05-10 08:00:00+00:00,212.8411102,1
2013-05-10 09:00:00+00:00,351.5634766,1
2013-05-10 10:00:00+00:00,314.2055664,1
2013-05-10 11:00:00+00:00,462.0604553,1
2013-05-10 12:00:00+00:00,605.9454956,72.43071
2013-05-10 13:00:00+00:00,404.9283142,1.0037665
2013-05-10 14:00:00+00:00,428.6391602,1
2013-05-10 15:00:00+00:00,350.912384,1
2013-05-10 16:00:00+00:00,295.2349854,1
2013-05-10 17:00:00+00:00,180.2650604,1
2013-05-10 18:00:00+00:00,272.3592529,84.296295
2013-05-10 19:00:00+00:00,393.7915955,1
2013-05-10 20:00:00+00:00,1585.18335,0.99769586
2013-05-10 21:00:00+00:00,877.227356,1.0078895
2013-05-10 22:00:00+00:00,250.7534485,1
2013-05-10 23:00:00+00:00,174.1082458,1.0079207
2013-05-11 00:00:00+00:00,163.8551178,1
2013-05-11 01:00:00+00:00,176.1161194,1
2013-05-11 02:00:00+00:00,159.7329865,1.0039761
2013-05-11 03:00:00+00:00,169.6626129,1
2013-05-11 04:00:00+00:00,190.8000031,1.0040404
2013-05-11 05:00:00+00:00,191.440979,1
2013-05-11 06:00:00+00:00,170.8440247,1
2013-05-11 07:00:00+00:00,375.7394409,15.145709
2013-05-11 08:00:00+00:00,280.4661865,21.696507
2013-05-11 09:00:00+00:00,197.0434723,1.0040568
2013-05-11 10:00:00+00:00,287.1060181,143.63492
2013-05-11 11:00:00+00:00,1104.133179,1.0046839
2013-05-11 12:00:00+00:00,643.3678589,1.008316
2013-05-11 13:00:00+00:00,540.7422485,1
2013-05-11 14:00:00+00:00,884.5365601,93.15304
2013-05-11 15:00:00+00:00,872.614563,107.2541
2013-05-11 16:00:00+00:00,532.4616699,1.0077369
2013-05-11 17:00:00+00:00,511.5549927,1
2013-05-11 18:00:00+00:00,479.0050964,1
2013-05-11 19:00:00+00:00,424.1658325,1
2013-05-11 20:00:00+00:00,444.378418,1.007984
2013-05-11 21:00:00+00:00,272.6972351,1
2013-05-11 22:00:00+00:00,176.660965,1
2013-05-11 23:00:00+00:00,184.5899658,1
2013-05-12 00:00:00+00:00,185.2958527,1
2013-05-12 01:00:00+00:00,175.5418091,1
2013-05-12 02:00:00+00:00,179.6876068,1
2013-05-12 03:00:00+00:00,166.177887,1
2013-05-12 04:00:00+00:00,166.1495667,1.0080972
2013-05-12 05:00:00+00:00,197.3506927,1
2013-05-12 06:00:00+00:00,210.3396912,0.997996
2013-05-12 07:00:00+00:00,268.7720947,76.43936
2013-05-12 08:00:00+00:00,404.1717834,56.333992
2013-05-12 09:00:00+00:00,209.8820496,1
2013-05-12 10:00:00+00:00,252.5381927,1
2013-05-12 11:00:00+00:00,212.6395874,1
2013-05-12 12:00:00+00:00,194.9284515,1.0040241
2013-05-12 13:00:00+00:00,203.7831268,1.0078895
2013-05-12 14:00:00+00:00,242.4373932,92.362724
2013-05-12 15:00:00+00:00,187.7157288,1
2013-05-12 16:00:00+00:00,263.633728,1
2013-05-12 17:00:00+00:00,1942.560913,1
2013-05-12 18:00:00+00:00,615.3759155,60.51098
2013-05-12 19:00:00+00:00,424.218811,1
2013-05-12 20:00:00+00:00,412.9881287,1
2013-05-12 21:00:00+00:00,330.6824341,1.0039682
2013-05-12 22:00:00+00:00,197.8620148,1
2013-05-12 23:00:00+00:00,180.0357819,1
2013-05-13 00:00:00+00:00,185.8641815,1.0039841
2013-05-13 01:00:00+00:00,231.7167511,1
2013-05-13 02:00:00+00:00,184.0757294,1
2013-05-13 03:00:00+00:00,177.8245239,1
2013-05-13 04:00:00+00:00,178.0155182,1
2013-05-13 05:00:00+00:00,197.0672455,1
2013-05-13 06:00:00+00:00,257.7948608,70.1716
2013-05-13 07:00:00+00:00,413.2398682,61.48828
2013-05-13 08:00:00+00:00,199.4476776,1
2013-05-13 09:00:00+00:00,241.3418732,1
2013-05-13 10:00:00+00:00,196.4101715,1
2013-05-13 11:00:00+00:00,224.698822,1
2013-05-13 12:00:00+00:00,206.4837036,1
2013-05-13 13:00:00+00:00,214.3091583,1
2013-05-13 14:00:00+00:00,197.9398651,1
2013-05-13 15:00:00+00:00,454.0617371,181.59438
2013-05-13 16:00:00+00:00,248.4440613,1
2013-05-13 17:00:00+00:00,216.8044586,1.0040816
2013-05-13 18:00:00+00:00,215.1560822,1
2013-05-13 19:00:00+00:00,550.8647461,1
2013-05-13 20:00:00+00:00,538.7337036,1
2013-05-13 21:00:00+00:00,635.8936768,1.0075471
2013-05-13 22:00:00+00:00,344.4603577,1
2013-05-13 23:00:00+00:00,283.51651,1
2013-05-14 00:00:00+00:00,248.1566315,1
2013-05-14 01:00:00+00:00,232.6267395,1
2013-05-14 02:00:00+00:00,226.0207977,1.003795
2013-05-14 03:00:00+00:00,213.9276886,1
2013-05-14 04:00:00+00:00,211.9965515,1
2013-05-14 05:00:00+00:00,245.543396,1
2013-05-14 06:00:00+00:00,251.121521,1
2013-05-14 07:00:00+00:00,496.0036316,125.001884
2013-05-14 08:00:00+00:00,597.9439697,37.72328
2013-05-14 09:00:00+00:00,357.012146,1
2013-05-14 10:00:00+00:00,501.1971436,227.76114
2013-05-14 11:00:00+00:00,418.874115,75.93869
2013-05-14 12:00:00+00:00,298.6131287,1
2013-05-14 13:00:00+00:00,306.1111145,1.7619047
2013-05-14 14:00:00+00:00,486.6624451,6.949597
2013-05-14 15:00:00+00:00,381.4602051,1
2013-05-14 16:00:00+00:00,353.7046509,1
2013-05-14 17:00:00+00:00,443.605957,1
2013-05-14 18:00:00+00:00,356.001709,1
2013-05-14 19:00:00+00:00,449.585022,1
2013-05-14 20:00:00+00:00,548.8144531,1
2013-05-14 21:00:00+00:00,1006.382996,1
2013-05-14 22:00:00+00:00,738.7647095,1
2013-05-14 23:00:00+00:00,300.8373718,1
2013-05-15 00:00:00+00:00,224.236618,1
2013-05-15 01:00:00+00:00,196.359375,1
2013-05-15 02:00:00+00:00,234.7517242,1
2013-05-15 03:00:00+00:00,174.5734253,1
2013-05-15 04:00:00+00:00,351.2877197,0
2013-05-15 05:00:00+00:00,382.3944092,0
2013-05-15 06:00:00+00:00,445.8447876,238.50854
2013-05-15 07:00:00+00:00,475.8244629,1
2013-05-15 08:00:00+00:00,460.8396606,1
2013-05-15 09:00:00+00:00,314.0192871,1
2013-05-15 10:00:00+00:00,326.6707458,1
2013-05-15 11:00:00+00:00,365.2587891,85.8197
2013-05-15 12:00:00+00:00,580.1778564,1.0037383
2013-05-15 13:00:00+00:00,504.3345032,62.13729
2013-05-15 14:00:00+00:00,310.1818237,1.0036832
2013-05-15 15:00:00+00:00,285.756958,1
2013-05-15 16:00:00+00:00,392.8919067,31.350649
2013-05-15 17:00:00+00:00,461.5412903,35.769943
2013-05-15 18:00:00+00:00,516.9650269,1
2013-05-15 19:00:00+00:00,561.4840698,1.0036832
2013-05-15 20:00:00+00:00,526.8747559,1
2013-05-15 21:00:00+00:00,529.9171143,1.0037037
2013-05-15 22:00:00+00:00,262.0431824,1
2013-05-15 23:00:00+00:00,234.1808624,1
2013-05-16 00:00:00+00:00,256.1315002,1
2013-05-16 01:00:00+00:00,230.746521,1
2013-05-16 02:00:00+00:00,253.6915131,1
2013-05-16 03:00:00+00:00,290.5923462,1.0074074
2013-05-16 04:00:00+00:00,226.303299,1.0092081
2013-05-16 05:00:00+00:00,272.4483337,1.0073937
2013-05-16 06:00:00+00:00,582.3644409,178.45087
2013-05-16 07:00:00+00:00,649.5282593,1
2013-05-16 08:00:00+00:00,419.7919617,1
2013-05-16 09:00:00+00:00,359.3566284,1
2013-05-16 10:00:00+00:00,349.8441772,1.0036832
2013-05-16 11:00:00+00:00,431.2495728,178.53973
2013-05-16 12:00:00+00:00,272.8356323,1
2013-05-16 13:00:00+00:00,292.4094849,1
2013-05-16 14:00:00+00:00,256.450592,1.0036968
2013-05-16 15:00:00+00:00,288.7202148,1
2013-05-16 16:00:00+00:00,549.3123779,162.794
2013-05-16 17:00:00+00:00,1158.385254,1.0036832
2013-05-16 18:00:00+00:00,735.2171631,93.30855
2013-05-16 19:00:00+00:00,395.4342651,1
2013-05-16 20:00:00+00:00,566.3428955,52.348232
2013-05-16 21:00:00+00:00,483.4275818,1
2013-05-16 22:00:00+00:00,261.3989563,1.0037243
2013-05-16 23:00:00+00:00,255.9842987,1
2013-05-17 00:00:00+00:00,247.0367737,1
2013-05-17 01:00:00+00:00,248.9345093,1
2013-05-17 02:00:00+00:00,243.6148376,1
2013-05-17 03:00:00+00:00,248.4419403,1
2013-05-17 04:00:00+00:00,242.1837158,1
2013-05-17 05:00:00+00:00,268.2526245,1
2013-05-17 06:00:00+00:00,296.6080933,39.66983
2013-05-17 07:00:00+00:00,624.1176758,101.94004
2013-05-17 08:00:00+00:00,532.515686,98.83151
2013-05-17 09:00:00+00:00,413.3061829,1
2013-05-17 10:00:00+00:00,376.5565186,1
2013-05-17 11:00:00+00:00,370.100708,1
2013-05-17 12:00:00+00:00,561.0548706,50.45644
2013-05-17 13:00:00+00:00,364.3882141,1
2013-05-17 14:00:00+00:00,378.4107056,1
2013-05-17 15:00:00+00:00,408.4303284,64.25483
2013-05-17 16:00:00+00:00,359.5411682,1
2013-05-17 17:00:00+00:00,455.2570801,1
2013-05-17 18:00:00+00:00,377.4130859,1
2013-05-17 19:00:00+00:00,388.4825134,1
2013-05-17 20:00:00+00:00,602.7106934,1
2013-05-17 21:00:00+00:00,538.0999756,1
2013-05-17 22:00:00+00:00,347.2464905,1
2013-05-17 23:00:00+00:00,336.2134094,1
2013-05-18 00:00:00+00:00,283.0346069,1
2013-05-18 01:00:00+00:00,260.8492126,1
2013-05-18 02:00:00+00:00,288.3622131,1
2013-05-18 03:00:00+00:00,262.6236877,1
2013-05-18 04:00:00+00:00,286.5158386,1
2013-05-18 05:00:00+00:00,601.8894653,1
2013-05-18 06:00:00+00:00,284.0086365,1
2013-05-18 07:00:00+00:00,496.6956482,133.96811
2013-05-18 08:00:00+00:00,478.1950378,1
2013-05-18 09:00:00+00:00,2178.85791,0.99568963
2013-05-18 10:00:00+00:00,1029.951294,1
2013-05-18 11:00:00+00:00,533.8660889,1
2013-05-18 12:00:00+00:00,641.0792847,113.27273
2013-05-18 13:00:00+00:00,442.4473572,66.87266
2013-05-18 14:00:00+00:00,333.3234863,1
2013-05-18 15:00:00+00:00,332.1097412,1
2013-05-18 16:00:00+00:00,244.4730377,1.007353
2013-05-18 17:00:00+00:00,562.0288696,77.88268
2013-05-18 18:00:00+00:00,283.8958435,1
2013-05-18 19:00:00+00:00,289.2946167,1.0076482
2013-05-18 20:00:00+00:00,350.216156,100.44533
2013-05-18 21:00:00+00:00,463.2144165,1
2013-05-18 22:00:00+00:00,212.1204224,1.0039841
2013-05-18 23:00:00+00:00,191.8888855,1
2013-05-19 00:00:00+00:00,166.7744751,1
2013-05-19 01:00:00+00:00,178.0142059,1
2013-05-19 02:00:00+00:00,167.7891083,1
2013-05-19 03:00:00+00:00,164.3164368,1
2013-05-19 04:00:00+00:00,184.1574402,1
2013-05-19 05:00:00+00:00,230.9041748,1
2013-05-19 06:00:00+00:00,237.1584473,1.0079051
2013-05-19 07:00:00+00:00,455.6679382,156.28969
2013-05-19 08:00:00+00:00,332.8249512,1.0037106
2013-05-19 09:00:00+00:00,339.2573547,1.0037314
2013-05-19 10:00:00+00:00,421.4450378,84.154564
2013-05-19 11:00:00+00:00,368.1157227,1
2013-05-19 12:00:00+00:00,588.8103638,100.77903
2013-05-19 13:00:00+00:00,1675.670288,1
2013-05-19 14:00:00+00:00,499.5216675,1
2013-05-19 15:00:00+00:00,346.7589722,1
2013-05-19 16:00:00+00:00,420.2797852,157.1759
2013-05-19 17:00:00+00:00,967.2657471,98.413666
2013-05-19 18:00:00+00:00,1074.506348,89.26087
2013-05-19 19:00:00+00:00,540.9807739,1
2013-05-19 20:00:00+00:00,447.1150513,1
2013-05-19 21:00:00+00:00,288.3091125,1
2013-05-19 22:00:00+00:00,252.6262817,1
2013-05-19 23:00:00+00:00,189.1477051,1
2013-05-20 00:00:00+00:00,177.3396301,1
2013-05-20 01:00:00+00:00,168.0537262,1
2013-05-20 02:00:00+00:00,174.4494019,1
2013-05-20 03:00:00+00:00,176.0761261,1
2013-05-20 04:00:00+00:00,164.7679138,1
2013-05-20 05:00:00+00:00,200.144104,1
2013-05-20 06:00:00+00:00,316.3785706,92.177864
2013-05-20 07:00:00+00:00,284.3072815,1.003876
2013-05-20 08:00:00+00:00,341.324646,1
2013-05-20 09:00:00+00:00,260.4413757,1
2013-05-20 10:00:00+00:00,397.4634094,83.41122
2013-05-20 11:00:00+00:00,506.6815796,61.093567
2013-05-20 12:00:00+00:00,369.4562988,1
2013-05-20 13:00:00+00:00,196.2155151,1.0080483
2013-05-20 14:00:00+00:00,175.2655182,1.0039761
2013-05-20 15:00:00+00:00,193.2327576,1
2013-05-20 16:00:00+00:00,293.0296021,73.623764
2013-05-20 17:00:00+00:00,539.491394,1
2013-05-20 18:00:00+00:00,658.3986206,131.2216
2013-05-20 19:00:00+00:00,750.5059814,56.275417
2013-05-20 20:00:00+00:00,704.0947266,1
2013-05-20 21:00:00+00:00,604.4088135,1
2013-05-20 22:00:00+00:00,741.9366455,1
2013-05-20 23:00:00+00:00,829.4605103,1
2013-05-21 00:00:00+00:00,254.1802673,1.0073801
2013-05-21 01:00:00+00:00,273.0779724,1
2013-05-21 02:00:00+00:00,262.8423767,1
2013-05-21 03:00:00+00:00,235.3287659,1.007353
2013-05-21 04:00:00+00:00,253.5736084,1
2013-05-21 05:00:00+00:00,251.1877136,1
2013-05-21 06:00:00+00:00,256.9790344,1.0037174
2013-05-21 07:00:00+00:00,244.806839,1
2013-05-21 08:00:00+00:00,566.8519897,121.07865
2013-05-21 09:00:00+00:00,982.3653564,1
2013-05-21 10:00:00+00:00,537.3029785,79.5316
2013-05-21 11:00:00+00:00,340.715271,1.011194
2013-05-21 12:00:00+00:00,565.4692993,156.34644
2013-05-21 13:00:00+00:00,1061.363159,1
2013-05-21 14:00:00+00:00,553.5106812,79.34944
2013-05-21 15:00:00+00:00,360.5617371,1
2013-05-21 16:00:00+00:00,407.1128235,1
2013-05-21 17:00:00+00:00,466.5123291,1
2013-05-21 18:00:00+00:00,368.6260986,1
2013-05-21 19:00:00+00:00,533.5787354,1
2013-05-21 20:00:00+00:00,499.5652771,1
2013-05-21 21:00:00+00:00,320.6333923,1
2013-05-21 22:00:00+00:00,262.7357483,1
2013-05-21 23:00:00+00:00,242.8295593,1
2013-05-22 00:00:00+00:00,249.5008698,1
2013-05-22 01:00:00+00:00,217.2508698,1.0036832
2013-05-22 02:00:00+00:00,221.5390015,1
2013-05-22 03:00:00+00:00,235.8373718,1
2013-05-22 04:00:00+00:00,217.1634827,1.00369
2013-05-22 05:00:00+00:00,261.8758545,1
2013-05-22 06:00:00+00:00,371.0514221,84.303535
2013-05-22 07:00:00+00:00,416.5215759,56.71058
2013-05-22 08:00:00+00:00,240.2191315,1.0039682
2013-05-22 09:00:00+00:00,173.5407257,1.004
2013-05-22 10:00:00+00:00,190.2644501,1.0040486
2013-05-22 11:00:00+00:00,276.1368408,75.07415
2013-05-22 12:00:00+00:00,213.5078735,1
2013-05-22 13:00:00+00:00,217.6655121,1.0080645
2013-05-22 14:00:00+00:00,177.2547607,1
2013-05-22 15:00:00+00:00,204.4842682,1
2013-05-22 16:00:00+00:00,415.7634277,83.29072
2013-05-22 17:00:00+00:00,365.5559692,1.3843844
2013-05-22 18:00:00+00:00,192.8697968,1
2013-05-22 19:00:00+00:00,234.2020721,1
2013-05-22 20:00:00+00:00,329.7495728,1
2013-05-22 21:00:00+00:00,831.2945557,1
2013-05-22 22:00:00+00:00,481.4648743,1
2013-05-22 23:00:00+00:00,409.1605835,1
2013-05-23 00:00:00+00:00,168.8433075,1
2013-05-23 01:00:00+00:00,153.9557495,1
2013-05-23 02:00:00+00:00,174.515564,1
2013-05-23 03:00:00+00:00,155.129364,1
2013-05-23 04:00:00+00:00,399.4882813,97.29435
2013-05-23 05:00:00+00:00,172.1480255,1
2013-05-23 06:00:00+00:00,154.975647,1
2013-05-23 07:00:00+00:00,194.2054749,1
2013-05-23 08:00:00+00:00,181.8458862,1
2013-05-23 09:00:00+00:00,167.6626129,1.0039526
2013-05-23 10:00:00+00:00,197.3734894,1
2013-05-23 11:00:00+00:00,166.7359467,1
2013-05-23 12:00:00+00:00,206.4784088,1.003861
2013-05-23 13:00:00+00:00,201.4931488,1
2013-05-23 14:00:00+00:00,152.7333374,1.0038986
2013-05-23 15:00:00+00:00,176.0905914,1
2013-05-23 16:00:00+00:00,199.2697601,1
2013-05-23 17:00:00+00:00,180.9948425,1
2013-05-23 18:00:00+00:00,171.7025604,1
2013-05-23 19:00:00+00:00,159.2448578,1
2013-05-23 20:00:00+00:00,150.1751709,1.0078278
2013-05-23 21:00:00+00:00,179.672348,1
2013-05-23 22:00:00+00:00,153.5357208,1
2013-05-23 23:00:00+00:00,153.4027252,1
2013-05-24 00:00:00+00:00,163.793869,1.0038986
2013-05-24 01:00:00+00:00,137.3548431,1
2013-05-24 02:00:00+00:00,137.0540466,1
2013-05-24 03:00:00+00:00,168.5262299,1
2013-05-24 04:00:00+00:00,180.6385193,1.0115385
2013-05-24 05:00:00+00:00,151.6391296,1
2013-05-24 06:00:00+00:00,175.7996674,1
2013-05-24 07:00:00+00:00,144.984848,1
2013-05-24 08:00:00+00:00,153.4621887,1.003795
2013-05-24 09:00:00+00:00,164,1
2013-05-24 10:00:00+00:00,154.4537811,1.0074488
2013-05-24 11:00:00+00:00,138.8981323,1.003795
2013-05-24 12:00:00+00:00,163.0656586,1
2013-05-24 13:00:00+00:00,138.5041962,1
2013-05-24 14:00:00+00:00,144.0654297,1.007435
2013-05-24 15:00:00+00:00,174.6426239,1
2013-05-24 16:00:00+00:00,157.2953033,1
2013-05-24 17:00:00+00:00,152.7583923,1
2013-05-24 18:00:00+00:00,190.7118988,1
2013-05-24 19:00:00+00:00,211.9899292,1.0036764
2013-05-24 20:00:00+00:00,176.9715729,1
2013-05-24 21:00:00+00:00,187.9966431,1
2013-05-24 22:00:00+00:00,199.6328278,1
2013-05-24 23:00:00+00:00,155.9480743,1
2013-05-25 00:00:00+00:00,142.795639,1.0036968
2013-05-25 01:00:00+00:00,150.0469055,1
2013-05-25 02:00:00+00:00,134.323822,1.0075047
2013-05-25 03:00:00+00:00,136.0653229,1
2013-05-25 04:00:00+00:00,147.5286255,1
2013-05-25 05:00:00+00:00,169.8425446,1.0074074
2013-05-25 06:00:00+00:00,156.5503387,1.0036832
2013-05-25 07:00:00+00:00,153.6599731,1
2013-05-25 08:00:00+00:00,204.2983093,1
2013-05-25 09:00:00+00:00,224.9263,1
2013-05-25 10:00:00+00:00,173.5764771,1
2013-05-25 11:00:00+00:00,186.7912445,1
2013-05-25 12:00:00+00:00,172.1655426,1
2013-05-25 13:00:00+00:00,159.1976318,1
2013-05-25 14:00:00+00:00,191.4239807,1
2013-05-25 15:00:00+00:00,175.0287628,1
2013-05-25 16:00:00+00:00,170.5726318,1
2013-05-25 17:00:00+00:00,201.2033844,1
2013-05-25 18:00:00+00:00,172.1254272,1
2013-05-25 19:00:00+00:00,149.2699432,1
2013-05-25 20:00:00+00:00,165.5084686,1
2013-05-25 21:00:00+00:00,153.7389832,1
2013-05-25 22:00:00+00:00,152.2876434,1
2013-05-25 23:00:00+00:00,171.3457031,1
2013-05-26 00:00:00+00:00,196.3260498,1
2013-05-26 01:00:00+00:00,137.1579895,1.0076776
2013-05-26 02:00:00+00:00,148.792923,1
2013-05-26 03:00:00+00:00,142.2806702,1
2013-05-26 04:00:00+00:00,145.7520905,1.0018797
2013-05-26 05:00:00+00:00,156.2634277,1
2013-05-26 06:00:00+00:00,173.036911,1
2013-05-26 07:00:00+00:00,147.0554657,1
2013-05-26 08:00:00+00:00,177.8802643,1
2013-05-26 09:00:00+00:00,190.648468,1.003876
2013-05-26 10:00:00+00:00,178.4854279,1
2013-05-26 11:00:00+00:00,167.3570251,1
2013-05-26 12:00:00+00:00,188.7055817,1
2013-05-26 13:00:00+00:00,162.8563995,1
2013-05-26 14:00:00+00:00,182.4415283,1
2013-05-26 15:00:00+00:00,231.4060211,1
2013-05-26 16:00:00+00:00,176.2216339,1.0150375
2013-05-26 17:00:00+00:00,206.6554718,1.0038462
2013-05-26 18:00:00+00:00,161.9913788,1
2013-05-26 19:00:00+00:00,151.2438202,1
2013-05-26 20:00:00+00:00,165.3013916,1
2013-05-26 21:00:00+00:00,155.277771,1
2013-05-26 22:00:00+00:00,160.5809784,1.0037879
2013-05-26 23:00:00+00:00,171.1247864,1
2013-05-27 00:00:00+00:00,138.8356476,1
2013-05-27 01:00:00+00:00,153.368515,1
2013-05-27 02:00:00+00:00,137.6460419,1
2013-05-27 03:00:00+00:00,137.7182159,1
2013-05-27 04:00:00+00:00,169.3184967,1
2013-05-27 05:00:00+00:00,174.9845123,1
2013-05-27 06:00:00+00:00,181.5180054,1
2013-05-27 07:00:00+00:00,162.5865021,1
2013-05-27 08:00:00+00:00,173.1645966,1
2013-05-27 09:00:00+00:00,173.369339,1
2013-05-27 10:00:00+00:00,193.8887024,1.0037524
2013-05-27 11:00:00+00:00,167.8235321,1
2013-05-27 12:00:00+00:00,196.914032,1.0076482
2013-05-27 13:00:00+00:00,142.5051422,1
2013-05-27 14:00:00+00:00,145.578125,1
2013-05-27 15:00:00+00:00,160.765213,1.0115385
2013-05-27 16:00:00+00:00,151.8591003,1.0116054
2013-05-27 17:00:00+00:00,177.968811,1
2013-05-27 18:00:00+00:00,166.8104401,1
2013-05-27 19:00:00+00:00,165.6170197,1
2013-05-27 20:00:00+00:00,254.7234802,1
2013-05-27 21:00:00+00:00,175.2991333,1
2013-05-27 22:00:00+00:00,177.2695007,1
2013-05-27 23:00:00+00:00,157.7361145,1.0037879
2013-05-28 00:00:00+00:00,148.6336823,1.0038023
2013-05-28 01:00:00+00:00,148.8045807,1.0075471
2013-05-28 02:00:00+00:00,138.3000031,1.007619
2013-05-28 03:00:00+00:00,158,1
2013-05-28 04:00:00+00:00,147.7019043,1.0075614
2013-05-28 05:00:00+00:00,157.8957672,1
2013-05-28 06:00:00+00:00,170.2486877,1.003795
2013-05-28 07:00:00+00:00,144.9616699,1
2013-05-28 08:00:00+00:00,178.1471558,1
2013-05-28 09:00:00+00:00,145.2682953,1
2013-05-28 10:00:00+00:00,151.2052612,1
2013-05-28 11:00:00+00:00,179.3708801,1
2013-05-28 12:00:00+00:00,164.9982452,1
2013-05-28 13:00:00+00:00,140.8730164,1
2013-05-28 14:00:00+00:00,163.5388641,1
2013-05-28 15:00:00+00:00,150.7368469,1
2013-05-28 16:00:00+00:00,153.8591309,1
2013-05-28 17:00:00+00:00,171.1857605,1
2013-05-28 18:00:00+00:00,162.0505219,1.0077369
2013-05-28 19:00:00+00:00,231.3368378,1
2013-05-28 20:00:00+00:00,211.8963165,1
2013-05-28 21:00:00+00:00,186.7172394,1
2013-05-28 22:00:00+00:00,181.2062378,1.007722
2013-05-28 23:00:00+00:00,157.922287,1.0038835
2013-05-29 00:00:00+00:00,146.543396,1
2013-05-29 01:00:00+00:00,177.212326,1
2013-05-29 02:00:00+00:00,170.8439178,1
2013-05-29 03:00:00+00:00,147.4344788,1
2013-05-29 04:00:00+00:00,155.5366211,1.0019455
2013-05-29 05:00:00+00:00,153.1139526,1.003876
2013-05-29 06:00:00+00:00,183.7975922,1
2013-05-29 07:00:00+00:00,156.8344727,1
2013-05-29 08:00:00+00:00,218.8160095,1
2013-05-29 09:00:00+00:00,177.3801422,1
2013-05-29 10:00:00+00:00,154.769104,1
2013-05-29 11:00:00+00:00,144.223938,1
2013-05-29 12:00:00+00:00,165.7738037,1
2013-05-29 13:00:00+00:00,142.2920227,1
2013-05-29 14:00:00+00:00,147.9175262,1.0039526
2013-05-29 15:00:00+00:00,172.8894501,1.007874
2013-05-29 16:00:00+00:00,188.1912079,1
2013-05-29 17:00:00+00:00,174.6023865,1
2013-05-29 18:00:00+00:00,176.6332703,1
2013-05-29 19:00:00+00:00,206.4266205,1
2013-05-29 20:00:00+00:00,176.3979645,1.0038835
2013-05-29 21:00:00+00:00,222.3378601,1
2013-05-29 22:00:00+00:00,157.4268646,1
2013-05-29 23:00:00+00:00,179.7580872,1
2013-05-30 00:00:00+00:00,148.7996674,1
2013-05-30 01:00:00+00:00,140.0204468,1
2013-05-30 02:00:00+00:00,165.2508545,1.0039293
2013-05-30 03:00:00+00:00,142.8152618,1
2013-05-30 04:00:00+00:00,145.9338989,1
2013-05-30 05:00:00+00:00,176.9796295,0.9980507
2013-05-30 06:00:00+00:00,157.6428528,1
2013-05-30 07:00:00+00:00,187.0288696,1
2013-05-30 08:00:00+00:00,177.8904114,1
2013-05-30 09:00:00+00:00,147.3487244,1
2013-05-30 10:00:00+00:00,153.4966125,1
2013-05-30 11:00:00+00:00,164.52211,1
2013-05-30 12:00:00+00:00,150.8108978,1
2013-05-30 13:00:00+00:00,144.9556274,1
2013-05-30 14:00:00+00:00,167.577774,1
2013-05-30 15:00:00+00:00,153.123291,1.0038986
2013-05-30 16:00:00+00:00,157.5770569,1
2013-05-30 17:00:00+00:00,171.0615387,1.0078125
2013-05-30 18:00:00+00:00,366.1430969,1
2013-05-30 19:00:00+00:00,250.6806335,1
2013-05-30 20:00:00+00:00,291.9362183,1
2013-05-30 21:00:00+00:00,183.9689636,1
2013-05-30 22:00:00+00:00,204.190567,1
2013-05-30 23:00:00+00:00,181.0915375,1
2013-05-31 00:00:00+00:00,156.1489716,1
2013-05-31 01:00:00+00:00,155.2444458,1.0039216
2013-05-31 02:00:00+00:00,169.14505,1
2013-05-31 03:00:00+00:00,156.320816,1
2013-05-31 04:00:00+00:00,160.4013672,1.0039139
2013-05-31 05:00:00+00:00,176.0425873,1
2013-05-31 06:00:00+00:00,158.348877,1
2013-05-31 07:00:00+00:00,274.3356018,72.46351
2013-05-31 08:00:00+00:00,1112.740967,1
2013-05-31 09:00:00+00:00,333.9216003,1
2013-05-31 10:00:00+00:00,234.5345154,1
2013-05-31 11:00:00+00:00,338.268158,1
2013-05-31 12:00:00+00:00,352.1701355,1
2013-05-31 13:00:00+00:00,320.0367126,72.10536
2013-05-31 14:00:00+00:00,281.5640259,1
2013-05-31 15:00:00+00:00,339.071167,1
2013-05-31 16:00:00+00:00,230.1239014,1
2013-05-31 17:00:00+00:00,223.7176666,1
2013-05-31 18:00:00+00:00,226.9193878,1
2013-05-31 19:00:00+00:00,427.0730286,80.93843
2013-05-31 20:00:00+00:00,319.2103577,1.0036764
2013-05-31 21:00:00+00:00,337.2103577,1
2013-05-31 22:00:00+00:00,221.7083282,1
2013-05-31 23:00:00+00:00,170.7731171,1.0039526
2013-06-01 00:00:00+00:00,158.4013977,1
2013-06-01 01:00:00+00:00,154.8621979,1.008016
2013-06-01 02:00:00+00:00,173.1299896,1
2013-06-01 03:00:00+00:00,189.3091583,1
2013-06-01 04:00:00+00:00,177.5869141,1
2013-06-01 05:00:00+00:00,155.1979218,1
2013-06-01 06:00:00+00:00,156.2150421,1
2013-06-01 07:00:00+00:00,364.9473572,62.423077
2013-06-01 08:00:00+00:00,184.6232605,1
2013-06-01 09:00:00+00:00,182.7439423,1
2013-06-01 10:00:00+00:00,288.5238953,1
2013-06-01 11:00:00+00:00,208.4429016,1
2013-06-01 12:00:00+00:00,222.6254425,79.256096
2013-06-01 13:00:00+00:00,190.496521,1
2013-06-01 14:00:00+00:00,180.3888855,1
2013-06-01 15:00:00+00:00,187.0475311,1
2013-06-01 16:00:00+00:00,177.5292053,1
2013-06-01 17:00:00+00:00,208.4175415,1.004008
2013-06-01 18:00:00+00:00,246.4090118,56.666668
2013-06-01 19:00:00+00:00,267.0979004,43.28657
2013-06-01 20:00:00+00:00,390.756134,1.0039682
2013-06-01 21:00:00+00:00,298.4429016,1
2013-06-01 22:00:00+00:00,214.6282654,1
2013-06-01 23:00:00+00:00,273.6333313,1
2013-06-02 00:00:00+00:00,944.2875366,1
2013-06-02 01:00:00+00:00,303.077179,1
2013-06-02 02:00:00+00:00,180.2239532,1
2013-06-02 03:00:00+00:00,158.6597595,1.0039761
2013-06-02 04:00:00+00:00,164.5400696,1
2013-06-02 05:00:00+00:00,178.0689697,1.0039139
2013-06-02 06:00:00+00:00,163.989624,1.0120724
2013-06-02 07:00:00+00:00,185.0380554,1
2013-06-02 08:00:00+00:00,1176.091064,65.2807
2013-06-02 09:00:00+00:00,534.0126343,1
2013-06-02 10:00:00+00:00,1064.916992,1
2013-06-02 11:00:00+00:00,398.648407,1
2013-06-02 12:00:00+00:00,335.1774902,73.371254
2013-06-02 13:00:00+00:00,708.055542,1
2013-06-02 14:00:00+00:00,1286.143311,1.0041754
2013-06-02 15:00:00+00:00,205.878006,0.99796337
2013-06-02 16:00:00+00:00,180.4268494,1
2013-06-02 17:00:00+00:00,461.2320251,1
2013-06-02 18:00:00+00:00,156.8139191,1
2013-06-02 19:00:00+00:00,289.0799866,1
2013-06-02 20:00:00+00:00,244.9896851,1.004008
2013-06-02 21:00:00+00:00,193.9095612,1.008016
2013-06-02 22:00:00+00:00,160.4956512,1
2013-06-02 23:00:00+00:00,191.0918579,1
2013-06-03 00:00:00+00:00,181.1470642,1
2013-06-03 01:00:00+00:00,155.4490509,1
2013-06-03 02:00:00+00:00,172.0986176,1
2013-06-03 03:00:00+00:00,156.9208221,1
2013-06-03 04:00:00+00:00,152.3979187,1
2013-06-03 05:00:00+00:00,172.2521667,1
2013-06-03 06:00:00+00:00,153.7951355,1
2013-06-03 07:00:00+00:00,166.6596832,1
2013-06-03 08:00:00+00:00,314.2236023,92.23414
2013-06-03 09:00:00+00:00,182.7667236,1
2013-06-03 10:00:00+00:00,215.0883942,1
2013-06-03 11:00:00+00:00,197.1358185,1
2013-06-03 12:00:00+00:00,352.8758545,166.54546
2013-06-03 13:00:00+00:00,203.8364563,1.0041068
2013-06-03 14:00:00+00:00,259.0681458,1
2013-06-03 15:00:00+00:00,207.7834167,1
2013-06-03 16:00:00+00:00,216.7152557,1
2013-06-03 17:00:00+00:00,311.4320068,0.997093
2013-06-03 18:00:00+00:00,202.1433563,1
2013-06-03 19:00:00+00:00,217.4651642,0.99784017
2013-06-03 20:00:00+00:00,593.2868042,1
2013-06-03 21:00:00+00:00,183.519165,1.00409
2013-06-03 22:00:00+00:00,175.5632629,1
2013-06-03 23:00:00+00:00,159.989563,1.0040486
2013-06-04 00:00:00+00:00,210.238266,1
2013-06-04 01:00:00+00:00,171.8902435,1
2013-06-04 02:00:00+00:00,176.4417419,1
2013-06-04 03:00:00+00:00,157.1507111,1
2013-06-04 04:00:00+00:00,168.7822266,1
2013-06-04 05:00:00+00:00,157.5456085,1.0039293
2013-06-04 06:00:00+00:00,157.6977081,1
2013-06-04 07:00:00+00:00,945.0228882,83.23884
2013-06-04 08:00:00+00:00,453.4091797,1
2013-06-04 09:00:00+00:00,226.3138275,1.0118812
2013-06-04 10:00:00+00:00,1013.793396,1
2013-06-04 11:00:00+00:00,360.7426147,1
2013-06-04 12:00:00+00:00,191.5626068,1
2013-06-04 13:00:00+00:00,191.8551788,1
2013-06-04 14:00:00+00:00,183.6288147,1
2013-06-04 15:00:00+00:00,267.2406006,1
2013-06-04 16:00:00+00:00,340.3839722,1.0079051
2013-06-04 17:00:00+00:00,447.5692139,1
2013-06-04 18:00:00+00:00,229.3138885,1
2013-06-04 19:00:00+00:00,300.925354,149.77032
2013-06-04 20:00:00+00:00,234.0547943,1
2013-06-04 21:00:00+00:00,406.2727356,1
2013-06-04 22:00:00+00:00,217.9501648,1
2013-06-04 23:00:00+00:00,166,1
2013-06-05 00:00:00+00:00,176.2024078,1
2013-06-05 01:00:00+00:00,158.740036,1
2013-06-05 02:00:00+00:00,178.8499146,1
2013-06-05 03:00:00+00:00,158.4283142,1
2013-06-05 04:00:00+00:00,172.5364532,1.0079523
2013-06-05 05:00:00+00:00,159.3130493,1
2013-06-05 06:00:00+00:00,202.0915375,1
2013-06-05 07:00:00+00:00,452.5163574,77.36
2013-06-05 08:00:00+00:00,239.1317139,1
2013-06-05 09:00:00+00:00,320.5077515,1
2013-06-05 10:00:00+00:00,326.5961914,1
2013-06-05 11:00:00+00:00,458.1690063,118.92966
2013-06-05 12:00:00+00:00,902.2737427,36.72045
2013-06-05 13:00:00+00:00,968.0917358,1
2013-06-05 14:00:00+00:00,981.5899658,1.0038023
2013-06-05 15:00:00+00:00,303.8730774,1
2013-06-05 16:00:00+00:00,364.4672546,70.86653
2013-06-05 17:00:00+00:00,325.8189697,1
2013-06-05 18:00:00+00:00,167.4217682,1.0039761
2013-06-05 19:00:00+00:00,308.8926697,1
2013-06-05 20:00:00+00:00,386.7322083,1
2013-06-05 21:00:00+00:00,391.6357422,1
2013-06-05 22:00:00+00:00,239.3440704,1
2013-06-05 23:00:00+00:00,221.2071381,1
2013-06-06 00:00:00+00:00,180.0341949,1.0119284
2013-06-06 01:00:00+00:00,162.1652527,1
2013-06-06 02:00:00+00:00,176.4456024,1.004
2013-06-06 03:00:00+00:00,160.547699,1
2013-06-06 04:00:00+00:00,175.5155182,1
2013-06-06 05:00:00+00:00,159.1792603,1
2013-06-06 06:00:00+00:00,175.4473724,1
2013-06-06 07:00:00+00:00,167.8821564,1
2013-06-06 08:00:00+00:00,399.9787598,97.48828
2013-06-06 09:00:00+00:00,368.3820496,79.71243
2013-06-06 10:00:00+00:00,343.8735046,1
2013-06-06 11:00:00+00:00,352,1.00369
2013-06-06 12:00:00+00:00,1214.608032,109.87947
2013-06-06 13:00:00+00:00,692.7219238,1
2013-06-06 14:00:00+00:00,355.6098022,1
2013-06-06 15:00:00+00:00,327.8913269,1
2013-06-06 16:00:00+00:00,452.51651,1
2013-06-06 17:00:00+00:00,283.456604,125.95874
2013-06-06 18:00:00+00:00,593.6776733,66.61341
2013-06-06 19:00:00+00:00,393.8132324,1
2013-06-06 20:00:00+00:00,391.9318542,1
2013-06-06 21:00:00+00:00,284.8279419,1.0040404
2013-06-06 22:00:00+00:00,182.1054382,1.004008
2013-06-06 23:00:00+00:00,184.552536,1
2013-06-07 00:00:00+00:00,168.7700195,1
2013-06-07 01:00:00+00:00,187.4033966,1.0039448
2013-06-07 02:00:00+00:00,201.7749176,1
2013-06-07 03:00:00+00:00,190.6054382,1
2013-06-07 04:00:00+00:00,449.3287659,1
2013-06-07 05:00:00+00:00,322.934845,67.588936
2013-06-07 06:00:00+00:00,391.3481445,110.34442
2013-06-07 07:00:00+00:00,260.7019043,1
2013-06-07 08:00:00+00:00,170.1993103,1.008
2013-06-07 09:00:00+00:00,202.8949127,1
2013-06-07 10:00:00+00:00,245.2255249,1
2013-06-07 11:00:00+00:00,333.3054504,65.021194
2013-06-07 12:00:00+00:00,443.4400635,1
2013-06-07 13:00:00+00:00,196.0016937,1
2013-06-07 14:00:00+00:00,184.758255,1
2013-06-07 15:00:00+00:00,391.73703,79.71485
2013-06-07 16:00:00+00:00,195.8493195,1.008016
2013-06-07 17:00:00+00:00,406.501709,1
2013-06-07 18:00:00+00:00,370.2106018,129.79442
2013-06-07 19:00:00+00:00,448.8372803,1
2013-06-07 20:00:00+00:00,446.3022156,1
2013-06-07 21:00:00+00:00,390.2601929,1
2013-06-07 22:00:00+00:00,707.2908936,1
2013-06-07 23:00:00+00:00,803.734375,1
2013-06-08 00:00:00+00:00,199.3794861,1
2013-06-08 01:00:00+00:00,193.9438782,1
2013-06-08 02:00:00+00:00,186.9120178,1
2013-06-08 03:00:00+00:00,195.3058472,1.0019608
2013-06-08 04:00:00+00:00,178.8109894,1
2013-06-08 05:00:00+00:00,193.3869934,1
2013-06-08 06:00:00+00:00,189.7439423,1.0039526
2013-06-08 07:00:00+00:00,360.3280029,94.85375
2013-06-08 08:00:00+00:00,338.0571899,1
2013-06-08 09:00:00+00:00,340.7789307,1.003795
2013-06-08 10:00:00+00:00,302.871521,1
2013-06-08 11:00:00+00:00,460.0267944,89.70301
2013-06-08 12:00:00+00:00,310.7299194,1
2013-06-08 13:00:00+00:00,377.3500061,1.0037879
2013-06-08 14:00:00+00:00,353.9197998,1
2013-06-08 15:00:00+00:00,401.8134766,45.587242
2013-06-08 16:00:00+00:00,617.9435425,53.139404
2013-06-08 17:00:00+00:00,504.1815186,1
2013-06-08 18:00:00+00:00,913.0864258,1.007435
2013-06-08 19:00:00+00:00,830.3012695,72.32827
2013-06-08 20:00:00+00:00,414.1928406,1
2013-06-08 21:00:00+00:00,272.1838379,1
2013-06-08 22:00:00+00:00,261.5523071,1
2013-06-08 23:00:00+00:00,267.4545593,1.0080972
2013-06-09 00:00:00+00:00,170.621521,1
2013-06-09 01:00:00+00:00,182.7547455,1.004008
2013-06-09 02:00:00+00:00,166.4921722,1.0039682
2013-06-09 03:00:00+00:00,180.7839661,1
2013-06-09 04:00:00+00:00,171.7820129,1.0039841
2013-06-09 05:00:00+00:00,188.2637939,1
2013-06-09 06:00:00+00:00,286.1446533,127.55315
2013-06-09 07:00:00+00:00,340.1145935,1
2013-06-09 08:00:00+00:00,333.9723206,1
2013-06-09 09:00:00+00:00,330.8336182,1
2013-06-09 10:00:00+00:00,457.3743286,80.97207
2013-06-09 11:00:00+00:00,416.8989563,90.23978
2013-06-09 12:00:00+00:00,356.6417542,1
2013-06-09 13:00:00+00:00,365.5597839,1.0037453
2013-06-09 14:00:00+00:00,373.3258667,1
2013-06-09 15:00:00+00:00,320.7961731,1
2013-06-09 16:00:00+00:00,527.9265137,87.316666
2013-06-09 17:00:00+00:00,324.5043945,1
2013-06-09 18:00:00+00:00,396.6453247,1
2013-06-09 19:00:00+00:00,619.0418701,1.0037736
2013-06-09 20:00:00+00:00,486.4091797,1
2013-06-09 21:00:00+00:00,275.7195129,1
2013-06-09 22:00:00+00:00,181.5233917,1.004
2013-06-09 23:00:00+00:00,188.6579437,1
2013-06-10 00:00:00+00:00,173.0191345,1
2013-06-10 01:00:00+00:00,186.5318451,1.0039761
2013-06-10 02:00:00+00:00,174.7706909,1
2013-06-10 03:00:00+00:00,181.956604,1.0080321
2013-06-10 04:00:00+00:00,223.7565155,1.004016
2013-06-10 05:00:00+00:00,214.6573944,1
2013-06-10 06:00:00+00:00,357.358429,131.1122
2013-06-10 07:00:00+00:00,454.5907593,1
2013-06-10 08:00:00+00:00,380.2377625,1.0037594
2013-06-10 09:00:00+00:00,323.5547791,1.0037314
2013-06-10 10:00:00+00:00,434.2844543,57.942165
2013-06-10 11:00:00+00:00,186.4380493,1
2013-06-10 12:00:00+00:00,446.9872742,56.559223
2013-06-10 13:00:00+00:00,868.6314087,1
2013-06-10 14:00:00+00:00,474.3393555,1
2013-06-10 15:00:00+00:00,205.6013794,1
2013-06-10 16:00:00+00:00,313.4656982,142.02165
2013-06-10 17:00:00+00:00,417.8118286,74.98419
2013-06-10 18:00:00+00:00,288.321167,1
2013-06-10 19:00:00+00:00,227.8551788,1
2013-06-10 20:00:00+00:00,420.2352905,1
2013-06-10 21:00:00+00:00,545.1240845,1
2013-06-10 22:00:00+00:00,461.5750427,1
2013-06-10 23:00:00+00:00,587.1573486,1
2013-06-11 00:00:00+00:00,186.510376,1
2013-06-11 01:00:00+00:00,167.9249573,1.004065
2013-06-11 02:00:00+00:00,182.6573486,1
2013-06-11 03:00:00+00:00,165.1864166,1
2013-06-11 04:00:00+00:00,182.3397522,1
2013-06-11 05:00:00+00:00,275.3703613,78.12375
2013-06-11 06:00:00+00:00,185.0629425,1
2013-06-11 07:00:00+00:00,345.3977966,61.92
2013-06-11 08:00:00+00:00,188.1091919,1.00409
2013-06-11 09:00:00+00:00,234.5392609,1
2013-06-11 10:00:00+00:00,260.6323242,86.01437
2013-06-11 11:00:00+00:00,304.2678528,109.51767
2013-06-11 12:00:00+00:00,910.9569702,1
2013-06-11 13:00:00+00:00,457.3932495,1
2013-06-11 14:00:00+00:00,184.7111053,1
2013-06-11 15:00:00+00:00,182.5736237,1.0020081
2013-06-11 16:00:00+00:00,292.1799316,101.77328
2013-06-11 17:00:00+00:00,290.2422791,1
2013-06-11 18:00:00+00:00,329.1022034,1
2013-06-11 19:00:00+00:00,494.880127,1
2013-06-11 20:00:00+00:00,417.4517212,1.0037037
2013-06-11 21:00:00+00:00,326.7452393,1
2013-06-11 22:00:00+00:00,170.9153748,1.0040486
2013-06-11 23:00:00+00:00,183.4731445,1.0039761
2013-06-12 00:00:00+00:00,218.4664307,1
2013-06-12 01:00:00+00:00,176.4904633,1.0040568
2013-06-12 02:00:00+00:00,163.746521,1
2013-06-12 03:00:00+00:00,179.9084625,1.00409
2013-06-12 04:00:00+00:00,163.5654449,1
2013-06-12 05:00:00+00:00,204.5944061,1
2013-06-12 06:00:00+00:00,396.0866699,152.40881
2013-06-12 07:00:00+00:00,527.5721436,27.766666
2013-06-12 08:00:00+00:00,363.144104,1
2013-06-12 09:00:00+00:00,361.1101685,1
2013-06-12 10:00:00+00:00,501.5035095,73.53902
2013-06-12 11:00:00+00:00,488.1916504,1
2013-06-12 12:00:00+00:00,419.1954956,96.009094
2013-06-12 13:00:00+00:00,371.3942566,1
2013-06-12 14:00:00+00:00,346.9135742,1.0054545
2013-06-12 15:00:00+00:00,351.243042,1.0071943
2013-06-12 16:00:00+00:00,296.0187073,59.587814
2013-06-12 17:00:00+00:00,372.4707031,1
2013-06-12 18:00:00+00:00,302.4898071,1
2013-06-12 19:00:00+00:00,406,1
2013-06-12 20:00:00+00:00,435.5675659,1
2013-06-12 21:00:00+00:00,602.2297974,1.0037665
2013-06-12 22:00:00+00:00,334.6849365,1
2013-06-12 23:00:00+00:00,255.049408,1.004008
2013-06-13 00:00:00+00:00,219.0650635,1.0040241
2013-06-13 01:00:00+00:00,193.606781,1
2013-06-13 02:00:00+00:00,175.8983002,1
2013-06-13 03:00:00+00:00,192.8747864,1
2013-06-13 04:00:00+00:00,174.6960297,1.004008
2013-06-13 05:00:00+00:00,328.3858032,80.77539
2013-06-13 06:00:00+00:00,537,1
2013-06-13 07:00:00+00:00,602.2578125,86.08484
2013-06-13 08:00:00+00:00,411.0585327,1
2013-06-13 09:00:00+00:00,358.7717896,1
2013-06-13 10:00:00+00:00,345.5865173,1
2013-06-13 11:00:00+00:00,496.4060364,119.52973
2013-06-13 12:00:00+00:00,556.2203369,91.80581
2013-06-13 13:00:00+00:00,341.5202637,1
2013-06-13 14:00:00+00:00,361.2276611,1
2013-06-13 15:00:00+00:00,751.6936035,1
2013-06-13 16:00:00+00:00,946.1153564,70.2033
2013-06-13 17:00:00+00:00,491.4068909,53.175823
2013-06-13 18:00:00+00:00,613.9707031,88.677536
2013-06-13 19:00:00+00:00,573.2089844,1.0070423
2013-06-13 20:00:00+00:00,479.1228638,1.0036968
2013-06-13 21:00:00+00:00,738.7783203,1
2013-06-13 22:00:00+00:00,762.861084,1
2013-06-13 23:00:00+00:00,180.7606812,1.0039841
2013-06-14 00:00:00+00:00,164.9210968,1
2013-06-14 01:00:00+00:00,176.8896484,1
2013-06-14 02:00:00+00:00,179.3333282,1
2013-06-14 03:00:00+00:00,167.2521515,1
2013-06-14 04:00:00+00:00,182.8486938,1
2013-06-14 05:00:00+00:00,334.422821,82.56947
2013-06-14 06:00:00+00:00,186.336792,1.0078125
2013-06-14 07:00:00+00:00,206.5209808,1.011811
2013-06-14 08:00:00+00:00,176.8278809,1
2013-06-14 09:00:00+00:00,220.5173645,1
2013-06-14 10:00:00+00:00,197.8778381,1.0079207
2013-06-14 11:00:00+00:00,234.4665527,1
2013-06-14 12:00:00+00:00,205.8405609,1
2013-06-14 13:00:00+00:00,214.5627136,1
2013-06-14 14:00:00+00:00,185.8769226,1.0078585
2013-06-14 15:00:00+00:00,226.0854645,1.003937
2013-06-14 16:00:00+00:00,194.4341278,1
2013-06-14 17:00:00+00:00,221.2991486,1
2013-06-14 18:00:00+00:00,183.7829132,1
2013-06-14 19:00:00+00:00,210.1669464,1
2013-06-14 20:00:00+00:00,202.7302399,1
2013-06-14 21:00:00+00:00,207.6064758,1
2013-06-14 22:00:00+00:00,216.6769257,1
2013-06-14 23:00:00+00:00,173.9896088,1
2013-06-15 00:00:00+00:00,170.5371399,1
2013-06-15 01:00:00+00:00,168.8829651,1
2013-06-15 02:00:00+00:00,196.5445251,1
2013-06-15 03:00:00+00:00,159.1455536,1
2013-06-15 04:00:00+00:00,175.7155151,1
2013-06-15 05:00:00+00:00,183.2224121,1
2013-06-15 06:00:00+00:00,174.0565033,1
2013-06-15 07:00:00+00:00,193.0888824,1.0078278
2013-06-15 08:00:00+00:00,180.0957336,1
2013-06-15 09:00:00+00:00,214.4898376,1
2013-06-15 10:00:00+00:00,180.0102234,1
2013-06-15 11:00:00+00:00,198.5349274,1.0078895
2013-06-15 12:00:00+00:00,175.8894501,1
2013-06-15 13:00:00+00:00,172.218277,1
2013-06-15 14:00:00+00:00,176.9880676,1
2013-06-15 15:00:00+00:00,184.5153656,1.003937
2013-06-15 16:00:00+00:00,221.9148254,1
2013-06-15 17:00:00+00:00,226.5595245,1
2013-06-15 18:00:00+00:00,184.0288086,1
2013-06-15 19:00:00+00:00,178.9710388,1
2013-06-15 20:00:00+00:00,197.0355377,1
2013-06-15 21:00:00+00:00,172.497467,1.0039604
2013-06-15 22:00:00+00:00,190.3565216,1
2013-06-15 23:00:00+00:00,173.8668976,1
2013-06-16 00:00:00+00:00,172.123291,1
2013-06-16 01:00:00+00:00,157.2849731,1.0039062
2013-06-16 02:00:00+00:00,162.9656982,1
2013-06-16 03:00:00+00:00,171.5225677,1.0038835
2013-06-16 04:00:00+00:00,163.6933746,1
2013-06-16 05:00:00+00:00,195.8877258,1
2013-06-16 06:00:00+00:00,166.206543,1
2013-06-16 07:00:00+00:00,221.8416595,1
2013-06-16 08:00:00+00:00,204.9930878,1.007752
2013-06-16 09:00:00+00:00,223.5979309,1
2013-06-16 10:00:00+00:00,185.621582,1
2013-06-16 11:00:00+00:00,188.9153748,1
2013-06-16 12:00:00+00:00,169.4635468,1
2013-06-16 13:00:00+00:00,197.0379333,1
2013-06-16 14:00:00+00:00,184.1391754,1
2013-06-16 15:00:00+00:00,223.762558,1
2013-06-16 16:00:00+00:00,198.3497467,1.0039604
2013-06-16 17:00:00+00:00,208.7106171,1.0078125
2013-06-16 18:00:00+00:00,227,1
2013-06-16 19:00:00+00:00,242.7380066,1
2013-06-16 20:00:00+00:00,435.5848999,1
2013-06-16 21:00:00+00:00,366.1087952,1
2013-06-16 22:00:00+00:00,222.658493,1
2013-06-16 23:00:00+00:00,165.9774323,1
2013-06-17 00:00:00+00:00,177.3639526,1
2013-06-17 01:00:00+00:00,158.036087,1
2013-06-17 02:00:00+00:00,172.0703278,1.0040241
2013-06-17 03:00:00+00:00,162.8516541,1.001996
2013-06-17 04:00:00+00:00,165.0206604,1
2013-06-17 05:00:00+00:00,172.8800049,1
2013-06-17 06:00:00+00:00,161.6948242,1
2013-06-17 07:00:00+00:00,175.3263855,1.004016
2013-06-17 08:00:00+00:00,297.6560364,162.09543
2013-06-17 09:00:00+00:00,321.1855164,1
2013-06-17 10:00:00+00:00,807.631958,1
2013-06-17 11:00:00+00:00,299.506073,1.004
2013-06-17 12:00:00+00:00,220.0343018,1.01
2013-06-17 13:00:00+00:00,531.5864868,1
2013-06-17 14:00:00+00:00,631.4240723,1
2013-06-17 15:00:00+00:00,262.5473328,1
2013-06-17 16:00:00+00:00,209.7965851,1
2013-06-17 17:00:00+00:00,170.3901978,1.0079681
2013-06-17 18:00:00+00:00,220.949234,1
2013-06-17 19:00:00+00:00,375.7772217,1
2013-06-17 20:00:00+00:00,380.9369812,1
2013-06-17 21:00:00+00:00,174.6348114,1
2013-06-17 22:00:00+00:00,179.6260529,1
2013-06-17 23:00:00+00:00,175.9577026,1
2013-06-18 00:00:00+00:00,159.6277466,1.004
2013-06-18 01:00:00+00:00,168.8671265,1
2013-06-18 02:00:00+00:00,175.0979767,1
2013-06-18 03:00:00+00:00,204.3231812,1
2013-06-18 04:00:00+00:00,177.2521362,1
2013-06-18 05:00:00+00:00,159.5223389,1
2013-06-18 06:00:00+00:00,231.2675781,62.112648
2013-06-18 07:00:00+00:00,449.2304993,57.94246
2013-06-18 08:00:00+00:00,166.3164063,1.001996
2013-06-18 09:00:00+00:00,236.7996521,72.048195
2013-06-18 10:00:00+00:00,213.4703827,1
2013-06-18 11:00:00+00:00,306.7668457,92.29921
2013-06-18 12:00:00+00:00,889.5967407,1.0037736
2013-06-18 13:00:00+00:00,510.4231567,1.0075614
2013-06-18 14:00:00+00:00,763.6696167,1
2013-06-18 15:00:00+00:00,383.6269836,1
2013-06-18 16:00:00+00:00,345.4191284,1
2013-06-18 17:00:00+00:00,439.8048706,71.155205
2013-06-18 18:00:00+00:00,509.0923157,79.68053
2013-06-18 19:00:00+00:00,578.5523071,1.0038168
2013-06-18 20:00:00+00:00,409.6217957,1
2013-06-18 21:00:00+00:00,331.0964355,1.0019647
2013-06-18 22:00:00+00:00,183.1547546,1.0039216
2013-06-18 23:00:00+00:00,178.2966156,1
2013-06-19 00:00:00+00:00,169.7385406,1
2013-06-19 01:00:00+00:00,165.2406769,1.0039448
2013-06-19 02:00:00+00:00,166.3423767,1
2013-06-19 03:00:00+00:00,174.3464203,1
2013-06-19 04:00:00+00:00,175.0602417,1
2013-06-19 05:00:00+00:00,172.2220306,1
2013-06-19 06:00:00+00:00,423.6672668,85.17444
2013-06-19 07:00:00+00:00,563.3079834,40.467804
2013-06-19 08:00:00+00:00,368.5952454,1
2013-06-19 09:00:00+00:00,374.4566956,1
2013-06-19 10:00:00+00:00,347.1801147,1.0074906
2013-06-19 11:00:00+00:00,348.6424866,1
2013-06-19 12:00:00+00:00,501.6476746,51.41418
2013-06-19 13:00:00+00:00,906.9849854,1
2013-06-19 14:00:00+00:00,567.6642456,1
2013-06-19 15:00:00+00:00,348.6280212,1
2013-06-19 16:00:00+00:00,383.7745361,76.608696
2013-06-19 17:00:00+00:00,258.504303,1
2013-06-19 18:00:00+00:00,194.245285,1.0039139
2013-06-19 19:00:00+00:00,855.9804688,1
2013-06-19 20:00:00+00:00,1902.678955,1
2013-06-19 21:00:00+00:00,527.4647217,1
2013-06-19 22:00:00+00:00,347.8969116,1
2013-06-19 23:00:00+00:00,232.0827637,1
2013-06-20 00:00:00+00:00,202.3431549,1
2013-06-20 01:00:00+00:00,179.3900299,1
2013-06-20 02:00:00+00:00,179.7392731,1
2013-06-20 03:00:00+00:00,164.9674683,1
2013-06-20 04:00:00+00:00,174.8652802,1
2013-06-20 05:00:00+00:00,192.2780609,1.0040323
2013-06-20 06:00:00+00:00,295.5,123.12302
2013-06-20 07:00:00+00:00,163.4536133,1
2013-06-20 08:00:00+00:00,171.3696747,1
2013-06-20 09:00:00+00:00,187.8191071,1
2013-06-20 10:00:00+00:00,219.5111084,1
2013-06-20 11:00:00+00:00,174.9603424,1
2013-06-20 12:00:00+00:00,166.316864,1
2013-06-20 13:00:00+00:00,176.3622437,1
2013-06-20 14:00:00+00:00,212.615387,1
2013-06-20 15:00:00+00:00,163.0927887,1
2013-06-20 16:00:00+00:00,345.4689026,73.83961
2013-06-20 17:00:00+00:00,364.6010437,1.0119522
2013-06-20 18:00:00+00:00,192.0478668,1
2013-06-20 19:00:00+00:00,466.8859558,1
2013-06-20 20:00:00+00:00,394.4675903,1
2013-06-20 21:00:00+00:00,379.3345032,1
2013-06-20 22:00:00+00:00,295.3166809,1.0120482
2013-06-20 23:00:00+00:00,184.9708862,1
2013-06-21 00:00:00+00:00,176.9449158,1
2013-06-21 01:00:00+00:00,171.3275909,1
2013-06-21 02:00:00+00:00,155.5496521,1
2013-06-21 03:00:00+00:00,165.5782318,1
2013-06-21 04:00:00+00:00,205.0137482,1.004
2013-06-21 05:00:00+00:00,180.6496582,1
2013-06-21 06:00:00+00:00,215.4266205,66.001976
2013-06-21 07:00:00+00:00,428.0910645,69.92843
2013-06-21 08:00:00+00:00,213.9068909,1
2013-06-21 09:00:00+00:00,193.7013702,1
2013-06-21 10:00:00+00:00,172.8622437,1
2013-06-21 11:00:00+00:00,191.1462555,1
2013-06-21 12:00:00+00:00,198.8135529,1.011976
2013-06-21 13:00:00+00:00,200.6865387,1
2013-06-21 14:00:00+00:00,217.7452698,1
2013-06-21 15:00:00+00:00,276.5463867,79.34387
2013-06-21 16:00:00+00:00,200.9794464,1.0119047
2013-06-21 17:00:00+00:00,208.3831635,1
2013-06-21 18:00:00+00:00,299.0631409,1
2013-06-21 19:00:00+00:00,421.9897766,1
2013-06-21 20:00:00+00:00,406.5582581,1
2013-06-21 21:00:00+00:00,279.8465576,1.0118812
2013-06-21 22:00:00+00:00,204.037674,1
2013-06-21 23:00:00+00:00,175.5093384,1
2013-06-22 00:00:00+00:00,173.5119934,1.003992
2013-06-22 01:00:00+00:00,171.6061096,1
2013-06-22 02:00:00+00:00,171.5932159,1
2013-06-22 03:00:00+00:00,170.4542389,1
2013-06-22 04:00:00+00:00,163.6850281,1
2013-06-22 05:00:00+00:00,162.7189026,1
2013-06-22 06:00:00+00:00,188.9778137,1
2013-06-22 07:00:00+00:00,576.2064209,131.8367
2013-06-22 08:00:00+00:00,423.9982605,1
2013-06-22 09:00:00+00:00,213.588028,1
2013-06-22 10:00:00+00:00,198.0271606,1
2013-06-22 11:00:00+00:00,253.9718323,1
2013-06-22 12:00:00+00:00,293.8441772,65.07171
2013-06-22 13:00:00+00:00,359.1063538,1
2013-06-22 14:00:00+00:00,252.1457977,1
2013-06-22 15:00:00+00:00,253.3339081,1.2882483
2013-06-22 16:00:00+00:00,171.4512787,1
2013-06-22 17:00:00+00:00,210.8431091,1
2013-06-22 18:00:00+00:00,223.0923004,1
2013-06-22 19:00:00+00:00,336.9743652,1
2013-06-22 20:00:00+00:00,399.5917664,0.99804306
2013-06-22 21:00:00+00:00,327.1329956,1
2013-06-22 22:00:00+00:00,159.9880371,1.008016
2013-06-22 23:00:00+00:00,181.4718933,1
2013-06-23 00:00:00+00:00,156.9625854,1.0120482
2013-06-23 01:00:00+00:00,175.06633,1.003992
2013-06-23 02:00:00+00:00,155.473587,1
2013-06-23 03:00:00+00:00,211.3066406,1
2013-06-23 04:00:00+00:00,174.3868256,1
2013-06-23 05:00:00+00:00,175.5783081,1
2013-06-23 06:00:00+00:00,155.4651947,1
2013-06-23 07:00:00+00:00,215.048111,66
2013-06-23 08:00:00+00:00,552.5610352,1
2013-06-23 09:00:00+00:00,616.6436157,1
2013-06-23 10:00:00+00:00,231.4241943,1
2013-06-23 11:00:00+00:00,385.527771,1
2013-06-23 12:00:00+00:00,319.5492249,83.22682
2013-06-23 13:00:00+00:00,469.6535034,53.001987
2013-06-23 14:00:00+00:00,385.5220947,1.004
2013-06-23 15:00:00+00:00,498.774353,83.57905
2013-06-23 16:00:00+00:00,445.0761414,1
2013-06-23 17:00:00+00:00,359.3133545,1
2013-06-23 18:00:00+00:00,423.8900452,1
2013-06-23 19:00:00+00:00,442.5256042,1
2013-06-23 20:00:00+00:00,645.6951904,1
2013-06-23 21:00:00+00:00,856.4611206,1
2013-06-23 22:00:00+00:00,182.7618256,1
2013-06-23 23:00:00+00:00,188.9217682,1
2013-06-24 00:00:00+00:00,161.7235565,1
2013-06-24 01:00:00+00:00,177.7483063,1
2013-06-24 02:00:00+00:00,169.8722382,1
2013-06-24 03:00:00+00:00,160.1856842,1
2013-06-24 04:00:00+00:00,190.036087,1
2013-06-24 05:00:00+00:00,163.1552887,1
2013-06-24 06:00:00+00:00,398.2605591,99.45
2013-06-24 07:00:00+00:00,249.656311,58.32193
2013-06-24 08:00:00+00:00,173.8617706,1
2013-06-24 09:00:00+00:00,215.3327637,1
2013-06-24 10:00:00+00:00,258.8913269,1
2013-06-24 11:00:00+00:00,179.5008545,1
2013-06-24 12:00:00+00:00,207.4202423,1
2013-06-24 13:00:00+00:00,184.6512756,1
2013-06-24 14:00:00+00:00,215.4295502,1.0040486
2013-06-24 15:00:00+00:00,193.8957214,1
2013-06-24 16:00:00+00:00,187.9402771,1.004016
2013-06-24 17:00:00+00:00,394.6666565,105.91252
2013-06-24 18:00:00+00:00,228.6479645,1
2013-06-24 19:00:00+00:00,318.7770386,1
2013-06-24 20:00:00+00:00,508.3476868,72.78667
2013-06-24 21:00:00+00:00,369.8967285,1
2013-06-24 22:00:00+00:00,189.4642792,1.0020243
2013-06-24 23:00:00+00:00,187.9864349,1
2013-06-25 00:00:00+00:00,176.4718018,1
2013-06-25 01:00:00+00:00,214.9041138,1
2013-06-25 02:00:00+00:00,165.0206909,1.0040241
2013-06-25 03:00:00+00:00,187.036087,1
2013-06-25 04:00:00+00:00,163.6989441,1
2013-06-25 05:00:00+00:00,193.2350922,1.004065
2013-06-25 06:00:00+00:00,426.1398315,85.76626
2013-06-25 07:00:00+00:00,299.4555054,1
2013-06-25 08:00:00+00:00,270.0546875,1
2013-06-25 09:00:00+00:00,215.0255585,1
2013-06-25 10:00:00+00:00,268.459198,1.0020081
2013-06-25 11:00:00+00:00,369.0209351,1
2013-06-25 12:00:00+00:00,396.5667725,1.0079681
2013-06-25 13:00:00+00:00,279.4266357,1
2013-06-25 14:00:00+00:00,293.0740051,1.0039841
2013-06-25 15:00:00+00:00,241.3192596,1.0039761
2013-06-25 16:00:00+00:00,247.2474365,1
2013-06-25 17:00:00+00:00,314.5078125,111.1494
2013-06-25 18:00:00+00:00,206.1972809,1
2013-06-25 19:00:00+00:00,364.2654114,1
2013-06-25 20:00:00+00:00,391.9710388,1
2013-06-25 21:00:00+00:00,404.2050781,1
2013-06-25 22:00:00+00:00,187.7326508,1
2013-06-25 23:00:00+00:00,175.235199,1
2013-06-26 00:00:00+00:00,185.1790466,1
2013-06-26 01:00:00+00:00,168.3999939,1
2013-06-26 02:00:00+00:00,182.6262817,1.001992
2013-06-26 03:00:00+00:00,166.9897919,1
2013-06-26 04:00:00+00:00,181.0085754,1
2013-06-26 05:00:00+00:00,180.1578979,1
2013-06-26 06:00:00+00:00,386.2549133,62.590363
2013-06-26 07:00:00+00:00,887.1115112,48.97561
2013-06-26 08:00:00+00:00,637.5797119,1
2013-06-26 09:00:00+00:00,352.3029175,1.0035273
2013-06-26 10:00:00+00:00,343.4533081,1
2013-06-26 11:00:00+00:00,348.9948425,1
2013-06-26 12:00:00+00:00,355.2495728,1
2013-06-26 13:00:00+00:00,403.8810425,115.05115
2013-06-26 14:00:00+00:00,331.7196655,1
2013-06-26 15:00:00+00:00,344.5329895,1
2013-06-26 16:00:00+00:00,319.0826111,1
2013-06-26 17:00:00+00:00,271.0426636,1
2013-06-26 18:00:00+00:00,294.7128296,1
2013-06-26 19:00:00+00:00,386.8391113,1.0070922
2013-06-26 20:00:00+00:00,376.0272217,1
2013-06-26 21:00:00+00:00,408.914093,1
2013-06-26 22:00:00+00:00,182.1999969,1
2013-06-26 23:00:00+00:00,181.7423706,1.004016
2013-06-27 00:00:00+00:00,189.6260681,1
2013-06-27 01:00:00+00:00,165.8612518,1
2013-06-27 02:00:00+00:00,202.1428528,1
2013-06-27 03:00:00+00:00,183.6320343,1
2013-06-27 04:00:00+00:00,189.3843536,1
2013-06-27 05:00:00+00:00,530.7796631,1
2013-06-27 06:00:00+00:00,210.2978058,1
2013-06-27 07:00:00+00:00,396.930603,91.5197
2013-06-27 08:00:00+00:00,347.3066406,1
2013-06-27 09:00:00+00:00,190.4497375,1
2013-06-27 10:00:00+00:00,206.5459137,1
2013-06-27 11:00:00+00:00,231.0340118,1.0039761
2013-06-27 12:00:00+00:00,227.681427,1.008016
2013-06-27 13:00:00+00:00,206.4932251,1
2013-06-27 14:00:00+00:00,193.1396942,1
2013-06-27 15:00:00+00:00,207.1680756,1.0039761
2013-06-27 16:00:00+00:00,199.8188019,1
2013-06-27 17:00:00+00:00,304.3747864,1
2013-06-27 18:00:00+00:00,206.1759796,1
2013-06-27 19:00:00+00:00,281.8773499,1
2013-06-27 20:00:00+00:00,406.7097778,1
2013-06-27 21:00:00+00:00,286.644928,1
2013-06-27 22:00:00+00:00,181.677475,1
2013-06-27 23:00:00+00:00,183.6564636,1.0039682
2013-06-28 00:00:00+00:00,170.0748291,1
2013-06-28 01:00:00+00:00,177.3713837,1.004016
2013-06-28 02:00:00+00:00,208.7176819,1
2013-06-28 03:00:00+00:00,175.5949097,1
2013-06-28 04:00:00+00:00,180.1746521,1
2013-06-28 05:00:00+00:00,178.1734619,1.0020202
2013-06-28 06:00:00+00:00,182.0068665,1
2013-06-28 07:00:00+00:00,658.9770508,125.38856
2013-06-28 08:00:00+00:00,741.8490601,1
2013-06-28 09:00:00+00:00,998.6678467,1.0070796
2013-06-28 10:00:00+00:00,565.4888306,3.064632
2013-06-28 11:00:00+00:00,543.9232178,49.540634
2013-06-28 12:00:00+00:00,369.0479431,37.525913
2013-06-28 13:00:00+00:00,684.0705566,1.0039604
2013-06-28 14:00:00+00:00,452.8134766,0.99570817
2013-06-28 15:00:00+00:00,515.446167,1
2013-06-28 16:00:00+00:00,356.1896667,1
2013-06-28 17:00:00+00:00,358.77005,76.030365
2013-06-28 18:00:00+00:00,252.2478333,1
2013-06-28 19:00:00+00:00,186.4165192,1
2013-06-28 20:00:00+00:00,383.8181763,1
2013-06-28 21:00:00+00:00,408.9384766,1
2013-06-28 22:00:00+00:00,238.982666,1.0081301
2013-06-28 23:00:00+00:00,233.839035,1
2013-06-29 00:00:00+00:00,185.5008698,1.0080808
2013-06-29 01:00:00+00:00,168.3752136,1.004016
2013-06-29 02:00:00+00:00,178.1499176,1.0080483
2013-06-29 03:00:00+00:00,180.0271149,1
2013-06-29 04:00:00+00:00,168.0862885,1.004016
2013-06-29 05:00:00+00:00,190.2973022,1
2013-06-29 06:00:00+00:00,272.4517212,114.57172
2013-06-29 07:00:00+00:00,833.7783813,1.0039062
2013-06-29 08:00:00+00:00,537.3804321,1
2013-06-29 09:00:00+00:00,204.4253845,1.008016
2013-06-29 10:00:00+00:00,233.6122437,1
2013-06-29 11:00:00+00:00,291.7955322,77.07984
2013-06-29 12:00:00+00:00,797.9492798,1
2013-06-29 13:00:00+00:00,473.7219238,1
2013-06-29 14:00:00+00:00,196.4105682,1
2013-06-29 15:00:00+00:00,207.314621,1.004016
2013-06-29 16:00:00+00:00,280.6112976,65.9498
2013-06-29 17:00:00+00:00,227.6352692,1
2013-06-29 18:00:00+00:00,178.4329376,1
2013-06-29 19:00:00+00:00,561.6344604,1
2013-06-29 20:00:00+00:00,458.9200134,0.99788135
2013-06-29 21:00:00+00:00,360.6194458,1
2013-06-29 22:00:00+00:00,478.1158447,1
2013-06-29 23:00:00+00:00,280.9220276,1
2013-06-30 00:00:00+00:00,228.8820496,1
2013-06-30 01:00:00+00:00,185.0276337,1
2013-06-30 02:00:00+00:00,164.5314026,1
2013-06-30 03:00:00+00:00,178.1470032,1
2013-06-30 04:00:00+00:00,168.3829041,1
2013-06-30 05:00:00+00:00,185.1612396,1
2013-06-30 06:00:00+00:00,202.1921844,1
2013-06-30 07:00:00+00:00,262.0826111,97.908
2013-06-30 08:00:00+00:00,212.5586243,1
2013-06-30 09:00:00+00:00,186.0493164,1
2013-06-30 10:00:00+00:00,205.8307495,1
2013-06-30 11:00:00+00:00,189.0534515,1
2013-06-30 12:00:00+00:00,209.4071503,1
2013-06-30 13:00:00+00:00,784.9327393,1
2013-06-30 14:00:00+00:00,701.7750854,1
2013-06-30 15:00:00+00:00,339.1157227,66.53984
2013-06-30 16:00:00+00:00,243.3065033,1
2013-06-30 17:00:00+00:00,387.6811829,1.0020081
2013-06-30 18:00:00+00:00,240.4651947,1
2013-06-30 19:00:00+00:00,475.9878235,1.0039761
2013-06-30 20:00:00+00:00,363.8403931,1
2013-06-30 21:00:00+00:00,418.6836853,1
2013-06-30 22:00:00+00:00,245.2393951,1
2013-06-30 23:00:00+00:00,174.1925049,1
2013-07-01 00:00:00+00:00,188.0102234,1.004008
2013-07-01 01:00:00+00:00,164.5500031,1
2013-07-01 02:00:00+00:00,179.6034241,1
2013-07-01 03:00:00+00:00,194.8284302,1
2013-07-01 04:00:00+00:00,194.4288177,1.0040323
2013-07-01 05:00:00+00:00,158.7272797,1
2013-07-01 06:00:00+00:00,288.7635803,118.38171
2013-07-01 07:00:00+00:00,285.055542,1.007435
2013-07-01 08:00:00+00:00,177.7283783,1
2013-07-01 09:00:00+00:00,205.828125,1
2013-07-01 10:00:00+00:00,279.1678162,85.32535
2013-07-01 11:00:00+00:00,523.6144409,1
2013-07-01 12:00:00+00:00,728.7509155,48.55511
2013-07-01 13:00:00+00:00,390.5434265,1
2013-07-01 14:00:00+00:00,233.0136108,1
2013-07-01 15:00:00+00:00,308.1003418,75.45365
2013-07-01 16:00:00+00:00,280.5784912,1
2013-07-01 17:00:00+00:00,504.3114319,89.01815
2013-07-01 18:00:00+00:00,472.8685913,1.006993
2013-07-01 19:00:00+00:00,431.003479,1
2013-07-01 20:00:00+00:00,496.0415344,1.0040404
2013-07-01 21:00:00+00:00,568.4588623,1.002
2013-07-01 22:00:00+00:00,500.9877319,1.0039448
2013-07-01 23:00:00+00:00,625.1877441,1
2013-07-02 00:00:00+00:00,178.4085541,1
2013-07-02 01:00:00+00:00,161.36586,1
2013-07-02 02:00:00+00:00,176.7318268,1
2013-07-02 03:00:00+00:00,162.5633545,1
2013-07-02 04:00:00+00:00,172.0972748,1
2013-07-02 05:00:00+00:00,173.8760681,1
2013-07-02 06:00:00+00:00,289.1065674,82.588
2013-07-02 07:00:00+00:00,371.9547119,57.32738
2013-07-02 08:00:00+00:00,251.7294922,1
2013-07-02 09:00:00+00:00,233.3781891,1
2013-07-02 10:00:00+00:00,290.2069702,121.67129
2013-07-02 11:00:00+00:00,195.7855988,1
2013-07-02 12:00:00+00:00,443.0567017,1
2013-07-02 13:00:00+00:00,204.8344879,1
2013-07-02 14:00:00+00:00,178.6712341,1
2013-07-02 15:00:00+00:00,383.0189514,108.71744
2013-07-02 16:00:00+00:00,305.4075928,1
2013-07-02 17:00:00+00:00,371.8461609,1.006
2013-07-02 18:00:00+00:00,522.2214355,1
2013-07-02 19:00:00+00:00,553.918396,1
2013-07-02 20:00:00+00:00,577.996582,1
2013-07-02 21:00:00+00:00,423.7315063,1
2013-07-02 22:00:00+00:00,236.6907196,1
2013-07-02 23:00:00+00:00,191.4089355,1
2013-07-03 00:00:00+00:00,228.2657623,1
2013-07-03 01:00:00+00:00,188.8344727,1
2013-07-03 02:00:00+00:00,166.040741,1
2013-07-03 03:00:00+00:00,189.2091827,1.0040323
2013-07-03 04:00:00+00:00,165.4974365,1.0160966
2013-07-03 05:00:00+00:00,199.1547546,1
2013-07-03 06:00:00+00:00,546.6923218,174.25652
2013-07-03 07:00:00+00:00,300.1207581,1.0072072
2013-07-03 08:00:00+00:00,332.54422,1
2013-07-03 09:00:00+00:00,393.9742737,71.695274
2013-07-03 10:00:00+00:00,290.3856506,1
2013-07-03 11:00:00+00:00,261.6201172,1
2013-07-03 12:00:00+00:00,264.7918701,1.0035026
2013-07-03 13:00:00+00:00,266.4236755,1
2013-07-03 14:00:00+00:00,355.4429016,89.29877
2013-07-03 15:00:00+00:00,541.4506226,1
2013-07-03 16:00:00+00:00,313.3189697,1.0035524
2013-07-03 17:00:00+00:00,440.7529907,1
2013-07-03 18:00:00+00:00,478.6751709,1.0070796
2013-07-03 19:00:00+00:00,641.6224365,1.007326
2013-07-03 20:00:00+00:00,436.4417725,1
2013-07-03 21:00:00+00:00,373.1322021,1
2013-07-03 22:00:00+00:00,604.425354,1
2013-07-03 23:00:00+00:00,735.2322388,1
2013-07-04 00:00:00+00:00,167.1942139,1
2013-07-04 01:00:00+00:00,184.7962646,1
2013-07-04 02:00:00+00:00,166.3986511,1
2013-07-04 03:00:00+00:00,182.067688,1
2013-07-04 04:00:00+00:00,172.5540314,1
2013-07-04 05:00:00+00:00,234.5135193,1
2013-07-04 06:00:00+00:00,974.7700806,58.570396
2013-07-04 07:00:00+00:00,742.7190552,59.060497
2013-07-04 08:00:00+00:00,847.7397461,1
2013-07-04 09:00:00+00:00,395.5549927,1
2013-07-04 10:00:00+00:00,193.998291,1
2013-07-04 11:00:00+00:00,219.0612183,1
2013-07-04 12:00:00+00:00,309.504303,1
2013-07-04 13:00:00+00:00,215.2089081,1.0039761
2013-07-04 14:00:00+00:00,251.4364319,1.007984
2013-07-04 15:00:00+00:00,250.6355743,1
2013-07-04 16:00:00+00:00,359.116333,1
2013-07-04 17:00:00+00:00,384.6648865,97.004074
2013-07-04 18:00:00+00:00,400.6217651,1
2013-07-04 19:00:00+00:00,446.6411133,65.88623
2013-07-04 20:00:00+00:00,382.8598633,1.0079051
2013-07-04 21:00:00+00:00,236.4758606,1.0039761
2013-07-04 22:00:00+00:00,183.0412445,1.0039761
2013-07-04 23:00:00+00:00,308.0601501,1.006
2013-07-05 00:00:00+00:00,182.2973938,1
2013-07-05 01:00:00+00:00,183.8318939,1
2013-07-05 02:00:00+00:00,184.1735382,1.0121212
2013-07-05 03:00:00+00:00,171.5787659,1
2013-07-05 04:00:00+00:00,186.4931488,1.0040241
2013-07-05 05:00:00+00:00,178.1749573,1.008016
2013-07-05 06:00:00+00:00,192.8537445,1
2013-07-05 07:00:00+00:00,331.5570984,134.82411
2013-07-05 08:00:00+00:00,263.9434814,1.0039761
2013-07-05 09:00:00+00:00,205.28125,1.0079365
2013-07-05 10:00:00+00:00,251.2935181,1.004
2013-07-05 11:00:00+00:00,227.3321838,1.0080483
2013-07-05 12:00:00+00:00,207.8399353,1
2013-07-05 13:00:00+00:00,213.3816071,1
2013-07-05 14:00:00+00:00,202.8236237,1
2013-07-05 15:00:00+00:00,373.495636,98.03327
2013-07-05 16:00:00+00:00,305.380127,73.29878
2013-07-05 17:00:00+00:00,386.5595703,71.541176
2013-07-05 18:00:00+00:00,586.1784058,77.46085
2013-07-05 19:00:00+00:00,541.7800293,1
2013-07-05 20:00:00+00:00,527.5112915,1
2013-07-05 21:00:00+00:00,475.3282471,1
2013-07-05 22:00:00+00:00,737.4295654,1
2013-07-05 23:00:00+00:00,618.5518799,1
2013-07-06 00:00:00+00:00,428.7167358,1.004016
2013-07-06 01:00:00+00:00,205.9659271,1
2013-07-06 02:00:00+00:00,209.8057861,1
2013-07-06 03:00:00+00:00,171.2810364,1
2013-07-06 04:00:00+00:00,188.1800995,1
2013-07-06 05:00:00+00:00,174.6626434,1
2013-07-06 06:00:00+00:00,186.2310333,1
2013-07-06 07:00:00+00:00,183.0938568,1
2013-07-06 08:00:00+00:00,469.8826599,70.02554
2013-07-06 09:00:00+00:00,751.5385742,0.977193
2013-07-06 10:00:00+00:00,430.8850708,1.0035461
2013-07-06 11:00:00+00:00,281.8986511,1
2013-07-06 12:00:00+00:00,270.2605896,1
2013-07-06 13:00:00+00:00,559.2861938,115.84991
2013-07-06 14:00:00+00:00,742.5479736,1.0078431
2013-07-06 15:00:00+00:00,250.6526184,1
2013-07-06 16:00:00+00:00,246.3598022,1
2013-07-06 17:00:00+00:00,181.4013519,1
2013-07-06 18:00:00+00:00,224.2393951,1
2013-07-06 19:00:00+00:00,407.0708313,1
2013-07-06 20:00:00+00:00,376.4060974,1
2013-07-06 21:00:00+00:00,197.7618256,1
2013-07-06 22:00:00+00:00,190.6243591,1
2013-07-06 23:00:00+00:00,173.221283,1
2013-07-07 00:00:00+00:00,188.2284241,1
2013-07-07 01:00:00+00:00,183.3372955,1
2013-07-07 02:00:00+00:00,189.3016968,1
2013-07-07 03:00:00+00:00,169.5644073,1
2013-07-07 04:00:00+00:00,181.3588409,1
2013-07-07 05:00:00+00:00,187.795578,1
2013-07-07 06:00:00+00:00,214.0940247,15.150602
2013-07-07 07:00:00+00:00,305.0466309,128.33836
2013-07-07 08:00:00+00:00,258.288208,1
2013-07-07 09:00:00+00:00,198.7983093,1
2013-07-07 10:00:00+00:00,277.3667297,78.53112
2013-07-07 11:00:00+00:00,204.5919037,1.0041494
2013-07-07 12:00:00+00:00,272.2084656,1
2013-07-07 13:00:00+00:00,210.9106293,1.0080972
2013-07-07 14:00:00+00:00,201.7891998,1
2013-07-07 15:00:00+00:00,195.3720551,1.0120724
2013-07-07 16:00:00+00:00,251.6897125,1
2013-07-07 17:00:00+00:00,370.6986389,3.4616978
2013-07-07 18:00:00+00:00,263.7356873,0.29183674
2013-07-07 19:00:00+00:00,391.4136658,1.0020283
2013-07-07 20:00:00+00:00,405.5008545,1
2013-07-07 21:00:00+00:00,418.2922363,1
2013-07-07 22:00:00+00:00,335.3627014,1
2013-07-07 23:00:00+00:00,231.0557404,1
2013-07-08 00:00:00+00:00,214.815567,1
2013-07-08 01:00:00+00:00,161.1520233,1
2013-07-08 02:00:00+00:00,170.8426361,1
2013-07-08 03:00:00+00:00,177.2842712,1
2013-07-08 04:00:00+00:00,169.5050812,1
2013-07-08 05:00:00+00:00,168.7225037,1
2013-07-08 06:00:00+00:00,170.893219,1
2013-07-08 07:00:00+00:00,227.0170593,66.293175
2013-07-08 08:00:00+00:00,737.2767334,1.0039604
2013-07-08 09:00:00+00:00,451.6197815,1.004008
2013-07-08 10:00:00+00:00,204.9526978,1
2013-07-08 11:00:00+00:00,229.8800659,1.0041152
2013-07-08 12:00:00+00:00,287.0440674,1
2013-07-08 13:00:00+00:00,599.666687,1.0038023
2013-07-08 14:00:00+00:00,606.0125122,1
2013-07-08 15:00:00+00:00,229.5269318,1
2013-07-08 16:00:00+00:00,289.3164368,1.0040816
2013-07-08 17:00:00+00:00,771.2885132,1.0080645
2013-07-08 18:00:00+00:00,727.2667847,1
2013-07-08 19:00:00+00:00,177.8667755,1.0040733
2013-07-08 20:00:00+00:00,233.0336761,1
2013-07-08 21:00:00+00:00,207.0742035,1
2013-07-08 22:00:00+00:00,188.698822,1
2013-07-08 23:00:00+00:00,171.6300659,1
2013-07-09 00:00:00+00:00,167.5762787,1.004016
2013-07-09 01:00:00+00:00,170.8395233,1.0040816
2013-07-09 02:00:00+00:00,181.7225037,1
2013-07-09 03:00:00+00:00,194.3181,1.0040241
2013-07-09 04:00:00+00:00,167.1032104,1
2013-07-09 05:00:00+00:00,161.4694977,1
2013-07-09 06:00:00+00:00,169.4719849,1
2013-07-09 07:00:00+00:00,176.4966125,1
2013-07-09 08:00:00+00:00,175.4145508,1
2013-07-09 09:00:00+00:00,201.9272461,1.0041068
2013-07-09 10:00:00+00:00,202.7428131,1
2013-07-09 11:00:00+00:00,193.1891937,1
2013-07-09 12:00:00+00:00,193.2538147,1
2013-07-09 13:00:00+00:00,192.1015167,1
2013-07-09 14:00:00+00:00,176.1283722,1
2013-07-09 15:00:00+00:00,157.5827637,1.004065
2013-07-09 16:00:00+00:00,168.216217,1
2013-07-09 17:00:00+00:00,207.8969574,1.0041152
2013-07-09 18:00:00+00:00,198.2246552,1
2013-07-09 19:00:00+00:00,169.5126495,1.0040984
2013-07-09 20:00:00+00:00,223.7668915,1
2013-07-09 21:00:00+00:00,175.9526978,1.0040984
2013-07-09 22:00:00+00:00,170.7901917,1
2013-07-09 23:00:00+00:00,162.419632,1
2013-07-10 00:00:00+00:00,165.8612518,1
2013-07-10 01:00:00+00:00,176.4873047,1
2013-07-10 02:00:00+00:00,156.6084747,1.01
2013-07-10 03:00:00+00:00,170.5229187,1
2013-07-10 04:00:00+00:00,167.7397308,1
2013-07-10 05:00:00+00:00,164.9075317,1
2013-07-10 06:00:00+00:00,162.8865967,1
2013-07-10 07:00:00+00:00,171.5697327,1.001996
2013-07-10 08:00:00+00:00,219.6220398,1.0040323
2013-07-10 09:00:00+00:00,200.7745819,1
2013-07-10 10:00:00+00:00,200.7512665,1.0040241
2013-07-10 11:00:00+00:00,206.1590576,1
2013-07-10 12:00:00+00:00,174.1993256,1
2013-07-10 13:00:00+00:00,172.0625,1
2013-07-10 14:00:00+00:00,177.6993256,1
2013-07-10 15:00:00+00:00,166.158783,1.0081136
2013-07-10 16:00:00+00:00,167.5743256,1
2013-07-10 17:00:00+00:00,173.7614288,1
2013-07-10 18:00:00+00:00,179.4653168,1
2013-07-10 19:00:00+00:00,162.8711853,1
2013-07-10 20:00:00+00:00,229.59729,1
2013-07-10 21:00:00+00:00,199.5888367,1
2013-07-10 22:00:00+00:00,164.7252502,1
2013-07-10 23:00:00+00:00,211.0836182,1
2013-07-11 00:00:00+00:00,171.4554749,1
2013-07-11 01:00:00+00:00,167.6506805,1
2013-07-11 02:00:00+00:00,162.6638184,1
2013-07-11 03:00:00+00:00,164.8739166,1
2013-07-11 04:00:00+00:00,170.5501709,1
2013-07-11 05:00:00+00:00,157.9485474,1
2013-07-11 06:00:00+00:00,164.4055023,1
2013-07-11 07:00:00+00:00,174.1245728,1.004
2013-07-11 08:00:00+00:00,162.3876495,1
2013-07-11 09:00:00+00:00,189.7426605,1
2013-07-11 10:00:00+00:00,202.9671783,1
2013-07-11 11:00:00+00:00,184.4146729,1.004016
2013-07-11 12:00:00+00:00,181.0555573,1.0079051
2013-07-11 13:00:00+00:00,173.4673615,1
2013-07-11 14:00:00+00:00,210.1135559,1
2013-07-11 15:00:00+00:00,168.3005066,1
2013-07-11 16:00:00+00:00,171.8571472,1
2013-07-11 17:00:00+00:00,158.1158447,1
2013-07-11 18:00:00+00:00,200.4129639,1.003937
2013-07-11 19:00:00+00:00,183.9188232,1
2013-07-11 20:00:00+00:00,152.9172363,1
2013-07-11 21:00:00+00:00,168.6788788,1
2013-07-11 22:00:00+00:00,204.5962219,1
2013-07-11 23:00:00+00:00,160.7392731,1
2013-07-12 00:00:00+00:00,171.590271,1
2013-07-12 01:00:00+00:00,169.8419189,1.0080321
2013-07-12 02:00:00+00:00,157.4417877,1
2013-07-12 03:00:00+00:00,169.9288177,1
2013-07-12 04:00:00+00:00,172.7825317,1
2013-07-12 05:00:00+00:00,206.9625854,1
2013-07-12 06:00:00+00:00,166.5670624,1
2013-07-12 07:00:00+00:00,223.1721802,1
2013-07-12 08:00:00+00:00,359.1195984,99.97614
2013-07-12 09:00:00+00:00,490.8237305,1
2013-07-12 10:00:00+00:00,556.994751,1
2013-07-12 11:00:00+00:00,213.2593231,1
2013-07-12 12:00:00+00:00,312.7573547,131.7465
2013-07-12 13:00:00+00:00,256.9707947,1
2013-07-12 14:00:00+00:00,345.3551636,61.841896
2013-07-12 15:00:00+00:00,206.7745209,1
2013-07-12 16:00:00+00:00,766.5298462,75.77137
2013-07-12 17:00:00+00:00,423.7548218,1.0117878
2013-07-12 18:00:00+00:00,442.227356,1.0039682
2013-07-12 19:00:00+00:00,443.1592407,1
2013-07-12 20:00:00+00:00,433.498291,1
2013-07-12 21:00:00+00:00,406.6626587,1
2013-07-12 22:00:00+00:00,180.910965,1.0039682
2013-07-12 23:00:00+00:00,173.9571228,1
2013-07-13 00:00:00+00:00,172.8500824,1
2013-07-13 01:00:00+00:00,180.4488678,1.0039841
2013-07-13 02:00:00+00:00,168.6051331,1
2013-07-13 03:00:00+00:00,171.305603,1.0080645
2013-07-13 04:00:00+00:00,171.743103,1
2013-07-13 05:00:00+00:00,178.7283478,1
2013-07-13 06:00:00+00:00,162.9309082,1
2013-07-13 07:00:00+00:00,173.1572723,1
2013-07-13 08:00:00+00:00,499.4850464,101.83499
2013-07-13 09:00:00+00:00,197.1592407,1.003992
2013-07-13 10:00:00+00:00,352.0383301,1.00409
2013-07-13 11:00:00+00:00,306.7086792,1
2013-07-13 12:00:00+00:00,391.3989868,68.73045
2013-07-13 13:00:00+00:00,394.0151367,1
2013-07-13 14:00:00+00:00,206.5757599,1.0100402
2013-07-13 15:00:00+00:00,192.1010132,1
2013-07-13 16:00:00+00:00,453.4679565,158.389
2013-07-13 17:00:00+00:00,381.5641785,1.0020534
2013-07-13 18:00:00+00:00,300.6050415,1
2013-07-13 19:00:00+00:00,429.7852478,1.0082304
2013-07-13 20:00:00+00:00,400.8840332,1
2013-07-13 21:00:00+00:00,367.2600708,1
2013-07-13 22:00:00+00:00,242.1632996,1
2013-07-13 23:00:00+00:00,224.0470581,1
2013-07-14 00:00:00+00:00,227.4898987,1
2013-07-14 01:00:00+00:00,213.4620514,1
2013-07-14 02:00:00+00:00,181.6345215,1
2013-07-14 03:00:00+00:00,169.4097748,1
2013-07-14 04:00:00+00:00,174.7116394,1
2013-07-14 05:00:00+00:00,179.514389,1
2013-07-14 06:00:00+00:00,174.3423309,1.0082644
2013-07-14 07:00:00+00:00,311.5188904,98.3134
2013-07-14 08:00:00+00:00,310.0441284,1.0083333
2013-07-14 09:00:00+00:00,235.5851593,1
2013-07-14 10:00:00+00:00,220.5731049,1.0082644
2013-07-14 11:00:00+00:00,329.5255127,121.765305
2013-07-14 12:00:00+00:00,894.4285889,51.708
2013-07-14 13:00:00+00:00,1946.189575,1.004016
2013-07-14 14:00:00+00:00,402.5979309,1
2013-07-14 15:00:00+00:00,209.0956421,1
2013-07-14 16:00:00+00:00,399.5059814,1.0120724
2013-07-14 17:00:00+00:00,376.224884,1
2013-07-14 18:00:00+00:00,442.5826111,1
2013-07-14 19:00:00+00:00,388.3815002,1.0020618
2013-07-14 20:00:00+00:00,386.6409302,1
2013-07-14 21:00:00+00:00,246.2588196,1
2013-07-14 22:00:00+00:00,188.0639801,1
2013-07-14 23:00:00+00:00,186.7478943,1
2013-07-15 00:00:00+00:00,190.8739471,1
2013-07-15 01:00:00+00:00,199.6114807,1
2013-07-15 02:00:00+00:00,188.5008392,1
2013-07-15 03:00:00+00:00,172.1313171,1.0040241
2013-07-15 04:00:00+00:00,172.9343414,1
2013-07-15 05:00:00+00:00,186.2074127,1
2013-07-15 06:00:00+00:00,408.2260742,77.18201
2013-07-15 07:00:00+00:00,205.4418182,1
2013-07-15 08:00:00+00:00,221.0910645,1
2013-07-15 09:00:00+00:00,207.8077545,1
2013-07-15 10:00:00+00:00,220.6100769,1
2013-07-15 11:00:00+00:00,219.3445435,1
2013-07-15 12:00:00+00:00,228.8905792,1
2013-07-15 13:00:00+00:00,209.3993225,1
2013-07-15 14:00:00+00:00,214.063858,1
2013-07-15 15:00:00+00:00,190.2739563,1
2013-07-15 16:00:00+00:00,193.647644,1
2013-07-15 17:00:00+00:00,268.3459473,0.99483204
2013-07-15 18:00:00+00:00,404.5778503,137.50917
2013-07-15 19:00:00+00:00,462.1686401,1
2013-07-15 20:00:00+00:00,446.1632996,1
2013-07-15 21:00:00+00:00,337.5764771,1
2013-07-15 22:00:00+00:00,231.8036957,1
2013-07-15 23:00:00+00:00,202.1174469,1
2013-07-16 00:00:00+00:00,239.5514374,1
2013-07-16 01:00:00+00:00,216.3260498,1
2013-07-16 02:00:00+00:00,201.616806,1.003992
2013-07-16 03:00:00+00:00,202.4637451,1
2013-07-16 04:00:00+00:00,193.125,1
2013-07-16 05:00:00+00:00,198.6425018,1
2013-07-16 06:00:00+00:00,434.3232727,122.91428
2013-07-16 07:00:00+00:00,871.1428833,1.0141343
2013-07-16 08:00:00+00:00,1117.954346,1
2013-07-16 09:00:00+00:00,494.5317383,1
2013-07-16 10:00:00+00:00,628.2327881,9.186736
2013-07-16 11:00:00+00:00,353.5323181,1
2013-07-16 12:00:00+00:00,979.6733398,1.0035026
2013-07-16 13:00:00+00:00,455.9516296,1
2013-07-16 14:00:00+00:00,409.4292908,1
2013-07-16 15:00:00+00:00,487.8310242,98.93924
2013-07-16 16:00:00+00:00,695.1411133,38.17926
2013-07-16 17:00:00+00:00,255.1491547,1
2013-07-16 18:00:00+00:00,545.9822388,1.0035461
2013-07-16 19:00:00+00:00,421.1362915,1.0035273
2013-07-16 20:00:00+00:00,438.6661072,1
2013-07-16 21:00:00+00:00,385.794281,1
2013-07-16 22:00:00+00:00,250.6717224,1
2013-07-16 23:00:00+00:00,253.7878723,1
2013-07-17 00:00:00+00:00,229.4983215,1
2013-07-17 01:00:00+00:00,235.9109192,1
2013-07-17 02:00:00+00:00,277.4899292,1.0079681
2013-07-17 03:00:00+00:00,268.4655457,1
2013-07-17 04:00:00+00:00,227.2289581,1
2013-07-17 05:00:00+00:00,242.8067169,1
2013-07-17 06:00:00+00:00,461.0210571,87.97585
2013-07-17 07:00:00+00:00,284.1203308,1
2013-07-17 08:00:00+00:00,278.6252136,1.0082816
2013-07-17 09:00:00+00:00,271.8302612,1
2013-07-17 10:00:00+00:00,271.8585815,1.0041152
2013-07-17 11:00:00+00:00,272.7892151,1
2013-07-17 12:00:00+00:00,284.2994995,1
2013-07-17 13:00:00+00:00,263.6078186,1
2013-07-17 14:00:00+00:00,269.4135742,1
2013-07-17 15:00:00+00:00,328.9386597,1
2013-07-17 16:00:00+00:00,638.748291,88.51386
2013-07-17 17:00:00+00:00,342.0306702,1
2013-07-17 18:00:00+00:00,1041.30127,81.522606
2013-07-17 19:00:00+00:00,581.4741211,1.0035971
2013-07-17 20:00:00+00:00,466.7796631,1.0073665
2013-07-17 21:00:00+00:00,429.5979614,1
2013-07-17 22:00:00+00:00,605.0762939,1
2013-07-17 23:00:00+00:00,770.8453369,1.0041237
2013-07-18 00:00:00+00:00,250.9395905,1
2013-07-18 01:00:00+00:00,225.4730682,1
2013-07-18 02:00:00+00:00,242.7983246,1
2013-07-18 03:00:00+00:00,235.8131256,1.0040323
2013-07-18 04:00:00+00:00,243.1414185,1
2013-07-18 05:00:00+00:00,221.289566,1
2013-07-18 06:00:00+00:00,453.4858704,109.8629
2013-07-18 07:00:00+00:00,193.8817596,1.0082135
2013-07-18 08:00:00+00:00,253.4451904,1
2013-07-18 09:00:00+00:00,235.6403351,1
2013-07-18 10:00:00+00:00,208.0571442,1.0035651
2013-07-18 11:00:00+00:00,203.6083984,1
2013-07-18 12:00:00+00:00,188.5117798,1
2013-07-18 13:00:00+00:00,203.567337,1
2013-07-18 14:00:00+00:00,218.8218536,1
2013-07-18 15:00:00+00:00,191.4141388,1
2013-07-18 16:00:00+00:00,199.4528656,1
2013-07-18 17:00:00+00:00,208.6447754,1
2013-07-18 18:00:00+00:00,216.4545441,1
2013-07-18 19:00:00+00:00,166.3020172,1
2013-07-18 20:00:00+00:00,181.3265991,1.0035524
2013-07-18 21:00:00+00:00,213.7969818,1.0035524
2013-07-18 22:00:00+00:00,227.5414581,1
2013-07-18 23:00:00+00:00,283.331665,1.0072333
2013-07-19 00:00:00+00:00,240.3653259,1
2013-07-19 01:00:00+00:00,172.4047241,1
2013-07-19 02:00:00+00:00,153.4941101,1
2013-07-19 03:00:00+00:00,178.2478943,1.007435
2013-07-19 04:00:00+00:00,179.5598602,1.0037453
2013-07-19 05:00:00+00:00,172.1517639,1
2013-07-19 06:00:00+00:00,176.704895,1.0018553
2013-07-19 07:00:00+00:00,176.7740326,1
2013-07-19 08:00:00+00:00,196.6947784,1
2013-07-19 09:00:00+00:00,188.1092377,1
2013-07-19 10:00:00+00:00,196.5841675,1
2013-07-19 11:00:00+00:00,206.8588257,1
2013-07-19 12:00:00+00:00,179.0722656,1
2013-07-19 13:00:00+00:00,224.2352905,1
2013-07-19 14:00:00+00:00,219.2621918,1
2013-07-19 15:00:00+00:00,169.5419464,1
2013-07-19 16:00:00+00:00,162.2151337,1
2013-07-19 17:00:00+00:00,166.1711426,1.0037524
2013-07-19 18:00:00+00:00,187.7915955,1.0018976
2013-07-19 19:00:00+00:00,165.0487366,1
2013-07-19 20:00:00+00:00,181.3865509,1
2013-07-19 21:00:00+00:00,214.063858,1
2013-07-19 22:00:00+00:00,174.3075562,1
2013-07-19 23:00:00+00:00,173.6851807,1
2013-07-20 00:00:00+00:00,169.0539703,1
2013-07-20 01:00:00+00:00,172.8383789,1
2013-07-20 02:00:00+00:00,154.6969757,1
2013-07-20 03:00:00+00:00,172.0084381,1.0035907
2013-07-20 04:00:00+00:00,179.5075836,1
2013-07-20 05:00:00+00:00,224.9848175,1
2013-07-20 06:00:00+00:00,173.1266937,1
2013-07-20 07:00:00+00:00,177.7512665,1
2013-07-20 08:00:00+00:00,179.9881744,1.00369
2013-07-20 09:00:00+00:00,187.3783722,1.00369
2013-07-20 10:00:00+00:00,168.033844,1
2013-07-20 11:00:00+00:00,172.3040466,1
2013-07-20 12:00:00+00:00,166.8175659,1.0018485
2013-07-20 13:00:00+00:00,177.7571716,1
2013-07-20 14:00:00+00:00,205.7111511,1
2013-07-20 15:00:00+00:00,176.4198914,1
2013-07-20 16:00:00+00:00,186.2495728,1
2013-07-20 17:00:00+00:00,172.2842712,1
2013-07-20 18:00:00+00:00,168.9325409,1
2013-07-20 19:00:00+00:00,198.0489807,1.0035714
2013-07-20 20:00:00+00:00,210.1711884,1
2013-07-20 21:00:00+00:00,169.2533722,1
2013-07-20 22:00:00+00:00,160.6949158,1
2013-07-20 23:00:00+00:00,174.7834167,1
2013-07-21 00:00:00+00:00,169.0422974,1.0037453
2013-07-21 01:00:00+00:00,152.6683655,1
2013-07-21 02:00:00+00:00,163.9016876,1
2013-07-21 03:00:00+00:00,175.5668335,1.007533
2013-07-21 04:00:00+00:00,154.6999969,1
2013-07-21 05:00:00+00:00,178.7891083,1
2013-07-21 06:00:00+00:00,178.3671722,1.0018761
2013-07-21 07:00:00+00:00,162.9338989,1
2013-07-21 08:00:00+00:00,168.4013672,1
2013-07-21 09:00:00+00:00,167.9165192,1.0037314
2013-07-21 10:00:00+00:00,213.0458374,1.0037243
2013-07-21 11:00:00+00:00,207.7898254,1
2013-07-21 12:00:00+00:00,191.0575256,1
2013-07-21 13:00:00+00:00,190.5610199,1
2013-07-21 14:00:00+00:00,190.9018555,1.0075188
2013-07-21 15:00:00+00:00,192.4822388,1
2013-07-21 16:00:00+00:00,187.3079529,1
2013-07-21 17:00:00+00:00,164.9324341,1
2013-07-21 18:00:00+00:00,183.8935852,1
2013-07-21 19:00:00+00:00,160.1875,1
2013-07-21 20:00:00+00:00,175.9644623,1.0035651
2013-07-21 21:00:00+00:00,185.375,1
2013-07-21 22:00:00+00:00,156.7461853,1.0070922
2013-07-21 23:00:00+00:00,178.8291016,1
2013-07-22 00:00:00+00:00,172.0879822,1.0036563
2013-07-22 01:00:00+00:00,209.9356995,1
2013-07-22 02:00:00+00:00,169.072876,1
2013-07-22 03:00:00+00:00,177.1015167,1.0036968
2013-07-22 04:00:00+00:00,154.9627686,1
2013-07-22 05:00:00+00:00,176.1742859,1
2013-07-22 06:00:00+00:00,183.5008392,1
2013-07-22 07:00:00+00:00,159.2733459,1
2013-07-22 08:00:00+00:00,180.2115021,1
2013-07-22 09:00:00+00:00,204.6920471,1
2013-07-22 10:00:00+00:00,177.5185852,1
2013-07-22 11:00:00+00:00,200.2428284,1
2013-07-22 12:00:00+00:00,190.9680176,1
2013-07-22 13:00:00+00:00,157.9629059,1
2013-07-22 14:00:00+00:00,168.2255859,1
2013-07-22 15:00:00+00:00,200.4033661,1.007286
2013-07-22 16:00:00+00:00,183.9124603,1.0035778
2013-07-22 17:00:00+00:00,169.4755554,1
2013-07-22 18:00:00+00:00,209.816803,1
2013-07-22 19:00:00+00:00,184.8991547,1
2013-07-22 20:00:00+00:00,221.6050415,1
2013-07-22 21:00:00+00:00,242.3367004,1
2013-07-22 22:00:00+00:00,216.7613373,1.0148976
2013-07-22 23:00:00+00:00,175.8705902,1.0037594
2013-07-23 00:00:00+00:00,186.3939362,1
2013-07-23 01:00:00+00:00,203.7710419,1
2013-07-23 02:00:00+00:00,174.3148193,1
2013-07-23 03:00:00+00:00,155.6835022,1.0036101
2013-07-23 04:00:00+00:00,173.8296814,1
2013-07-23 05:00:00+00:00,186.8922577,1.0036697
2013-07-23 06:00:00+00:00,202.6178436,1.0035588
2013-07-23 07:00:00+00:00,179.8367004,1.0035524
2013-07-23 08:00:00+00:00,175.4410706,1
2013-07-23 09:00:00+00:00,192.3602753,1.0035398
2013-07-23 10:00:00+00:00,183.2907562,1
2013-07-23 11:00:00+00:00,178.8907623,1
2013-07-23 12:00:00+00:00,208.2554626,1
2013-07-23 13:00:00+00:00,170.6694641,1
2013-07-23 14:00:00+00:00,192.6689148,1
2013-07-23 15:00:00+00:00,180.4562225,1
2013-07-23 16:00:00+00:00,169.7617493,1
2013-07-23 17:00:00+00:00,159.2057343,1
2013-07-23 18:00:00+00:00,179.3926239,1
2013-07-23 19:00:00+00:00,184.3942413,1
2013-07-23 20:00:00+00:00,223.3619537,1
2013-07-23 21:00:00+00:00,226.4369812,1
2013-07-23 22:00:00+00:00,192.7831879,1
2013-07-23 23:00:00+00:00,176.3680725,1
2013-07-24 00:00:00+00:00,154.7310944,1
2013-07-24 01:00:00+00:00,169.7558899,1
2013-07-24 02:00:00+00:00,170.0202026,1
2013-07-24 03:00:00+00:00,162.6767731,1.0106195
2013-07-24 04:00:00+00:00,172.3771057,1.0035398
2013-07-24 05:00:00+00:00,177.625,1.0070423
2013-07-24 06:00:00+00:00,176.1382751,1.0035336
2013-07-24 07:00:00+00:00,166.514328,1
2013-07-24 08:00:00+00:00,190.7356873,1.0072727
2013-07-24 09:00:00+00:00,192.2276611,1
2013-07-24 10:00:00+00:00,178.9090881,1
2013-07-24 11:00:00+00:00,202.31987,1
2013-07-24 12:00:00+00:00,237.7529449,1
2013-07-24 13:00:00+00:00,195.777771,1
2013-07-24 14:00:00+00:00,175.2946167,1
2013-07-24 15:00:00+00:00,177.5235748,1.0036697
2013-07-24 16:00:00+00:00,161.3226929,1
2013-07-24 17:00:00+00:00,164.9915619,1
2013-07-24 18:00:00+00:00,193.2332153,1
2013-07-24 19:00:00+00:00,235.2285767,1
2013-07-24 20:00:00+00:00,219.0050507,1
2013-07-24 21:00:00+00:00,241.8787842,1
2013-07-24 22:00:00+00:00,200.6285706,1.005618
2013-07-24 23:00:00+00:00,172.3282776,1
2013-07-25 00:00:00+00:00,167.292923,1.0037174
2013-07-25 01:00:00+00:00,166.2276611,1
2013-07-25 02:00:00+00:00,184.6043701,1
2013-07-25 03:00:00+00:00,199.0623932,1
2013-07-25 04:00:00+00:00,174.8215485,1.008881
2013-07-25 05:00:00+00:00,169.6121368,1
2013-07-25 06:00:00+00:00,179.7348022,1
2013-07-25 07:00:00+00:00,182.8195648,1
2013-07-25 08:00:00+00:00,166.7588501,1
2013-07-25 09:00:00+00:00,179.6868744,1.0070299
2013-07-25 10:00:00+00:00,174.6936035,1
2013-07-25 11:00:00+00:00,195.8905792,1.0035149
2013-07-25 12:00:00+00:00,187.8885193,1
2013-07-25 13:00:00+00:00,195.350174,1
2013-07-25 14:00:00+00:00,205.9663239,1
2013-07-25 15:00:00+00:00,176.1260529,1
2013-07-25 16:00:00+00:00,171.0386505,1.0018315
2013-07-25 17:00:00+00:00,188.7609406,1
2013-07-25 18:00:00+00:00,204.1075592,1
2013-07-25 19:00:00+00:00,176.3546143,1
2013-07-25 20:00:00+00:00,181.6481476,1
2013-07-25 21:00:00+00:00,170.2158508,1
2013-07-25 22:00:00+00:00,173.0740814,1.0037594
2013-07-25 23:00:00+00:00,243.8209534,1
2013-07-26 00:00:00+00:00,164.2424316,1
2013-07-26 01:00:00+00:00,171.502533,1.0072072
2013-07-26 02:00:00+00:00,170.6891937,1
2013-07-26 03:00:00+00:00,165.8716278,1
2013-07-26 04:00:00+00:00,169.4864807,1.0035336
2013-07-26 05:00:00+00:00,179.1030426,1.0071048
2013-07-26 06:00:00+00:00,175.5540466,1
2013-07-26 07:00:00+00:00,168.4797363,1
2013-07-26 08:00:00+00:00,219.0625,1
2013-07-26 09:00:00+00:00,192.0826263,1
2013-07-26 10:00:00+00:00,188.0135193,1
2013-07-26 11:00:00+00:00,208.0151825,1
2013-07-26 12:00:00+00:00,186.3468018,1.0071048
2013-07-26 13:00:00+00:00,198.0910645,1
2013-07-26 14:00:00+00:00,196.0875397,1
2013-07-26 15:00:00+00:00,195.4747467,1
2013-07-26 16:00:00+00:00,163.7453613,1
2013-07-26 17:00:00+00:00,166.1989899,1
2013-07-26 18:00:00+00:00,188.0809479,1
2013-07-26 19:00:00+00:00,158.9006805,1
2013-07-26 20:00:00+00:00,180.7655945,1
2013-07-26 21:00:00+00:00,219.0101318,1
2013-07-26 22:00:00+00:00,198.0589294,1.00369
2013-07-26 23:00:00+00:00,202.8175659,1
2013-07-27 00:00:00+00:00,169.1146698,1
2013-07-27 01:00:00+00:00,161.4788513,1
2013-07-27 02:00:00+00:00,168.3288422,1
2013-07-27 03:00:00+00:00,180.3209534,1
2013-07-27 04:00:00+00:00,155.8883209,1
2013-07-27 05:00:00+00:00,184.2381744,1
2013-07-27 06:00:00+00:00,178.2504272,1.0036167
2013-07-27 07:00:00+00:00,162.1908722,1.0018215
2013-07-27 08:00:00+00:00,177.2030487,1.0072595
2013-07-27 09:00:00+00:00,194.1655426,1
2013-07-27 10:00:00+00:00,186.6114807,1
2013-07-27 11:00:00+00:00,195.8952637,1
2013-07-27 12:00:00+00:00,192.112793,1.0035843
2013-07-27 13:00:00+00:00,188.2478943,1
2013-07-27 14:00:00+00:00,221.4629669,1
2013-07-27 15:00:00+00:00,230.3905792,1
2013-07-27 16:00:00+00:00,199.2845154,1
2013-07-27 17:00:00+00:00,935.1055298,87.90311
2013-07-27 18:00:00+00:00,502.3494873,100.64808
2013-07-27 19:00:00+00:00,503.7714844,74.117294
2013-07-27 20:00:00+00:00,448.4797974,1
2013-07-27 21:00:00+00:00,312.5801086,1
2013-07-27 22:00:00+00:00,269.2428284,1.0081466
2013-07-27 23:00:00+00:00,252.1972961,1
2013-07-28 00:00:00+00:00,240.1079254,1
2013-07-28 01:00:00+00:00,205.9494171,1
2013-07-28 02:00:00+00:00,195.1353607,1
2013-07-28 03:00:00+00:00,180.5919037,1
2013-07-28 04:00:00+00:00,213.2263489,1.0206611
2013-07-28 05:00:00+00:00,179.4483948,1.0020964
2013-07-28 06:00:00+00:00,268.8637085,73.966736
2013-07-28 07:00:00+00:00,301.6490173,1.0122951
2013-07-28 08:00:00+00:00,1162.948364,1
2013-07-28 09:00:00+00:00,362.4965515,1
2013-07-28 10:00:00+00:00,264.0977783,101.47658
2013-07-28 11:00:00+00:00,248.2294464,69.72634
2013-07-28 12:00:00+00:00,339.5392456,1
2013-07-28 13:00:00+00:00,388.0202637,1
2013-07-28 14:00:00+00:00,236.8020325,1
2013-07-28 15:00:00+00:00,601.2836304,1
2013-07-28 16:00:00+00:00,427.6725464,1
2013-07-28 17:00:00+00:00,226.2322083,1
2013-07-28 18:00:00+00:00,398.3254089,1.0040733
2013-07-28 19:00:00+00:00,420.711853,1.0040568
2013-07-28 20:00:00+00:00,388.2318115,1
2013-07-28 21:00:00+00:00,273.368866,1
2013-07-28 22:00:00+00:00,185.4370728,1.0040241
2013-07-28 23:00:00+00:00,190.1438293,1
2013-07-29 00:00:00+00:00,171.0950775,1
2013-07-29 01:00:00+00:00,183.8321991,1
2013-07-29 02:00:00+00:00,179.5451508,1
2013-07-29 03:00:00+00:00,176.098465,1
2013-07-29 04:00:00+00:00,180.0528107,1
2013-07-29 05:00:00+00:00,180.2568054,1
2013-07-29 06:00:00+00:00,265.8310547,111.247986
2013-07-29 07:00:00+00:00,368.8884888,1.0091575
2013-07-29 08:00:00+00:00,338.4186401,1
2013-07-29 09:00:00+00:00,362.8622437,1
2013-07-29 10:00:00+00:00,371.6163025,1
2013-07-29 11:00:00+00:00,607.1345215,1
2013-07-29 12:00:00+00:00,954.4598999,77.52305
2013-07-29 13:00:00+00:00,424.7657166,1
2013-07-29 14:00:00+00:00,268.8986511,1
2013-07-29 15:00:00+00:00,274.9407654,1
2013-07-29 16:00:00+00:00,642.4249268,216.30756
2013-07-29 17:00:00+00:00,595.237915,1.0070423
2013-07-29 18:00:00+00:00,446.8913269,1
2013-07-29 19:00:00+00:00,593.9017334,1.0035149
2013-07-29 20:00:00+00:00,683.2601929,1
2013-07-29 21:00:00+00:00,586.9896851,1
2013-07-29 22:00:00+00:00,624.7530518,1
2013-07-29 23:00:00+00:00,493.3717346,1.004016
2013-07-30 00:00:00+00:00,628.9896851,1.0040486
2013-07-30 01:00:00+00:00,203.1448212,1
2013-07-30 02:00:00+00:00,183.8852692,1.001988
2013-07-30 03:00:00+00:00,176.8000031,1
2013-07-30 04:00:00+00:00,170.7069855,1
2013-07-30 05:00:00+00:00,179.7775879,1
2013-07-30 06:00:00+00:00,178.8691864,1
2013-07-30 07:00:00+00:00,277.527771,84.9502
2013-07-30 08:00:00+00:00,251.209259,1
2013-07-30 09:00:00+00:00,181.3136902,1
2013-07-30 10:00:00+00:00,180.487854,1
2013-07-30 11:00:00+00:00,188.8638,1
2013-07-30 12:00:00+00:00,207.5248718,1
2013-07-30 13:00:00+00:00,246.1245728,82.59281
2013-07-30 14:00:00+00:00,179.9691772,1
2013-07-30 15:00:00+00:00,246.9499969,1
2013-07-30 16:00:00+00:00,257.164917,93.59406
2013-07-30 17:00:00+00:00,368.4166565,1.004065
2013-07-30 18:00:00+00:00,320.199646,108.679016
2013-07-30 19:00:00+00:00,390.1794739,39.684425
2013-07-30 20:00:00+00:00,397.4846802,1.0040984
2013-07-30 21:00:00+00:00,279.0698547,1.0040486
2013-07-30 22:00:00+00:00,246.2508545,1
2013-07-30 23:00:00+00:00,221.3555603,1
2013-07-31 00:00:00+00:00,193.2677917,1
2013-07-31 01:00:00+00:00,191.8651886,1
2013-07-31 02:00:00+00:00,165.1521301,1.0039761
2013-07-31 03:00:00+00:00,179.9142303,1
2013-07-31 04:00:00+00:00,187.2874298,1.0039841
2013-07-31 05:00:00+00:00,203.7316284,1
2013-07-31 06:00:00+00:00,374.8768005,139.1284
2013-07-31 07:00:00+00:00,282.6369934,1
2013-07-31 08:00:00+00:00,294.6439819,1
2013-07-31 09:00:00+00:00,343.2491455,1
2013-07-31 10:00:00+00:00,342.774292,99.747986
2013-07-31 11:00:00+00:00,421.4155273,84.047035
2013-07-31 12:00:00+00:00,307.5144348,1
2013-07-31 13:00:00+00:00,343.3572693,82.8873
2013-07-31 14:00:00+00:00,299.4873047,1
2013-07-31 15:00:00+00:00,255.1708984,1
2013-07-31 16:00:00+00:00,713.5462646,1
2013-07-31 17:00:00+00:00,769.8776855,104.546
2013-07-31 18:00:00+00:00,494.8561707,1
2013-07-31 19:00:00+00:00,617.4602661,1
2013-07-31 20:00:00+00:00,481.8084717,1
2013-07-31 21:00:00+00:00,675.2513428,1
2013-07-31 22:00:00+00:00,588.6368408,1
2013-07-31 23:00:00+00:00,387.5042725,1
2013-08-01 00:00:00+00:00,186.8240204,1
2013-08-01 01:00:00+00:00,184.6999969,1
2013-08-01 02:00:00+00:00,177.5680237,1
2013-08-01 03:00:00+00:00,184.4810333,1.003992
2013-08-01 04:00:00+00:00,164.5941772,1
2013-08-01 05:00:00+00:00,183.4570465,1
2013-08-01 06:00:00+00:00,358.7947388,75.31337
2013-08-01 07:00:00+00:00,625.5875244,27.68714
2013-08-01 08:00:00+00:00,1031.492065,1
2013-08-01 09:00:00+00:00,418.2593079,1.0072072
2013-08-01 10:00:00+00:00,360.1028748,1.0071429
2013-08-01 11:00:00+00:00,1220.883301,121.63884
2013-08-01 12:00:00+00:00,560.8140259,44.026882
2013-08-01 13:00:00+00:00,373.9797974,1
2013-08-01 14:00:00+00:00,381.5834656,1
2013-08-01 15:00:00+00:00,364.6218567,1
2013-08-01 16:00:00+00:00,488.3894653,82.32056
2013-08-01 17:00:00+00:00,466.1245728,46.290806
2013-08-01 18:00:00+00:00,340.4840393,1
2013-08-01 19:00:00+00:00,406.3642578,1.0040984
2013-08-01 20:00:00+00:00,364.8282776,1
2013-08-01 21:00:00+00:00,321.2218628,1.0040984
2013-08-01 22:00:00+00:00,270.0704651,1
2013-08-01 23:00:00+00:00,265.3097534,1
2013-08-02 00:00:00+00:00,248.1787567,1
2013-08-02 01:00:00+00:00,276.4570007,1
2013-08-02 02:00:00+00:00,253.277771,1
2013-08-02 03:00:00+00:00,212.7912445,1
2013-08-02 04:00:00+00:00,211.4155426,1.0041237
2013-08-02 05:00:00+00:00,218.2630615,1
2013-08-02 06:00:00+00:00,399.1011963,138.90741
2013-08-02 07:00:00+00:00,340.4200745,1.0041754
2013-08-02 08:00:00+00:00,276,1
2013-08-02 09:00:00+00:00,187.8293915,1
2013-08-02 10:00:00+00:00,225.2006683,1
2013-08-02 11:00:00+00:00,296.1377563,1.0082644
2013-08-02 12:00:00+00:00,373.5354614,59.97521
2013-08-02 13:00:00+00:00,450.354126,1
2013-08-02 14:00:00+00:00,224.2609406,1
2013-08-02 15:00:00+00:00,213.1481476,1
2013-08-02 16:00:00+00:00,391.2363892,76.3253
2013-08-02 17:00:00+00:00,327.5893555,100.616165
2013-08-02 18:00:00+00:00,398.2284241,1
2013-08-02 19:00:00+00:00,412.9680176,1
2013-08-02 20:00:00+00:00,457.8254089,1
2013-08-02 21:00:00+00:00,301.5942688,1
2013-08-02 22:00:00+00:00,189.8074341,1
2013-08-02 23:00:00+00:00,188.5784149,1
2013-08-03 00:00:00+00:00,196.295105,1
2013-08-03 01:00:00+00:00,168.798645,1
2013-08-03 02:00:00+00:00,188.028717,1.004158
2013-08-03 03:00:00+00:00,177.4966278,1
2013-08-03 04:00:00+00:00,185.497467,1
2013-08-03 05:00:00+00:00,186.798645,1.0041494
2013-08-03 06:00:00+00:00,372.008728,124.73566
2013-08-03 07:00:00+00:00,565.6746826,1
2013-08-03 08:00:00+00:00,551.0521851,1.0040241
2013-08-03 09:00:00+00:00,219.3096466,1
2013-08-03 10:00:00+00:00,216.5786743,1
2013-08-03 11:00:00+00:00,198.471283,1
2013-08-03 12:00:00+00:00,211.0812225,1
2013-08-03 13:00:00+00:00,262.3969116,74.1556
2013-08-03 14:00:00+00:00,193.6638489,1
2013-08-03 15:00:00+00:00,383.4598389,67.65326
2013-08-03 16:00:00+00:00,767.7680054,89.39535
2013-08-03 17:00:00+00:00,1090.078247,1
2013-08-03 18:00:00+00:00,494.3496704,1
2013-08-03 19:00:00+00:00,450.606781,1
2013-08-03 20:00:00+00:00,448.7877808,1
2013-08-03 21:00:00+00:00,391.4433289,1.0062112
2013-08-03 22:00:00+00:00,601.7942505,1
2013-08-03 23:00:00+00:00,736.0791016,1
2013-08-04 00:00:00+00:00,270.4179382,1
2013-08-04 01:00:00+00:00,278.8832397,1.0082816
2013-08-04 02:00:00+00:00,240.5655823,1.0041494
2013-08-04 03:00:00+00:00,263.1762695,1
2013-08-04 04:00:00+00:00,267.586731,1
2013-08-04 05:00:00+00:00,240.81633,1
2013-08-04 06:00:00+00:00,306.1473083,90.65462
2013-08-04 07:00:00+00:00,377.8576355,1
2013-08-04 08:00:00+00:00,259.6271057,1
2013-08-04 09:00:00+00:00,271.0964355,1.0041068
2013-08-04 10:00:00+00:00,251.1116791,1.0041152
2013-08-04 11:00:00+00:00,269.471283,1.0041754
2013-08-04 12:00:00+00:00,273.0084534,1
2013-08-04 13:00:00+00:00,309.2077637,1
2013-08-04 14:00:00+00:00,267.6571045,1
2013-08-04 15:00:00+00:00,255.8578644,1.0040733
2013-08-04 16:00:00+00:00,264.5574341,1
2013-08-04 17:00:00+00:00,292.2714844,90.81038
2013-08-04 18:00:00+00:00,262.699646,1.0020202
2013-08-04 19:00:00+00:00,385.9187927,1
2013-08-04 20:00:00+00:00,424.7032471,1
2013-08-04 21:00:00+00:00,237.9388733,1.004008
2013-08-04 22:00:00+00:00,241.0287628,1
2013-08-04 23:00:00+00:00,206.7152557,1
2013-08-05 00:00:00+00:00,166.5220337,1
2013-08-05 01:00:00+00:00,183.5272064,1
2013-08-05 02:00:00+00:00,177.0203705,1
2013-08-05 03:00:00+00:00,206.7808228,1.0080321
2013-08-05 04:00:00+00:00,209.774353,1
2013-08-05 05:00:00+00:00,167.9659882,1
2013-08-05 06:00:00+00:00,461.3302917,90.98793
2013-08-05 07:00:00+00:00,406.3786621,1.0073127
2013-08-05 08:00:00+00:00,495.966095,1
2013-08-05 09:00:00+00:00,522.7508545,1
2013-08-05 10:00:00+00:00,499.0650635,1
2013-08-05 11:00:00+00:00,513.5714111,1.0107527
2013-08-05 12:00:00+00:00,526.4785767,1
2013-08-05 13:00:00+00:00,509.3999939,73.28804
2013-08-05 14:00:00+00:00,454.9136963,1
2013-08-05 15:00:00+00:00,186.2588806,1
2013-08-05 16:00:00+00:00,334.0467224,1
2013-08-05 17:00:00+00:00,447.144104,71.047806
2013-08-05 18:00:00+00:00,345.5102844,134.03476
2013-08-05 19:00:00+00:00,465.9573975,1
2013-08-05 20:00:00+00:00,380.2470398,1
2013-08-05 21:00:00+00:00,234.502533,1
2013-08-05 22:00:00+00:00,236.7538147,1
2013-08-05 23:00:00+00:00,231.7949219,1.0040816
2013-08-06 00:00:00+00:00,238.8027191,1
2013-08-06 01:00:00+00:00,164.2906036,1
2013-08-06 02:00:00+00:00,184.2981262,1.002004
2013-08-06 03:00:00+00:00,181.3505096,1
2013-08-06 04:00:00+00:00,173.2290649,1
2013-08-06 05:00:00+00:00,180.5326385,1
2013-08-06 06:00:00+00:00,261.4598999,96.82072
2013-08-06 07:00:00+00:00,289.624115,1.0119522
2013-08-06 08:00:00+00:00,210.7240143,1.001996
2013-08-06 09:00:00+00:00,257.2825317,1.0020243
2013-08-06 10:00:00+00:00,369.4991455,126.729675
2013-08-06 11:00:00+00:00,222.3457642,1
2013-08-06 12:00:00+00:00,258.5008545,58.008114
2013-08-06 13:00:00+00:00,212.7038879,1
2013-08-06 14:00:00+00:00,216.7091827,1
2013-08-06 15:00:00+00:00,350.4380493,106.95564
2013-08-06 16:00:00+00:00,374.302063,74.142265
2013-08-06 17:00:00+00:00,360.3316345,1.0041667
2013-08-06 18:00:00+00:00,325.6587524,1
2013-08-06 19:00:00+00:00,393.5101929,1
2013-08-06 20:00:00+00:00,452.8934021,1
2013-08-06 21:00:00+00:00,276.2033997,1.0080808
2013-08-06 22:00:00+00:00,259.4668884,1
2013-08-06 23:00:00+00:00,220.772644,1
2013-08-07 00:00:00+00:00,208.0411682,1
2013-08-07 01:00:00+00:00,194.6230621,1.0039761
2013-08-07 02:00:00+00:00,172.1027374,1
2013-08-07 03:00:00+00:00,184.8189697,1
2013-08-07 04:00:00+00:00,190.671814,1
2013-08-07 05:00:00+00:00,171.4618073,1
2013-08-07 06:00:00+00:00,558.7938843,142.51765
2013-08-07 07:00:00+00:00,260.5874023,1
2013-08-07 08:00:00+00:00,765.9285889,1
2013-08-07 09:00:00+00:00,737.3414917,1
2013-08-07 10:00:00+00:00,209.1275787,1.008
2013-08-07 11:00:00+00:00,220.3982697,1
2013-08-07 12:00:00+00:00,710.1589966,1
2013-08-07 13:00:00+00:00,484.8261719,1
2013-08-07 14:00:00+00:00,382.7806091,1
2013-08-07 15:00:00+00:00,234.7062836,1
2013-08-07 16:00:00+00:00,380.5140381,80.345924
2013-08-07 17:00:00+00:00,757.3892822,118.51515
2013-08-07 18:00:00+00:00,417.9268799,1.0082644
2013-08-07 19:00:00+00:00,416.0821838,1.0020243
2013-08-07 20:00:00+00:00,418.0120544,1
2013-08-07 21:00:00+00:00,255.994873,1.0039841
2013-08-07 22:00:00+00:00,173.4392395,1.004008
2013-08-07 23:00:00+00:00,185.9201355,1
2013-08-08 00:00:00+00:00,183.5354004,1.0039761
2013-08-08 01:00:00+00:00,176.1649475,1
2013-08-08 02:00:00+00:00,175.1550293,1
2013-08-08 03:00:00+00:00,179.227829,1
2013-08-08 04:00:00+00:00,178.7923889,1
2013-08-08 05:00:00+00:00,224.6940155,1
2013-08-08 06:00:00+00:00,276.3111877,82.27364
2013-08-08 07:00:00+00:00,499.7122498,1.0079051
2013-08-08 08:00:00+00:00,194.1029205,1.0040241
2013-08-08 09:00:00+00:00,202.3695984,1
2013-08-08 10:00:00+00:00,425.9138184,1
2013-08-08 11:00:00+00:00,220.1955414,1
2013-08-08 12:00:00+00:00,435.7207031,66.17132
2013-08-08 13:00:00+00:00,289.1689453,1.004008
2013-08-08 14:00:00+00:00,264.0915222,1
2013-08-08 15:00:00+00:00,376.730835,1
2013-08-08 16:00:00+00:00,279.8961182,1
2013-08-08 17:00:00+00:00,430.7420959,61.91235
2013-08-08 18:00:00+00:00,323.8536987,1.004008
2013-08-08 19:00:00+00:00,553.581604,76.81212
2013-08-08 20:00:00+00:00,481.9762573,1
2013-08-08 21:00:00+00:00,449.781189,1
2013-08-08 22:00:00+00:00,245.521225,1
2013-08-08 23:00:00+00:00,191.2986298,1
2013-08-09 00:00:00+00:00,245.9761963,1
2013-08-09 01:00:00+00:00,191.5557404,1.001996
2013-08-09 02:00:00+00:00,175.9279633,1
2013-08-09 03:00:00+00:00,183.1846161,1
2013-08-09 04:00:00+00:00,189.4271088,1
2013-08-09 05:00:00+00:00,167.2663269,1.0039604
2013-08-09 06:00:00+00:00,183.7598572,1
2013-08-09 07:00:00+00:00,424.0369568,108.30739
2013-08-09 08:00:00+00:00,355.9557495,39.05645
2013-08-09 09:00:00+00:00,212.1487885,1.003992
2013-08-09 10:00:00+00:00,250.035965,1
2013-08-09 11:00:00+00:00,242.774353,1
2013-08-09 12:00:00+00:00,379.013916,78.490906
2013-08-09 13:00:00+00:00,879.0484009,1.0059289
2013-08-09 14:00:00+00:00,505.4266052,1
2013-08-09 15:00:00+00:00,572.7470093,1
2013-08-09 16:00:00+00:00,841.5571289,130.37373
2013-08-09 17:00:00+00:00,245.0570984,1
2013-08-09 18:00:00+00:00,474.4561462,1
2013-08-09 19:00:00+00:00,425.3288269,1
2013-08-09 20:00:00+00:00,404.5533142,1
2013-08-09 21:00:00+00:00,484.6037598,79.75625
2013-08-09 22:00:00+00:00,254.2037354,1
2013-08-09 23:00:00+00:00,245.0120239,1.003992
2013-08-10 00:00:00+00:00,217.1034546,1
2013-08-10 01:00:00+00:00,220.3373566,1
2013-08-10 02:00:00+00:00,192.4212341,1
2013-08-10 03:00:00+00:00,187.1056213,1.0039604
2013-08-10 04:00:00+00:00,187.2353973,1.0039526
2013-08-10 05:00:00+00:00,168.7366638,1.001996
2013-08-10 06:00:00+00:00,214.4826355,66.50099
2013-08-10 07:00:00+00:00,372.593689,77.37376
2013-08-10 08:00:00+00:00,396.7698975,1
2013-08-10 09:00:00+00:00,738.942688,1
2013-08-10 10:00:00+00:00,270.1876221,1
2013-08-10 11:00:00+00:00,359.1989441,102.587425
2013-08-10 12:00:00+00:00,265.5738831,1
2013-08-10 13:00:00+00:00,626.9664307,1
2013-08-10 14:00:00+00:00,810.3568726,1.0119047
2013-08-10 15:00:00+00:00,238.7870789,1
2013-08-10 16:00:00+00:00,316.4268494,72.528
2013-08-10 17:00:00+00:00,281.4448242,1
2013-08-10 18:00:00+00:00,316.1672363,116.07028
2013-08-10 19:00:00+00:00,389.5979309,1.004065
2013-08-10 20:00:00+00:00,437.0414429,1
2013-08-10 21:00:00+00:00,249.0068665,1
2013-08-10 22:00:00+00:00,190.5795898,1
2013-08-10 23:00:00+00:00,181.1202698,1
2013-08-11 00:00:00+00:00,173.9653931,1
2013-08-11 01:00:00+00:00,177.2736664,1.004
2013-08-11 02:00:00+00:00,182.6620636,1
2013-08-11 03:00:00+00:00,182.4285736,1
2013-08-11 04:00:00+00:00,169.4341888,1
2013-08-11 05:00:00+00:00,178.2711639,1
2013-08-11 06:00:00+00:00,198.9242706,1
2013-08-11 07:00:00+00:00,546.1027222,140.76237
2013-08-11 08:00:00+00:00,212.3109894,1
2013-08-11 09:00:00+00:00,219.0583191,1
2013-08-11 10:00:00+00:00,197.3213654,1.008016
2013-08-11 11:00:00+00:00,207.6384125,1.008
2013-08-11 12:00:00+00:00,205.4546967,1
2013-08-11 13:00:00+00:00,205.8686066,1
2013-08-11 14:00:00+00:00,194.5745697,1
2013-08-11 15:00:00+00:00,240.1275482,41.050404
2013-08-11 16:00:00+00:00,342.3186646,73.47668
2013-08-11 17:00:00+00:00,218.677475,1
2013-08-11 18:00:00+00:00,399.1316223,1
2013-08-11 19:00:00+00:00,476.1403809,1
2013-08-11 20:00:00+00:00,414.9047546,1
2013-08-11 21:00:00+00:00,638.725647,1
2013-08-11 22:00:00+00:00,764.2003784,1
2013-08-11 23:00:00+00:00,185.7896576,1
2013-08-12 00:00:00+00:00,180.8155212,1
2013-08-12 01:00:00+00:00,175.6127319,1
2013-08-12 02:00:00+00:00,178.4379272,1
2013-08-12 03:00:00+00:00,180.9810638,1
2013-08-12 04:00:00+00:00,168.5068665,1
2013-08-12 05:00:00+00:00,176.5051422,1
2013-08-12 06:00:00+00:00,388.2115479,71.02209
2013-08-12 07:00:00+00:00,163.2048187,1
2013-08-12 08:00:00+00:00,272.9413757,99.45564
2013-08-12 09:00:00+00:00,216.1917877,1.0039841
2013-08-12 10:00:00+00:00,195.6260681,1
2013-08-12 11:00:00+00:00,220.1433563,1
2013-08-12 12:00:00+00:00,240.522995,1
2013-08-12 13:00:00+00:00,195.1247864,1
2013-08-12 14:00:00+00:00,202.2006836,1.004008
2013-08-12 15:00:00+00:00,214.6006775,1
2013-08-12 16:00:00+00:00,190.7594452,1
2013-08-12 17:00:00+00:00,178.257782,1
2013-08-12 18:00:00+00:00,180.4681549,1
2013-08-12 19:00:00+00:00,161.0445251,1
2013-08-12 20:00:00+00:00,178.3769379,1.0039682
2013-08-12 21:00:00+00:00,365.8084412,95.22156
2013-08-12 22:00:00+00:00,377.209198,1
2013-08-12 23:00:00+00:00,189.1519928,1
2013-08-13 00:00:00+00:00,190.5232391,1
2013-08-13 01:00:00+00:00,171.5951996,1
2013-08-13 02:00:00+00:00,205.4716949,1.0020081
2013-08-13 03:00:00+00:00,203.5716705,1
2013-08-13 04:00:00+00:00,168.4819946,1.004016
2013-08-13 05:00:00+00:00,168.1869659,1
2013-08-13 06:00:00+00:00,179.146347,1
2013-08-13 07:00:00+00:00,304,62.222
2013-08-13 08:00:00+00:00,241.0294189,1.0019011
2013-08-13 09:00:00+00:00,347.7945557,1
2013-08-13 10:00:00+00:00,284.4455872,1.0038685
2013-08-13 11:00:00+00:00,187.3734894,1
2013-08-13 12:00:00+00:00,205.0292053,1
2013-08-13 13:00:00+00:00,194.9930267,1
2013-08-13 14:00:00+00:00,161.6403503,1
2013-08-13 15:00:00+00:00,175.682373,1
2013-08-13 16:00:00+00:00,180.0563202,1
2013-08-13 17:00:00+00:00,205.1541138,1
2013-08-13 18:00:00+00:00,184.319046,1
2013-08-13 19:00:00+00:00,174.5743561,1
2013-08-13 20:00:00+00:00,171.519165,1
2013-08-13 21:00:00+00:00,305.7792969,91.05811
2013-08-13 22:00:00+00:00,324.0735168,1
2013-08-13 23:00:00+00:00,219.2602081,1
2013-08-14 00:00:00+00:00,199.394516,1
2013-08-14 01:00:00+00:00,182.1976013,1
2013-08-14 02:00:00+00:00,170.4653931,1
2013-08-14 03:00:00+00:00,178.0901337,1
2013-08-14 04:00:00+00:00,168.5743561,1.002
2013-08-14 05:00:00+00:00,168.8694153,1
2013-08-14 06:00:00+00:00,181.6826782,1
2013-08-14 07:00:00+00:00,209.912674,58.76494
2013-08-14 08:00:00+00:00,278.4429321,1.0038536
2013-08-14 09:00:00+00:00,379.2800598,1
2013-08-14 10:00:00+00:00,343.2384949,1
2013-08-14 11:00:00+00:00,340.6485596,1
2013-08-14 12:00:00+00:00,511.9346313,60.49009
2013-08-14 13:00:00+00:00,358.8122864,1
2013-08-14 14:00:00+00:00,332.5430908,1
2013-08-14 15:00:00+00:00,345.0909119,1
2013-08-14 16:00:00+00:00,195.4421844,1
2013-08-14 17:00:00+00:00,162.0516357,1
2013-08-14 18:00:00+00:00,178.465271,1
2013-08-14 19:00:00+00:00,239.6838531,1
2013-08-14 20:00:00+00:00,166.5025787,1.0040323
2013-08-14 21:00:00+00:00,176.9520569,1
2013-08-14 22:00:00+00:00,198.9206848,1
2013-08-14 23:00:00+00:00,217.875,1.003992
2013-08-15 00:00:00+00:00,176.6615143,1
2013-08-15 01:00:00+00:00,184.7538757,1
2013-08-15 02:00:00+00:00,169.5527191,1
2013-08-15 03:00:00+00:00,175.6401367,1
2013-08-15 04:00:00+00:00,174.0274048,1.0081466
2013-08-15 05:00:00+00:00,168.7717133,1.003992
2013-08-15 06:00:00+00:00,180.6218109,1
2013-08-15 07:00:00+00:00,528.2161865,76.527885
2013-08-15 08:00:00+00:00,1175.379028,1.0043956
2013-08-15 09:00:00+00:00,199.8419189,1
2013-08-15 10:00:00+00:00,188.9740448,1
2013-08-15 11:00:00+00:00,524.4060059,145.54762
2013-08-15 12:00:00+00:00,214.5584259,1
2013-08-15 13:00:00+00:00,308.4176636,1.0075614
2013-08-15 14:00:00+00:00,503.7194519,73.445656
2013-08-15 15:00:00+00:00,447.9878845,1
2013-08-15 16:00:00+00:00,383.3878174,151.80792
2013-08-15 17:00:00+00:00,291.6871643,1
2013-08-15 18:00:00+00:00,474.7702942,77.149704
2013-08-15 19:00:00+00:00,415.2474365,1
2013-08-15 20:00:00+00:00,412.9185181,1
2013-08-15 21:00:00+00:00,563.2990723,1
2013-08-15 22:00:00+00:00,777.5271606,1.0040241
2013-08-15 23:00:00+00:00,180.3022003,1
2013-08-16 00:00:00+00:00,178.5381927,1.004016
2013-08-16 01:00:00+00:00,188.3941498,1
2013-08-16 02:00:00+00:00,169.9117584,1
2013-08-16 03:00:00+00:00,175.8760681,1
2013-08-16 04:00:00+00:00,214.8674774,1
2013-08-16 05:00:00+00:00,198.6413727,1
2013-08-16 06:00:00+00:00,438.6410828,136.59209
2013-08-16 07:00:00+00:00,222.1860809,0.9979592
2013-08-16 08:00:00+00:00,388.7835388,1.0079523
2013-08-16 09:00:00+00:00,540.2636108,1
2013-08-16 10:00:00+00:00,224.8333282,1
2013-08-16 11:00:00+00:00,285.276825,90.938774
2013-08-16 12:00:00+00:00,977.2732544,1
2013-08-16 13:00:00+00:00,566.7879028,1
2013-08-16 14:00:00+00:00,242.1564636,1.0081967
2013-08-16 15:00:00+00:00,217.305603,10.666667
2013-08-16 16:00:00+00:00,369.1663818,144.26422
2013-08-16 17:00:00+00:00,256.9573364,1
2013-08-16 18:00:00+00:00,264.044281,1.004158
2013-08-16 19:00:00+00:00,614.4990845,1
2013-08-16 20:00:00+00:00,429.6262817,1
2013-08-16 21:00:00+00:00,230.9175262,1
2013-08-16 22:00:00+00:00,196.8782196,1
2013-08-16 23:00:00+00:00,186.4427032,1.007984
2013-08-17 00:00:00+00:00,168.8261566,1
2013-08-17 01:00:00+00:00,183.121582,1.0039761
2013-08-17 02:00:00+00:00,177.64151,1.002
2013-08-17 03:00:00+00:00,183.686615,1
2013-08-17 04:00:00+00:00,165.0052338,1
2013-08-17 05:00:00+00:00,381.5827332,77.054214
2013-08-17 06:00:00+00:00,194.0532684,1
2013-08-17 07:00:00+00:00,222.1408997,1
2013-08-17 08:00:00+00:00,216.9266205,1
2013-08-17 09:00:00+00:00,220.5731354,1
2013-08-17 10:00:00+00:00,267.5790405,1
2013-08-17 11:00:00+00:00,215.2945251,1
2013-08-17 12:00:00+00:00,217.5051422,1
2013-08-17 13:00:00+00:00,231.0102386,1.004008
2013-08-17 14:00:00+00:00,192.5240479,1
2013-08-17 15:00:00+00:00,186.6382294,1
2013-08-17 16:00:00+00:00,226.9234772,1
2013-08-17 17:00:00+00:00,198.7081909,1
2013-08-17 18:00:00+00:00,178.8986206,1
2013-08-17 19:00:00+00:00,193.5760651,1
2013-08-17 20:00:00+00:00,200.2298431,1.004016
2013-08-17 21:00:00+00:00,225.8767395,1.003992
2013-08-17 22:00:00+00:00,183.4896851,1
2013-08-17 23:00:00+00:00,181.0139313,1.0040404
2013-08-18 00:00:00+00:00,209.8485413,1
2013-08-18 01:00:00+00:00,213.4845428,1
2013-08-18 02:00:00+00:00,169.0174255,1
2013-08-18 03:00:00+00:00,182.0239258,1
2013-08-18 04:00:00+00:00,184.2452545,1.004016
2013-08-18 05:00:00+00:00,168.7979279,1.008016
2013-08-18 06:00:00+00:00,176.2876892,1
2013-08-18 07:00:00+00:00,232.3079529,81.34136
2013-08-18 08:00:00+00:00,440.3054504,47.622528
2013-08-18 09:00:00+00:00,210.671875,1.0040323
2013-08-18 10:00:00+00:00,207.329895,1.0020367
2013-08-18 11:00:00+00:00,199.6592102,1.0080321
2013-08-18 12:00:00+00:00,191.3253479,1
2013-08-18 13:00:00+00:00,199.2231903,1
2013-08-18 14:00:00+00:00,196.7602692,1
2013-08-18 15:00:00+00:00,284.027771,94.39358
2013-08-18 16:00:00+00:00,246.9383545,1
2013-08-18 17:00:00+00:00,973.7670288,1
2013-08-18 18:00:00+00:00,615.0462646,82.94377
2013-08-18 19:00:00+00:00,495.3304749,1
2013-08-18 20:00:00+00:00,750.5606079,1
2013-08-18 21:00:00+00:00,789.7288818,1.0039682
2013-08-18 22:00:00+00:00,250.9738159,1
2013-08-18 23:00:00+00:00,220.847229,1.0080645
2013-08-19 00:00:00+00:00,188.8445587,1
2013-08-19 01:00:00+00:00,185.7430573,1
2013-08-19 02:00:00+00:00,173.4776611,0.9979798
2013-08-19 03:00:00+00:00,184.1162415,1
2013-08-19 04:00:00+00:00,180.5606842,1.0040323
2013-08-19 05:00:00+00:00,175.4406128,1
2013-08-19 06:00:00+00:00,318.7236633,77.17103
2013-08-19 07:00:00+00:00,314.7937012,61.094
2013-08-19 08:00:00+00:00,698.9118652,1
2013-08-19 09:00:00+00:00,703.2081909,95.8996
2013-08-19 10:00:00+00:00,216.6851196,1.004016
2013-08-19 11:00:00+00:00,287.9134827,1.004008
2013-08-19 12:00:00+00:00,214.792099,1
2013-08-19 13:00:00+00:00,185.8764954,1
2013-08-19 14:00:00+00:00,201.9064636,1
2013-08-19 15:00:00+00:00,209.763382,1
2013-08-19 16:00:00+00:00,279.3041992,1
2013-08-19 17:00:00+00:00,299.8719788,75.76494
2013-08-19 18:00:00+00:00,332.7530212,1
2013-08-19 19:00:00+00:00,431.493927,1
2013-08-19 20:00:00+00:00,418.6027527,1.008016
2013-08-19 21:00:00+00:00,189.3494873,1
2013-08-19 22:00:00+00:00,175.9369659,1
2013-08-19 23:00:00+00:00,226.4452057,1
2013-08-20 00:00:00+00:00,170.4734192,1.0080808
2013-08-20 01:00:00+00:00,185.3996582,1
2013-08-20 02:00:00+00:00,183.2331543,1.0040486
2013-08-20 03:00:00+00:00,167.1563568,1.004
2013-08-20 04:00:00+00:00,180.1689453,1
2013-08-20 05:00:00+00:00,162.0137939,1.004016
2013-08-20 06:00:00+00:00,175.5215149,1.0040568
2013-08-20 07:00:00+00:00,496.2561035,90.91222
2013-08-20 08:00:00+00:00,353.5505981,1.0036298
2013-08-20 09:00:00+00:00,230.8756409,1
2013-08-20 10:00:00+00:00,251.3824615,105.226265
2013-08-20 11:00:00+00:00,269.3333435,1
2013-08-20 12:00:00+00:00,216.9234772,1
2013-08-20 13:00:00+00:00,278.5906677,1
2013-08-20 14:00:00+00:00,252.9982452,1.0080321
2013-08-20 15:00:00+00:00,198.9623871,1
2013-08-20 16:00:00+00:00,269.9008789,95.97992
2013-08-20 17:00:00+00:00,215.0482788,1
2013-08-20 18:00:00+00:00,460.1451111,227.73022
2013-08-20 19:00:00+00:00,393.873291,1
2013-08-20 20:00:00+00:00,433.0617371,1
2013-08-20 21:00:00+00:00,390.4266357,1
2013-08-20 22:00:00+00:00,539.6955566,1.003992
2013-08-20 23:00:00+00:00,740.663147,1
2013-08-21 00:00:00+00:00,191.0017242,1
2013-08-21 01:00:00+00:00,174.9587555,1
2013-08-21 02:00:00+00:00,238.2852325,1
2013-08-21 03:00:00+00:00,185.0496521,1.0040568
2013-08-21 04:00:00+00:00,223.0702057,1
2013-08-21 05:00:00+00:00,238.8860168,58.096
2013-08-21 06:00:00+00:00,445.2478027,70.91351
2013-08-21 07:00:00+00:00,318.831604,1.0035907
2013-08-21 08:00:00+00:00,408.1559753,1
2013-08-21 09:00:00+00:00,342.7727966,1
2013-08-21 10:00:00+00:00,389.6140747,1
2013-08-21 11:00:00+00:00,505.9894409,59.866905
2013-08-21 12:00:00+00:00,737.0632935,96.80322
2013-08-21 13:00:00+00:00,643.6432495,1
2013-08-21 14:00:00+00:00,427.2898865,61.490402
2013-08-21 15:00:00+00:00,391.466095,1
2013-08-21 16:00:00+00:00,467.388031,92.36667
2013-08-21 17:00:00+00:00,271.6871643,1
2013-08-21 18:00:00+00:00,569.8031006,62.73951
2013-08-21 19:00:00+00:00,576.1776733,1
2013-08-21 20:00:00+00:00,435.9966125,1
2013-08-21 21:00:00+00:00,194.7508545,1
2013-08-21 22:00:00+00:00,191.9779968,1.0080972
2013-08-21 23:00:00+00:00,186.8796539,1
2013-08-22 00:00:00+00:00,176.7457581,1
2013-08-22 01:00:00+00:00,180.6468658,1.0081301
2013-08-22 02:00:00+00:00,187.5350494,1
2013-08-22 03:00:00+00:00,171.9152527,1
2013-08-22 04:00:00+00:00,180.0731354,1
2013-08-22 05:00:00+00:00,229.3494873,68.36437
2013-08-22 06:00:00+00:00,251.2027435,1
2013-08-22 07:00:00+00:00,375.3179321,83.694885
2013-08-22 08:00:00+00:00,339.9505005,1
2013-08-22 09:00:00+00:00,367.6402893,1
2013-08-22 10:00:00+00:00,423.593689,1
2013-08-22 11:00:00+00:00,527.1352539,111.143616
2013-08-22 12:00:00+00:00,276.0379944,1
2013-08-22 13:00:00+00:00,276.34375,66.61508
2013-08-22 14:00:00+00:00,390.0289001,1.0040486
2013-08-22 15:00:00+00:00,412.003418,1.0020202
2013-08-22 16:00:00+00:00,701.9677124,77.23077
2013-08-22 17:00:00+00:00,358.2229919,1.0020704
2013-08-22 18:00:00+00:00,335.2345886,97.515526
2013-08-22 19:00:00+00:00,463.0636902,1
2013-08-22 20:00:00+00:00,414.9288025,1.008316
2013-08-22 21:00:00+00:00,259.637146,1.0020492
2013-08-22 22:00:00+00:00,173.3072968,1
2013-08-22 23:00:00+00:00,190.887558,1
2013-08-23 00:00:00+00:00,217.6326599,1
2013-08-23 01:00:00+00:00,186.063797,1.004008
2013-08-23 02:00:00+00:00,187.4410248,1.008016
2013-08-23 03:00:00+00:00,179.7319641,1
2013-08-23 04:00:00+00:00,176.878006,1
2013-08-23 05:00:00+00:00,183.1241455,1
2013-08-23 06:00:00+00:00,441.7460327,102.62103
2013-08-23 07:00:00+00:00,281.5609741,1.0039841
2013-08-23 08:00:00+00:00,207.4241943,1.0121458
2013-08-23 09:00:00+00:00,630.5701904,1
2013-08-23 10:00:00+00:00,745.5292969,1
2013-08-23 11:00:00+00:00,211.9645233,1
2013-08-23 12:00:00+00:00,215.3891754,1.0081632
2013-08-23 13:00:00+00:00,192.1065979,1.0081799
2013-08-23 14:00:00+00:00,226.3006744,1
2013-08-23 15:00:00+00:00,217.5305023,1
2013-08-23 16:00:00+00:00,166.1655426,1
2013-08-23 17:00:00+00:00,289.5942383,1
2013-08-23 18:00:00+00:00,443.04422,1
2013-08-23 19:00:00+00:00,703.2052612,1
2013-08-23 20:00:00+00:00,343.0101929,1
2013-08-23 21:00:00+00:00,213.6694946,1
2013-08-23 22:00:00+00:00,201.3395538,1.0040404
2013-08-23 23:00:00+00:00,166.1169434,1
2013-08-24 00:00:00+00:00,183.8169556,1.0040486
2013-08-24 01:00:00+00:00,189.0694885,1
2013-08-24 02:00:00+00:00,163.9196625,1
2013-08-24 03:00:00+00:00,180.1120605,1.0020325
2013-08-24 04:00:00+00:00,188.7193909,1.0040404
2013-08-24 05:00:00+00:00,207.1822815,1
2013-08-24 06:00:00+00:00,389.1520996,67.33468
2013-08-24 07:00:00+00:00,325.413208,68.044266
2013-08-24 08:00:00+00:00,203.7406769,1
2013-08-24 09:00:00+00:00,174.1333313,1.008
2013-08-24 10:00:00+00:00,202.1911316,1
2013-08-24 11:00:00+00:00,193.0667877,1
2013-08-24 12:00:00+00:00,172.4193573,1
2013-08-24 13:00:00+00:00,180.3773651,1
2013-08-24 14:00:00+00:00,184.2431488,1
2013-08-24 15:00:00+00:00,191.2461243,1
2013-08-24 16:00:00+00:00,370.5166321,100.24297
2013-08-24 17:00:00+00:00,1294.383423,1
2013-08-24 18:00:00+00:00,1019.346497,1
2013-08-24 19:00:00+00:00,489.6540527,1
2013-08-24 20:00:00+00:00,453.8996582,1
2013-08-24 21:00:00+00:00,280.6365051,1.0020577
2013-08-24 22:00:00+00:00,220.3777771,1
2013-08-24 23:00:00+00:00,200.3965454,1
2013-08-25 00:00:00+00:00,226.8831635,1
2013-08-25 01:00:00+00:00,207.085907,1
2013-08-25 02:00:00+00:00,199.7044678,1.0040241
2013-08-25 03:00:00+00:00,183.5820313,1.004
2013-08-25 04:00:00+00:00,184.962265,1
2013-08-25 05:00:00+00:00,493.9436951,1
2013-08-25 06:00:00+00:00,359.9358826,67.17505
2013-08-25 07:00:00+00:00,194.6213989,1
2013-08-25 08:00:00+00:00,224.4739532,55.926296
2013-08-25 09:00:00+00:00,307.7996521,55.57968
2013-08-25 10:00:00+00:00,219.3769379,1
2013-08-25 11:00:00+00:00,323.2966919,102.5169
2013-08-25 12:00:00+00:00,517.8353882,146.42714
2013-08-25 13:00:00+00:00,738.3273926,1
2013-08-25 14:00:00+00:00,358.7101135,1
2013-08-25 15:00:00+00:00,270.6408997,1.0040241
2013-08-25 16:00:00+00:00,393.2825317,1.003992
2013-08-25 17:00:00+00:00,276.3539429,1
2013-08-25 18:00:00+00:00,244.6196289,1
2013-08-25 19:00:00+00:00,289.7266541,1
2013-08-25 20:00:00+00:00,353.7594604,1
2013-08-25 21:00:00+00:00,202.3869934,1
2013-08-25 22:00:00+00:00,180.8195801,1
2013-08-25 23:00:00+00:00,184.9651031,1.008
2013-08-26 00:00:00+00:00,182.9655151,1
2013-08-26 01:00:00+00:00,183.5189056,1
2013-08-26 02:00:00+00:00,227.9536896,1.002012
2013-08-26 03:00:00+00:00,179.3130493,1
2013-08-26 04:00:00+00:00,184.8456268,1
2013-08-26 05:00:00+00:00,187.8865967,1.0080645
2013-08-26 06:00:00+00:00,242.0886993,53.062
2013-08-26 07:00:00+00:00,1413.095215,84.88469
2013-08-26 08:00:00+00:00,991.3143921,1
2013-08-26 09:00:00+00:00,791.8048706,1
2013-08-26 10:00:00+00:00,570.3901978,101.12897
2013-08-26 11:00:00+00:00,333.940979,48.60729
2013-08-26 12:00:00+00:00,318.9965515,1
2013-08-26 13:00:00+00:00,267.383667,82.72222
2013-08-26 14:00:00+00:00,204.6468658,1
2013-08-26 15:00:00+00:00,311.0254517,116.664635
2013-08-26 16:00:00+00:00,301.9759521,100.49798
2013-08-26 17:00:00+00:00,342.072052,86.60896
2013-08-26 18:00:00+00:00,629.8581543,107.973946
2013-08-26 19:00:00+00:00,511.4514465,1
2013-08-26 20:00:00+00:00,409.0967712,1
2013-08-26 21:00:00+00:00,306.4956665,129.8044
2013-08-26 22:00:00+00:00,198.7654114,1.0040486
2013-08-26 23:00:00+00:00,183.337326,1
2013-08-27 00:00:00+00:00,217.9282074,52.07863
2013-08-27 01:00:00+00:00,185.4349365,1
2013-08-27 02:00:00+00:00,190.7172394,1.007984
2013-08-27 03:00:00+00:00,173.413681,1
2013-08-27 04:00:00+00:00,182.987854,1
2013-08-27 05:00:00+00:00,492.3819885,172.08447
2013-08-27 06:00:00+00:00,308.5383301,1.001992
2013-08-27 07:00:00+00:00,273.9432068,1
2013-08-27 08:00:00+00:00,1006.149841,136.24008
2013-08-27 09:00:00+00:00,978.2702637,1
2013-08-27 10:00:00+00:00,779.4625854,1
2013-08-27 11:00:00+00:00,216.0546112,1
2013-08-27 12:00:00+00:00,194.0051575,1
2013-08-27 13:00:00+00:00,202.8517914,1.0040241
2013-08-27 14:00:00+00:00,398.8756409,93.49605
2013-08-27 15:00:00+00:00,408.7124939,103.7123
2013-08-27 16:00:00+00:00,310.9720154,112.63347
2013-08-27 17:00:00+00:00,297.2108154,143.81363
2013-08-27 18:00:00+00:00,230.2797852,1
2013-08-27 19:00:00+00:00,498.026001,1.001992
2013-08-27 20:00:00+00:00,444.153717,1
2013-08-27 21:00:00+00:00,279.7315063,1
2013-08-27 22:00:00+00:00,258.7643127,1
2013-08-27 23:00:00+00:00,245.2034149,1.004
2013-08-28 00:00:00+00:00,295.9480896,64.31138
2013-08-28 01:00:00+00:00,257.2149048,1
2013-08-28 02:00:00+00:00,256.2456665,1.0020325
2013-08-28 03:00:00+00:00,199.8827515,1
2013-08-28 04:00:00+00:00,257.604126,101.08817
2013-08-28 05:00:00+00:00,420.3719788,128.47887
2013-08-28 06:00:00+00:00,358.9122925,67.0336
2013-08-28 07:00:00+00:00,739.1171265,56.322266
2013-08-28 08:00:00+00:00,459.664978,1.0039526
2013-08-28 09:00:00+00:00,202.5111542,1
2013-08-28 10:00:00+00:00,259.1107178,83.155205
2013-08-28 11:00:00+00:00,200.1394196,1
2013-08-28 12:00:00+00:00,204.3041229,1.001988
2013-08-28 13:00:00+00:00,202.2384186,1
2013-08-28 14:00:00+00:00,189.0535431,1
2013-08-28 15:00:00+00:00,200.1521301,1
2013-08-28 16:00:00+00:00,373.8390503,79.74258
2013-08-28 17:00:00+00:00,356.5441895,1
2013-08-28 18:00:00+00:00,400.2063599,1
2013-08-28 19:00:00+00:00,583.0663452,1.0039761
2013-08-28 20:00:00+00:00,469.3639526,1
2013-08-28 21:00:00+00:00,221.9381409,1.0039682
2013-08-28 22:00:00+00:00,184.6842957,1
2013-08-28 23:00:00+00:00,188.4377136,1
2013-08-29 00:00:00+00:00,163.246582,1
2013-08-29 01:00:00+00:00,179.7787476,1
2013-08-29 02:00:00+00:00,175.8058472,1
2013-08-29 03:00:00+00:00,170.5647736,1
2013-08-29 04:00:00+00:00,177.5866241,1
2013-08-29 05:00:00+00:00,160.3453674,1
2013-08-29 06:00:00+00:00,421.3244629,74.81511
2013-08-29 07:00:00+00:00,368.7863159,1
2013-08-29 08:00:00+00:00,309.8171082,1
2013-08-29 09:00:00+00:00,422.1383972,86.77715
2013-08-29 10:00:00+00:00,864.7329712,1
2013-08-29 11:00:00+00:00,822.5644531,1.0017985
2013-08-29 12:00:00+00:00,1284.380127,133.31827
2013-08-29 13:00:00+00:00,495.8264465,1
2013-08-29 14:00:00+00:00,367.0967712,1
2013-08-29 15:00:00+00:00,450.9726868,1
2013-08-29 16:00:00+00:00,467.3933716,73.08273
2013-08-29 17:00:00+00:00,331.7474365,1.0080483
2013-08-29 18:00:00+00:00,472.8929138,1
2013-08-29 19:00:00+00:00,522.210144,1
2013-08-29 20:00:00+00:00,633.3010254,1
2013-08-29 21:00:00+00:00,471.9719849,1
2013-08-29 22:00:00+00:00,582.9029541,1
2013-08-29 23:00:00+00:00,182.1094055,1.0020081
2013-08-30 00:00:00+00:00,175.6387024,1
2013-08-30 01:00:00+00:00,192.4332123,1.012
2013-08-30 02:00:00+00:00,205.8724213,1
2013-08-30 03:00:00+00:00,174.3020782,1
2013-08-30 04:00:00+00:00,168.9097137,1
2013-08-30 05:00:00+00:00,207.7386017,76.70422
2013-08-30 06:00:00+00:00,285.9314575,1.0019011
2013-08-30 07:00:00+00:00,332.7157593,52.956833
2013-08-30 08:00:00+00:00,526.661438,60.631294
2013-08-30 09:00:00+00:00,268.6123352,1.0038023
2013-08-30 10:00:00+00:00,211.1358185,1
2013-08-30 11:00:00+00:00,393.2834778,1
2013-08-30 12:00:00+00:00,540.1343994,1
2013-08-30 13:00:00+00:00,457.800354,1
2013-08-30 14:00:00+00:00,370.9593811,1
2013-08-30 15:00:00+00:00,474.6210938,94.681366
2013-08-30 16:00:00+00:00,217.983078,1.0020202
2013-08-30 17:00:00+00:00,332.5654602,107.57172
2013-08-30 18:00:00+00:00,406.3604126,1
2013-08-30 19:00:00+00:00,1115.864624,1
2013-08-30 20:00:00+00:00,544.3215942,1
2013-08-30 21:00:00+00:00,249.7261963,1
2013-08-30 22:00:00+00:00,180.6598969,1
2013-08-30 23:00:00+00:00,174.4322052,1
2013-08-31 00:00:00+00:00,176.1751709,1
2013-08-31 01:00:00+00:00,181.8858643,1.003992
2013-08-31 02:00:00+00:00,176.2696228,1
2013-08-31 03:00:00+00:00,171.3094025,1
2013-08-31 04:00:00+00:00,176.206131,1
2013-08-31 05:00:00+00:00,186.5042725,1
2013-08-31 06:00:00+00:00,382.7814026,63.366398
2013-08-31 07:00:00+00:00,1001.191711,62.420635
2013-08-31 08:00:00+00:00,308.663208,1
2013-08-31 09:00:00+00:00,306.7174683,1
2013-08-31 10:00:00+00:00,192.3448334,1
2013-08-31 11:00:00+00:00,580.0777588,157.38632
2013-08-31 12:00:00+00:00,284.593811,1
2013-08-31 13:00:00+00:00,374.0476074,67.27911
2013-08-31 14:00:00+00:00,430.6048584,1
2013-08-31 15:00:00+00:00,319.171814,1
2013-08-31 16:00:00+00:00,185.0856171,1
2013-08-31 17:00:00+00:00,407.6278992,1
2013-08-31 18:00:00+00:00,169.3972168,1
2013-08-31 19:00:00+00:00,326.6354065,86.679924
2013-08-31 20:00:00+00:00,564.3410034,1
2013-08-31 21:00:00+00:00,678.8502808,0.99571735
2013-08-31 22:00:00+00:00,523.2692261,67.75449
2013-08-31 23:00:00+00:00,193.7599335,1.0040404
2013-09-01 00:00:00+00:00,179.9641571,1
2013-09-01 01:00:00+00:00,180.8091278,1.004008
2013-09-01 02:00:00+00:00,175.4923859,1
2013-09-01 03:00:00+00:00,175.1729431,1.008016
2013-09-01 04:00:00+00:00,172.4533081,1
2013-09-01 05:00:00+00:00,178.1680756,1
2013-09-01 06:00:00+00:00,167.100174,1
2013-09-01 07:00:00+00:00,279.0288086,109.47177
2013-09-01 08:00:00+00:00,225.5325317,1
2013-09-01 09:00:00+00:00,200.0220642,1
2013-09-01 10:00:00+00:00,205.957489,1
2013-09-01 11:00:00+00:00,206.2627106,1.0040568
2013-09-01 12:00:00+00:00,219.5204773,1
2013-09-01 13:00:00+00:00,288.7063904,82.74044
2013-09-01 14:00:00+00:00,268.2010193,1
2013-09-01 15:00:00+00:00,189.2888947,1
2013-09-01 16:00:00+00:00,306.5627136,114.79394
2013-09-01 17:00:00+00:00,286.365509,1
2013-09-01 18:00:00+00:00,313.4569092,1
2013-09-01 19:00:00+00:00,471.2241516,1
2013-09-01 20:00:00+00:00,397.1345825,1.004008
2013-09-01 21:00:00+00:00,687.1513062,1.0079523
2013-09-01 22:00:00+00:00,801.3516846,1
2013-09-01 23:00:00+00:00,224.3538513,1
2013-09-02 00:00:00+00:00,173.7546844,1
2013-09-02 01:00:00+00:00,201.1042786,1
2013-09-02 02:00:00+00:00,171.8150635,1
2013-09-02 03:00:00+00:00,216.79216,1
2013-09-02 04:00:00+00:00,197.6405487,1.0121212
2013-09-02 05:00:00+00:00,179.3045654,1
2013-09-02 06:00:00+00:00,342.6156616,128.54059
2013-09-02 07:00:00+00:00,415.9759521,1
2013-09-02 08:00:00+00:00,438.4295654,1
2013-09-02 09:00:00+00:00,344.3588562,1
2013-09-02 10:00:00+00:00,341.6530762,1.006993
2013-09-02 11:00:00+00:00,616.008728,118.20282
2013-09-02 12:00:00+00:00,528.859436,47.606007
2013-09-02 13:00:00+00:00,368.5171204,1.0036167
2013-09-02 14:00:00+00:00,405.0187073,1
2013-09-02 15:00:00+00:00,502.2437744,132.13013
2013-09-02 16:00:00+00:00,352.7024231,1
2013-09-02 17:00:00+00:00,398.7172852,72.53345
2013-09-02 18:00:00+00:00,464.9298096,1.0105448
2013-09-02 19:00:00+00:00,585.8284912,1.0036364
2013-09-02 20:00:00+00:00,428.4786377,1
2013-09-02 21:00:00+00:00,233.4742279,1
2013-09-02 22:00:00+00:00,183.5505981,1
2013-09-02 23:00:00+00:00,182.6896515,1
2013-09-03 00:00:00+00:00,168.9482727,1
2013-09-03 01:00:00+00:00,183.1367493,1.0080808
2013-09-03 02:00:00+00:00,164.4641571,1.0080645
2013-09-03 03:00:00+00:00,184.0415192,1.0080808
2013-09-03 04:00:00+00:00,176.5275879,1
2013-09-03 05:00:00+00:00,172.6551666,1
2013-09-03 06:00:00+00:00,435.8024597,141.644
2013-09-03 07:00:00+00:00,294.3869934,1
2013-09-03 08:00:00+00:00,309.4168091,1.0106761
2013-09-03 09:00:00+00:00,353.0974426,1.0070299
2013-09-03 10:00:00+00:00,225.1567993,1
2013-09-03 11:00:00+00:00,362.6940613,1
2013-09-03 12:00:00+00:00,203.4870911,1
2013-09-03 13:00:00+00:00,202.9189606,1.0040241
2013-09-03 14:00:00+00:00,829.7019653,1
2013-09-03 15:00:00+00:00,375.3856506,1.0040241
2013-09-03 16:00:00+00:00,283.1222534,1
2013-09-03 17:00:00+00:00,338.7302856,166.43059
2013-09-03 18:00:00+00:00,526.8134766,1
2013-09-03 19:00:00+00:00,452.6911316,1
2013-09-03 20:00:00+00:00,424.6524048,1
2013-09-03 21:00:00+00:00,317.5900574,1
2013-09-03 22:00:00+00:00,235.1641083,1
2013-09-03 23:00:00+00:00,274.7855835,1
2013-09-04 00:00:00+00:00,274.6140747,1
2013-09-04 01:00:00+00:00,224.0567932,1.0040241
2013-09-04 02:00:00+00:00,232.9025574,1
2013-09-04 03:00:00+00:00,234.5924683,1
2013-09-04 04:00:00+00:00,229.0620728,1
2013-09-04 05:00:00+00:00,293.3092651,61.706
2013-09-04 06:00:00+00:00,640.3031616,70.759445
2013-09-04 07:00:00+00:00,435.6881409,1
2013-09-04 08:00:00+00:00,747.8666382,1
2013-09-04 09:00:00+00:00,480.3427429,1
2013-09-04 10:00:00+00:00,205.032196,1
2013-09-04 11:00:00+00:00,315.9029541,58.78745
2013-09-04 12:00:00+00:00,587.5393677,1.0041068
2013-09-04 13:00:00+00:00,344.7128296,1
2013-09-04 14:00:00+00:00,253.9966278,1
2013-09-04 15:00:00+00:00,225.8293915,1
2013-09-04 16:00:00+00:00,310.79422,76.686745
2013-09-04 17:00:00+00:00,295.8811646,1
2013-09-04 18:00:00+00:00,356.8598022,1
2013-09-04 19:00:00+00:00,492.9526978,1
2013-09-04 20:00:00+00:00,497.7478638,1
2013-09-04 21:00:00+00:00,471.3466797,1.0080321
2013-09-04 22:00:00+00:00,517.8410034,1.0079523
2013-09-04 23:00:00+00:00,642.9451294,1.0040568
2013-09-05 00:00:00+00:00,186.4179382,1
2013-09-05 01:00:00+00:00,180.3113403,1
2013-09-05 02:00:00+00:00,177.3679657,1
2013-09-05 03:00:00+00:00,173.0409546,1
2013-09-05 04:00:00+00:00,186.4957123,1
2013-09-05 05:00:00+00:00,219.9642181,1
2013-09-05 06:00:00+00:00,300.8094482,70.52296
2013-09-05 07:00:00+00:00,338.9654541,58.100807
2013-09-05 08:00:00+00:00,183.8387604,1
2013-09-05 09:00:00+00:00,217.1211548,1
2013-09-05 10:00:00+00:00,200.5474548,1
2013-09-05 11:00:00+00:00,343.7927551,63.266804
2013-09-05 12:00:00+00:00,213.6942596,1
2013-09-05 13:00:00+00:00,330.0519104,1
2013-09-05 14:00:00+00:00,211.591217,1
2013-09-05 15:00:00+00:00,321.630127,89.462776
2013-09-05 16:00:00+00:00,254.2233429,1
2013-09-05 17:00:00+00:00,442.8161621,48.765453
2013-09-05 18:00:00+00:00,410.7145386,1
2013-09-05 19:00:00+00:00,456.5656433,1
2013-09-05 20:00:00+00:00,454.5736084,1
2013-09-05 21:00:00+00:00,257.3828125,1
2013-09-05 22:00:00+00:00,252.3378448,1
2013-09-05 23:00:00+00:00,225.6807404,1
2013-09-06 00:00:00+00:00,237.6345215,1
2013-09-06 01:00:00+00:00,230.8885193,1
2013-09-06 02:00:00+00:00,242.7563477,1
2013-09-06 03:00:00+00:00,215.7550659,1.0040568
2013-09-06 04:00:00+00:00,235.9372864,1
2013-09-06 05:00:00+00:00,238.5177612,1
2013-09-06 06:00:00+00:00,404.887146,83.93542
2013-09-06 07:00:00+00:00,411.5852051,1.0035149
2013-09-06 08:00:00+00:00,382.3905029,1
2013-09-06 09:00:00+00:00,793.8519287,1
2013-09-06 10:00:00+00:00,495.8643494,1
2013-09-06 11:00:00+00:00,322.798645,1
2013-09-06 12:00:00+00:00,429.0820618,104.08406
2013-09-06 13:00:00+00:00,379.1455078,1
2013-09-06 14:00:00+00:00,370.1759644,1
2013-09-06 15:00:00+00:00,406.336731,1
2013-09-06 16:00:00+00:00,474.8324585,68.875
2013-09-06 17:00:00+00:00,482.8283691,1
2013-09-06 18:00:00+00:00,260.7027588,1.005988
2013-09-06 19:00:00+00:00,358.581604,1
2013-09-06 20:00:00+00:00,1508.132568,0.99793816
2013-09-06 21:00:00+00:00,570.6049194,1
2013-09-06 22:00:00+00:00,206.1017303,1.004
2013-09-06 23:00:00+00:00,197.7130432,1
2013-09-07 00:00:00+00:00,178.1394196,1.0040241
2013-09-07 01:00:00+00:00,227.2866821,1
2013-09-07 02:00:00+00:00,216.3310547,1
2013-09-07 03:00:00+00:00,171.2832794,1
2013-09-07 04:00:00+00:00,246.5687256,1
2013-09-07 05:00:00+00:00,494.1945496,1
2013-09-07 06:00:00+00:00,209.314621,1
2013-09-07 07:00:00+00:00,423.0263062,159.83037
2013-09-07 08:00:00+00:00,296.4586182,1
2013-09-07 09:00:00+00:00,561.2214355,1
2013-09-07 10:00:00+00:00,722.6533813,80.3008
2013-09-07 11:00:00+00:00,396.0672607,159.41072
2013-09-07 12:00:00+00:00,329.6883545,1
2013-09-07 13:00:00+00:00,630.4772339,1
2013-09-07 14:00:00+00:00,271.757782,1
2013-09-07 15:00:00+00:00,174.0343628,1
2013-09-07 16:00:00+00:00,238.6923065,1
2013-09-07 17:00:00+00:00,303.9006958,88.93097
2013-09-07 18:00:00+00:00,302.7996521,1
2013-09-07 19:00:00+00:00,470.4862976,28.567514
2013-09-07 20:00:00+00:00,404.1993103,1.002004
2013-09-07 21:00:00+00:00,406.4745789,1
2013-09-07 22:00:00+00:00,268.5146179,1.0080321
2013-09-07 23:00:00+00:00,182.0307159,1
2013-09-08 00:00:00+00:00,186.8319244,1
2013-09-08 01:00:00+00:00,198.2449036,1.004
2013-09-08 02:00:00+00:00,177.072998,1
2013-09-08 03:00:00+00:00,188.9551697,1.0020162
2013-09-08 04:00:00+00:00,196.1618347,1
2013-09-08 05:00:00+00:00,188.1222382,1
2013-09-08 06:00:00+00:00,231.1989746,1
2013-09-08 07:00:00+00:00,396.4421387,78.488
2013-09-08 08:00:00+00:00,191.2224121,1
2013-09-08 09:00:00+00:00,206.957489,1
2013-09-08 10:00:00+00:00,339.300354,74.98416
2013-09-08 11:00:00+00:00,198.2163544,1
2013-09-08 12:00:00+00:00,324.2246704,1.0040404
2013-09-08 13:00:00+00:00,458.2336731,39.39192
2013-09-08 14:00:00+00:00,238.4650726,1
2013-09-08 15:00:00+00:00,328.746521,87.057884
2013-09-08 16:00:00+00:00,211.4991608,1
2013-09-08 17:00:00+00:00,368.1080627,75.17589
2013-09-08 18:00:00+00:00,342.0255432,1
2013-09-08 19:00:00+00:00,407.729126,1.001988
2013-09-08 20:00:00+00:00,428.3333435,1
2013-09-08 21:00:00+00:00,386.2235413,1
2013-09-08 22:00:00+00:00,256.8559265,1
2013-09-08 23:00:00+00:00,228.3720093,1
2013-09-09 00:00:00+00:00,166.463623,1.008016
2013-09-09 01:00:00+00:00,172.8717957,1
2013-09-09 02:00:00+00:00,190.7341309,1
2013-09-09 03:00:00+00:00,180.3615875,1
2013-09-09 04:00:00+00:00,184.9182587,1
2013-09-09 05:00:00+00:00,382.8278809,1
2013-09-09 06:00:00+00:00,491.9467163,96.36364
2013-09-09 07:00:00+00:00,228.1522522,1
2013-09-09 08:00:00+00:00,249.162262,79.194275
2013-09-09 09:00:00+00:00,169.1864166,1
2013-09-09 10:00:00+00:00,179.540863,1
2013-09-09 11:00:00+00:00,214.063797,1
2013-09-09 12:00:00+00:00,1056.928467,1.0039526
2013-09-09 13:00:00+00:00,1369.091553,1
2013-09-09 14:00:00+00:00,448.0738831,1
2013-09-09 15:00:00+00:00,170.1585388,1
2013-09-09 16:00:00+00:00,304.6108093,87.274025
2013-09-09 17:00:00+00:00,461.9693604,83.07539
2013-09-09 18:00:00+00:00,453.6461487,1.003861
2013-09-09 19:00:00+00:00,539.9055176,1
2013-09-09 20:00:00+00:00,504.6954956,1.0035088
2013-09-09 21:00:00+00:00,309.258606,1
2013-09-09 22:00:00+00:00,275.3356323,1.0034844
2013-09-09 23:00:00+00:00,261.3531494,1
2013-09-10 00:00:00+00:00,236.0208282,1
2013-09-10 01:00:00+00:00,233.6332245,1.0069324
2013-09-10 02:00:00+00:00,222.3147888,1
2013-09-10 03:00:00+00:00,271.0721741,1
2013-09-10 04:00:00+00:00,238.7288361,1
2013-09-10 05:00:00+00:00,238.8704681,1
2013-09-10 06:00:00+00:00,433.0372925,143.7916
2013-09-10 07:00:00+00:00,340.3086548,1
2013-09-10 08:00:00+00:00,325.2175293,1
2013-09-10 09:00:00+00:00,361.5526428,55.292175
2013-09-10 10:00:00+00:00,291.7779541,1.0034965
2013-09-10 11:00:00+00:00,946.9313965,1
2013-09-10 12:00:00+00:00,599.2575684,1
2013-09-10 13:00:00+00:00,398.2581787,76.15183
2013-09-10 14:00:00+00:00,755.6643066,1.0035088
2013-09-10 15:00:00+00:00,505.6776428,1
2013-09-10 16:00:00+00:00,456.6723938,131.06842
2013-09-10 17:00:00+00:00,371.0288086,1
2013-09-10 18:00:00+00:00,280.156189,1
2013-09-10 19:00:00+00:00,480.8743591,1
2013-09-10 20:00:00+00:00,455.8705139,1
2013-09-10 21:00:00+00:00,687.0916748,1
2013-09-10 22:00:00+00:00,848.1045532,1.0039761
2013-09-10 23:00:00+00:00,196.891571,1.0040568
2013-09-11 00:00:00+00:00,204.7418213,1
2013-09-11 01:00:00+00:00,169.8086243,1
2013-09-11 02:00:00+00:00,228.7848511,1
2013-09-11 03:00:00+00:00,165.7552032,1.004065
2013-09-11 04:00:00+00:00,162.8097687,1
2013-09-11 05:00:00+00:00,695.3104858,147.6972
2013-09-11 06:00:00+00:00,892.7703247,1
2013-09-11 07:00:00+00:00,253.017334,1
2013-09-11 08:00:00+00:00,269.8814392,1
2013-09-11 09:00:00+00:00,237.8950043,1
2013-09-11 10:00:00+00:00,187.2389069,1
2013-09-11 11:00:00+00:00,224.2119598,1
2013-09-11 12:00:00+00:00,179.6843872,1.0040404
2013-09-11 13:00:00+00:00,200.6984711,1
2013-09-11 14:00:00+00:00,174.7288208,1.0040404
2013-09-11 15:00:00+00:00,195.590271,1
2013-09-11 16:00:00+00:00,458.5162964,69.02178
2013-09-11 17:00:00+00:00,363.093689,1
2013-09-11 18:00:00+00:00,366.6247864,1
2013-09-11 19:00:00+00:00,493.878418,66.44974
2013-09-11 20:00:00+00:00,414.5838928,1
2013-09-11 21:00:00+00:00,346.0784912,1
2013-09-11 22:00:00+00:00,176.6513672,1
2013-09-11 23:00:00+00:00,223.3959045,1.0080483
2013-09-12 00:00:00+00:00,199.6130066,1
2013-09-12 01:00:00+00:00,190.9432983,1
2013-09-12 02:00:00+00:00,191.938385,1
2013-09-12 03:00:00+00:00,175.6413422,1
2013-09-12 04:00:00+00:00,187.7692261,1
2013-09-12 05:00:00+00:00,176.9948425,1
2013-09-12 06:00:00+00:00,212.9045105,1
2013-09-12 07:00:00+00:00,262.6219177,64.13498
2013-09-12 08:00:00+00:00,309.2680664,1
2013-09-12 09:00:00+00:00,184.9012146,1
2013-09-12 10:00:00+00:00,295.9620667,1
2013-09-12 11:00:00+00:00,235.8754272,1
2013-09-12 12:00:00+00:00,203.7478485,1
2013-09-12 13:00:00+00:00,220.2915192,1
2013-09-12 14:00:00+00:00,200.9469147,1
2013-09-12 15:00:00+00:00,213.7098999,1
2013-09-12 16:00:00+00:00,188.4058228,1
2013-09-12 17:00:00+00:00,195.0253448,1
2013-09-12 18:00:00+00:00,310.9173889,95.028114
2013-09-12 19:00:00+00:00,328.6819763,1.004008
2013-09-12 20:00:00+00:00,411.3605347,1
2013-09-12 21:00:00+00:00,317.6372986,1
2013-09-12 22:00:00+00:00,263.0050964,1
2013-09-12 23:00:00+00:00,231.1794891,1.0080483
2013-09-13 00:00:00+00:00,198.1139526,1
2013-09-13 01:00:00+00:00,179.4991455,1
2013-09-13 02:00:00+00:00,195.9915161,1
2013-09-13 03:00:00+00:00,175.4746552,1.004008
2013-09-13 04:00:00+00:00,232.2881317,1
2013-09-13 05:00:00+00:00,198.9521332,1
2013-09-13 06:00:00+00:00,205.7305145,1
2013-09-13 07:00:00+00:00,174.4178009,1
2013-09-13 08:00:00+00:00,332.0330505,68.065346
2013-09-13 09:00:00+00:00,342.5008545,1.0035651
2013-09-13 10:00:00+00:00,229.7005005,1.0075902
2013-09-13 11:00:00+00:00,197.0241852,1
2013-09-13 12:00:00+00:00,186.6881409,1.0080483
2013-09-13 13:00:00+00:00,184.8206482,1.0040404
2013-09-13 14:00:00+00:00,193.0749512,1
2013-09-13 15:00:00+00:00,180.110733,1
2013-09-13 16:00:00+00:00,206.8430023,1
2013-09-13 17:00:00+00:00,175.4017029,1
2013-09-13 18:00:00+00:00,195.0598297,1
2013-09-13 19:00:00+00:00,425.3868713,156.728
2013-09-13 20:00:00+00:00,1727.54126,8.723684
2013-09-13 21:00:00+00:00,749.2736816,1.005988
2013-09-13 22:00:00+00:00,196.4438782,1.012
2013-09-13 23:00:00+00:00,196.443512,1
2013-09-14 00:00:00+00:00,204.4054565,1
2013-09-14 01:00:00+00:00,181.4837646,1
2013-09-14 02:00:00+00:00,191.9741364,1.0040486
2013-09-14 03:00:00+00:00,179.8747864,1.0080808
2013-09-14 04:00:00+00:00,188.5346069,1
2013-09-14 05:00:00+00:00,198.3658142,1
2013-09-14 06:00:00+00:00,191.6459351,1
2013-09-14 07:00:00+00:00,435.7549133,103.74097
2013-09-14 08:00:00+00:00,369.2090149,51.77046
2013-09-14 09:00:00+00:00,262.4536133,1
2013-09-14 10:00:00+00:00,315.8234253,1
2013-09-14 11:00:00+00:00,511.13974,262.148
2013-09-14 12:00:00+00:00,418.402771,62.822224
2013-09-14 13:00:00+00:00,258.1828918,1
2013-09-14 14:00:00+00:00,227.9948425,1.004
2013-09-14 15:00:00+00:00,651.1120605,1
2013-09-14 16:00:00+00:00,799.6193848,1
2013-09-14 17:00:00+00:00,497.3199158,167.52872
2013-09-14 18:00:00+00:00,495.1109314,80.481186
2013-09-14 19:00:00+00:00,500.9454041,1
2013-09-14 20:00:00+00:00,443.0102539,1
2013-09-14 21:00:00+00:00,207.4837646,1
2013-09-14 22:00:00+00:00,202.3079529,1
2013-09-14 23:00:00+00:00,203.927002,1
2013-09-15 00:00:00+00:00,206.4540863,1
2013-09-15 01:00:00+00:00,222.5741425,1.0081466
2013-09-15 02:00:00+00:00,188.027771,1
2013-09-15 03:00:00+00:00,185.8694153,1.0040241
2013-09-15 04:00:00+00:00,207.4402008,1
2013-09-15 05:00:00+00:00,185.7335663,1
2013-09-15 06:00:00+00:00,212.2006989,1
2013-09-15 07:00:00+00:00,497.3430786,121.3428
2013-09-15 08:00:00+00:00,495.7679749,1.004
2013-09-15 09:00:00+00:00,705.8156128,1
2013-09-15 10:00:00+00:00,194.2324829,1
2013-09-15 11:00:00+00:00,191.8143158,1
2013-09-15 12:00:00+00:00,180.3122864,1
2013-09-15 13:00:00+00:00,177.2581177,1.0040733
2013-09-15 14:00:00+00:00,242.6884613,69.58586
2013-09-15 15:00:00+00:00,344.7795105,1
2013-09-15 16:00:00+00:00,390.3631592,91.53955
2013-09-15 17:00:00+00:00,325.386322,1
2013-09-15 18:00:00+00:00,486.9622498,1
2013-09-15 19:00:00+00:00,454.653595,1.0080645
2013-09-15 20:00:00+00:00,355.2598267,1.0040241
2013-09-15 21:00:00+00:00,185.8779602,1.0040404
2013-09-15 22:00:00+00:00,191.1904755,1
2013-09-15 23:00:00+00:00,166.1135559,1
2013-09-16 00:00:00+00:00,181.0510254,1.0080483
2013-09-16 01:00:00+00:00,166.1592407,1
2013-09-16 02:00:00+00:00,180.1373901,1
2013-09-16 03:00:00+00:00,171.4090118,1.004008
2013-09-16 04:00:00+00:00,176.5034485,1
2013-09-16 05:00:00+00:00,193.9024353,1
2013-09-16 06:00:00+00:00,551.3832397,121.34347
2013-09-16 07:00:00+00:00,321.8336182,1
2013-09-16 08:00:00+00:00,312.9360962,1
2013-09-16 09:00:00+00:00,462.9378357,1.0078431
2013-09-16 10:00:00+00:00,715.4157715,1
2013-09-16 11:00:00+00:00,452.1140442,1
2013-09-16 12:00:00+00:00,197.6847382,1.004016
2013-09-16 13:00:00+00:00,203.036026,1
2013-09-16 14:00:00+00:00,190.4810944,1
2013-09-16 15:00:00+00:00,207.3650208,1
2013-09-16 16:00:00+00:00,449.2327576,201.26347
2013-09-16 17:00:00+00:00,271.3184814,1
2013-09-16 18:00:00+00:00,434.2362976,1
2013-09-16 19:00:00+00:00,479.2940063,1
2013-09-16 20:00:00+00:00,286.2637024,1
2013-09-16 21:00:00+00:00,240.3440704,1
2013-09-16 22:00:00+00:00,230.2637024,1
2013-09-16 23:00:00+00:00,226.462204,1.004016
2013-09-17 00:00:00+00:00,176.7130585,1
2013-09-17 01:00:00+00:00,173.2220306,1
2013-09-17 02:00:00+00:00,187.5765991,1
2013-09-17 03:00:00+00:00,168.5279694,1.0081136
2013-09-17 04:00:00+00:00,186.8414612,1
2013-09-17 05:00:00+00:00,174.406311,1
2013-09-17 06:00:00+00:00,366.3651123,94.0593
2013-09-17 07:00:00+00:00,387.0765076,1
2013-09-17 08:00:00+00:00,300.027771,1
2013-09-17 09:00:00+00:00,344.3177185,1
2013-09-17 10:00:00+00:00,305.5516663,1
2013-09-17 11:00:00+00:00,328.5903625,1
2013-09-17 12:00:00+00:00,414.1511536,70.875
2013-09-17 13:00:00+00:00,291.502594,1
2013-09-17 14:00:00+00:00,339.324707,1
2013-09-17 15:00:00+00:00,317.3155212,3.4293194
2013-09-17 16:00:00+00:00,221.1421204,7.8559837
2013-09-17 17:00:00+00:00,457.0089111,266.30328
2013-09-17 18:00:00+00:00,204.6741333,1
2013-09-17 19:00:00+00:00,774.354248,1
2013-09-17 20:00:00+00:00,819.8535767,1
2013-09-17 21:00:00+00:00,271.644104,1
2013-09-17 22:00:00+00:00,197.494812,1
2013-09-17 23:00:00+00:00,173.5484467,1
2013-09-18 00:00:00+00:00,186.3200073,1
2013-09-18 01:00:00+00:00,182.6101379,1
2013-09-18 02:00:00+00:00,283.8336182,1.0082474
2013-09-18 03:00:00+00:00,190.9584045,1
2013-09-18 04:00:00+00:00,166.5553589,1.004016
2013-09-18 05:00:00+00:00,187.8890839,1.008
2013-09-18 06:00:00+00:00,177.1443634,1
2013-09-18 07:00:00+00:00,503.1791687,113.831985
2013-09-18 08:00:00+00:00,227.440979,1
2013-09-18 09:00:00+00:00,203.8517303,1
2013-09-18 10:00:00+00:00,215.540863,1.0041323
2013-09-18 11:00:00+00:00,194.1260834,1.0020325
2013-09-18 12:00:00+00:00,207.5795898,1.0040568
2013-09-18 13:00:00+00:00,194.8217926,1
2013-09-18 14:00:00+00:00,195.2921753,1
2013-09-18 15:00:00+00:00,214.994812,1
2013-09-18 16:00:00+00:00,292.3013916,1
2013-09-18 17:00:00+00:00,1051.814941,1
2013-09-18 18:00:00+00:00,531.0316162,1
2013-09-18 19:00:00+00:00,425.5523071,1
2013-09-18 20:00:00+00:00,449.0589294,1
2013-09-18 21:00:00+00:00,366.0523682,1
2013-09-18 22:00:00+00:00,237.0582123,1
2013-09-18 23:00:00+00:00,213.4887695,1
2013-09-19 00:00:00+00:00,168.3287201,1
2013-09-19 01:00:00+00:00,235.0294189,1.0081632
2013-09-19 02:00:00+00:00,187.7048645,1
2013-09-19 03:00:00+00:00,167.3142395,1
2013-09-19 04:00:00+00:00,188.6020813,1.0041323
2013-09-19 05:00:00+00:00,170.5407257,1.0082644
2013-09-19 06:00:00+00:00,191.6458282,1
2013-09-19 07:00:00+00:00,412.7181702,149.91429
2013-09-19 08:00:00+00:00,280.5105286,1.0082304
2013-09-19 09:00:00+00:00,199.9408722,1
2013-09-19 10:00:00+00:00,197.1566315,1
2013-09-19 11:00:00+00:00,933.8977051,84.6778
2013-09-19 12:00:00+00:00,641.3259888,82.08704
2013-09-19 13:00:00+00:00,1080.815552,1
2013-09-19 14:00:00+00:00,671.6986084,1
2013-09-19 15:00:00+00:00,236.3356323,1.0081799
2013-09-19 16:00:00+00:00,352.2929077,1
2013-09-19 17:00:00+00:00,500.3858032,64.976494
2013-09-19 18:00:00+00:00,258.1210938,1
2013-09-19 19:00:00+00:00,429.010376,1
2013-09-19 20:00:00+00:00,418.7940674,1
2013-09-19 21:00:00+00:00,279.474884,1
2013-09-19 22:00:00+00:00,268.1340332,1
2013-09-19 23:00:00+00:00,237.1750488,1.0040404
2013-09-20 00:00:00+00:00,182.9334564,1
2013-09-20 01:00:00+00:00,169.130661,1
2013-09-20 02:00:00+00:00,206.8037872,1
2013-09-20 03:00:00+00:00,172.2928925,1
2013-09-20 04:00:00+00:00,180.2815247,1.0020618
2013-09-20 05:00:00+00:00,179.6827545,1
2013-09-20 06:00:00+00:00,217.965271,1
2013-09-20 07:00:00+00:00,495.1070862,145.5491
2013-09-20 08:00:00+00:00,199.1593628,1
2013-09-20 09:00:00+00:00,210.1538391,1
2013-09-20 10:00:00+00:00,321.355896,1
2013-09-20 11:00:00+00:00,354.2464905,1.0070671
2013-09-20 12:00:00+00:00,458.6654968,62.855125
2013-09-20 13:00:00+00:00,398.0482788,1
2013-09-20 14:00:00+00:00,371.6062317,1
2013-09-20 15:00:00+00:00,365.6598511,1
2013-09-20 16:00:00+00:00,219.5337982,1
2013-09-20 17:00:00+00:00,421.0262756,99.46279
2013-09-20 18:00:00+00:00,251.1519928,1.0080972
2013-09-20 19:00:00+00:00,606.6528931,0.99458
2013-09-20 20:00:00+00:00,1001.103027,1
2013-09-20 21:00:00+00:00,292.7383728,1
2013-09-20 22:00:00+00:00,648.7034302,1
2013-09-20 23:00:00+00:00,754.2890625,1
2013-09-21 00:00:00+00:00,231.9965515,1.0040984
2013-09-21 01:00:00+00:00,228.1386414,1
2013-09-21 02:00:00+00:00,200.2350922,1.0020577
2013-09-21 03:00:00+00:00,183.497406,1.0041323
2013-09-21 04:00:00+00:00,240.3734741,1
2013-09-21 05:00:00+00:00,205.3304291,1
2013-09-21 06:00:00+00:00,301.184082,123.88935
2013-09-21 07:00:00+00:00,468.7549133,87.455284
2013-09-21 08:00:00+00:00,502.5549316,38.176586
2013-09-21 09:00:00+00:00,302.5919495,91.83027
2013-09-21 10:00:00+00:00,236.8243408,1.0082135
2013-09-21 11:00:00+00:00,317.8442993,1
2013-09-21 12:00:00+00:00,220.4208679,1
2013-09-21 13:00:00+00:00,303.8616943,140.03448
2013-09-21 14:00:00+00:00,313.8479004,1.0040241
2013-09-21 15:00:00+00:00,443.5846558,77.28427
2013-09-21 16:00:00+00:00,430.2431641,10.51008
2013-09-21 17:00:00+00:00,459.4186707,1.004
2013-09-21 18:00:00+00:00,440.2954102,1
2013-09-21 19:00:00+00:00,491.1290283,1
2013-09-21 20:00:00+00:00,474.2355957,1
2013-09-21 21:00:00+00:00,449.698822,1
2013-09-21 22:00:00+00:00,202.2176819,1.0080808
2013-09-21 23:00:00+00:00,171.77948,1.002
2013-09-22 00:00:00+00:00,184.1863251,1
2013-09-22 01:00:00+00:00,179.25,1
2013-09-22 02:00:00+00:00,175.6977997,1
2013-09-22 03:00:00+00:00,183.9401703,1.0040323
2013-09-22 04:00:00+00:00,170.1606903,1
2013-09-22 05:00:00+00:00,195.2125854,1
2013-09-22 06:00:00+00:00,183.6479645,1
2013-09-22 07:00:00+00:00,409.0086365,76.90323
2013-09-22 08:00:00+00:00,180.470993,1
2013-09-22 09:00:00+00:00,289.4179688,99.45692
2013-09-22 10:00:00+00:00,253.6205139,47.729458
2013-09-22 11:00:00+00:00,211.9491577,1
2013-09-22 12:00:00+00:00,214.1846161,1
2013-09-22 13:00:00+00:00,176.5441895,1
2013-09-22 14:00:00+00:00,195.71138,1
2013-09-22 15:00:00+00:00,173.3179474,1
2013-09-22 16:00:00+00:00,194.6899414,1
2013-09-22 17:00:00+00:00,459.6308594,184.39442
2013-09-22 18:00:00+00:00,375.7739868,1.0040568
2013-09-22 19:00:00+00:00,454.7901001,1
2013-09-22 20:00:00+00:00,639.4699097,1
2013-09-22 21:00:00+00:00,559.7766113,1
2013-09-22 22:00:00+00:00,666.1333618,1
2013-09-22 23:00:00+00:00,186.1061707,1
2013-09-23 00:00:00+00:00,199.1003418,1
2013-09-23 01:00:00+00:00,199.3762817,1
2013-09-23 02:00:00+00:00,225.6524658,1
2013-09-23 03:00:00+00:00,223.5374146,1.0119522
2013-09-23 04:00:00+00:00,183.4806061,1
2013-09-23 05:00:00+00:00,208.0675659,1
2013-09-23 06:00:00+00:00,211.7542725,1
2013-09-23 07:00:00+00:00,897.9544067,112.384155
2013-09-23 08:00:00+00:00,1275.851685,1
2013-09-23 09:00:00+00:00,455.5411072,1
2013-09-23 10:00:00+00:00,239.9879456,1.007984
2013-09-23 11:00:00+00:00,257.1304321,1
2013-09-23 12:00:00+00:00,203.1069641,1.0040323
2013-09-23 13:00:00+00:00,193.0492401,1
2013-09-23 14:00:00+00:00,217.6565094,1
2013-09-23 15:00:00+00:00,201.3378906,1
2013-09-23 16:00:00+00:00,1006.299622,61.05589
2013-09-23 17:00:00+00:00,476.5599365,72.390785
2013-09-23 18:00:00+00:00,236.9080048,1
2013-09-23 19:00:00+00:00,360.5188293,1
2013-09-23 20:00:00+00:00,448.7449036,1.0034965
2013-09-23 21:00:00+00:00,296.9350281,1
2013-09-23 22:00:00+00:00,195.4473267,1.002012
2013-09-23 23:00:00+00:00,193.3595886,1
2013-09-24 00:00:00+00:00,192.8600616,1
2013-09-24 01:00:00+00:00,180.1030884,1
2013-09-24 02:00:00+00:00,192.3647308,1
2013-09-24 03:00:00+00:00,176.8120728,1
2013-09-24 04:00:00+00:00,193.3989563,1
2013-09-24 05:00:00+00:00,182.0449066,1.0020534
2013-09-24 06:00:00+00:00,206.0034943,1
2013-09-24 07:00:00+00:00,552.8218384,129.18875
2013-09-24 08:00:00+00:00,292.7635803,1
2013-09-24 09:00:00+00:00,257.2634277,1.0122449
2013-09-24 10:00:00+00:00,212.7564697,1
2013-09-24 11:00:00+00:00,378.8608398,1
2013-09-24 12:00:00+00:00,205.3468628,1
2013-09-24 13:00:00+00:00,204.3440704,1
2013-09-24 14:00:00+00:00,205.2918091,1
2013-09-24 15:00:00+00:00,191.9484558,1
2013-09-24 16:00:00+00:00,383.9344788,105.53387
2013-09-24 17:00:00+00:00,284.5256042,1
2013-09-24 18:00:00+00:00,245.8863983,1.0059289
2013-09-24 19:00:00+00:00,390.2665405,1
2013-09-24 20:00:00+00:00,344.4302673,1
2013-09-24 21:00:00+00:00,257.8274231,1
2013-09-24 22:00:00+00:00,197.2702637,1.0080321
2013-09-24 23:00:00+00:00,233.3355865,1
2013-09-25 00:00:00+00:00,180.2866821,1
2013-09-25 01:00:00+00:00,190.4523773,1.003992
2013-09-25 02:00:00+00:00,231.177063,1.008016
2013-09-25 03:00:00+00:00,178.4386902,1
2013-09-25 04:00:00+00:00,173.8588715,1.004016
2013-09-25 05:00:00+00:00,186.8503418,1.0040486
2013-09-25 06:00:00+00:00,330.9222717,86.90982
2013-09-25 07:00:00+00:00,245.1147308,1
2013-09-25 08:00:00+00:00,187.121109,1.0040568
2013-09-25 09:00:00+00:00,215.1578064,1
2013-09-25 10:00:00+00:00,196.4559326,1
2013-09-25 11:00:00+00:00,217.9711914,1
2013-09-25 12:00:00+00:00,194.9674072,1
2013-09-25 13:00:00+00:00,253.156723,1
2013-09-25 14:00:00+00:00,223.8175507,1
2013-09-25 15:00:00+00:00,210.8764954,1
2013-09-25 16:00:00+00:00,269.7783508,70.132
2013-09-25 17:00:00+00:00,1365.343506,62.994164
2013-09-25 18:00:00+00:00,1522.81311,1
2013-09-25 19:00:00+00:00,763.6271973,1
2013-09-25 20:00:00+00:00,480.4203491,1
2013-09-25 21:00:00+00:00,301.8598328,1
2013-09-25 22:00:00+00:00,195.8839569,1.0040241
2013-09-25 23:00:00+00:00,180.064621,1
2013-09-26 00:00:00+00:00,179,1
2013-09-26 01:00:00+00:00,183.2957306,1.004008
2013-09-26 02:00:00+00:00,169.7975922,1
2013-09-26 03:00:00+00:00,183.8164673,1
2013-09-26 04:00:00+00:00,219.7294464,1
2013-09-26 05:00:00+00:00,194.2876434,1
2013-09-26 06:00:00+00:00,185.2724152,1
2013-09-26 07:00:00+00:00,488.1426086,94.34791
2013-09-26 08:00:00+00:00,350.0686035,1
2013-09-26 09:00:00+00:00,339.698822,1
2013-09-26 10:00:00+00:00,259.704071,1.0038835
2013-09-26 11:00:00+00:00,206.8610229,1
2013-09-26 12:00:00+00:00,201.6010284,1
2013-09-26 13:00:00+00:00,194.5238037,1
2013-09-26 14:00:00+00:00,820.5842285,1.007984
2013-09-26 15:00:00+00:00,351.771637,1
2013-09-26 16:00:00+00:00,1650.763062,1
2013-09-26 17:00:00+00:00,399.778717,1.004
2013-09-26 18:00:00+00:00,633.3689575,1
2013-09-26 19:00:00+00:00,957.8203735,1
2013-09-26 20:00:00+00:00,502.3088684,1
2013-09-26 21:00:00+00:00,400.715271,1.0039841
2013-09-26 22:00:00+00:00,674.491333,1
2013-09-26 23:00:00+00:00,773.3120728,1
2013-09-27 00:00:00+00:00,206.1131744,1
2013-09-27 01:00:00+00:00,189.4338989,1.0060362
2013-09-27 02:00:00+00:00,203.580307,1.008
2013-09-27 03:00:00+00:00,183.2406158,1
2013-09-27 04:00:00+00:00,201.2934265,1
2013-09-27 05:00:00+00:00,184.9319763,1
2013-09-27 06:00:00+00:00,397.7051697,91.86028
2013-09-27 07:00:00+00:00,223.7670135,1
2013-09-27 08:00:00+00:00,805.4046021,1.003992
2013-09-27 09:00:00+00:00,426.7311707,1
2013-09-27 10:00:00+00:00,851.1151733,1
2013-09-27 11:00:00+00:00,438.5667114,1
2013-09-27 12:00:00+00:00,399.8519897,1
2013-09-27 13:00:00+00:00,455.1241455,1
2013-09-27 14:00:00+00:00,284.8510132,1
2013-09-27 15:00:00+00:00,218.0632477,1
2013-09-27 16:00:00+00:00,359.0349121,164.71257
2013-09-27 17:00:00+00:00,470.0226746,98.26946
2013-09-27 18:00:00+00:00,462.4203491,1
2013-09-27 19:00:00+00:00,471.532196,1
2013-09-27 20:00:00+00:00,372.4619141,1
2013-09-27 21:00:00+00:00,258.1486511,1
2013-09-27 22:00:00+00:00,249.9086304,1
2013-09-27 23:00:00+00:00,208.7908173,1
2013-09-28 00:00:00+00:00,204.5836182,1.004008
2013-09-28 01:00:00+00:00,253.0409546,1
2013-09-28 02:00:00+00:00,195.6500854,1
2013-09-28 03:00:00+00:00,168.792511,1.0040404
2013-09-28 04:00:00+00:00,182.9740906,1
2013-09-28 05:00:00+00:00,168.7817841,1
2013-09-28 06:00:00+00:00,199.2402039,1
2013-09-28 07:00:00+00:00,511.6340942,117.469185
2013-09-28 08:00:00+00:00,349.0918579,1.0039526
2013-09-28 09:00:00+00:00,234.0323639,1.004065
2013-09-28 10:00:00+00:00,200.171814,1
2013-09-28 11:00:00+00:00,401.45755,1
2013-09-28 12:00:00+00:00,194.6552887,1
2013-09-28 13:00:00+00:00,195.1646881,1
2013-09-28 14:00:00+00:00,168.4831085,1
2013-09-28 15:00:00+00:00,224.1384583,1
2013-09-28 16:00:00+00:00,322.2216492,1
2013-09-28 17:00:00+00:00,594.5910645,88.552895
2013-09-28 18:00:00+00:00,490.6000061,1
2013-09-28 19:00:00+00:00,406.7903748,1
2013-09-28 20:00:00+00:00,421.6723328,1
2013-09-28 21:00:00+00:00,306.2813416,1
2013-09-28 22:00:00+00:00,188.6013794,1
2013-09-28 23:00:00+00:00,179.5438843,1
2013-09-29 00:00:00+00:00,204.2016907,1.0040241
2013-09-29 01:00:00+00:00,218.4463348,1
2013-09-29 02:00:00+00:00,170.0440674,1.0040486
2013-09-29 03:00:00+00:00,182.453125,1
2013-09-29 04:00:00+00:00,169.4751282,1
2013-09-29 05:00:00+00:00,185.6500854,1.0080972
2013-09-29 06:00:00+00:00,240.7607574,1
2013-09-29 07:00:00+00:00,303.7375793,72.34073
2013-09-29 08:00:00+00:00,364.7155762,62.64
2013-09-29 09:00:00+00:00,220.748703,1
2013-09-29 10:00:00+00:00,865.008667,1
2013-09-29 11:00:00+00:00,1217.499023,1
2013-09-29 12:00:00+00:00,630.006897,1.003992
2013-09-29 13:00:00+00:00,269.4259033,1
2013-09-29 14:00:00+00:00,648.8441162,1
2013-09-29 15:00:00+00:00,299.994751,90.961845
2013-09-29 16:00:00+00:00,298.7885742,72.02429
2013-09-29 17:00:00+00:00,455.9196472,1
2013-09-29 18:00:00+00:00,745.657959,1.0078895
2013-09-29 19:00:00+00:00,458.3396301,1
2013-09-29 20:00:00+00:00,432.4155273,1
2013-09-29 21:00:00+00:00,334.9376221,1
2013-09-29 22:00:00+00:00,218.2825317,1
2013-09-29 23:00:00+00:00,191.4320068,1
2013-09-30 00:00:00+00:00,205.7590332,1
2013-09-30 01:00:00+00:00,197.0413818,1.00409
2013-09-30 02:00:00+00:00,191.4645996,1
2013-09-30 03:00:00+00:00,196.8973846,1
2013-09-30 04:00:00+00:00,184.2965546,1
2013-09-30 05:00:00+00:00,202.5218964,1
2013-09-30 06:00:00+00:00,200.4870911,1
2013-09-30 07:00:00+00:00,463.018219,95.92786
2013-09-30 08:00:00+00:00,241.891037,1
2013-09-30 09:00:00+00:00,212.1617432,1
2013-09-30 10:00:00+00:00,681.0230713,1
2013-09-30 11:00:00+00:00,484.3954773,1.0040323
2013-09-30 12:00:00+00:00,233.1036224,1
2013-09-30 13:00:00+00:00,207.29422,1.0040486
2013-09-30 14:00:00+00:00,177.5453033,1
2013-09-30 15:00:00+00:00,1716.039917,1
2013-09-30 16:00:00+00:00,703.8865356,112.942345
2013-09-30 17:00:00+00:00,558.3460083,131.75507
2013-09-30 18:00:00+00:00,495.9152222,1
2013-09-30 19:00:00+00:00,448.001709,1.0040241
2013-09-30 20:00:00+00:00,447.7589722,1.0040323
2013-09-30 21:00:00+00:00,251.1494904,1
2013-09-30 22:00:00+00:00,260.545929,1
2013-09-30 23:00:00+00:00,186.9137878,1
2013-10-01 00:00:00+00:00,200.2478485,1
2013-10-01 01:00:00+00:00,180.254303,1
2013-10-01 02:00:00+00:00,243.1252136,1
2013-10-01 03:00:00+00:00,201.427063,1
2013-10-01 04:00:00+00:00,202.331604,1
2013-10-01 05:00:00+00:00,184.3121796,1
2013-10-01 06:00:00+00:00,321.0814209,69.49489
2013-10-01 07:00:00+00:00,507.2572021,55.857964
2013-10-01 08:00:00+00:00,366.005188,1
2013-10-01 09:00:00+00:00,443.6943054,69.363
2013-10-01 10:00:00+00:00,949.9415283,69.4321
2013-10-01 11:00:00+00:00,513.2763672,1
2013-10-01 12:00:00+00:00,333.504303,1
2013-10-01 13:00:00+00:00,492.7123108,54.659092
2013-10-01 14:00:00+00:00,337.167511,1
2013-10-01 15:00:00+00:00,347.15625,1
2013-10-01 16:00:00+00:00,277.5906067,1
2013-10-01 17:00:00+00:00,402.9347534,84.770325
2013-10-01 18:00:00+00:00,251.865387,1
2013-10-01 19:00:00+00:00,378.9073486,1.0038168
2013-10-01 20:00:00+00:00,383.598938,1
2013-10-01 21:00:00+00:00,229.0104675,1
2013-10-01 22:00:00+00:00,183.6585846,1
2013-10-01 23:00:00+00:00,195.76091,1
2013-10-02 00:00:00+00:00,172.3741302,1
2013-10-02 01:00:00+00:00,195.6447144,1.002045
2013-10-02 02:00:00+00:00,222.0729218,1
2013-10-02 03:00:00+00:00,191.9827271,1
2013-10-02 04:00:00+00:00,167.0534515,1
2013-10-02 05:00:00+00:00,186.1381683,1
2013-10-02 06:00:00+00:00,255.0735626,94.13293
2013-10-02 07:00:00+00:00,582.0339355,1
2013-10-02 08:00:00+00:00,500.4740601,1.0081136
2013-10-02 09:00:00+00:00,582.887085,1
2013-10-02 10:00:00+00:00,211.3702393,1
2013-10-02 11:00:00+00:00,457.1842041,74.03846
2013-10-02 12:00:00+00:00,200.4776611,1
2013-10-02 13:00:00+00:00,227.9930725,1
2013-10-02 14:00:00+00:00,212.2857208,1.0040984
2013-10-02 15:00:00+00:00,216.9827576,1
2013-10-02 16:00:00+00:00,242.7268066,1
2013-10-02 17:00:00+00:00,521.6205444,102.15936
2013-10-02 18:00:00+00:00,280.9931335,1
2013-10-02 19:00:00+00:00,437.7363892,1.0080321
2013-10-02 20:00:00+00:00,546.2167969,1
2013-10-02 21:00:00+00:00,265.2389221,1
2013-10-02 22:00:00+00:00,258.5885315,1
2013-10-02 23:00:00+00:00,247.5025787,1
2013-10-03 00:00:00+00:00,206.8600616,1
2013-10-03 01:00:00+00:00,184.9931641,1
2013-10-03 02:00:00+00:00,206.4006805,1
2013-10-03 03:00:00+00:00,184.8485413,1
2013-10-03 04:00:00+00:00,204.5968933,1
2013-10-03 05:00:00+00:00,186.6759644,1
2013-10-03 06:00:00+00:00,389.1651917,103.83501
2013-10-03 07:00:00+00:00,234.752594,1.0081632
2013-10-03 08:00:00+00:00,219.8519745,1
2013-10-03 09:00:00+00:00,235.5493927,1
2013-10-03 10:00:00+00:00,270.2815247,1
2013-10-03 11:00:00+00:00,219.9070587,1
2013-10-03 12:00:00+00:00,199.9365387,1.0040404
2013-10-03 13:00:00+00:00,213.8216095,1
2013-10-03 14:00:00+00:00,228.4655151,1
2013-10-03 15:00:00+00:00,197.2576752,1
2013-10-03 16:00:00+00:00,440.0171814,88.334
2013-10-03 17:00:00+00:00,976.3462524,61.846153
2013-10-03 18:00:00+00:00,351.1538391,1.008016
2013-10-03 19:00:00+00:00,496.1510925,1
2013-10-03 20:00:00+00:00,312.1737671,1
2013-10-03 21:00:00+00:00,283.7724915,1
2013-10-03 22:00:00+00:00,249.1430969,1.004008
2013-10-03 23:00:00+00:00,235.2122192,1
2013-10-04 00:00:00+00:00,186.2128448,1
2013-10-04 01:00:00+00:00,206.5772552,1
2013-10-04 02:00:00+00:00,184.4077759,1
2013-10-04 03:00:00+00:00,207.0186768,1.0020202
2013-10-04 04:00:00+00:00,212.4200745,1
2013-10-04 05:00:00+00:00,229.7086945,1
2013-10-04 06:00:00+00:00,203.9042664,1
2013-10-04 07:00:00+00:00,478.4006958,114.616936
2013-10-04 08:00:00+00:00,303.2461853,37.67671
2013-10-04 09:00:00+00:00,199.4344177,1.012
2013-10-04 10:00:00+00:00,194.121582,1
2013-10-04 11:00:00+00:00,325.9811096,1
2013-10-04 12:00:00+00:00,208.5935364,1
2013-10-04 13:00:00+00:00,202.1646881,1.0040323
2013-10-04 14:00:00+00:00,195.4957581,1
2013-10-04 15:00:00+00:00,711.5993042,1.0078585
2013-10-04 16:00:00+00:00,439.3564148,80.20559
2013-10-04 17:00:00+00:00,295.878418,1
2013-10-04 18:00:00+00:00,228.2248688,1
2013-10-04 19:00:00+00:00,1227.37854,1.0078431
2013-10-04 20:00:00+00:00,676.2461548,83.72056
2013-10-04 21:00:00+00:00,665.4273682,1
2013-10-04 22:00:00+00:00,799.6086426,1
2013-10-04 23:00:00+00:00,204.3174896,1
2013-10-05 00:00:00+00:00,191.8644104,1
2013-10-05 01:00:00+00:00,203.5206909,1
2013-10-05 02:00:00+00:00,196.4675751,1.0080321
2013-10-05 03:00:00+00:00,191.3050842,1
2013-10-05 04:00:00+00:00,206.2568512,1
2013-10-05 05:00:00+00:00,181.7263489,1
2013-10-05 06:00:00+00:00,411.3478394,104.960396
2013-10-05 07:00:00+00:00,307.5272217,1
2013-10-05 08:00:00+00:00,454.1617432,127.17857
2013-10-05 09:00:00+00:00,1106.56543,1
2013-10-05 10:00:00+00:00,792.9706421,1.0039526
2013-10-05 11:00:00+00:00,311.377594,49.85972
2013-10-05 12:00:00+00:00,203.0068359,1
2013-10-05 13:00:00+00:00,177.8096924,1
2013-10-05 14:00:00+00:00,649.4464111,90.73254
2013-10-05 15:00:00+00:00,725.1698608,1
2013-10-05 16:00:00+00:00,439.210083,1
2013-10-05 17:00:00+00:00,334.4974365,1
2013-10-05 18:00:00+00:00,317.8639526,1.0080321
2013-10-05 19:00:00+00:00,355.2854614,1
2013-10-05 20:00:00+00:00,449.6309509,1
2013-10-05 21:00:00+00:00,437.3469238,1
2013-10-05 22:00:00+00:00,449.1513672,1
2013-10-05 23:00:00+00:00,281.6095886,1.012024
2013-10-06 00:00:00+00:00,286.0559387,1
2013-10-06 01:00:00+00:00,278.4974365,1
2013-10-06 02:00:00+00:00,206.7645111,1
2013-10-06 03:00:00+00:00,186.3938904,1
2013-10-06 04:00:00+00:00,209.4869537,1
2013-10-06 05:00:00+00:00,189.0888824,1
2013-10-06 06:00:00+00:00,280.9965515,52.787018
2013-10-06 07:00:00+00:00,507.7117615,90.76693
2013-10-06 08:00:00+00:00,980.00177,1.0039841
2013-10-06 09:00:00+00:00,1117.044189,1
2013-10-06 10:00:00+00:00,366.675354,1
2013-10-06 11:00:00+00:00,271.5393982,79.458
2013-10-06 12:00:00+00:00,275.4376221,1
2013-10-06 13:00:00+00:00,530.779541,1.0079523
2013-10-06 14:00:00+00:00,415.8092041,1
2013-10-06 15:00:00+00:00,447.1185608,1
2013-10-06 16:00:00+00:00,273.7167358,1.0040486
2013-10-06 17:00:00+00:00,339.6254272,1
2013-10-06 18:00:00+00:00,474.3407288,1.0039841
2013-10-06 19:00:00+00:00,423.9694824,1.004008
2013-10-06 20:00:00+00:00,425.6061096,1
2013-10-06 21:00:00+00:00,274.927002,1.007984
2013-10-06 22:00:00+00:00,253.7874146,1.0040241
2013-10-06 23:00:00+00:00,234.966095,1
2013-10-07 00:00:00+00:00,182.4139709,1
2013-10-07 01:00:00+00:00,182.4516144,1
2013-10-07 02:00:00+00:00,182.7025604,1
2013-10-07 03:00:00+00:00,181.351944,1.004008
2013-10-07 04:00:00+00:00,182.3996582,1.0080808
2013-10-07 05:00:00+00:00,179.707489,1
2013-10-07 06:00:00+00:00,248.5875244,1.0040323
2013-10-07 07:00:00+00:00,432.1077881,95.257545
2013-10-07 08:00:00+00:00,317.6506958,48.438877
2013-10-07 09:00:00+00:00,729.5933228,1
2013-10-07 10:00:00+00:00,518.3934937,1
2013-10-07 11:00:00+00:00,371.4178162,1
2013-10-07 12:00:00+00:00,759.4894409,1
2013-10-07 13:00:00+00:00,323.8683777,1
2013-10-07 14:00:00+00:00,181.6190491,1
2013-10-07 15:00:00+00:00,206.3705597,1
2013-10-07 16:00:00+00:00,386.5549927,109.371254
2013-10-07 17:00:00+00:00,345.0616455,67.19517
2013-10-07 18:00:00+00:00,197.0322571,1.008016
2013-10-07 19:00:00+00:00,814.975769,1
2013-10-07 20:00:00+00:00,1007.006958,1
2013-10-07 21:00:00+00:00,247.9419861,1
2013-10-07 22:00:00+00:00,182.2767334,1
2013-10-07 23:00:00+00:00,196.5240479,1
2013-10-08 00:00:00+00:00,181.8976135,1
2013-10-08 01:00:00+00:00,251.9983063,1.004
2013-10-08 02:00:00+00:00,197.052536,1.010101
2013-10-08 03:00:00+00:00,198.4169464,1.0040323
2013-10-08 04:00:00+00:00,200.3654785,1.004016
2013-10-08 05:00:00+00:00,436.4710999,1.0080645
2013-10-08 06:00:00+00:00,425.9122314,93.195656
2013-10-08 07:00:00+00:00,398.7340393,54.949905
2013-10-08 08:00:00+00:00,218.6672363,1
2013-10-08 09:00:00+00:00,252.4702911,1
2013-10-08 10:00:00+00:00,202.9609528,1
2013-10-08 11:00:00+00:00,263.1052551,1.0040241
2013-10-08 12:00:00+00:00,250.2180634,1.0040568
2013-10-08 13:00:00+00:00,180.8065033,1.0040486
2013-10-08 14:00:00+00:00,279.5334473,1
2013-10-08 15:00:00+00:00,264.4185181,1
2013-10-08 16:00:00+00:00,388.0375977,53.059753
2013-10-08 17:00:00+00:00,580.0664063,99.92523
2013-10-08 18:00:00+00:00,372.07547,1
2013-10-08 19:00:00+00:00,469.7193909,1.0070922
2013-10-08 20:00:00+00:00,417.454071,1
2013-10-08 21:00:00+00:00,295.2419128,1
2013-10-08 22:00:00+00:00,255.1894226,1
2013-10-08 23:00:00+00:00,258.0989685,1
2013-10-09 00:00:00+00:00,252.6112976,1
2013-10-09 01:00:00+00:00,256.2741089,1
2013-10-09 02:00:00+00:00,327.0187683,1
2013-10-09 03:00:00+00:00,267.5762634,1
2013-10-09 04:00:00+00:00,231.6071472,1
2013-10-09 05:00:00+00:00,250.9541626,1.0035336
2013-10-09 06:00:00+00:00,264.204071,1
2013-10-09 07:00:00+00:00,378.6099548,90.02988
2013-10-09 08:00:00+00:00,240.5643158,1.0039841
2013-10-09 09:00:00+00:00,173.5417328,1
2013-10-09 10:00:00+00:00,326.619873,105.18145
2013-10-09 11:00:00+00:00,239.1524048,1.0040486
2013-10-09 12:00:00+00:00,430.9364319,1.0040241
2013-10-09 13:00:00+00:00,472.9611511,1
2013-10-09 14:00:00+00:00,248.5371552,1
2013-10-09 15:00:00+00:00,226.1641083,1
2013-10-09 16:00:00+00:00,531.7214355,203.53188
2013-10-09 17:00:00+00:00,1094.160034,1.0037879
2013-10-09 18:00:00+00:00,857.1535645,1
2013-10-09 19:00:00+00:00,494.707489,1
2013-10-09 20:00:00+00:00,446.7999878,1
2013-10-09 21:00:00+00:00,405.64505,1.0036298
2013-10-09 22:00:00+00:00,289.346344,1
2013-10-09 23:00:00+00:00,260.532196,1
2013-10-10 00:00:00+00:00,233.7521362,1
2013-10-10 01:00:00+00:00,221.7589722,1.0120482
2013-10-10 02:00:00+00:00,288.1563721,1
2013-10-10 03:00:00+00:00,221.3390961,1
2013-10-10 04:00:00+00:00,223.450943,1.0040404
2013-10-10 05:00:00+00:00,306.3726196,76.07028