index,power_watts,kettle_watts
2013-02-17 16:00:00+00:00,638.7167358,0
2013-02-17 17:00:00+00:00,573.8969116,0
2013-02-17 18:00:00+00:00,574.0449829,0
2013-02-17 19:00:00+00:00,1860.316528,0
2013-02-17 20:00:00+00:00,424.2340698,0
2013-02-17 21:00:00+00:00,597.9038086,0
2013-02-17 22:00:00+00:00,351.245697,0
2013-02-17 23:00:00+00:00,307.5395203,0
2013-02-18 00:00:00+00:00,323.3780212,0
2013-02-18 01:00:00+00:00,312.2633362,0
2013-02-18 02:00:00+00:00,310.099823,0
2013-02-18 03:00:00+00:00,218.2289124,0
2013-02-18 04:00:00+00:00,198.89328,0
2013-02-18 05:00:00+00:00,245.7965546,0
2013-02-18 06:00:00+00:00,195.6213379,0
2013-02-18 07:00:00+00:00,363.2185974,0
2013-02-18 08:00:00+00:00,201.091217,0
2013-02-18 09:00:00+00:00,899.4396362,0
2013-02-18 10:00:00+00:00,981.0700684,0
2013-02-18 11:00:00+00:00,361.6103516,0
2013-02-18 12:00:00+00:00,900.2384033,0
2013-02-18 13:00:00+00:00,455.5181274,0
2013-02-18 14:00:00+00:00,470.6217651,0
2013-02-18 15:00:00+00:00,318.6234741,0
2013-02-18 16:00:00+00:00,405.4058838,0
2013-02-18 17:00:00+00:00,509.8500061,0
2013-02-18 18:00:00+00:00,745.4120483,0
2013-02-18 19:00:00+00:00,1960.796631,0
2013-02-18 20:00:00+00:00,572.0551758,0
2013-02-18 21:00:00+00:00,387.19104,0
2013-02-18 22:00:00+00:00,394.8672485,0
2013-02-18 23:00:00+00:00,328.8502502,0
2013-02-19 00:00:00+00:00,317.6941528,0
2013-02-19 01:00:00+00:00,294.4413757,0
2013-02-19 02:00:00+00:00,167.3655243,0
2013-02-19 03:00:00+00:00,170.4793091,0
2013-02-19 04:00:00+00:00,186.9137878,0
2013-02-19 05:00:00+00:00,263.6891174,0
2013-02-19 06:00:00+00:00,308.5899658,0
2013-02-19 07:00:00+00:00,167.7530212,0
2013-02-19 08:00:00+00:00,162.1208954,0
2013-02-19 09:00:00+00:00,166.7172394,0
2013-02-19 10:00:00+00:00,239.8027649,0
2013-02-19 11:00:00+00:00,247.7979279,0
2013-02-19 12:00:00+00:00,380.3855286,0
2013-02-19 13:00:00+00:00,377.225708,0
2013-02-19 14:00:00+00:00,259.7391968,0
2013-02-19 15:00:00+00:00,282.2417908,0
2013-02-19 16:00:00+00:00,344.1539917,0
2013-02-19 17:00:00+00:00,355,0
2013-02-19 18:00:00+00:00,833.9429932,0
2013-02-19 19:00:00+00:00,817.2979126,0
2013-02-19 20:00:00+00:00,1699.309082,0
2013-02-19 21:00:00+00:00,558.8145752,0
2013-02-19 22:00:00+00:00,360.2972412,0
2013-02-19 23:00:00+00:00,309.6230774,0
2013-02-20 00:00:00+00:00,321.8846741,0
2013-02-20 01:00:00+00:00,171.253006,0
2013-02-20 02:00:00+00:00,167.6310272,0
2013-02-20 03:00:00+00:00,174.9051666,0
2013-02-20 04:00:00+00:00,191.0500031,0
2013-02-20 05:00:00+00:00,257.3224182,0
2013-02-20 06:00:00+00:00,269.3979187,0
2013-02-20 07:00:00+00:00,169.2517242,0
2013-02-20 08:00:00+00:00,170.5603485,0
2013-02-20 09:00:00+00:00,169.1000061,0
2013-02-20 10:00:00+00:00,358.5899658,0
2013-02-20 11:00:00+00:00,303.8667908,0
2013-02-20 12:00:00+00:00,339.7702942,0
2013-02-20 13:00:00+00:00,234.3408356,0
2013-02-20 14:00:00+00:00,225.0086365,0
2013-02-20 15:00:00+00:00,235.7491302,0
2013-02-20 16:00:00+00:00,284.73703,0
2013-02-20 17:00:00+00:00,291.4680481,0
2013-02-20 18:00:00+00:00,638.8396606,0
2013-02-20 19:00:00+00:00,712.661499,0
2013-02-20 20:00:00+00:00,1653.220947,0
2013-02-20 21:00:00+00:00,348.9327698,0
2013-02-20 22:00:00+00:00,613.9602661,0
2013-02-20 23:00:00+00:00,345.9896851,0
2013-02-21 00:00:00+00:00,303.6058655,0
2013-02-21 01:00:00+00:00,260.9879456,0
2013-02-21 02:00:00+00:00,166.1620636,0
2013-02-21 03:00:00+00:00,176.4456024,0
2013-02-21 04:00:00+00:00,190.9205475,0
2013-02-21 05:00:00+00:00,265.2249146,0
2013-02-21 06:00:00+00:00,380.1034546,0
2013-02-21 07:00:00+00:00,175.2387543,0
2013-02-21 08:00:00+00:00,165.5941315,0
2013-02-21 09:00:00+00:00,178.4488678,0
2013-02-21 10:00:00+00:00,251.3131561,0
2013-02-21 11:00:00+00:00,367.3091431,0
2013-02-21 12:00:00+00:00,348.1271667,0
2013-02-21 13:00:00+00:00,415.9878845,0
2013-02-21 14:00:00+00:00,298.9081421,0
2013-02-21 15:00:00+00:00,314.4124756,0
2013-02-21 16:00:00+00:00,378.7227173,0
2013-02-21 17:00:00+00:00,483.7123108,0
2013-02-21 18:00:00+00:00,885.2491455,0
2013-02-21 19:00:00+00:00,1428.890015,0
2013-02-21 20:00:00+00:00,1119.400635,0
2013-02-21 21:00:00+00:00,395.0482788,0
2013-02-21 22:00:00+00:00,343.7775879,0
2013-02-21 23:00:00+00:00,342.1899719,0
2013-02-22 00:00:00+00:00,332.372406,0
2013-02-22 01:00:00+00:00,300.4221497,0
2013-02-22 02:00:00+00:00,170.5130005,0
2013-02-22 03:00:00+00:00,179.2582397,0
2013-02-22 04:00:00+00:00,195.7019043,0
2013-02-22 05:00:00+00:00,277.2183838,0
2013-02-22 06:00:00+00:00,268.0280762,0
2013-02-22 07:00:00+00:00,179.5805817,0
2013-02-22 08:00:00+00:00,172.7539063,0
2013-02-22 09:00:00+00:00,183.7795105,0
2013-02-22 10:00:00+00:00,283.793396,0
2013-02-22 11:00:00+00:00,359.0308838,0
2013-02-22 12:00:00+00:00,289.762146,0
2013-02-22 13:00:00+00:00,372.5252075,0
2013-02-22 14:00:00+00:00,296.038269,0
2013-02-22 15:00:00+00:00,319.019104,0
2013-02-22 16:00:00+00:00,362.6869507,0
2013-02-22 17:00:00+00:00,789.0953369,0
2013-02-22 18:00:00+00:00,778.1779175,0
2013-02-22 19:00:00+00:00,1690.937134,0
2013-02-22 20:00:00+00:00,443.6204529,0
2013-02-22 21:00:00+00:00,410.8821411,0
2013-02-22 22:00:00+00:00,367.5484314,0
2013-02-22 23:00:00+00:00,368.752594,0
2013-02-23 00:00:00+00:00,300.1020813,0
2013-02-23 01:00:00+00:00,323.6811218,0
2013-02-23 02:00:00+00:00,334.4221497,0
2013-02-23 03:00:00+00:00,235.3674164,0
2013-02-23 04:00:00+00:00,201.1265106,0
2013-02-23 05:00:00+00:00,273.7673645,0
2013-02-23 06:00:00+00:00,217.3240967,0
2013-02-23 07:00:00+00:00,195.4679413,0
2013-02-23 08:00:00+00:00,361.8958435,0
2013-02-23 09:00:00+00:00,228.3604889,0
2013-02-23 10:00:00+00:00,215.918396,0
2013-02-23 11:00:00+00:00,536.958313,0
2013-02-23 12:00:00+00:00,1060.42041,0
2013-02-23 13:00:00+00:00,974.2491455,0
2013-02-23 14:00:00+00:00,321.164917,0
2013-02-23 15:00:00+00:00,375.4270935,0
2013-02-23 16:00:00+00:00,932.5319214,0
2013-02-23 17:00:00+00:00,562.696167,0
2013-02-23 18:00:00+00:00,1705.965576,0
2013-02-23 19:00:00+00:00,781.3167114,0
2013-02-23 20:00:00+00:00,349.2062378,0
2013-02-23 21:00:00+00:00,396.1958313,0
2013-02-23 22:00:00+00:00,310.2079773,0
2013-02-23 23:00:00+00:00,366.4394531,0
2013-02-24 00:00:00+00:00,320.621521,0
2013-02-24 01:00:00+00:00,311.3252563,0
2013-02-24 02:00:00+00:00,293.1698303,0
2013-02-24 03:00:00+00:00,233.9168091,0
2013-02-24 04:00:00+00:00,191.9081421,0
2013-02-24 05:00:00+00:00,270.3934021,0
2013-02-24 06:00:00+00:00,206.2825012,0
2013-02-24 07:00:00+00:00,174.0935822,0
2013-02-24 08:00:00+00:00,169.2807617,0
2013-02-24 09:00:00+00:00,497,0
2013-02-24 10:00:00+00:00,321.8298645,0
2013-02-24 11:00:00+00:00,1525.312256,0
2013-02-24 12:00:00+00:00,1516.924927,0
2013-02-24 13:00:00+00:00,322.0484314,0
2013-02-24 14:00:00+00:00,319.0901184,0
2013-02-24 15:00:00+00:00,486.45755,0
2013-02-24 16:00:00+00:00,496.1611633,0
2013-02-24 17:00:00+00:00,790.8502808,0
2013-02-24 18:00:00+00:00,1531.662109,0
2013-02-24 19:00:00+00:00,1024.354492,0
2013-02-24 20:00:00+00:00,708.996521,0
2013-02-24 21:00:00+00:00,563.1019287,0
2013-02-24 22:00:00+00:00,357.0017395,0
2013-02-24 23:00:00+00:00,335.0241699,0
2013-02-25 00:00:00+00:00,303.9550171,0
2013-02-25 01:00:00+00:00,310.9169617,0
2013-02-25 02:00:00+00:00,284.6816711,0
2013-02-25 03:00:00+00:00,180.8045044,0
2013-02-25 04:00:00+00:00,197.5667267,0
2013-02-25 05:00:00+00:00,276.0883789,0
2013-02-25 06:00:00+00:00,215.2842255,0
2013-02-25 07:00:00+00:00,231.4090118,0
2013-02-25 08:00:00+00:00,178.3882141,0
2013-02-25 09:00:00+00:00,182.488739,0
2013-02-25 10:00:00+00:00,182.6776428,0
2013-02-25 11:00:00+00:00,347.6522522,0
2013-02-25 12:00:00+00:00,290.1076355,0
2013-02-25 13:00:00+00:00,258.8006897,0
2013-02-25 14:00:00+00:00,203.9427032,0
2013-02-25 15:00:00+00:00,225.168396,0
2013-02-25 16:00:00+00:00,258.9046936,0
2013-02-25 17:00:00+00:00,265.8489685,0
2013-02-25 18:00:00+00:00,594.4533081,0
2013-02-25 19:00:00+00:00,574.6366577,0
2013-02-25 20:00:00+00:00,1546.516235,0
2013-02-25 21:00:00+00:00,949.9399414,0
2013-02-25 22:00:00+00:00,439.757782,0
2013-02-25 23:00:00+00:00,262.7702942,0
2013-02-26 00:00:00+00:00,197.2837372,0
2013-02-26 01:00:00+00:00,176.5138397,0
2013-02-26 02:00:00+00:00,169.177887,0
2013-02-26 03:00:00+00:00,169.0034637,0
2013-02-26 04:00:00+00:00,194.545929,0
2013-02-26 05:00:00+00:00,262.8408203,0
2013-02-26 06:00:00+00:00,246.6429749,0
2013-02-26 07:00:00+00:00,167.6038055,0
2013-02-26 08:00:00+00:00,173.309021,0
2013-02-26 09:00:00+00:00,165.5415192,0
2013-02-26 10:00:00+00:00,201.6903076,0
2013-02-26 11:00:00+00:00,262.0623779,0
2013-02-26 12:00:00+00:00,495.2214661,0
2013-02-26 13:00:00+00:00,290.0901184,0
2013-02-26 14:00:00+00:00,294.409729,0
2013-02-26 15:00:00+00:00,289.6204529,0
2013-02-26 16:00:00+00:00,363.305542,0
2013-02-26 17:00:00+00:00,395.6811218,0
2013-02-26 18:00:00+00:00,836.0397949,0
2013-02-26 19:00:00+00:00,824.3483276,0
2013-02-26 20:00:00+00:00,1784.48645,0
2013-02-26 21:00:00+00:00,515.2478638,0
2013-02-26 22:00:00+00:00,301.2936096,0
2013-02-26 23:00:00+00:00,284.2106934,0
2013-02-27 00:00:00+00:00,245.1972351,0
2013-02-27 01:00:00+00:00,164.8618317,0
2013-02-27 02:00:00+00:00,175.2231903,0
2013-02-27 03:00:00+00:00,164.5242157,0
2013-02-27 04:00:00+00:00,202.115921,0
2013-02-27 05:00:00+00:00,253.5719299,0
2013-02-27 06:00:00+00:00,244.3506927,0
2013-02-27 07:00:00+00:00,178.7920227,0
2013-02-27 08:00:00+00:00,166.6487885,0
2013-02-27 09:00:00+00:00,169,0
2013-02-27 10:00:00+00:00,246.9098816,0
2013-02-27 11:00:00+00:00,269.2218323,0
2013-02-27 12:00:00+00:00,503.3477478,0
2013-02-27 13:00:00+00:00,343.149292,0
2013-02-27 14:00:00+00:00,259.8336182,0
2013-02-27 15:00:00+00:00,309.6857605,0
2013-02-27 16:00:00+00:00,362.4332886,0
2013-02-27 17:00:00+00:00,374.7781677,0
2013-02-27 18:00:00+00:00,786.901062,0
2013-02-27 19:00:00+00:00,1033.800293,0
2013-02-27 20:00:00+00:00,1473.447266,0
2013-02-27 21:00:00+00:00,597.4320679,0
2013-02-27 22:00:00+00:00,417.0501709,0
2013-02-27 23:00:00+00:00,353.1076355,0
2013-02-28 00:00:00+00:00,303.9826965,0
2013-02-28 01:00:00+00:00,275.4134827,0
2013-02-28 02:00:00+00:00,177.0934296,0
2013-02-28 03:00:00+00:00,181.5691986,0
2013-02-28 04:00:00+00:00,203.4211426,0
2013-02-28 05:00:00+00:00,273.5547791,0
2013-02-28 06:00:00+00:00,221.4384766,0
2013-02-28 07:00:00+00:00,204.3403168,0
2013-02-28 08:00:00+00:00,182.5138397,0
2013-02-28 09:00:00+00:00,184.0363922,0
2013-02-28 10:00:00+00:00,272.6793823,0
2013-02-28 11:00:00+00:00,266.8873596,0
2013-02-28 12:00:00+00:00,329.7400208,0
2013-02-28 13:00:00+00:00,207.4246063,0
2013-02-28 14:00:00+00:00,165.1126556,0
2013-02-28 15:00:00+00:00,186.2634277,0
2013-02-28 16:00:00+00:00,256.274292,0
2013-02-28 17:00:00+00:00,263.4705811,0
2013-02-28 18:00:00+00:00,568.2526245,0
2013-02-28 19:00:00+00:00,665.5741577,0
2013-02-28 20:00:00+00:00,468.9533691,0
2013-02-28 21:00:00+00:00,1469.47522,0
2013-02-28 22:00:00+00:00,1234.189697,0
2013-02-28 23:00:00+00:00,496.0155334,0
2013-03-01 00:00:00+00:00,405.3136902,0
2013-03-01 01:00:00+00:00,173.6493988,0
2013-03-01 02:00:00+00:00,175.580307,0
2013-03-01 03:00:00+00:00,167.610733,0
2013-03-01 04:00:00+00:00,204.7508698,0
2013-03-01 05:00:00+00:00,252.5259552,0
2013-03-01 06:00:00+00:00,240.222229,0
2013-03-01 07:00:00+00:00,180.010376,0
2013-03-01 08:00:00+00:00,210.0501709,0
2013-03-01 09:00:00+00:00,182.6730042,0
2013-03-01 10:00:00+00:00,165.5934296,0
2013-03-01 11:00:00+00:00,174.7179871,0
2013-03-01 12:00:00+00:00,165.9238739,0
2013-03-01 13:00:00+00:00,176.2391663,0
2013-03-01 14:00:00+00:00,164.6089935,0
2013-03-01 15:00:00+00:00,205.3882141,0
2013-03-01 16:00:00+00:00,255.8024292,0
2013-03-01 17:00:00+00:00,284.4644775,0
2013-03-01 18:00:00+00:00,688.4748535,0
2013-03-01 19:00:00+00:00,493.0692139,0
2013-03-01 20:00:00+00:00,502.1210938,0
2013-03-01 21:00:00+00:00,739.1658325,0
2013-03-01 22:00:00+00:00,362.155426,0
2013-03-01 23:00:00+00:00,266.2404785,0
2013-03-02 00:00:00+00:00,169.9792786,0
2013-03-02 01:00:00+00:00,174.0294189,0
2013-03-02 02:00:00+00:00,163.363327,0
2013-03-02 03:00:00+00:00,173.2304993,0
2013-03-02 04:00:00+00:00,189.9064178,0
2013-03-02 05:00:00+00:00,263.6083069,0
2013-03-02 06:00:00+00:00,195.0225372,0
2013-03-02 07:00:00+00:00,175.0138397,0
2013-03-02 08:00:00+00:00,165.4194183,0
2013-03-02 09:00:00+00:00,422.25,0
2013-03-02 10:00:00+00:00,814.3258057,0
2013-03-02 11:00:00+00:00,893.4204102,0
2013-03-02 12:00:00+00:00,368.9133301,0
2013-03-02 13:00:00+00:00,298.497406,0
2013-03-02 14:00:00+00:00,221.3524323,0
2013-03-02 15:00:00+00:00,235.1458282,0
2013-03-02 16:00:00+00:00,451.59375,0
2013-03-02 17:00:00+00:00,293.949646,0
2013-03-02 18:00:00+00:00,581.5657349,0
2013-03-02 19:00:00+00:00,360.1663818,0
2013-03-02 20:00:00+00:00,448.9410706,0
2013-03-02 21:00:00+00:00,403.246521,0
2013-03-02 22:00:00+00:00,197.7716217,0
2013-03-02 23:00:00+00:00,188.4550171,0
2013-03-03 00:00:00+00:00,163.0745239,0
2013-03-03 01:00:00+00:00,172.5744019,0
2013-03-03 02:00:00+00:00,163.1490479,0
2013-03-03 03:00:00+00:00,173.1490479,0
2013-03-03 04:00:00+00:00,189.109375,0
2013-03-03 05:00:00+00:00,268.399292,0
2013-03-03 06:00:00+00:00,203.6239166,0
2013-03-03 07:00:00+00:00,173.6805573,0
2013-03-03 08:00:00+00:00,447.9514771,0
2013-03-03 09:00:00+00:00,242.1961823,0
2013-03-03 10:00:00+00:00,215.3130493,0
2013-03-03 11:00:00+00:00,201.9635468,0
2013-03-03 12:00:00+00:00,385.1819763,0
2013-03-03 13:00:00+00:00,228.9930573,0
2013-03-03 14:00:00+00:00,220.6660919,0
2013-03-03 15:00:00+00:00,272.7673645,0
2013-03-03 16:00:00+00:00,300.8834839,0
2013-03-03 17:00:00+00:00,486.1145935,0
2013-03-03 18:00:00+00:00,650.039917,0
2013-03-03 19:00:00+00:00,553.0518799,0
2013-03-03 20:00:00+00:00,642.5181885,0
2013-03-03 21:00:00+00:00,1947.416016,0
2013-03-03 22:00:00+00:00,326.2872009,0
2013-03-03 23:00:00+00:00,232.26297,0
2013-03-04 00:00:00+00:00,168.752594,0
2013-03-04 01:00:00+00:00,176.3148804,0
2013-03-04 02:00:00+00:00,168.3529358,0
2013-03-04 03:00:00+00:00,173.9098816,0
2013-03-04 04:00:00+00:00,191.4436798,0
2013-03-04 05:00:00+00:00,268.7452393,0
2013-03-04 06:00:00+00:00,289.605896,0
2013-03-04 07:00:00+00:00,171.2179871,0
2013-03-04 08:00:00+00:00,174.5511322,0
2013-03-04 09:00:00+00:00,196.6568451,0
2013-03-04 10:00:00+00:00,251.9358826,0
2013-03-04 11:00:00+00:00,233.6505127,0
2013-03-04 12:00:00+00:00,241.0445404,0
2013-03-04 13:00:00+00:00,205.5535736,0
2013-03-04 14:00:00+00:00,243.2666626,0
2013-03-04 15:00:00+00:00,241.2010345,0
2013-03-04 16:00:00+00:00,352.9844055,0
2013-03-04 17:00:00+00:00,554.510437,0
2013-03-04 18:00:00+00:00,659.366333,0
2013-03-04 19:00:00+00:00,1724.686646,0
2013-03-04 20:00:00+00:00,754.0918579,0
2013-03-04 21:00:00+00:00,378.3091431,0
2013-03-04 22:00:00+00:00,295.1972351,0
2013-03-04 23:00:00+00:00,307.8998413,0
2013-03-05 00:00:00+00:00,300.8618774,0
2013-03-05 01:00:00+00:00,314.2079773,0
2013-03-05 02:00:00+00:00,275.5553589,0
2013-03-05 03:00:00+00:00,171.0589294,0
2013-03-05 04:00:00+00:00,206.9774323,0
2013-03-05 05:00:00+00:00,252.965271,0
2013-03-05 06:00:00+00:00,347.9248352,0
2013-03-05 07:00:00+00:00,164.3691559,0
2013-03-05 08:00:00+00:00,173.3211823,0
2013-03-05 09:00:00+00:00,197.175354,0
2013-03-05 10:00:00+00:00,186.605896,0
2013-03-05 11:00:00+00:00,164.1165161,0
2013-03-05 12:00:00+00:00,168.3645782,0
2013-03-05 13:00:00+00:00,164.1265106,0
2013-03-05 14:00:00+00:00,168.1475677,0
2013-03-05 15:00:00+00:00,174.2582397,0
2013-03-05 16:00:00+00:00,256.0883789,0
2013-03-05 17:00:00+00:00,404.6289063,0
2013-03-05 18:00:00+00:00,544.0605469,0
2013-03-05 19:00:00+00:00,305.2434692,0
2013-03-05 20:00:00+00:00,289.4826965,0
2013-03-05 21:00:00+00:00,396.7291565,0
2013-03-05 22:00:00+00:00,1617.349243,0
2013-03-05 23:00:00+00:00,415.1574402,0
2013-03-06 00:00:00+00:00,201.1398926,0
2013-03-06 01:00:00+00:00,361.5346069,0
2013-03-06 02:00:00+00:00,189.8981018,0
2013-03-06 03:00:00+00:00,184.1174469,0
2013-03-06 04:00:00+00:00,213.2245178,0
2013-03-06 05:00:00+00:00,219.0918579,0
2013-03-06 06:00:00+00:00,201.1937714,0
2013-03-06 07:00:00+00:00,180.5492249,0
2013-03-06 08:00:00+00:00,183.585495,0
2013-03-06 09:00:00+00:00,413.4283142,0
2013-03-06 10:00:00+00:00,628.4597778,0
2013-03-06 11:00:00+00:00,471.84375,0
2013-03-06 12:00:00+00:00,191.4991302,0
2013-03-06 13:00:00+00:00,184.9758148,0
2013-03-06 14:00:00+00:00,216.9461823,0
2013-03-06 15:00:00+00:00,381.3321533,0
2013-03-06 16:00:00+00:00,267.3022461,0
2013-03-06 17:00:00+00:00,275.0639038,0
2013-03-06 18:00:00+00:00,568.9394531,0
2013-03-06 19:00:00+00:00,537.010376,0
2013-03-06 20:00:00+00:00,249.3775787,0
2013-03-06 21:00:00+00:00,327.7844849,0
2013-03-06 22:00:00+00:00,1305.161865,0
2013-03-06 23:00:00+00:00,736.8717651,0
2013-03-07 00:00:00+00:00,287.4293213,0
2013-03-07 01:00:00+00:00,310.0344849,0
2013-03-07 02:00:00+00:00,262.4750366,0
2013-03-07 03:00:00+00:00,158.7197266,0
2013-03-07 04:00:00+00:00,191.320694,0
2013-03-07 05:00:00+00:00,186.3741455,0
2013-03-07 06:00:00+00:00,195.4465485,0
2013-03-07 07:00:00+00:00,196.5112305,0
2013-03-07 08:00:00+00:00,163.9241333,0
2013-03-07 09:00:00+00:00,196.0604553,0
2013-03-07 10:00:00+00:00,237.9844818,0
2013-03-07 11:00:00+00:00,322.3212585,0
2013-03-07 12:00:00+00:00,279.2987976,0
2013-03-07 13:00:00+00:00,244.8946533,0
2013-03-07 14:00:00+00:00,190.3362122,0
2013-03-07 15:00:00+00:00,190.3799591,0
2013-03-07 16:00:00+00:00,288.5751343,0
2013-03-07 17:00:00+00:00,244.5958557,0
2013-03-07 18:00:00+00:00,608.5147095,0
2013-03-07 19:00:00+00:00,330.6863098,0
2013-03-07 20:00:00+00:00,1461.954224,0
2013-03-07 21:00:00+00:00,582.2314453,0
2013-03-07 22:00:00+00:00,575.1066895,0
2013-03-07 23:00:00+00:00,254.2051697,0
2013-03-08 00:00:00+00:00,163.6075745,0
2013-03-08 01:00:00+00:00,157.9602814,0
2013-03-08 02:00:00+00:00,158.6465454,0
2013-03-08 03:00:00+00:00,158.3241425,0
2013-03-08 04:00:00+00:00,184.0967255,0
2013-03-08 05:00:00+00:00,210.6931,0
2013-03-08 06:00:00+00:00,184.2224121,0
2013-03-08 07:00:00+00:00,194.5778503,0
2013-03-08 08:00:00+00:00,153.1775818,0
2013-03-08 09:00:00+00:00,181.5362091,0
2013-03-08 10:00:00+00:00,151.4352264,0
2013-03-08 11:00:00+00:00,161.9793091,0
2013-03-08 12:00:00+00:00,150.2849731,0
2013-03-08 13:00:00+00:00,162.5086212,0
2013-03-08 14:00:00+00:00,150.2866974,0
2013-03-08 15:00:00+00:00,170.7806549,0
2013-03-08 16:00:00+00:00,241.1571655,0
2013-03-08 17:00:00+00:00,218.2508698,0
2013-03-08 18:00:00+00:00,456.4198608,0
2013-03-08 19:00:00+00:00,574.9034424,0
2013-03-08 20:00:00+00:00,500.4411621,0
2013-03-08 21:00:00+00:00,294.1241455,0
2013-03-08 22:00:00+00:00,514.3344727,0
2013-03-08 23:00:00+00:00,310.0774536,0
2013-03-09 00:00:00+00:00,355.9120789,0
2013-03-09 01:00:00+00:00,352.6568909,0
2013-03-09 02:00:00+00:00,345.5542297,0
2013-03-09 03:00:00+00:00,252.2625275,0
2013-03-09 04:00:00+00:00,211.2913818,0
2013-03-09 05:00:00+00:00,243.1258545,0
2013-03-09 06:00:00+00:00,214.1258545,0
2013-03-09 07:00:00+00:00,417.9152222,0
2013-03-09 08:00:00+00:00,188.5215912,0
2013-03-09 09:00:00+00:00,391.3460083,0
2013-03-09 10:00:00+00:00,927.5199585,0
2013-03-09 11:00:00+00:00,352.524231,0
2013-03-09 12:00:00+00:00,1093.328125,0
2013-03-09 13:00:00+00:00,340.664917,0
2013-03-09 14:00:00+00:00,296.3045044,0
2013-03-09 15:00:00+00:00,487.9930725,0
2013-03-09 16:00:00+00:00,454.6904297,0
2013-03-09 17:00:00+00:00,495.9082642,0
2013-03-09 18:00:00+00:00,591.4152222,0
2013-03-09 19:00:00+00:00,589.8904419,0
2013-03-09 20:00:00+00:00,2030.506958,0
2013-03-09 21:00:00+00:00,402.0155945,0
2013-03-09 22:00:00+00:00,356.5692139,0
2013-03-09 23:00:00+00:00,384.2055359,0
2013-03-10 00:00:00+00:00,338.3183289,0
2013-03-10 01:00:00+00:00,352.7409363,0
2013-03-10 02:00:00+00:00,337.6643677,0
2013-03-10 03:00:00+00:00,200.8339081,0
2013-03-10 04:00:00+00:00,218.6481781,0
2013-03-10 05:00:00+00:00,287.2058716,0
2013-03-10 06:00:00+00:00,233.1993103,0
2013-03-10 07:00:00+00:00,358.9427185,0
2013-03-10 08:00:00+00:00,190.3708801,0
2013-03-10 09:00:00+00:00,230.7274323,0
2013-03-10 10:00:00+00:00,195.1715698,0
2013-03-10 11:00:00+00:00,245.284729,0
2013-03-10 12:00:00+00:00,1025.034668,0
2013-03-10 13:00:00+00:00,439.0934753,0
2013-03-10 14:00:00+00:00,422.440979,0
2013-03-10 15:00:00+00:00,283.8110962,0
2013-03-10 16:00:00+00:00,322.9497375,0
2013-03-10 17:00:00+00:00,466.8318176,0
2013-03-10 18:00:00+00:00,720.4624634,0
2013-03-10 19:00:00+00:00,401.6159058,0
2013-03-10 20:00:00+00:00,388.476593,0
2013-03-10 21:00:00+00:00,406.6232605,0
2013-03-10 22:00:00+00:00,1715.316284,0
2013-03-10 23:00:00+00:00,571.5457764,0
2013-03-11 00:00:00+00:00,342.0968933,0
2013-03-11 01:00:00+00:00,347.1643677,0
2013-03-11 02:00:00+00:00,342.768158,0
2013-03-11 03:00:00+00:00,299.7383118,0
2013-03-11 04:00:00+00:00,219.328125,0
2013-03-11 05:00:00+00:00,284.0554504,0
2013-03-11 06:00:00+00:00,250.3088989,0
2013-03-11 07:00:00+00:00,201.8541718,0
2013-03-11 08:00:00+00:00,198.259964,0
2013-03-11 09:00:00+00:00,202.4427032,0
2013-03-11 10:00:00+00:00,268.180542,0
2013-03-11 11:00:00+00:00,356.6111145,0
2013-03-11 12:00:00+00:00,355.1354065,0
2013-03-11 13:00:00+00:00,416.449646,0
2013-03-11 14:00:00+00:00,356.8118591,0
2013-03-11 15:00:00+00:00,333.7795105,0
2013-03-11 16:00:00+00:00,574.8604126,0
2013-03-11 17:00:00+00:00,479.3999939,0
2013-03-11 18:00:00+00:00,698.0834961,0
2013-03-11 19:00:00+00:00,784.3937378,0
2013-03-11 20:00:00+00:00,1593.058105,0
2013-03-11 21:00:00+00:00,666.5518188,0
2013-03-11 22:00:00+00:00,571.895813,0
2013-03-11 23:00:00+00:00,358.2235718,0
2013-03-12 00:00:00+00:00,342.2790222,0
2013-03-12 01:00:00+00:00,337.3496399,0
2013-03-12 02:00:00+00:00,345.847229,0
2013-03-12 03:00:00+00:00,230.4939117,0
2013-03-12 04:00:00+00:00,236.206604,0
2013-03-12 05:00:00+00:00,284.6104431,0
2013-03-12 06:00:00+00:00,274.2652588,0
2013-03-12 07:00:00+00:00,197.3426056,0
2013-03-12 08:00:00+00:00,199.3802032,0
2013-03-12 09:00:00+00:00,202.5321808,0
2013-03-12 10:00:00+00:00,412.6445923,0
2013-03-12 11:00:00+00:00,319.9060974,0
2013-03-12 12:00:00+00:00,330.6434631,0
2013-03-12 13:00:00+00:00,402.1443481,0
2013-03-12 14:00:00+00:00,317.0469666,0
2013-03-12 15:00:00+00:00,339.1286926,0
2013-03-12 16:00:00+00:00,381.764801,0
2013-03-12 17:00:00+00:00,521.996521,0
2013-03-12 18:00:00+00:00,1366.242432,0
2013-03-12 19:00:00+00:00,1282.672363,0
2013-03-12 20:00:00+00:00,997.8586426,0
2013-03-12 21:00:00+00:00,520.2495728,0
2013-03-12 22:00:00+00:00,408.3899536,0
2013-03-12 23:00:00+00:00,350.6388855,0
2013-03-13 00:00:00+00:00,263.303833,0
2013-03-13 01:00:00+00:00,194.6291199,0
2013-03-13 02:00:00+00:00,194.534729,0
2013-03-13 03:00:00+00:00,194.228775,0
2013-03-13 04:00:00+00:00,212.578125,0
2013-03-13 05:00:00+00:00,280.164917,0
2013-03-13 06:00:00+00:00,224.3298645,0
2013-03-13 07:00:00+00:00,238.993042,0
2013-03-13 08:00:00+00:00,192.6987762,0
2013-03-13 09:00:00+00:00,195.2048645,0
2013-03-13 10:00:00+00:00,258.8888855,0
2013-03-13 11:00:00+00:00,219.2413177,0
2013-03-13 12:00:00+00:00,189.6325836,0
2013-03-13 13:00:00+00:00,188.8854218,0
2013-03-13 14:00:00+00:00,188.8034821,0
2013-03-13 15:00:00+00:00,224.269104,0
2013-03-13 16:00:00+00:00,326.6585388,0
2013-03-13 17:00:00+00:00,610.1767578,0
2013-03-13 18:00:00+00:00,414.800354,0
2013-03-13 19:00:00+00:00,425.9913025,0
2013-03-13 20:00:00+00:00,339.6591187,0
2013-03-13 21:00:00+00:00,572.963501,0
2013-03-13 22:00:00+00:00,1449.996582,0
2013-03-13 23:00:00+00:00,567.1416016,0
2013-03-14 00:00:00+00:00,290.8010254,0
2013-03-14 01:00:00+00:00,223.9584045,0
2013-03-14 02:00:00+00:00,203.0745239,0
2013-03-14 03:00:00+00:00,195.6533813,0
2013-03-14 04:00:00+00:00,223.3634796,0
2013-03-14 05:00:00+00:00,271.7864685,0
2013-03-14 06:00:00+00:00,273.677124,0
2013-03-14 07:00:00+00:00,193.2743073,0
2013-03-14 08:00:00+00:00,201.4583282,0
2013-03-14 09:00:00+00:00,226.2760468,0
2013-03-14 10:00:00+00:00,248.8076324,0
2013-03-14 11:00:00+00:00,220.2708282,0
2013-03-14 12:00:00+00:00,189.159729,0
2013-03-14 13:00:00+00:00,199.2100677,0
2013-03-14 14:00:00+00:00,190.519104,0
2013-03-14 15:00:00+00:00,212.3773956,0
2013-03-14 16:00:00+00:00,267.2135315,0
2013-03-14 17:00:00+00:00,274.753479,0
2013-03-14 18:00:00+00:00,564.3947144,0
2013-03-14 19:00:00+00:00,357.2975769,0
2013-03-14 20:00:00+00:00,341.5520935,0
2013-03-14 21:00:00+00:00,505.8598633,0
2013-03-14 22:00:00+00:00,1351.302612,0
2013-03-14 23:00:00+00:00,345.7712402,0
2013-03-15 00:00:00+00:00,199.3927307,0
2013-03-15 01:00:00+00:00,197.9896088,0
2013-03-15 02:00:00+00:00,190.3221893,0
2013-03-15 03:00:00+00:00,197.8232269,0
2013-03-15 04:00:00+00:00,211.3951416,0
2013-03-15 05:00:00+00:00,273.6308594,0
2013-03-15 06:00:00+00:00,255.2852173,0
2013-03-15 07:00:00+00:00,199.1438446,0
2013-03-15 08:00:00+00:00,195.515564,0
2013-03-15 09:00:00+00:00,193.5788574,0
2013-03-15 10:00:00+00:00,196.7508698,0
2013-03-15 11:00:00+00:00,193.2738342,0
2013-03-15 12:00:00+00:00,194.3414154,0
2013-03-15 13:00:00+00:00,191.1161194,0
2013-03-15 14:00:00+00:00,195.0242615,0
2013-03-15 15:00:00+00:00,201.5996552,0
2013-03-15 16:00:00+00:00,282.506958,0
2013-03-15 17:00:00+00:00,753.6245728,0
2013-03-15 18:00:00+00:00,685.418396,0
2013-03-15 19:00:00+00:00,649.147583,0
2013-03-15 20:00:00+00:00,380.0328674,0
2013-03-15 21:00:00+00:00,381.1502686,0
2013-03-15 22:00:00+00:00,288.2720947,0
2013-03-15 23:00:00+00:00,218.4576874,0
2013-03-16 00:00:00+00:00,198.6925659,0
2013-03-16 01:00:00+00:00,202.8963776,0
2013-03-16 02:00:00+00:00,200.8321838,0
2013-03-16 03:00:00+00:00,198.929184,0
2013-03-16 04:00:00+00:00,217.7439423,0
2013-03-16 05:00:00+00:00,268.4169617,0
2013-03-16 06:00:00+00:00,219.9499207,0
2013-03-16 07:00:00+00:00,195.2404785,0
2013-03-16 08:00:00+00:00,360.1539917,0
2013-03-16 09:00:00+00:00,249.891983,0
2013-03-16 10:00:00+00:00,196.5778503,0
2013-03-16 11:00:00+00:00,202.3754272,0
2013-03-16 12:00:00+00:00,401.4643555,0
2013-03-16 13:00:00+00:00,1018.866333,0
2013-03-16 14:00:00+00:00,1020.521057,0
2013-03-16 15:00:00+00:00,673.0693359,0
2013-03-16 16:00:00+00:00,560.0841064,0
2013-03-16 17:00:00+00:00,444.7781677,0
2013-03-16 18:00:00+00:00,813.534729,0
2013-03-16 19:00:00+00:00,797.2297363,0
2013-03-16 20:00:00+00:00,1628.318481,0
2013-03-16 21:00:00+00:00,600.4921265,0
2013-03-16 22:00:00+00:00,352.0759888,0
2013-03-16 23:00:00+00:00,301.1001587,0
2013-03-17 00:00:00+00:00,285.3471375,0
2013-03-17 01:00:00+00:00,213.6925659,0
2013-03-17 02:00:00+00:00,205.9357605,0
2013-03-17 03:00:00+00:00,207.0605469,0
2013-03-17 04:00:00+00:00,227.6089935,0
2013-03-17 05:00:00+00:00,277.2179871,0
2013-03-17 06:00:00+00:00,218.6937714,0
2013-03-17 07:00:00+00:00,204.5311432,0
2013-03-17 08:00:00+00:00,200.5476532,0
2013-03-17 09:00:00+00:00,207.0103912,0
2013-03-17 10:00:00+00:00,455.473053,0
2013-03-17 11:00:00+00:00,525.1293945,0
2013-03-17 12:00:00+00:00,420.2434692,0
2013-03-17 13:00:00+00:00,256.7955017,0
2013-03-17 14:00:00+00:00,220.9194336,0
2013-03-17 15:00:00+00:00,238.4502563,0
2013-03-17 16:00:00+00:00,319.0623779,0
2013-03-17 17:00:00+00:00,557.7137451,0
2013-03-17 18:00:00+00:00,783.5579834,0
2013-03-17 19:00:00+00:00,652.2980957,0
2013-03-17 20:00:00+00:00,1791.161255,0
2013-03-17 21:00:00+00:00,402.7972412,0
2013-03-17 22:00:00+00:00,782.340332,0
2013-03-17 23:00:00+00:00,266.7383118,0
2013-03-18 00:00:00+00:00,451.288208,0
2013-03-18 01:00:00+00:00,267.1525269,0
2013-03-18 02:00:00+00:00,202.09375,0
2013-03-18 03:00:00+00:00,194.90625,0
2013-03-18 04:00:00+00:00,215.421875,0
2013-03-18 05:00:00+00:00,280.0729065,0
2013-03-18 06:00:00+00:00,270.4956665,0
2013-03-18 07:00:00+00:00,193.21875,0
2013-03-18 08:00:00+00:00,313.6152649,0
2013-03-18 09:00:00+00:00,200.0920105,0
2013-03-18 10:00:00+00:00,185.0836182,0
2013-03-18 11:00:00+00:00,192.6163177,0
2013-03-18 12:00:00+00:00,198.965271,0
2013-03-18 13:00:00+00:00,207.253479,0
2013-03-18 14:00:00+00:00,214.597229,0
2013-03-18 15:00:00+00:00,214.7356567,0
2013-03-18 16:00:00+00:00,264.21875,0
2013-03-18 17:00:00+00:00,428.7982178,0
2013-03-18 18:00:00+00:00,554.0772095,0
2013-03-18 19:00:00+00:00,550.197876,0
2013-03-18 20:00:00+00:00,256.4298096,0
2013-03-18 21:00:00+00:00,1874.393799,0
2013-03-18 22:00:00+00:00,402.3188782,0
2013-03-18 23:00:00+00:00,308.511261,0
2013-03-19 00:00:00+00:00,316.4567566,0
2013-03-19 01:00:00+00:00,324.4228821,0
2013-03-19 02:00:00+00:00,273.3916931,0
2013-03-19 03:00:00+00:00,198.7504272,0
2013-03-19 04:00:00+00:00,209.3535461,0
2013-03-19 05:00:00+00:00,277.131958,0
2013-03-19 06:00:00+00:00,211.8631592,0
2013-03-19 07:00:00+00:00,389.2616882,0
2013-03-19 08:00:00+00:00,230.0140533,0
2013-03-19 09:00:00+00:00,274.1906433,0
2013-03-19 10:00:00+00:00,435.8066101,0
2013-03-19 11:00:00+00:00,620.2837524,0
2013-03-19 12:00:00+00:00,301.4799194,0
2013-03-19 13:00:00+00:00,402.071167,0
2013-03-19 14:00:00+00:00,245.8405609,0
2013-03-19 15:00:00+00:00,255.0138855,0
2013-03-19 16:00:00+00:00,337.8310242,0
2013-03-19 17:00:00+00:00,668.15625,0
2013-03-19 18:00:00+00:00,962.3179321,0
2013-03-19 19:00:00+00:00,1682.079224,0
2013-03-19 20:00:00+00:00,481.020874,0
2013-03-19 21:00:00+00:00,491.9780579,0
2013-03-19 22:00:00+00:00,389.3136902,0
2013-03-19 23:00:00+00:00,332.6811218,0
2013-03-20 00:00:00+00:00,326.1386414,0
2013-03-20 01:00:00+00:00,306.1993103,0
2013-03-20 02:00:00+00:00,301.012146,0
2013-03-20 03:00:00+00:00,306.9322815,0
2013-03-20 04:00:00+00:00,321.4263306,0
2013-03-20 05:00:00+00:00,288.1078186,0
2013-03-20 06:00:00+00:00,219.7192383,0
2013-03-20 07:00:00+00:00,199.2443695,0
2013-03-20 08:00:00+00:00,401.3535461,0
2013-03-20 09:00:00+00:00,220.4322968,0
2013-03-20 10:00:00+00:00,310.2412109,0
2013-03-20 11:00:00+00:00,460.2876892,0
2013-03-20 12:00:00+00:00,578.3251953,0
2013-03-20 13:00:00+00:00,347.2552185,0
2013-03-20 14:00:00+00:00,448.0145264,0
2013-03-20 15:00:00+00:00,309.1724854,0
2013-03-20 16:00:00+00:00,381.980896,0
2013-03-20 17:00:00+00:00,645.6061401,0
2013-03-20 18:00:00+00:00,1525.456055,0
2013-03-20 19:00:00+00:00,1163.847046,0
2013-03-20 20:00:00+00:00,471.466217,0
2013-03-20 21:00:00+00:00,376.6510315,0
2013-03-20 22:00:00+00:00,356.2616882,0
2013-03-20 23:00:00+00:00,303.746521,0
2013-03-21 00:00:00+00:00,231.0970612,0
2013-03-21 01:00:00+00:00,201.0727844,0
2013-03-21 02:00:00+00:00,200.7899323,0
2013-03-21 03:00:00+00:00,190.3882141,0
2013-03-21 04:00:00+00:00,220.4947968,0
2013-03-21 05:00:00+00:00,271.2638855,0
2013-03-21 06:00:00+00:00,261.7864685,0
2013-03-21 07:00:00+00:00,189.777771,0
2013-03-21 08:00:00+00:00,196.8333282,0
2013-03-21 09:00:00+00:00,242.3576355,0
2013-03-21 10:00:00+00:00,437.1873779,0
2013-03-21 11:00:00+00:00,260.347229,0
2013-03-21 12:00:00+00:00,350.852417,0
2013-03-21 13:00:00+00:00,299.4322815,0
2013-03-21 14:00:00+00:00,296.2747803,0
2013-03-21 15:00:00+00:00,350.3887024,0
2013-03-21 16:00:00+00:00,553.0306396,0
2013-03-21 17:00:00+00:00,361.8263855,0
2013-03-21 18:00:00+00:00,697.9703979,0
2013-03-21 19:00:00+00:00,712.7130737,0
2013-03-21 20:00:00+00:00,1741.644409,0
2013-03-21 21:00:00+00:00,445.7020874,0
2013-03-21 22:00:00+00:00,415.005188,0
2013-03-21 23:00:00+00:00,348.914917,0
2013-03-22 00:00:00+00:00,276.784729,0
2013-03-22 01:00:00+00:00,207.0935822,0
2013-03-22 02:00:00+00:00,198.0138855,0
2013-03-22 03:00:00+00:00,193.7586823,0
2013-03-22 04:00:00+00:00,228.828125,0
2013-03-22 05:00:00+00:00,268.7791443,0
2013-03-22 06:00:00+00:00,310.8362427,0
2013-03-22 07:00:00+00:00,390.3743286,0
2013-03-22 08:00:00+00:00,264.6857605,0
2013-03-22 09:00:00+00:00,253.4539185,0
2013-03-22 10:00:00+00:00,278.4166565,0
2013-03-22 11:00:00+00:00,350.1254272,0
2013-03-22 12:00:00+00:00,334.1689758,0
2013-03-22 13:00:00+00:00,251.8139191,0
2013-03-22 14:00:00+00:00,243.9165192,0
2013-03-22 15:00:00+00:00,261.2191162,0
2013-03-22 16:00:00+00:00,340.2921753,0
2013-03-22 17:00:00+00:00,575.9433594,0
2013-03-22 18:00:00+00:00,752.513916,0
2013-03-22 19:00:00+00:00,743.142334,0
2013-03-22 20:00:00+00:00,2130.584717,0
2013-03-22 21:00:00+00:00,512.6521606,0
2013-03-22 22:00:00+00:00,560.3989258,0
2013-03-22 23:00:00+00:00,403.7832947,0
2013-03-23 00:00:00+00:00,265.2395935,0
2013-03-23 01:00:00+00:00,215.7586823,0
2013-03-23 02:00:00+00:00,220.4739532,0
2013-03-23 03:00:00+00:00,220.590271,0
2013-03-23 04:00:00+00:00,238.5791321,0
2013-03-23 05:00:00+00:00,301.112854,0
2013-03-23 06:00:00+00:00,250.5217438,0
2013-03-23 07:00:00+00:00,219.671875,0
2013-03-23 08:00:00+00:00,216.0921783,0
2013-03-23 09:00:00+00:00,426.6719055,0
2013-03-23 10:00:00+00:00,246.3095703,0
2013-03-23 11:00:00+00:00,519.758667,0
2013-03-23 12:00:00+00:00,375.8170776,0
2013-03-23 13:00:00+00:00,1246.577271,0
2013-03-23 14:00:00+00:00,477.8031311,0
2013-03-23 15:00:00+00:00,470.9547729,0
2013-03-23 16:00:00+00:00,415.526123,0
2013-03-23 17:00:00+00:00,679.4006958,0
2013-03-23 18:00:00+00:00,780.164917,0
2013-03-23 19:00:00+00:00,1158.663818,0
2013-03-23 20:00:00+00:00,1491.459717,0
2013-03-23 21:00:00+00:00,1149.402222,0
2013-03-23 22:00:00+00:00,656.4139404,0
2013-03-23 23:00:00+00:00,440.7368469,0
2013-03-24 00:00:00+00:00,218.0260925,0
2013-03-24 01:00:00+00:00,214.7795105,0
2013-03-24 02:00:00+00:00,209.1045227,0
2013-03-24 03:00:00+00:00,218.3041077,0
2013-03-24 04:00:00+00:00,231.1486664,0
2013-03-24 05:00:00+00:00,289.1208496,0
2013-03-24 06:00:00+00:00,245.6898956,0
2013-03-24 07:00:00+00:00,207.7674866,0
2013-03-24 08:00:00+00:00,213.0991364,0
2013-03-24 09:00:00+00:00,457.686615,0
2013-03-24 10:00:00+00:00,525.2115479,0
2013-03-24 11:00:00+00:00,379.3041992,0
2013-03-24 12:00:00+00:00,435.4638367,0
2013-03-24 13:00:00+00:00,570.6087036,0
2013-03-24 14:00:00+00:00,443.5567322,0
2013-03-24 15:00:00+00:00,587.2478027,0
2013-03-24 16:00:00+00:00,722.9482422,0
2013-03-24 17:00:00+00:00,706.1460571,0
2013-03-24 18:00:00+00:00,742.008728,0
2013-03-24 19:00:00+00:00,1603.237061,0
2013-03-24 20:00:00+00:00,1197.764648,0
2013-03-24 21:00:00+00:00,379.5947876,0
2013-03-24 22:00:00+00:00,369.6208801,0
2013-03-24 23:00:00+00:00,233.956604,0
2013-03-25 00:00:00+00:00,208.238266,0
2013-03-25 01:00:00+00:00,197.4243469,0
2013-03-25 02:00:00+00:00,204.7982635,0
2013-03-25 03:00:00+00:00,197.8765259,0
2013-03-25 04:00:00+00:00,220.9391327,0
2013-03-25 05:00:00+00:00,280.0505981,0
2013-03-25 06:00:00+00:00,229.5008698,0
2013-03-25 07:00:00+00:00,203.4330444,0
2013-03-25 08:00:00+00:00,217.8743439,0
2013-03-25 09:00:00+00:00,461.0263062,0
2013-03-25 10:00:00+00:00,553.609436,0
2013-03-25 11:00:00+00:00,444.2934875,0
2013-03-25 12:00:00+00:00,694.6517944,0
2013-03-25 13:00:00+00:00,447.4028931,0
2013-03-25 14:00:00+00:00,392.7614136,0
2013-03-25 15:00:00+00:00,730.8723755,0
2013-03-25 16:00:00+00:00,478.7791443,0
2013-03-25 17:00:00+00:00,471.6457214,0
2013-03-25 18:00:00+00:00,748.4362793,0
2013-03-25 19:00:00+00:00,1442.239258,0
2013-03-25 20:00:00+00:00,1113.269409,0
2013-03-25 21:00:00+00:00,449.1048889,0
2013-03-25 22:00:00+00:00,435.3304443,0
2013-03-25 23:00:00+00:00,392.84375,0
2013-03-26 00:00:00+00:00,309.8469543,0
2013-03-26 01:00:00+00:00,218.0695648,0
2013-03-26 02:00:00+00:00,212.6904297,0
2013-03-26 03:00:00+00:00,202.3200073,0
2013-03-26 04:00:00+00:00,219.5314636,0
2013-03-26 05:00:00+00:00,290.2278137,0
2013-03-26 06:00:00+00:00,268.4146423,0
2013-03-26 07:00:00+00:00,200.9146271,0
2013-03-26 08:00:00+00:00,196.7252197,0
2013-03-26 09:00:00+00:00,225.0611877,0
2013-03-26 10:00:00+00:00,235.4720306,0
2013-03-26 11:00:00+00:00,239.2807007,0
2013-03-26 12:00:00+00:00,245.4662018,0
2013-03-26 13:00:00+00:00,235.2809143,0
2013-03-26 14:00:00+00:00,247.346756,0
2013-03-26 15:00:00+00:00,242.7122803,0
2013-03-26 16:00:00+00:00,289.3113098,0
2013-03-26 17:00:00+00:00,278.5202942,0
2013-03-26 18:00:00+00:00,838.4245605,0
2013-03-26 19:00:00+00:00,484.0418091,0
2013-03-26 20:00:00+00:00,1912.829468,0
2013-03-26 21:00:00+00:00,551.7561646,0
2013-03-26 22:00:00+00:00,352.7120361,0
2013-03-26 23:00:00+00:00,264.530426,0
2013-03-27 00:00:00+00:00,197.3130493,0
2013-03-27 01:00:00+00:00,202.4643402,0
2013-03-27 02:00:00+00:00,196.5791321,0
2013-03-27 03:00:00+00:00,203.477356,0
2013-03-27 04:00:00+00:00,221.5572968,0
2013-03-27 05:00:00+00:00,280.2652588,0
2013-03-27 06:00:00+00:00,265.4042053,0
2013-03-27 07:00:00+00:00,196.742157,0
2013-03-27 08:00:00+00:00,200.6596527,0
2013-03-27 09:00:00+00:00,254.1884766,0
2013-03-27 10:00:00+00:00,378.8939209,0
2013-03-27 11:00:00+00:00,322.7203674,0
2013-03-27 12:00:00+00:00,391.3496399,0
2013-03-27 13:00:00+00:00,329.9068604,0
2013-03-27 14:00:00+00:00,323.477356,0
2013-03-27 15:00:00+00:00,341.335083,0
2013-03-27 16:00:00+00:00,364.2636108,0
2013-03-27 17:00:00+00:00,366.4703979,0
2013-03-27 18:00:00+00:00,862.1156006,0
2013-03-27 19:00:00+00:00,1402.423706,0
2013-03-27 20:00:00+00:00,958.7913208,0
2013-03-27 21:00:00+00:00,416.2121887,0
2013-03-27 22:00:00+00:00,379.024353,0
2013-03-27 23:00:00+00:00,346.137146,0
2013-03-28 00:00:00+00:00,244.4608765,0
2013-03-28 01:00:00+00:00,210.1043549,0
2013-03-28 02:00:00+00:00,194.9426117,0
2013-03-28 03:00:00+00:00,192.6852112,0
2013-03-28 04:00:00+00:00,211.5104828,0
2013-03-28 05:00:00+00:00,280.7304382,0
2013-03-28 06:00:00+00:00,256.3677673,0
2013-03-28 07:00:00+00:00,195.5008698,0
2013-03-28 08:00:00+00:00,195.5209045,0
2013-03-28 09:00:00+00:00,313.8536682,0
2013-03-28 10:00:00+00:00,405.7669678,0
2013-03-28 11:00:00+00:00,398.446991,0
2013-03-28 12:00:00+00:00,286.6223755,0
2013-03-28 13:00:00+00:00,322.5986023,0
2013-03-28 14:00:00+00:00,303.5279846,0
2013-03-28 15:00:00+00:00,446.0316467,0
2013-03-28 16:00:00+00:00,344.5244751,0
2013-03-28 17:00:00+00:00,334.4275818,0
2013-03-28 18:00:00+00:00,514.1878052,0
2013-03-28 19:00:00+00:00,609.1221924,0
2013-03-28 20:00:00+00:00,1880.129517,0
2013-03-28 21:00:00+00:00,729.2612305,0
2013-03-28 22:00:00+00:00,635.5534058,0
2013-03-28 23:00:00+00:00,360.7083435,0
2013-03-29 00:00:00+00:00,344.7078247,0
2013-03-29 01:00:00+00:00,314.793396,0
2013-03-29 02:00:00+00:00,272.4469604,0
2013-03-29 03:00:00+00:00,195.5287018,0
2013-03-29 04:00:00+00:00,220.5878296,0
2013-03-29 05:00:00+00:00,266.8884888,0
2013-03-29 06:00:00+00:00,232.2504272,0
2013-03-29 07:00:00+00:00,191.372818,0
2013-03-29 08:00:00+00:00,265.5052185,0
2013-03-29 09:00:00+00:00,926.3205566,0
2013-03-29 10:00:00+00:00,232.9095612,0
2013-03-29 11:00:00+00:00,610.4869385,0
2013-03-29 12:00:00+00:00,1259.545166,0
2013-03-29 13:00:00+00:00,620.5828857,0
2013-03-29 14:00:00+00:00,293.2521667,0
2013-03-29 15:00:00+00:00,551.9575195,0
2013-03-29 16:00:00+00:00,355.3351135,0
2013-03-29 17:00:00+00:00,589.3549194,0
2013-03-29 18:00:00+00:00,712.657959,0
2013-03-29 19:00:00+00:00,1081.021118,0
2013-03-29 20:00:00+00:00,1217.105225,0
2013-03-29 21:00:00+00:00,522.9387207,0
2013-03-29 22:00:00+00:00,573.9076538,0
2013-03-29 23:00:00+00:00,339.140625,0
2013-03-30 00:00:00+00:00,309.7447815,0
2013-03-30 01:00:00+00:00,303.553833,0
2013-03-30 02:00:00+00:00,334.383667,0
2013-03-30 03:00:00+00:00,211.1006927,0
2013-03-30 04:00:00+00:00,221.6399994,0
2013-03-30 05:00:00+00:00,269.0052185,0
2013-03-30 06:00:00+00:00,230.8608704,0
2013-03-30 07:00:00+00:00,178.6510468,0
2013-03-30 08:00:00+00:00,410.4268188,0
2013-03-30 09:00:00+00:00,209.6765289,0
2013-03-30 10:00:00+00:00,265.8456116,0
2013-03-30 11:00:00+00:00,536.0107422,0
2013-03-30 12:00:00+00:00,669.5985718,0
2013-03-30 13:00:00+00:00,359.1029663,0
2013-03-30 14:00:00+00:00,469.7373962,0
2013-03-30 15:00:00+00:00,345.2225952,0
2013-03-30 16:00:00+00:00,463.0262756,0
2013-03-30 17:00:00+00:00,447.8690186,0
2013-03-30 18:00:00+00:00,762.4475708,0
2013-03-30 19:00:00+00:00,524.6330566,0
2013-03-30 20:00:00+00:00,1514.578979,0
2013-03-30 21:00:00+00:00,922.9462891,0
2013-03-30 22:00:00+00:00,357.253479,0
2013-03-30 23:00:00+00:00,319.9478149,0
2013-03-31 00:00:00+00:00,311.6117859,0
2013-03-31 01:00:00+00:00,312.003479,0
2013-03-31 02:00:00+00:00,231.2725677,0
2013-03-31 03:00:00+00:00,183.3269501,0
2013-03-31 04:00:00+00:00,222.1878204,0
2013-03-31 05:00:00+00:00,270.0574951,0
2013-03-31 06:00:00+00:00,232.96521,0
2013-03-31 07:00:00+00:00,180.027832,0
2013-03-31 08:00:00+00:00,359.3496399,0
2013-03-31 09:00:00+00:00,234.8426514,0
2013-03-31 10:00:00+00:00,403.2486877,0
2013-03-31 11:00:00+00:00,1199.887329,0
2013-03-31 12:00:00+00:00,887.7700195,0
2013-03-31 13:00:00+00:00,389.0886841,0
2013-03-31 14:00:00+00:00,641.180481,0
2013-03-31 15:00:00+00:00,340.2294312,0
2013-03-31 16:00:00+00:00,346.5943909,0
2013-03-31 17:00:00+00:00,704.8688965,0
2013-03-31 18:00:00+00:00,688.5008545,0
2013-03-31 19:00:00+00:00,441.6388855,0
2013-03-31 20:00:00+00:00,931.987915,0
2013-03-31 21:00:00+00:00,1358.908447,0
2013-03-31 22:00:00+00:00,417.430542,0
2013-03-31 23:00:00+00:00,298.296875,0
2013-04-01 00:00:00+00:00,294.585083,0
2013-04-01 01:00:00+00:00,294.413208,0
2013-04-01 02:00:00+00:00,216.1232605,0
2013-04-01 03:00:00+00:00,165.789566,0
2013-04-01 04:00:00+00:00,189.3200073,0
2013-04-01 05:00:00+00:00,262.003479,0
2013-04-01 06:00:00+00:00,196.5965271,0
2013-04-01 07:00:00+00:00,170.8869629,0
2013-04-01 08:00:00+00:00,327.3536682,0
2013-04-01 09:00:00+00:00,221.3216858,0
2013-04-01 10:00:00+00:00,585.489563,0
2013-04-01 11:00:00+00:00,412.1757202,0
2013-04-01 12:00:00+00:00,710.0198364,0
2013-04-01 13:00:00+00:00,617.7088013,0
2013-04-01 14:00:00+00:00,482.3780518,0
2013-04-01 15:00:00+00:00,557.6296387,0
2013-04-01 16:00:00+00:00,689.015686,0
2013-04-01 17:00:00+00:00,603.25,0
2013-04-01 18:00:00+00:00,923.404541,0
2013-04-01 19:00:00+00:00,1687.567993,0
2013-04-01 20:00:00+00:00,564.3495483,0
2013-04-01 21:00:00+00:00,351.1184692,0
2013-04-01 22:00:00+00:00,369.0920105,0
2013-04-01 23:00:00+00:00,328.5426025,0
2013-04-02 00:00:00+00:00,286.4392395,0
2013-04-02 01:00:00+00:00,163.3860931,0
2013-04-02 02:00:00+00:00,168.2829895,0
2013-04-02 03:00:00+00:00,161.1358948,0
2013-04-02 04:00:00+00:00,200.6730804,0
2013-04-02 05:00:00+00:00,284.9790955,0
2013-04-02 06:00:00+00:00,210.6097565,0
2013-04-02 07:00:00+00:00,158.4782562,0
2013-04-02 08:00:00+00:00,166.3495636,0
2013-04-02 09:00:00+00:00,159.5749054,0
2013-04-02 10:00:00+00:00,446.539917,0
2013-04-02 11:00:00+00:00,245.6104279,0
2013-04-02 12:00:00+00:00,247.0801392,0
2013-04-02 13:00:00+00:00,235.7217407,0
2013-04-02 14:00:00+00:00,370.8173828,0
2013-04-02 15:00:00+00:00,245.2282257,0
2013-04-02 16:00:00+00:00,298.7687073,0
2013-04-02 17:00:00+00:00,653.3947754,0
2013-04-02 18:00:00+00:00,968.6342773,0
2013-04-02 19:00:00+00:00,1251.575806,0
2013-04-02 20:00:00+00:00,569.8660889,0
2013-04-02 21:00:00+00:00,326.9824829,0
2013-04-02 22:00:00+00:00,321.131958,0
2013-04-02 23:00:00+00:00,274.2864685,0
2013-04-03 00:00:00+00:00,241.890625,0
2013-04-03 01:00:00+00:00,180.3680573,0
2013-04-03 02:00:00+00:00,146.7165222,0
2013-04-03 03:00:00+00:00,156.984314,0
2013-04-03 04:00:00+00:00,172.6086884,0
2013-04-03 05:00:00+00:00,285.3601379,0
2013-04-03 06:00:00+00:00,183.3153381,0
2013-04-03 07:00:00+00:00,153.5165253,0
2013-04-03 08:00:00+00:00,146.3982544,0
2013-04-03 09:00:00+00:00,320.2373352,0
2013-04-03 10:00:00+00:00,217.1912994,0
2013-04-03 11:00:00+00:00,339.9026184,0
2013-04-03 12:00:00+00:00,264.3147888,0
2013-04-03 13:00:00+00:00,344.5489502,0
2013-04-03 14:00:00+00:00,330.9217529,0
2013-04-03 15:00:00+00:00,271.749115,0
2013-04-03 16:00:00+00:00,513.9399414,0
2013-04-03 17:00:00+00:00,785.6112061,0
2013-04-03 18:00:00+00:00,1249.876343,0
2013-04-03 19:00:00+00:00,1389.92749,0
2013-04-03 20:00:00+00:00,441.480011,0
2013-04-03 21:00:00+00:00,497.0173645,0
2013-04-03 22:00:00+00:00,329.8765259,0
2013-04-03 23:00:00+00:00,210.440979,0
2013-04-04 00:00:00+00:00,175.3038177,0
2013-04-04 01:00:00+00:00,157.7269592,0
2013-04-04 02:00:00+00:00,162.9270782,0
2013-04-04 03:00:00+00:00,155.3339081,0
2013-04-04 04:00:00+00:00,202.4076691,0
2013-04-04 05:00:00+00:00,346.8956604,0
2013-04-04 06:00:00+00:00,208.9704285,0
2013-04-04 07:00:00+00:00,154.4799957,0
2013-04-04 08:00:00+00:00,163.1912994,0
2013-04-04 09:00:00+00:00,370.9389038,0
2013-04-04 10:00:00+00:00,252.4504395,0
2013-04-04 11:00:00+00:00,321.4390259,0
2013-04-04 12:00:00+00:00,242.0295715,0
2013-04-04 13:00:00+00:00,236.1243439,0
2013-04-04 14:00:00+00:00,227.213913,0
2013-04-04 15:00:00+00:00,247.0471954,0
2013-04-04 16:00:00+00:00,464.6510315,0
2013-04-04 17:00:00+00:00,784.5167236,0
2013-04-04 18:00:00+00:00,1481.773193,0
2013-04-04 19:00:00+00:00,1055.702881,0
2013-04-04 20:00:00+00:00,401.3588867,0
2013-04-04 21:00:00+00:00,434.722229,0
2013-04-04 22:00:00+00:00,323.2013855,0
2013-04-04 23:00:00+00:00,247.0260468,0
2013-04-05 00:00:00+00:00,176.6191254,0
2013-04-05 01:00:00+00:00,172.753479,0
2013-04-05 02:00:00+00:00,160.8939056,0
2013-04-05 03:00:00+00:00,168.6417389,0
2013-04-05 04:00:00+00:00,193.4799957,0
2013-04-05 05:00:00+00:00,257.1130371,0
2013-04-05 06:00:00+00:00,214.761734,0
2013-04-05 07:00:00+00:00,179.8399963,0
2013-04-05 08:00:00+00:00,378.6881409,0
2013-04-05 09:00:00+00:00,233.7217407,0
2013-04-05 10:00:00+00:00,532.6875,0
2013-04-05 11:00:00+00:00,207.6254425,0
2013-04-05 12:00:00+00:00,531.9790039,0
2013-04-05 13:00:00+00:00,214.8121796,0
2013-04-05 14:00:00+00:00,209.980835,0
2013-04-05 15:00:00+00:00,426.8301086,0
2013-04-05 16:00:00+00:00,299.6226196,0
2013-04-05 17:00:00+00:00,300.9616089,0
2013-04-05 18:00:00+00:00,1054.947144,0
2013-04-05 19:00:00+00:00,975.6125488,0
2013-04-05 20:00:00+00:00,482.0280151,0
2013-04-05 21:00:00+00:00,317.730896,0
2013-04-05 22:00:00+00:00,269.965271,0
2013-04-05 23:00:00+00:00,200.871521,0
2013-04-06 00:00:00+00:00,184.7816315,0
2013-04-06 01:00:00+00:00,179.8975677,0
2013-04-06 02:00:00+00:00,192.7274323,0
2013-04-06 03:00:00+00:00,178.6486969,0
2013-04-06 04:00:00+00:00,206.1112976,0
2013-04-06 05:00:00+00:00,277.274292,0
2013-04-06 06:00:00+00:00,220.8000031,0
2013-04-06 07:00:00+00:00,991.8268433,0
2013-04-06 08:00:00+00:00,848.7960815,0
2013-04-06 09:00:00+00:00,690.0623779,0
2013-04-06 10:00:00+00:00,192.031311,0
2013-04-06 11:00:00+00:00,330.7922668,0
2013-04-06 12:00:00+00:00,186.2086945,0
2013-04-06 13:00:00+00:00,192.9373932,0
2013-04-06 14:00:00+00:00,190.2695618,0
2013-04-06 15:00:00+00:00,194.2041931,0
2013-04-06 16:00:00+00:00,436.6963501,0
2013-04-06 17:00:00+00:00,289.5766602,0
2013-04-06 18:00:00+00:00,926.717041,0
2013-04-06 19:00:00+00:00,940.7827759,0
2013-04-06 20:00:00+00:00,318.4982605,0
2013-04-06 21:00:00+00:00,475.6066284,0
2013-04-06 22:00:00+00:00,281.2166443,0
2013-04-06 23:00:00+00:00,174.8107605,0
2013-04-07 00:00:00+00:00,163.1871796,0
2013-04-07 01:00:00+00:00,161.4791718,0
2013-04-07 02:00:00+00:00,164.6695709,0
2013-04-07 03:00:00+00:00,158.1822968,0
2013-04-07 04:00:00+00:00,198.5860901,0
2013-04-07 05:00:00+00:00,248.0695648,0
2013-04-07 06:00:00+00:00,208.4139099,0
2013-04-07 07:00:00+00:00,155.15625,0
2013-04-07 08:00:00+00:00,745.8630981,0
2013-04-07 09:00:00+00:00,648.2800293,0
2013-04-07 10:00:00+00:00,1164.837036,0
2013-04-07 11:00:00+00:00,467.2312927,0
2013-04-07 12:00:00+00:00,471.6998291,0
2013-04-07 13:00:00+00:00,186.5460815,0
2013-04-07 14:00:00+00:00,487.7190552,0
2013-04-07 15:00:00+00:00,516.5211792,0
2013-04-07 16:00:00+00:00,585.8309937,0
2013-04-07 17:00:00+00:00,210.1937103,0
2013-04-07 18:00:00+00:00,432.1358948,0
2013-04-07 19:00:00+00:00,278.0520935,0
2013-04-07 20:00:00+00:00,434.1811829,0
2013-04-07 21:00:00+00:00,251.034729,0
2013-04-07 22:00:00+00:00,235.6573944,0
2013-04-07 23:00:00+00:00,199.2517395,0
2013-04-08 00:00:00+00:00,159.9045105,0
2013-04-08 01:00:00+00:00,163.7916718,0
2013-04-08 02:00:00+00:00,154.6991272,0
2013-04-08 03:00:00+00:00,165.3408661,0
2013-04-08 04:00:00+00:00,182.5881348,0
2013-04-08 05:00:00+00:00,258.3634644,0
2013-04-08 06:00:00+00:00,226.5827484,0
2013-04-08 07:00:00+00:00,163.3819427,0
2013-04-08 08:00:00+00:00,154.0017395,0
2013-04-08 09:00:00+00:00,198.4324341,0
2013-04-08 10:00:00+00:00,156.6123352,0
2013-04-08 11:00:00+00:00,158.0247803,0
2013-04-08 12:00:00+00:00,156.9540863,0
2013-04-08 13:00:00+00:00,156.657196,0
2013-04-08 14:00:00+00:00,160.7951813,0
2013-04-08 15:00:00+00:00,167.5693817,0
2013-04-08 16:00:00+00:00,414.9670105,0
2013-04-08 17:00:00+00:00,546.8902588,0
2013-04-08 18:00:00+00:00,366,0
2013-04-08 19:00:00+00:00,1020.994446,0
2013-04-08 20:00:00+00:00,1448.203735,0
2013-04-08 21:00:00+00:00,387.7229919,0
2013-04-08 22:00:00+00:00,333.6516418,0
2013-04-08 23:00:00+00:00,207.0677032,0
2013-04-09 00:00:00+00:00,166.75737,0
2013-04-09 01:00:00+00:00,158.3350677,0
2013-04-09 02:00:00+00:00,166.9947968,0
2013-04-09 03:00:00+00:00,158.503479,0
2013-04-09 04:00:00+00:00,198.3385468,0
2013-04-09 05:00:00+00:00,323.3200073,0
2013-04-09 06:00:00+00:00,228.1393738,0
2013-04-09 07:00:00+00:00,157.9701233,0
2013-04-09 08:00:00+00:00,301.3287048,0
2013-04-09 09:00:00+00:00,244.534729,0
2013-04-09 10:00:00+00:00,243.277771,0
2013-04-09 11:00:00+00:00,0,0
2013-04-09 12:00:00+00:00,0,0
2013-04-09 13:00:00+00:00,0,0
2013-04-09 14:00:00+00:00,0,0
2013-04-09 15:00:00+00:00,0,0
2013-04-09 16:00:00+00:00,0,0
2013-04-09 17:00:00+00:00,0,0
2013-04-09 18:00:00+00:00,0,0
2013-04-09 19:00:00+00:00,0,0
2013-04-09 20:00:00+00:00,0,0
2013-04-09 21:00:00+00:00,0,0
2013-04-09 22:00:00+00:00,0,0
2013-04-09 23:00:00+00:00,0,0
2013-04-10 00:00:00+00:00,0,0
2013-04-10 01:00:00+00:00,0,0
2013-04-10 02:00:00+00:00,0,0
2013-04-10 03:00:00+00:00,0,0
2013-04-10 04:00:00+00:00,0,0
2013-04-10 05:00:00+00:00,0,0
2013-04-10 06:00:00+00:00,0,0
2013-04-10 07:00:00+00:00,0,0
2013-04-10 08:00:00+00:00,0,0
2013-04-10 09:00:00+00:00,0,0
2013-04-10 10:00:00+00:00,0,0
2013-04-10 11:00:00+00:00,0,0
2013-04-10 12:00:00+00:00,0,0
2013-04-10 13:00:00+00:00,0,0
2013-04-10 14:00:00+00:00,0,0
2013-04-10 15:00:00+00:00,0,0
2013-04-10 16:00:00+00:00,0,0
2013-04-10 17:00:00+00:00,0,0
2013-04-10 18:00:00+00:00,0,0
2013-04-10 19:00:00+00:00,0,0
2013-04-10 20:00:00+00:00,0,0
2013-04-10 21:00:00+00:00,0,0
2013-04-10 22:00:00+00:00,0,0
2013-04-10 23:00:00+00:00,0,0
2013-04-11 00:00:00+00:00,0,0
2013-04-11 01:00:00+00:00,0,0
2013-04-11 02:00:00+00:00,0,0
2013-04-11 03:00:00+00:00,0,0
2013-04-11 04:00:00+00:00,0,0
2013-04-11 05:00:00+00:00,0,0
2013-04-11 06:00:00+00:00,0,0
2013-04-11 07:00:00+00:00,0,0
2013-04-11 08:00:00+00:00,0,0
2013-04-11 09:00:00+00:00,0,0
2013-04-11 10:00:00+00:00,0,0
2013-04-11 11:00:00+00:00,0,0
2013-04-11 12:00:00+00:00,0,0
2013-04-11 13:00:00+00:00,0,0
2013-04-11 14:00:00+00:00,0,0
2013-04-11 15:00:00+00:00,0,0
2013-04-11 16:00:00+00:00,0,0
2013-04-11 17:00:00+00:00,0,0
2013-04-11 18:00:00+00:00,0,0
2013-04-11 19:00:00+00:00,0,0
2013-04-11 20:00:00+00:00,0,0
2013-04-11 21:00:00+00:00,0,0
2013-04-11 22:00:00+00:00,0,0
2013-04-11 23:00:00+00:00,0,0
2013-04-12 00:00:00+00:00,0,0
2013-04-12 01:00:00+00:00,0,0
2013-04-12 02:00:00+00:00,0,0
2013-04-12 03:00:00+00:00,0,0
2013-04-12 04:00:00+00:00,0,0
2013-04-12 05:00:00+00:00,0,0
2013-04-12 06:00:00+00:00,0,0
2013-04-12 07:00:00+00:00,0,0
2013-04-12 08:00:00+00:00,0,0
2013-04-12 09:00:00+00:00,0,0
2013-04-12 10:00:00+00:00,0,0
2013-04-12 11:00:00+00:00,0,0
2013-04-12 12:00:00+00:00,0,0
2013-04-12 13:00:00+00:00,0,0
2013-04-12 14:00:00+00:00,0,0
2013-04-12 15:00:00+00:00,0,0
2013-04-12 16:00:00+00:00,0,0
2013-04-12 17:00:00+00:00,0,0
2013-04-12 18:00:00+00:00,0,0
2013-04-12 19:00:00+00:00,0,0
2013-04-12 20:00:00+00:00,0,0
2013-04-12 21:00:00+00:00,0,0
2013-04-12 22:00:00+00:00,0,0
2013-04-12 23:00:00+00:00,0,0
2013-04-13 00:00:00+00:00,0,0
2013-04-13 01:00:00+00:00,0,0
2013-04-13 02:00:00+00:00,0,0
2013-04-13 03:00:00+00:00,0,0
2013-04-13 04:00:00+00:00,0,0
2013-04-13 05:00:00+00:00,0,0
2013-04-13 06:00:00+00:00,0,0
2013-04-13 07:00:00+00:00,0,0
2013-04-13 08:00:00+00:00,0,0
2013-04-13 09:00:00+00:00,0,0
2013-04-13 10:00:00+00:00,0,0
2013-04-13 11:00:00+00:00,0,0
2013-04-13 12:00:00+00:00,0,0
2013-04-13 13:00:00+00:00,0,0
2013-04-13 14:00:00+00:00,0,0
2013-04-13 15:00:00+00:00,0,0
2013-04-13 16:00:00+00:00,0,0
2013-04-13 17:00:00+00:00,0,0
2013-04-13 18:00:00+00:00,0,0
2013-04-13 19:00:00+00:00,0,0
2013-04-13 20:00:00+00:00,0,0
2013-04-13 21:00:00+00:00,0,0
2013-04-13 22:00:00+00:00,0,0
2013-04-13 23:00:00+00:00,0,0
2013-04-14 00:00:00+00:00,0,0
2013-04-14 01:00:00+00:00,0,0
2013-04-14 02:00:00+00:00,0,0
2013-04-14 03:00:00+00:00,0,0
2013-04-14 04:00:00+00:00,0,0
2013-04-14 05:00:00+00:00,0,0
2013-04-14 06:00:00+00:00,0,0
2013-04-14 07:00:00+00:00,0,0
2013-04-14 08:00:00+00:00,0,0
2013-04-14 09:00:00+00:00,0,0
2013-04-14 10:00:00+00:00,0,0
2013-04-14 11:00:00+00:00,0,0
2013-04-14 12:00:00+00:00,0,0
2013-04-14 13:00:00+00:00,0,0
2013-04-14 14:00:00+00:00,0,0
2013-04-14 15:00:00+00:00,0,0
2013-04-14 16:00:00+00:00,0,0
2013-04-14 17:00:00+00:00,0,0
2013-04-14 18:00:00+00:00,0,0
2013-04-14 19:00:00+00:00,0,0
2013-04-14 20:00:00+00:00,0,0
2013-04-14 21:00:00+00:00,0,0
2013-04-14 22:00:00+00:00,0,0
2013-04-14 23:00:00+00:00,0,0
2013-04-15 00:00:00+00:00,0,0
2013-04-15 01:00:00+00:00,0,0
2013-04-15 02:00:00+00:00,0,0
2013-04-15 03:00:00+00:00,0,0
2013-04-15 04:00:00+00:00,0,0
2013-04-15 05:00:00+00:00,0,0
2013-04-15 06:00:00+00:00,0,0
2013-04-15 07:00:00+00:00,0,0
2013-04-15 08:00:00+00:00,0,0
2013-04-15 09:00:00+00:00,0,0
2013-04-15 10:00:00+00:00,0,0
2013-04-15 11:00:00+00:00,0,0
2013-04-15 12:00:00+00:00,0,0
2013-04-15 13:00:00+00:00,0,0
2013-04-15 14:00:00+00:00,0,0
2013-04-15 15:00:00+00:00,0,0
2013-04-15 16:00:00+00:00,0,0
2013-04-15 17:00:00+00:00,0,0
2013-04-15 18:00:00+00:00,0,0
2013-04-15 19:00:00+00:00,0,0
2013-04-15 20:00:00+00:00,0,0
2013-04-15 21:00:00+00:00,0,0
2013-04-15 22:00:00+00:00,0,0
2013-04-15 23:00:00+00:00,0,0
2013-04-16 00:00:00+00:00,0,0
2013-04-16 01:00:00+00:00,0,0
2013-04-16 02:00:00+00:00,0,0
2013-04-16 03:00:00+00:00,0,0
2013-04-16 04:00:00+00:00,0,0
2013-04-16 05:00:00+00:00,0,0
2013-04-16 06:00:00+00:00,0,0
2013-04-16 07:00:00+00:00,0,0
2013-04-16 08:00:00+00:00,0,0
2013-04-16 09:00:00+00:00,0,0
2013-04-16 10:00:00+00:00,0,0
2013-04-16 11:00:00+00:00,0,0
2013-04-16 12:00:00+00:00,0,0
2013-04-16 13:00:00+00:00,0,0
2013-04-16 14:00:00+00:00,0,0
2013-04-16 15:00:00+00:00,0,0
2013-04-16 16:00:00+00:00,0,0
2013-04-16 17:00:00+00:00,0,0
2013-04-16 18:00:00+00:00,0,0
2013-04-16 19:00:00+00:00,0,0
2013-04-16 20:00:00+00:00,357.1645508,0
2013-04-16 21:00:00+00:00,262.9581299,0.47420147
2013-04-16 22:00:00+00:00,259.2710266,0.43396226
2013-04-16 23:00:00+00:00,184.8199005,0.38765007
2013-04-17 00:00:00+00:00,160.0770569,0.37264958
2013-04-17 01:00:00+00:00,157.4545441,0.31506848
2013-04-17 02:00:00+00:00,152.7671204,0.4041096
2013-04-17 03:00:00+00:00,154.9073792,0.32418525
2013-04-17 04:00:00+00:00,180.0977631,0.3053173
2013-04-17 05:00:00+00:00,216.1514587,0.37094018
2013-04-17 06:00:00+00:00,156.0410919,0.38527396
2013-04-17 07:00:00+00:00,153.9743195,0.36301368
2013-04-17 08:00:00+00:00,307.0359497,92.82906
2013-04-17 09:00:00+00:00,154.2602692,0.33561644
2013-04-17 10:00:00+00:00,156.3247833,0.33675215
2013-04-17 11:00:00+00:00,147.4571991,0.31335616
2013-04-17 12:00:00+00:00,155.6917877,0.35445204
2013-04-17 13:00:00+00:00,144.7487183,0.2837607
2013-04-17 14:00:00+00:00,156.7654114,0.33047944
2013-04-17 15:00:00+00:00,236.2085419,0.35555556
2013-04-17 16:00:00+00:00,375.3855286,144.46416
2013-04-17 17:00:00+00:00,488.2088928,0.31228667
2013-04-17 18:00:00+00:00,501.7752991,0.2901024
2013-04-17 19:00:00+00:00,1698.424438,171.07744
2013-04-17 20:00:00+00:00,580.6893921,153.58603
2013-04-17 21:00:00+00:00,290.4151001,0.37883958
2013-04-17 22:00:00+00:00,223.8547058,0.33333334
2013-04-17 23:00:00+00:00,178.0786285,0.36068377
2013-04-18 00:00:00+00:00,169.8634796,0.3020478
2013-04-18 01:00:00+00:00,146.223938,0.31111112
2013-04-18 02:00:00+00:00,163.5982971,0.37264958
2013-04-18 03:00:00+00:00,146.5743561,0.32991454
2013-04-18 04:00:00+00:00,190.3082123,0.37157536
2013-04-18 05:00:00+00:00,222.1695251,0.36239317
2013-04-18 06:00:00+00:00,164.3658142,0.34358975
2013-04-18 07:00:00+00:00,163.0224152,0.3794872
2013-04-18 08:00:00+00:00,258.449585,0.2769231
2013-04-18 09:00:00+00:00,147.3407593,0.29452056
2013-04-18 10:00:00+00:00,155.9280853,0.32020548
2013-04-18 11:00:00+00:00,149.1695251,0.40239727
2013-04-18 12:00:00+00:00,154.9025574,0.3811966
2013-04-18 13:00:00+00:00,149.4725952,0.4229452
2013-04-18 14:00:00+00:00,150.9846191,0.35384616
2013-04-18 15:00:00+00:00,333.5154114,159.37543
2013-04-18 16:00:00+00:00,228.9316254,0.2940171
2013-04-18 17:00:00+00:00,533.1239014,259.98782
2013-04-18 18:00:00+00:00,665.3561401,52.130283
2013-04-18 19:00:00+00:00,1518.847656,0.25882354
2013-04-18 20:00:00+00:00,309.16922,0.30427352
2013-04-18 21:00:00+00:00,328.6387024,0.35555556
2013-04-18 22:00:00+00:00,257.5675354,0.30598292
2013-04-18 23:00:00+00:00,179.7230835,0.32820514
2013-04-19 00:00:00+00:00,148.0085449,0.33675215
2013-04-19 01:00:00+00:00,158.2940216,0.34812286
2013-04-19 02:00:00+00:00,148.0393829,0.30479452
2013-04-19 03:00:00+00:00,157.8586273,0.31569967
2013-04-19 04:00:00+00:00,174.6387024,0.34417808
2013-04-19 05:00:00+00:00,271.8536987,0.26153848
2013-04-19 06:00:00+00:00,144.4434967,0.31506848
2013-04-19 07:00:00+00:00,157.8871765,0.34188035
2013-04-19 08:00:00+00:00,148.1080627,0.2888889
2013-04-19 09:00:00+00:00,225.7054749,0.32020548
2013-04-19 10:00:00+00:00,342.3015747,127.51959
2013-04-19 11:00:00+00:00,305.6369934,0.34871796
2013-04-19 12:00:00+00:00,150.9657593,0.30136988
2013-04-19 13:00:00+00:00,151.8321991,0.34417808
2013-04-19 14:00:00+00:00,151.7495728,0.32246998
2013-04-19 15:00:00+00:00,162.7397308,0.33504274
2013-04-19 16:00:00+00:00,240.7049713,0.3516295
2013-04-19 17:00:00+00:00,259.1541138,0.31678084
2013-04-19 18:00:00+00:00,603.8068848,163.55232
2013-04-19 19:00:00+00:00,1786.34668,155.42087
2013-04-19 20:00:00+00:00,412.1979065,0.33675215
2013-04-19 21:00:00+00:00,309.0530701,0.37157536
2013-04-19 22:00:00+00:00,285.1318359,0.34700856
2013-04-19 23:00:00+00:00,165.0582123,0.36130136
2013-04-20 00:00:00+00:00,157.432251,0.34476843
2013-04-20 01:00:00+00:00,147.5633545,0.3270548
2013-04-20 02:00:00+00:00,159.3728485,0.3018868
2013-04-20 03:00:00+00:00,149.1286469,0.27787307
2013-04-20 04:00:00+00:00,191.9089355,0.28865978
2013-04-20 05:00:00+00:00,237.5223389,0.35223368
2013-04-20 06:00:00+00:00,178.584198,0.35051546
2013-04-20 07:00:00+00:00,148.6460419,0.36941582
2013-04-20 08:00:00+00:00,1072.423584,314.65256
2013-04-20 09:00:00+00:00,320.5540161,0.35787672
2013-04-20 10:00:00+00:00,665.2474365,0.3566553
2013-04-20 11:00:00+00:00,754.5342407,172.93175
2013-04-20 12:00:00+00:00,239.4854279,0.36535162
2013-04-20 13:00:00+00:00,245.8109894,0.32130584
2013-04-20 14:00:00+00:00,495.9413757,273.33105
2013-04-20 15:00:00+00:00,251.3797302,0.3024055
2013-04-20 16:00:00+00:00,570.2232056,167.247
2013-04-20 17:00:00+00:00,411.8608398,0.39003438
2013-04-20 18:00:00+00:00,1494.87439,391.7932
2013-04-20 19:00:00+00:00,918.2991333,0.35714287
2013-04-20 20:00:00+00:00,403.6970825,0.35738832
2013-04-20 21:00:00+00:00,335.998291,0.39794168
2013-04-20 22:00:00+00:00,288.3883057,0.40206185
2013-04-20 23:00:00+00:00,200.1972504,0.40582192
2013-04-21 00:00:00+00:00,167.4682617,0.37221268
2013-04-21 01:00:00+00:00,152.4476776,0.34819898
2013-04-21 02:00:00+00:00,162.6666718,0.38487974
2013-04-21 03:00:00+00:00,150.7869415,0.41752577
2013-04-21 04:00:00+00:00,186.2405548,0.34020618
2013-04-21 05:00:00+00:00,220.7989655,0.3556701
2013-04-21 06:00:00+00:00,152.5008545,0.40963855
2013-04-21 07:00:00+00:00,209.7182159,0.4347079
2013-04-21 08:00:00+00:00,546.991394,321.8765
2013-04-21 09:00:00+00:00,1293.606812,166.07614
2013-04-21 10:00:00+00:00,476.831604,0.38659793
2013-04-21 11:00:00+00:00,749.7227173,0.33163264
2013-04-21 12:00:00+00:00,303.7418213,0.3666093
2013-04-21 13:00:00+00:00,377.370697,127.99828
2013-04-21 14:00:00+00:00,285.3937683,0.40994853
2013-04-21 15:00:00+00:00,240.0652924,0.41065294
2013-04-21 16:00:00+00:00,247.9397583,0.4251291
2013-04-21 17:00:00+00:00,594.8439941,0.3773585
2013-04-21 18:00:00+00:00,955.0137939,183.661
2013-04-21 19:00:00+00:00,1414.300049,0.35025382
2013-04-21 20:00:00+00:00,903.8566284,150.50853
2013-04-21 21:00:00+00:00,359.5689697,0.43053174
2013-04-21 22:00:00+00:00,285.6976013,0.4226804
2013-04-21 23:00:00+00:00,152.3453674,0.419244
2013-04-22 00:00:00+00:00,157.4587555,0.38487974
2013-04-22 01:00:00+00:00,146.2989655,0.38831615
2013-04-22 02:00:00+00:00,155.121994,0.3797251
2013-04-22 03:00:00+00:00,147.9931335,0.40206185
2013-04-22 04:00:00+00:00,148.5903625,0.36488813
2013-04-22 05:00:00+00:00,148.2628937,0.31958762
2013-04-22 06:00:00+00:00,151.3287506,0.31325302
2013-04-22 07:00:00+00:00,622.1787109,334.2899
2013-04-22 08:00:00+00:00,392.3092651,155.50258
2013-04-22 09:00:00+00:00,258.171814,0.42685026
2013-04-22 10:00:00+00:00,677.371521,415.36642
2013-04-22 11:00:00+00:00,401.2790222,63.20548
2013-04-22 12:00:00+00:00,382.8596191,166.94168
2013-04-22 13:00:00+00:00,233.686203,0.4226804
2013-04-22 14:00:00+00:00,263.634491,0.30874786
2013-04-22 15:00:00+00:00,473.7766418,0.3419244
2013-04-22 16:00:00+00:00,428.0826111,0.35738832
2013-04-22 17:00:00+00:00,824.5908813,181.18027
2013-04-22 18:00:00+00:00,1305.851074,0.37755102
2013-04-22 19:00:00+00:00,833.8890991,0.32027256
2013-04-22 20:00:00+00:00,508.6758118,179.06335
2013-04-22 21:00:00+00:00,272.8745728,0.33161512
2013-04-22 22:00:00+00:00,234.9674072,0.22945206
2013-04-22 23:00:00+00:00,198.254303,0.3298969
2013-04-23 00:00:00+00:00,150.6288605,0.29896906
2013-04-23 01:00:00+00:00,159.4587555,0.30068728
2013-04-23 02:00:00+00:00,150.8490601,0.3053173
2013-04-23 03:00:00+00:00,155.5532684,0.27958834
2013-04-23 04:00:00+00:00,152.10672,0.3080895
2013-04-23 05:00:00+00:00,147.6357422,0.27319586
2013-04-23 06:00:00+00:00,157.1202698,0.28350514
2013-04-23 07:00:00+00:00,491.5882263,325.4144
2013-04-23 08:00:00+00:00,247.7817841,0.35051546
2013-04-23 09:00:00+00:00,248.8213043,0.37457046
2013-04-23 10:00:00+00:00,594.322937,290.65982
2013-04-23 11:00:00+00:00,442.9450073,170.91252
2013-04-23 12:00:00+00:00,248.5111542,0.37564322
2013-04-23 13:00:00+00:00,254.8370514,0.40308747
2013-04-23 14:00:00+00:00,426.901886,166.57948
2013-04-23 15:00:00+00:00,250.6951294,0.3466899
2013-04-23 16:00:00+00:00,336.082489,0.3208191
2013-04-23 17:00:00+00:00,257.0444336,0.32820514
2013-04-23 18:00:00+00:00,242.5428009,0.3566553
2013-04-23 19:00:00+00:00,264.5726624,0.37264958
2013-04-23 20:00:00+00:00,274.6803284,0.34529915
2013-04-23 21:00:00+00:00,270.3270569,0.38527396
2013-04-23 22:00:00+00:00,590.6265259,178.07155
2013-04-23 23:00:00+00:00,268.0719299,77.05973
2013-04-24 00:00:00+00:00,171.0410919,0.33047944
2013-04-24 01:00:00+00:00,164.5608978,0.34700856
2013-04-24 02:00:00+00:00,170.1555481,0.382906
2013-04-24 03:00:00+00:00,160.2037659,0.36130136
2013-04-24 04:00:00+00:00,168.3018799,0.36535162
2013-04-24 05:00:00+00:00,159.5565033,0.36923078
2013-04-24 06:00:00+00:00,377.9415894,177.26154
2013-04-24 07:00:00+00:00,1228.463257,341.77344
2013-04-24 08:00:00+00:00,494.6209412,0.35958904
2013-04-24 09:00:00+00:00,603.4648438,0.380789
2013-04-24 10:00:00+00:00,183.4051208,0.3931624
2013-04-24 11:00:00+00:00,185.2702179,0.4051282
2013-04-24 12:00:00+00:00,170.9743652,0.34188035
2013-04-24 13:00:00+00:00,620.725708,0.35034013
2013-04-24 14:00:00+00:00,428.2064819,146.35324
2013-04-24 15:00:00+00:00,472.2627869,0.3993174
2013-04-24 16:00:00+00:00,373.8359375,0.44027305
2013-04-24 17:00:00+00:00,1133.394653,315.17935
2013-04-24 18:00:00+00:00,994.0697021,0.36993244
2013-04-24 19:00:00+00:00,385.8191223,0.4020443
2013-04-24 20:00:00+00:00,299.9641113,0.3877551
2013-04-24 21:00:00+00:00,287.3764954,0.4003407
2013-04-24 22:00:00+00:00,254.1873932,0.3867121
2013-04-24 23:00:00+00:00,187.8620148,0.35434413
2013-04-25 00:00:00+00:00,169.1860046,0.3003413
2013-04-25 01:00:00+00:00,171.8705292,6.102215
2013-04-25 02:00:00+00:00,163.9131165,0.37989777
2013-04-25 03:00:00+00:00,177.0170593,0.31228667
2013-04-25 04:00:00+00:00,164.1842957,0.3225256
2013-04-25 05:00:00+00:00,174.8108978,0.3407155
2013-04-25 06:00:00+00:00,193.6717987,0.32935154
2013-04-25 07:00:00+00:00,614.4974365,368.91852
2013-04-25 08:00:00+00:00,312.3162537,0.38737202
2013-04-25 09:00:00+00:00,281.4862976,0.36626917
2013-04-25 10:00:00+00:00,311.5290222,0.29180887
2013-04-25 11:00:00+00:00,420.9213562,1.0935374
2013-04-25 12:00:00+00:00,373.7145386,139.0359
2013-04-25 13:00:00+00:00,413.085022,157.29591
2013-04-25 14:00:00+00:00,249.6558838,0.38841566
2013-04-25 15:00:00+00:00,242.1360474,0.36734694
2013-04-25 16:00:00+00:00,469.8048096,162.57555
2013-04-25 17:00:00+00:00,414.8435364,164.6078
2013-04-25 18:00:00+00:00,337.307312,0.34125638
2013-04-25 19:00:00+00:00,1283.053711,149.48398
2013-04-25 20:00:00+00:00,810.1035767,0.42639595
2013-04-25 21:00:00+00:00,256.9456787,0.43972835
2013-04-25 22:00:00+00:00,252.3475342,0.38879457
2013-04-25 23:00:00+00:00,218.8607788,0.41086587
2013-04-26 00:00:00+00:00,157.270401,0.37755102
2013-04-26 01:00:00+00:00,161.9608917,0.41595924
2013-04-26 02:00:00+00:00,154.5187073,0.35884354
2013-04-26 03:00:00+00:00,163.520401,0.3469388
2013-04-26 04:00:00+00:00,151.6309509,0.28231293
2013-04-26 05:00:00+00:00,160.793869,0.34582624
2013-04-26 06:00:00+00:00,415.5374146,178.7585
2013-04-26 07:00:00+00:00,584.8447266,331.3339
2013-04-26 08:00:00+00:00,261.5907593,0.37989777
2013-04-26 09:00:00+00:00,276.2279968,0.4108352
2013-04-26 10:00:00+00:00,238.1880341,0.46587032
2013-04-26 11:00:00+00:00,424.1856995,0.48040885
2013-04-26 12:00:00+00:00,297.6416321,0.4334471
2013-04-26 13:00:00+00:00,288.9162292,0.45641026
2013-04-26 14:00:00+00:00,441.0853271,167.94719
2013-04-26 15:00:00+00:00,249.6427307,0.4940171
2013-04-26 16:00:00+00:00,268.4709778,0.48976108
2013-04-26 17:00:00+00:00,348.2376099,0.4317406
2013-04-26 18:00:00+00:00,853.5025635,196.36055
2013-04-26 19:00:00+00:00,1294.95874,74.099495
2013-04-26 20:00:00+00:00,378.7125549,0.7235495
2013-04-26 21:00:00+00:00,333.6712341,0.5870307
2013-04-26 22:00:00+00:00,201.3972626,0.5188356
2013-04-26 23:00:00+00:00,155.7654114,0.55479455
2013-04-27 00:00:00+00:00,157.6712341,0.5376712
2013-04-27 01:00:00+00:00,156.1543732,0.57632935
2013-04-27 02:00:00+00:00,154.3241882,0.6975945
2013-04-27 03:00:00+00:00,161.1288605,0.5900515
2013-04-27 04:00:00+00:00,147.6082458,0.6082474
2013-04-27 05:00:00+00:00,157.7955322,0.5910653
2013-04-27 06:00:00+00:00,344.1426086,182.97595
2013-04-27 07:00:00+00:00,673.8956299,315.07993
2013-04-27 08:00:00+00:00,267.8760681,0.5645439
2013-04-27 09:00:00+00:00,367.7132874,163.72289
2013-04-27 10:00:00+00:00,238.9173889,0.49225473
2013-04-27 11:00:00+00:00,460.1689758,96.67637
2013-04-27 12:00:00+00:00,416.1383667,179.34549
2013-04-27 13:00:00+00:00,258.4612732,0.6230637
2013-04-27 14:00:00+00:00,433.4147949,156.8199
2013-04-27 15:00:00+00:00,424.5352783,0.6333907
2013-04-27 16:00:00+00:00,688.3494873,293.69348
2013-04-27 17:00:00+00:00,469.5121155,0.6603774
2013-04-27 18:00:00+00:00,348.7841187,0.6735395
2013-04-27 19:00:00+00:00,1644.847656,0.618887
2013-04-27 20:00:00+00:00,520.6481934,171.29915
2013-04-27 21:00:00+00:00,315.9515686,0.6226415
2013-04-27 22:00:00+00:00,247.4199677,0.6333907
2013-04-27 23:00:00+00:00,158.4543915,0.6695353
2013-04-28 00:00:00+00:00,153.8103485,0.63448274
2013-04-28 01:00:00+00:00,151.1239319,0.60757315
2013-04-28 02:00:00+00:00,181.6943054,0.6148532
2013-04-28 03:00:00+00:00,187.2810364,0.6165803
2013-04-28 04:00:00+00:00,210.1744385,0.6534483
2013-04-28 05:00:00+00:00,539.8031616,295.55423
2013-04-28 06:00:00+00:00,678.248291,152.41753
2013-04-28 07:00:00+00:00,1036.51123,0.582906
2013-04-28 08:00:00+00:00,536.9688721,0.5910653
2013-04-28 09:00:00+00:00,577.1732178,0.5917667
2013-04-28 10:00:00+00:00,260.1445923,0.67469877
2013-04-28 11:00:00+00:00,418.5129395,177.82474
2013-04-28 12:00:00+00:00,198.6161804,0.63511187
2013-04-28 13:00:00+00:00,232.879303,0.69655174
2013-04-28 14:00:00+00:00,363.2547607,139.86792
2013-04-28 15:00:00+00:00,222.7091217,0.70567983
2013-04-28 16:00:00+00:00,276.6058655,0.6626506
2013-04-28 17:00:00+00:00,570.005188,136.18835
2013-04-28 18:00:00+00:00,1194.993164,0.7423729
2013-04-28 19:00:00+00:00,1012.864258,149.4753
2013-04-28 20:00:00+00:00,356.5542297,0.83993113
2013-04-28 21:00:00+00:00,283.0791626,0.79345953
2013-04-28 22:00:00+00:00,155.748703,0.78829604
2013-04-28 23:00:00+00:00,160.6110229,0.7865749
2013-04-29 00:00:00+00:00,149.7349396,0.7969019
2013-04-29 01:00:00+00:00,160.4879303,0.77624786
2013-04-29 02:00:00+00:00,148.8652802,0.79553264
2013-04-29 03:00:00+00:00,156.2667847,0.76936316
2013-04-29 04:00:00+00:00,153.0413818,0.8
2013-04-29 05:00:00+00:00,598.4370728,295.44348
2013-04-29 06:00:00+00:00,338.1704102,154.24915
2013-04-29 07:00:00+00:00,156.4371796,0.7848537
2013-04-29 08:00:00+00:00,149.6937714,0.82474226
2013-04-29 09:00:00+00:00,164.8797302,0.7869416
2013-04-29 10:00:00+00:00,165.9965668,0.8659794
2013-04-29 11:00:00+00:00,246.129303,0.8370497
2013-04-29 12:00:00+00:00,660.8655396,303.29865
2013-04-29 13:00:00+00:00,285.3195801,0.84192437
2013-04-29 14:00:00+00:00,283.8213196,0.7886598
2013-04-29 15:00:00+00:00,306.7886658,0.82474226
2013-04-29 16:00:00+00:00,610.4231567,276.4017
2013-04-29 17:00:00+00:00,440.4708862,0.8284734
2013-04-29 18:00:00+00:00,1513.613159,152.95946
2013-04-29 19:00:00+00:00,359.1477661,0.80756015
2013-04-29 20:00:00+00:00,285.7564392,0.8181818
2013-04-29 21:00:00+00:00,277.3041382,0.8676976
2013-04-29 22:00:00+00:00,200.6603699,0.8439108
2013-04-29 23:00:00+00:00,180.6546326,0.8178694
2013-04-30 00:00:00+00:00,166.9209595,0.82302403
2013-04-30 01:00:00+00:00,152.1222076,0.7796902
2013-04-30 02:00:00+00:00,152.0189056,0.8264605
2013-04-30 03:00:00+00:00,154.9137878,0.8
2013-04-30 04:00:00+00:00,174.4733276,0.82788295
2013-04-30 05:00:00+00:00,314.7841187,82.386986
2013-04-30 06:00:00+00:00,297.350708,134.41309
2013-04-30 07:00:00+00:00,289.3534546,0.8519794
2013-04-30 08:00:00+00:00,232.6970673,0.80756015
2013-04-30 09:00:00+00:00,229.5662689,0.80895007
2013-04-30 10:00:00+00:00,231.2611694,0.8502582
2013-04-30 11:00:00+00:00,360.3240967,0.85982907
2013-04-30 12:00:00+00:00,198.4123688,0.83676976
2013-04-30 13:00:00+00:00,146.6993103,0.8780069
2013-04-30 14:00:00+00:00,157.4209595,0.8436426
2013-04-30 15:00:00+00:00,275.1889954,133.53001
2013-04-30 16:00:00+00:00,247.6072083,0.8799314
2013-04-30 17:00:00+00:00,717.1433716,172.14359
2013-04-30 18:00:00+00:00,831.7504272,276.54004
2013-04-30 19:00:00+00:00,1352.238159,0.8397976
2013-04-30 20:00:00+00:00,369.2276001,0.86130136
2013-04-30 21:00:00+00:00,238.2761536,0.864494
2013-04-30 22:00:00+00:00,154.8505096,0.814433
2013-04-30 23:00:00+00:00,160.8336182,0.8610635
2013-05-01 00:00:00+00:00,153.35849,0.84048027
2013-05-01 01:00:00+00:00,160.9793854,0.8490566
2013-05-01 02:00:00+00:00,151.5240479,0.84192437
2013-05-01 03:00:00+00:00,158.6213379,0.84165233
2013-05-01 04:00:00+00:00,177.9896698,0.79518074
2013-05-01 05:00:00+00:00,344.2323608,146.38316
2013-05-01 06:00:00+00:00,216.2694244,0.86426115
2013-05-01 07:00:00+00:00,379.6701355,169.44179
2013-05-01 08:00:00+00:00,175.0944977,0.8264605
2013-05-01 09:00:00+00:00,588.3458862,0.8476027
2013-05-01 10:00:00+00:00,425.8364868,145.28767
2013-05-01 11:00:00+00:00,185.2577362,0.8696398
2013-05-01 12:00:00+00:00,398.2920837,152.58319
2013-05-01 13:00:00+00:00,247.5515442,0.87113404
2013-05-01 14:00:00+00:00,247.9759521,0.8298969
2013-05-01 15:00:00+00:00,423.1715393,180.04974
2013-05-01 16:00:00+00:00,266.2879333,0.8373288
2013-05-01 17:00:00+00:00,634.3499146,162.55821
2013-05-01 18:00:00+00:00,831.6655273,0.88245314
2013-05-01 19:00:00+00:00,1218.82959,157.06587
2013-05-01 20:00:00+00:00,368.4699707,0.8818493
2013-05-01 21:00:00+00:00,282.1640625,0.864726
2013-05-01 22:00:00+00:00,197.1389313,0.8439108
2013-05-01 23:00:00+00:00,162.6134033,0.8728522
2013-05-02 00:00:00+00:00,154.4391022,0.8421955
2013-05-02 01:00:00+00:00,157.3556671,0.82474226
2013-05-02 02:00:00+00:00,155.9741821,0.8795181
2013-05-02 03:00:00+00:00,156.0292053,0.8539519
2013-05-02 04:00:00+00:00,186.7297821,0.83993113
2013-05-02 05:00:00+00:00,297.7098389,84.06861
2013-05-02 06:00:00+00:00,214.9017181,0.8659794
2013-05-02 07:00:00+00:00,381.7993164,141.4725
2013-05-02 08:00:00+00:00,241.1463013,0.83505154
2013-05-02 09:00:00+00:00,226.3786621,0.8674699
2013-05-02 10:00:00+00:00,302.2086182,0.88869864
2013-05-02 11:00:00+00:00,259.2164917,0.88831615
2013-05-02 12:00:00+00:00,387.8416443,165.18353
2013-05-02 13:00:00+00:00,219.3642578,0.8659794
2013-05-02 14:00:00+00:00,216.5790405,0.9140893
2013-05-02 15:00:00+00:00,218.15979,0.8831615
2013-05-02 16:00:00+00:00,228.3516235,0.8747856
2013-05-02 17:00:00+00:00,571.2766113,325.50256
2013-05-02 18:00:00+00:00,387.5567017,0.88164663
2013-05-02 19:00:00+00:00,1705.934326,142.43193
2013-05-02 20:00:00+00:00,390.9159546,0.87135506
2013-05-02 21:00:00+00:00,288.9295654,0.87113404
2013-05-02 22:00:00+00:00,223.2525787,0.8848797
2013-05-02 23:00:00+00:00,162.5574646,0.87135506
2013-05-03 00:00:00+00:00,149.132309,0.8505155
2013-05-03 01:00:00+00:00,157.3253021,0.895189
2013-05-03 02:00:00+00:00,149.8453674,0.8573883
2013-05-03 03:00:00+00:00,154.6901855,0.88123924
2013-05-03 04:00:00+00:00,176.7418213,0.84165233
2013-05-03 05:00:00+00:00,292.7733459,80.2813
2013-05-03 06:00:00+00:00,322.5432434,138.56357
2013-05-03 07:00:00+00:00,242.3012085,0.86230636
2013-05-03 08:00:00+00:00,221.0464783,0.8932874
2013-05-03 09:00:00+00:00,232.7160034,0.87607574
2013-05-03 10:00:00+00:00,304.8006897,0.8936535
2013-05-03 11:00:00+00:00,236.3907013,0.8625429
2013-05-03 12:00:00+00:00,210.8865967,0.8728522
2013-05-03 13:00:00+00:00,367.9031067,154.98456
2013-05-03 14:00:00+00:00,231.7135468,0.9109589
2013-05-03 15:00:00+00:00,232.4072113,0.8659794
2013-05-03 16:00:00+00:00,306.3876648,0.85811967
2013-05-03 17:00:00+00:00,265.9777527,0.87842464
2013-05-03 18:00:00+00:00,227.1078796,0.89897263
2013-05-03 19:00:00+00:00,447.6460571,171.94539
2013-05-03 20:00:00+00:00,307.8034058,0.8769231
2013-05-03 21:00:00+00:00,440.5513611,135.49231
2013-05-03 22:00:00+00:00,215.4546967,0.9076923
2013-05-03 23:00:00+00:00,166.9212341,0.9023973
2013-05-04 00:00:00+00:00,155.0136719,0.8957265
2013-05-04 01:00:00+00:00,153.2003479,0.9041096
2013-05-04 02:00:00+00:00,155.503418,0.864726
2013-05-04 03:00:00+00:00,152.8407593,0.875
2013-05-04 04:00:00+00:00,156.2739716,0.8732877
2013-05-04 05:00:00+00:00,147.6020508,0.9056604
2013-05-04 06:00:00+00:00,550.6883545,349.38565
2013-05-04 07:00:00+00:00,241.0548859,0.8885077
2013-05-04 08:00:00+00:00,235.6689606,0.8696398
2013-05-04 09:00:00+00:00,223.7020569,0.8593482
2013-05-04 10:00:00+00:00,237.7272797,0.8630137
2013-05-04 11:00:00+00:00,815.753418,338.89627
2013-05-04 12:00:00+00:00,1867.089355,0.8875839
2013-05-04 13:00:00+00:00,690.8688354,0.9013606
2013-05-04 14:00:00+00:00,323.7735901,0.92649573
2013-05-04 15:00:00+00:00,533.135498,320.94028
2013-05-04 16:00:00+00:00,375.371582,0.9400685
2013-05-04 17:00:00+00:00,415.1010132,0.9109589
2013-05-04 18:00:00+00:00,530.6134033,204.10051
2013-05-04 19:00:00+00:00,1254.891968,0.90725124
2013-05-04 20:00:00+00:00,828.4024048,0.89134127
2013-05-04 21:00:00+00:00,324.1948853,0.94529915
2013-05-04 22:00:00+00:00,215.5367584,0.9230769
2013-05-04 23:00:00+00:00,173.0085602,0.90924656
2013-05-05 00:00:00+00:00,155.1692352,0.9076923
2013-05-05 01:00:00+00:00,161.4178009,0.89897263
2013-05-05 02:00:00+00:00,151.6991425,0.9094017
2013-05-05 03:00:00+00:00,162.9451141,0.8799314
2013-05-05 04:00:00+00:00,164.1519928,0.9032815
2013-05-05 05:00:00+00:00,209.1252136,0.9193825
2013-05-05 06:00:00+00:00,593.1019287,345.86325
2013-05-05 07:00:00+00:00,789.3839722,0.9049236
2013-05-05 08:00:00+00:00,1339.821777,0.8330523
2013-05-05 09:00:00+00:00,564.7088623,0.8837607
2013-05-05 10:00:00+00:00,528.578064,298.6376
2013-05-05 11:00:00+00:00,377.6666565,0.88926744
2013-05-05 12:00:00+00:00,227.1147308,0.93835616
2013-05-05 13:00:00+00:00,234.5428009,0.92979455
2013-05-05 14:00:00+00:00,616.1832275,92.109406
2013-05-05 15:00:00+00:00,307.1213684,68.79145
2013-05-05 16:00:00+00:00,437.5557556,160.23761
2013-05-05 17:00:00+00:00,252.3037567,0.9213675
2013-05-05 18:00:00+00:00,890.5466919,0.8947368
2013-05-05 19:00:00+00:00,1071.627808,0.8935811
2013-05-05 20:00:00+00:00,493.9709778,135.82082
2013-05-05 21:00:00+00:00,260.151886,0.9095563
2013-05-05 22:00:00+00:00,176.7542725,0.89419794
2013-05-05 23:00:00+00:00,156.3722076,0.9112628
2013-05-06 00:00:00+00:00,154.9624634,0.9146758
2013-05-06 01:00:00+00:00,161.7538452,0.9213675
2013-05-06 02:00:00+00:00,150.998291,0.8940171
2013-05-06 03:00:00+00:00,161.5093994,0.9042735
2013-05-06 04:00:00+00:00,152.4879303,0.9232082
2013-05-06 05:00:00+00:00,202.994873,0.9025641
2013-05-06 06:00:00+00:00,575.2972412,303.75598
2013-05-06 07:00:00+00:00,274.4639282,0.93526405
2013-05-06 08:00:00+00:00,420.3418884,166.80513
2013-05-06 09:00:00+00:00,262.5787659,0.9109589
2013-05-06 10:00:00+00:00,345.7277527,72.04615
2013-05-06 11:00:00+00:00,387.6349487,0.88926744
2013-05-06 12:00:00+00:00,556.4393311,287.7483
2013-05-06 13:00:00+00:00,242.3504333,0.93846154
2013-05-06 14:00:00+00:00,557.4837646,0.9128205
2013-05-06 15:00:00+00:00,408.730835,156.34753
2013-05-06 16:00:00+00:00,321.8869934,0.9556314
2013-05-06 17:00:00+00:00,297.2150269,0.9540034
2013-05-06 18:00:00+00:00,1051.949097,0.9170897
2013-05-06 19:00:00+00:00,926.5236206,144.86633
2013-05-06 20:00:00+00:00,352.5162354,0.94207835
2013-05-06 21:00:00+00:00,226.0460815,0.9129693
2013-05-06 22:00:00+00:00,165.4044342,0.9300341
2013-05-06 23:00:00+00:00,164.7969208,0.9334471
2013-05-07 00:00:00+00:00,155.1928253,0.92662114
2013-05-07 01:00:00+00:00,161.4752197,0.93846154
2013-05-07 02:00:00+00:00,151.0204773,0.9146758
2013-05-07 03:00:00+00:00,159.8683777,0.9162393
2013-05-07 04:00:00+00:00,151.0239258,0.88869864
2013-05-07 05:00:00+00:00,371.6095886,166.24573
2013-05-07 06:00:00+00:00,225.6517944,0.9160959
2013-05-07 07:00:00+00:00,184.339035,0.90924656
2013-05-07 08:00:00+00:00,336.7191772,146.73676
2013-05-07 09:00:00+00:00,198.2328796,0.91952056
2013-05-07 10:00:00+00:00,192.6130066,0.9246575
2013-05-07 11:00:00+00:00,174.28302,0.9247863
2013-05-07 12:00:00+00:00,438.2355042,157.27257
2013-05-07 13:00:00+00:00,220.3441772,0.93835616
2013-05-07 14:00:00+00:00,382.3162537,140.57509
2013-05-07 15:00:00+00:00,485.5479431,148.67747
2013-05-07 16:00:00+00:00,508.0683899,89.53504
2013-05-07 17:00:00+00:00,276.7623901,0.95051193
2013-05-07 18:00:00+00:00,1010.807129,0.8949153
2013-05-07 19:00:00+00:00,1092.202759,143.57167
2013-05-07 20:00:00+00:00,337.6348267,0.93174064
2013-05-07 21:00:00+00:00,238.3111115,0.9590444
2013-05-07 22:00:00+00:00,195.3651886,0.9334471
2013-05-07 23:00:00+00:00,181.6535797,0.90784985
2013-05-08 00:00:00+00:00,191.001709,0.90614337
2013-05-08 01:00:00+00:00,182.672348,0.8976109
2013-05-08 02:00:00+00:00,187.9316254,0.9076923
2013-05-08 03:00:00+00:00,187.0700836,0.92991453
2013-05-08 04:00:00+00:00,186.7025604,0.8905983
2013-05-08 05:00:00+00:00,184.1333313,0.9112628
2013-05-08 06:00:00+00:00,717.7461548,445.17007
2013-05-08 07:00:00+00:00,328.7698975,0.91952056
2013-05-08 08:00:00+00:00,279.005127,0.87542665
2013-05-08 09:00:00+00:00,587.7692261,160.35556
2013-05-08 10:00:00+00:00,339.621582,0.90784985
2013-05-08 11:00:00+00:00,436.8522339,151.64456
2013-05-08 12:00:00+00:00,210.5470123,0.94529915
2013-05-08 13:00:00+00:00,225.2153778,0.93333334
2013-05-08 14:00:00+00:00,223.7448578,0.93846154
2013-05-08 15:00:00+00:00,211.6495667,0.9334471
2013-05-08 16:00:00+00:00,334.2688293,0.93867123
2013-05-08 17:00:00+00:00,497.5921631,135.12096
2013-05-08 18:00:00+00:00,341.2593994,0.9283276
2013-05-08 19:00:00+00:00,1586.257935,0.94276094
2013-05-08 20:00:00+00:00,312.8617859,0.9047619
2013-05-08 21:00:00+00:00,200.7491455,0.94880545
2013-05-08 22:00:00+00:00,168.5093689,0.89778537
2013-05-08 23:00:00+00:00,174.0802002,0.9334471
2013-05-09 00:00:00+00:00,164.4436798,0.8959044
2013-05-09 01:00:00+00:00,171.5631409,0.93504274
2013-05-09 02:00:00+00:00,165.9863281,0.92662114
2013-05-09 03:00:00+00:00,169.6273499,0.89726025
2013-05-09 04:00:00+00:00,164.8304749,0.95042735
2013-05-09 05:00:00+00:00,231.5574951,36.351536
2013-05-09 06:00:00+00:00,164.3287659,0.9143836
2013-05-09 07:00:00+00:00,447.9811096,219.40956
2013-05-09 08:00:00+00:00,245.7277374,0.9160959
2013-05-09 09:00:00+00:00,245.5958862,0.94863015
2013-05-09 10:00:00+00:00,395.2470093,3.635274
2013-05-09 11:00:00+00:00,448.9142456,130.23761
2013-05-09 12:00:00+00:00,225.5256805,0.9332192
2013-05-09 13:00:00+00:00,235.8782196,0.94700855
2013-05-09 14:00:00+00:00,392.9606934,167.99487
2013-05-09 15:00:00+00:00,238.0618591,0.9537671
2013-05-09 16:00:00+00:00,236.8818512,0.92649573
2013-05-09 17:00:00+00:00,543.6318359,0.9349315
2013-05-09 18:00:00+00:00,948.001709,159.38672
2013-05-09 19:00:00+00:00,1259.969727,0.9206081
2013-05-09 20:00:00+00:00,460.0222473,107.196915
2013-05-09 21:00:00+00:00,265.5102844,0.9332192
2013-05-09 22:00:00+00:00,153.0569,0.943686
2013-05-09 23:00:00+00:00,162.2414398,0.94871795
2013-05-10 00:00:00+00:00,151.5616455,0.9143836
2013-05-10 01:00:00+00:00,163.1986237,0.94691783
2013-05-10 02:00:00+00:00,153.1917877,0.91952056
2013-05-10 03:00:00+00:00,161.4151001,0.92795885
2013-05-10 04:00:00+00:00,164.1198578,0.9246575
2013-05-10 05:00:00+00:00,205.626297,0.9179487
2013-05-10 06:00:00+00:00,261.4459839,46.727272
2013-05-10 07:00:00+00:00,329.5265808,95.979454
2013-05-10 08:00:00+00:00,270.7084045,0.90909094
2013-05-10 09:00:00+00:00,200.1575317,0.9212329
2013-05-10 10:00:00+00:00,153.56604,0.9296741
2013-05-10 11:00:00+00:00,154.718689,0.93310463
2013-05-10 12:00:00+00:00,155.0154114,0.9451115
2013-05-10 13:00:00+00:00,149.8130341,0.95547944
2013-05-10 14:00:00+00:00,154.7084045,0.95368785
2013-05-10 15:00:00+00:00,149.3904114,0.9606164
2013-05-10 16:00:00+00:00,549.7302246,316.45377
2013-05-10 17:00:00+00:00,292.7208862,0.93504274
2013-05-10 18:00:00+00:00,406.2769165,143.7087
2013-05-10 19:00:00+00:00,322.4332275,0.94863015
2013-05-10 20:00:00+00:00,498.5008545,161.77986
2013-05-10 21:00:00+00:00,429.996582,111.96923
2013-05-10 22:00:00+00:00,193.0137024,0.9349315
2013-05-10 23:00:00+00:00,154.4410248,0.92820513
2013-05-11 00:00:00+00:00,160.1421204,0.9126712
2013-05-11 01:00:00+00:00,148.6849365,0.89897263
2013-05-11 02:00:00+00:00,158.9502563,0.92795885
2013-05-11 03:00:00+00:00,148.9280853,0.92636985
2013-05-11 04:00:00+00:00,176.8233337,0.92281306
2013-05-11 05:00:00+00:00,160.5008545,0.89022297
2013-05-11 06:00:00+00:00,177.1938324,0.9108062
2013-05-11 07:00:00+00:00,570.7180176,306.2338
2013-05-11 08:00:00+00:00,268.2216492,0.91752577
2013-05-11 09:00:00+00:00,325.2469788,77.537674
2013-05-11 10:00:00+00:00,1276.554932,421.04236
2013-05-11 11:00:00+00:00,749.7384644,0.923339
2013-05-11 12:00:00+00:00,294.59552,0.9109589
2013-05-11 13:00:00+00:00,240.8027496,0.9313894
2013-05-11 14:00:00+00:00,346.4089355,118.33562
2013-05-11 15:00:00+00:00,373.7989502,0.9109589
2013-05-11 16:00:00+00:00,614.5137329,195.92612
2013-05-11 17:00:00+00:00,732.0806274,136.78596
2013-05-11 18:00:00+00:00,687.5379028,0.93504274
2013-05-11 19:00:00+00:00,1397.653687,0.91062397
2013-05-11 20:00:00+00:00,503.0462341,156.51541
2013-05-11 21:00:00+00:00,302.6689453,0.92109776
2013-05-11 22:00:00+00:00,200.3247375,0.92783505
2013-05-11 23:00:00+00:00,177.1993103,0.9347079
2013-05-12 00:00:00+00:00,166.2749176,0.9108062
2013-05-12 01:00:00+00:00,169.1357422,0.91580755
2013-05-12 02:00:00+00:00,152.3253021,1.9380379
2013-05-12 03:00:00+00:00,154.2628937,0.90378004
2013-05-12 04:00:00+00:00,186.0034485,0.86230636
2013-05-12 05:00:00+00:00,206.6655121,0.9053356
2013-05-12 06:00:00+00:00,561.4490356,287.25558
2013-05-12 07:00:00+00:00,905.6862183,0.914966
2013-05-12 08:00:00+00:00,626.9862671,338.13358
2013-05-12 09:00:00+00:00,1082.06189,172.19557
2013-05-12 10:00:00+00:00,272.0929565,0.9070568
2013-05-12 11:00:00+00:00,418.3732605,25.982876
2013-05-12 12:00:00+00:00,545.496582,293.98972
2013-05-12 13:00:00+00:00,269.1256409,0.92254734
2013-05-12 14:00:00+00:00,501.8692017,0.92254734
2013-05-12 15:00:00+00:00,463.3539429,157.31218
2013-05-12 16:00:00+00:00,617.3511353,144.72556
2013-05-12 17:00:00+00:00,346.2448425,0.92783505
2013-05-12 18:00:00+00:00,1551.423706,160.79695
2013-05-12 19:00:00+00:00,556.5222778,0.93333334
2013-05-12 20:00:00+00:00,332.7975769,0.92281306
2013-05-12 21:00:00+00:00,242.6179047,0.91595197
2013-05-12 22:00:00+00:00,168.1560822,0.9243986
2013-05-12 23:00:00+00:00,164.2151489,0.9176672
2013-05-13 00:00:00+00:00,168.8336182,0.92268044
2013-05-13 01:00:00+00:00,159.4320068,0.9005146
2013-05-13 02:00:00+00:00,168.0446777,0.93310463
2013-05-13 03:00:00+00:00,157.6546326,0.9209622
2013-05-13 04:00:00+00:00,200.4501648,0.9193825
2013-05-13 05:00:00+00:00,535.9414063,317.50772
2013-05-13 06:00:00+00:00,228.7766266,0.94501716
2013-05-13 07:00:00+00:00,212.5610962,0.9193825
2013-05-13 08:00:00+00:00,215.1151276,0.92109776
2013-05-13 09:00:00+00:00,217.3996582,0.9365352
2013-05-13 10:00:00+00:00,368.8216248,167.46404
2013-05-13 11:00:00+00:00,271.5837708,31.857876
2013-05-13 12:00:00+00:00,440.2006836,143.76712
2013-05-13 13:00:00+00:00,266.5420227,0.948542
2013-05-13 14:00:00+00:00,388.8421936,112.946915
2013-05-13 15:00:00+00:00,486.5214539,57.469982
2013-05-13 16:00:00+00:00,715.1773071,159.42294
2013-05-13 17:00:00+00:00,227.64151,0.94863015
2013-05-13 18:00:00+00:00,1488.613159,0.9394958
2013-05-13 19:00:00+00:00,640.331604,201.38054
2013-05-13 20:00:00+00:00,396.0242615,64.83419
2013-05-13 21:00:00+00:00,217.1198578,0.9537671
2013-05-13 22:00:00+00:00,161.9708405,0.9433962
2013-05-13 23:00:00+00:00,156.2144012,0.94682676
2013-05-14 00:00:00+00:00,151.9125214,0.9554031
2013-05-14 01:00:00+00:00,157.707901,0.9243986
2013-05-14 02:00:00+00:00,148.8439178,0.93996567
2013-05-14 03:00:00+00:00,158.7814178,0.9295533
2013-05-14 04:00:00+00:00,174.1237183,0.92268044
2013-05-14 05:00:00+00:00,212.2096252,0.94168097
2013-05-14 06:00:00+00:00,426.6065369,171.16809
2013-05-14 07:00:00+00:00,280.4127808,41.264153
2013-05-14 08:00:00+00:00,250.4020691,0.9535284
2013-05-14 09:00:00+00:00,343.5326538,0.91952056
2013-05-14 10:00:00+00:00,275.8745728,0.9467354
2013-05-14 11:00:00+00:00,433.0639038,189.47089
2013-05-14 12:00:00+00:00,249.5240479,0.9415808
2013-05-14 13:00:00+00:00,380.3161621,0.9484536
2013-05-14 14:00:00+00:00,280.5773315,0.9415808
2013-05-14 15:00:00+00:00,264.9553223,0.9467354
2013-05-14 16:00:00+00:00,432.4570313,186.16267
2013-05-14 17:00:00+00:00,503.3095703,76.441025
2013-05-14 18:00:00+00:00,801.6109009,0.93846154
2013-05-14 19:00:00+00:00,1378.062744,155.07614
2013-05-14 20:00:00+00:00,500.5610962,108.96741
2013-05-14 21:00:00+00:00,303.9690857,0.9587629
2013-05-14 22:00:00+00:00,153.5618591,0.9484536
2013-05-14 23:00:00+00:00,161.0929413,0.95697075
2013-05-15 00:00:00+00:00,144.2474213,0.93986255
2013-05-15 01:00:00+00:00,154.5886383,0.94501716
2013-05-15 02:00:00+00:00,152.4206848,0.91065294
2013-05-15 03:00:00+00:00,146.7710876,0.92082614
2013-05-15 04:00:00+00:00,218.9449158,0.93631667
2013-05-15 05:00:00+00:00,204.2936096,0.9242685
2013-05-15 06:00:00+00:00,671.8492432,322.21674
2013-05-15 07:00:00+00:00,436.9449158,157.03615
2013-05-15 08:00:00+00:00,256.2926025,0.96391755
2013-05-15 09:00:00+00:00,441.540741,183.75342
2013-05-15 10:00:00+00:00,453.899292,63.114727
2013-05-15 11:00:00+00:00,465.0910645,105.6072
2013-05-15 12:00:00+00:00,308.795166,0.92943203
2013-05-15 13:00:00+00:00,308.6987915,0.9345955
2013-05-15 14:00:00+00:00,510.2943115,0.9466437
2013-05-15 15:00:00+00:00,516.2684937,129.97595
2013-05-15 16:00:00+00:00,684.5965576,177.85103
2013-05-15 17:00:00+00:00,220.9982758,0.9604131
2013-05-15 18:00:00+00:00,1132.202393,0.9101695
2013-05-15 19:00:00+00:00,869.7559814,91.0477
2013-05-15 20:00:00+00:00,433.1574402,66.47513
2013-05-15 21:00:00+00:00,255.8261566,0.95697075
2013-05-15 22:00:00+00:00,160.3529358,0.9117647
2013-05-15 23:00:00+00:00,0,0.9117647
2013-05-16 00:00:00+00:00,0,0.9117647
2013-05-16 01:00:00+00:00,0,0.9117647
2013-05-16 02:00:00+00:00,0,0.9117647
2013-05-16 03:00:00+00:00,0,0.9117647
2013-05-16 04:00:00+00:00,0,0.9117647
2013-05-16 05:00:00+00:00,0,0.9117647
2013-05-16 06:00:00+00:00,0,0.9117647
2013-05-16 07:00:00+00:00,0,0.9117647
2013-05-16 08:00:00+00:00,0,0.9117647
2013-05-16 09:00:00+00:00,0,0
2013-05-16 10:00:00+00:00,0,0
2013-05-16 11:00:00+00:00,0,0
2013-05-16 12:00:00+00:00,0,0
2013-05-16 13:00:00+00:00,0,0
2013-05-16 14:00:00+00:00,0,0
2013-05-16 15:00:00+00:00,0,0
2013-05-16 16:00:00+00:00,0,0
2013-05-16 17:00:00+00:00,0,0
2013-05-16 18:00:00+00:00,0,0
2013-05-16 19:00:00+00:00,0,0
2013-05-16 20:00:00+00:00,0,0
2013-05-16 21:00:00+00:00,0,0
2013-05-16 22:00:00+00:00,0,0
2013-05-16 23:00:00+00:00,0,0
2013-05-17 00:00:00+00:00,0,0
2013-05-17 01:00:00+00:00,0,0
2013-05-17 02:00:00+00:00,0,0
2013-05-17 03:00:00+00:00,0,0
2013-05-17 04:00:00+00:00,0,0
2013-05-17 05:00:00+00:00,0,0
2013-05-17 06:00:00+00:00,0,0
2013-05-17 07:00:00+00:00,0,0
2013-05-17 08:00:00+00:00,0,0
2013-05-17 09:00:00+00:00,0,0
2013-05-17 10:00:00+00:00,0,0
2013-05-17 11:00:00+00:00,0,0
2013-05-17 12:00:00+00:00,0,0
2013-05-17 13:00:00+00:00,0,0
2013-05-17 14:00:00+00:00,0,0
2013-05-17 15:00:00+00:00,0,0
2013-05-17 16:00:00+00:00,0,0
2013-05-17 17:00:00+00:00,0,0
2013-05-17 18:00:00+00:00,0,0
2013-05-17 19:00:00+00:00,0,0
2013-05-17 20:00:00+00:00,0,0
2013-05-17 21:00:00+00:00,0,0
2013-05-17 22:00:00+00:00,0,0
2013-05-17 23:00:00+00:00,0,0
2013-05-18 00:00:00+00:00,0,0
2013-05-18 01:00:00+00:00,0,0
2013-05-18 02:00:00+00:00,0,0
2013-05-18 03:00:00+00:00,0,0
2013-05-18 04:00:00+00:00,0,0
2013-05-18 05:00:00+00:00,0,0
2013-05-18 06:00:00+00:00,0,0
2013-05-18 07:00:00+00:00,0,0
2013-05-18 08:00:00+00:00,0,0
2013-05-18 09:00:00+00:00,0,0
2013-05-18 10:00:00+00:00,0,0
2013-05-18 11:00:00+00:00,0,0
2013-05-18 12:00:00+00:00,0,0
2013-05-18 13:00:00+00:00,0,0
2013-05-18 14:00:00+00:00,0,0
2013-05-18 15:00:00+00:00,0,0
2013-05-18 16:00:00+00:00,0,0
2013-05-18 17:00:00+00:00,0,0
2013-05-18 18:00:00+00:00,0,0
2013-05-18 19:00:00+00:00,0,0
2013-05-18 20:00:00+00:00,0,0
2013-05-18 21:00:00+00:00,0,0
2013-05-18 22:00:00+00:00,0,0
2013-05-18 23:00:00+00:00,0,0
2013-05-19 00:00:00+00:00,0,0
2013-05-19 01:00:00+00:00,0,0
2013-05-19 02:00:00+00:00,0,0
2013-05-19 03:00:00+00:00,0,0
2013-05-19 04:00:00+00:00,0,0
2013-05-19 05:00:00+00:00,0,0
2013-05-19 06:00:00+00:00,0,0
2013-05-19 07:00:00+00:00,0,0
2013-05-19 08:00:00+00:00,0,0
2013-05-19 09:00:00+00:00,0,0
2013-05-19 10:00:00+00:00,0,0
2013-05-19 11:00:00+00:00,0,0
2013-05-19 12:00:00+00:00,0,0
2013-05-19 13:00:00+00:00,0,0
2013-05-19 14:00:00+00:00,0,0
2013-05-19 15:00:00+00:00,0,0
2013-05-19 16:00:00+00:00,0,0
2013-05-19 17:00:00+00:00,0,0
2013-05-19 18:00:00+00:00,0,0
2013-05-19 19:00:00+00:00,0,0
2013-05-19 20:00:00+00:00,0,0
2013-05-19 21:00:00+00:00,0,0
2013-05-19 22:00:00+00:00,0,0
2013-05-19 23:00:00+00:00,0,0
2013-05-20 00:00:00+00:00,0,0
2013-05-20 01:00:00+00:00,0,0
2013-05-20 02:00:00+00:00,0,0
2013-05-20 03:00:00+00:00,0,0
2013-05-20 04:00:00+00:00,0,0
2013-05-20 05:00:00+00:00,0,0
2013-05-20 06:00:00+00:00,0,0
2013-05-20 07:00:00+00:00,0,0
2013-05-20 08:00:00+00:00,0,0
2013-05-20 09:00:00+00:00,0,0
2013-05-20 10:00:00+00:00,0,0
2013-05-20 11:00:00+00:00,0,0
2013-05-20 12:00:00+00:00,0,0
2013-05-20 13:00:00+00:00,0,0
2013-05-20 14:00:00+00:00,0,0
2013-05-20 15:00:00+00:00,0,0
2013-05-20 16:00:00+00:00,1382.116333,1179.5862
2013-05-20 17:00:00+00:00,0,1179.5862
2013-05-20 18:00:00+00:00,0,1179.5862
2013-05-20 19:00:00+00:00,0,1179.5862
2013-05-20 20:00:00+00:00,0,1179.5862
2013-05-20 21:00:00+00:00,347.1601257,0.98039216
2013-05-20 22:00:00+00:00,284.0308228,0.9537671
2013-05-20 23:00:00+00:00,260.0666809,0.9709402
2013-05-21 00:00:00+00:00,252.0649567,0.94880545
2013-05-21 01:00:00+00:00,160.2397308,0.94863015
2013-05-21 02:00:00+00:00,165.2598267,0.9777778
2013-05-21 03:00:00+00:00,151.3145294,0.96752137
2013-05-21 04:00:00+00:00,157.9259949,0.94188035
2013-05-21 05:00:00+00:00,195.6069031,0.95042735
2013-05-21 06:00:00+00:00,154.2683716,0.94529915
2013-05-21 07:00:00+00:00,161.0239716,0.9332192
2013-05-21 08:00:00+00:00,362.3184814,169.21367
2013-05-21 09:00:00+00:00,253.8030853,0.9691781
2013-05-21 10:00:00+00:00,242.6878662,0.9643564
2013-05-21 11:00:00+00:00,325.8544617,0.95555556
2013-05-21 12:00:00+00:00,245.8544464,0.96746576
2013-05-21 13:00:00+00:00,240.501709,0.97602737
2013-05-21 14:00:00+00:00,238.2487183,0.95711833
2013-05-21 15:00:00+00:00,232.160965,0.94691783
2013-05-21 16:00:00+00:00,245.7701569,0.93310463
2013-05-21 17:00:00+00:00,501.494873,183.67918
2013-05-21 18:00:00+00:00,205.2157593,0.9708904
2013-05-21 19:00:00+00:00,1093.127075,0.95925295
2013-05-21 20:00:00+00:00,1211.943604,268.7619
2013-05-21 21:00:00+00:00,562.7581177,0.95726496
2013-05-21 22:00:00+00:00,299.6329346,0.96410257
2013-05-21 23:00:00+00:00,192.0240173,0.9433962
2013-05-22 00:00:00+00:00,164.679245,0.948542
2013-05-22 01:00:00+00:00,154.5883331,0.948542
2013-05-22 02:00:00+00:00,167.4631195,0.9639794
2013-05-22 03:00:00+00:00,153.3790741,0.9451115
2013-05-22 04:00:00+00:00,200.2010345,0.9415808
2013-05-22 05:00:00+00:00,159.7525787,0.95197254
2013-05-22 06:00:00+00:00,184.754303,0.9606164
2013-05-22 07:00:00+00:00,156.2646027,0.95704466
2013-05-22 08:00:00+00:00,204.1355133,0.95883363
2013-05-22 09:00:00+00:00,438.1944885,216.07877
2013-05-22 10:00:00+00:00,249.8130341,0.9296741
2013-05-22 11:00:00+00:00,362.0724182,0.95719177
2013-05-22 12:00:00+00:00,244.6089172,0.96391755
2013-05-22 13:00:00+00:00,246.6683807,0.96740997
2013-05-22 14:00:00+00:00,268.501709,0.9604811
2013-05-22 15:00:00+00:00,431.7735901,0.9605489
2013-05-22 16:00:00+00:00,421.4065247,194.25215
2013-05-22 17:00:00+00:00,496.5310364,223.99486
2013-05-22 18:00:00+00:00,441.2344971,0.9623288
2013-05-22 19:00:00+00:00,1558.929077,266.72543
2013-05-22 20:00:00+00:00,902.1160278,0.9625213
2013-05-22 21:00:00+00:00,384.5996704,0.9467354
2013-05-22 22:00:00+00:00,277.0774536,0.9518072
2013-05-22 23:00:00+00:00,307.0640259,0.9554031
2013-05-23 00:00:00+00:00,279.1290894,0.95697075
2013-05-23 01:00:00+00:00,237.8863983,0.95524955
2013-05-23 02:00:00+00:00,139.4637909,0.9414802
2013-05-23 03:00:00+00:00,140.4819336,0.93631667
2013-05-23 04:00:00+00:00,196.6051788,0.94482756
2013-05-23 05:00:00+00:00,194.4524994,0.9464594
2013-05-23 06:00:00+00:00,152.6781464,0.96213424
2013-05-23 07:00:00+00:00,141.3000031,0.962069
2013-05-23 08:00:00+00:00,135.4492188,0.9380379
2013-05-23 09:00:00+00:00,143.3741455,0.9534483
2013-05-23 10:00:00+00:00,448.2076111,201.43665
2013-05-23 11:00:00+00:00,246.5258636,0.9551724
2013-05-23 12:00:00+00:00,227.9741821,0.94320136
2013-05-23 13:00:00+00:00,411.1669617,159.52324
2013-05-23 14:00:00+00:00,223.5103455,0.9517241
2013-05-23 15:00:00+00:00,409.8952026,181.6747
2013-05-23 16:00:00+00:00,236.40448,0.9466437
2013-05-23 17:00:00+00:00,234.4206848,0.9413793
2013-05-23 18:00:00+00:00,316.2000122,0.96907216
2013-05-23 19:00:00+00:00,256.2486877,0.95697075
2013-05-23 20:00:00+00:00,972.9364014,302.76068
2013-05-23 21:00:00+00:00,1256.32373,0.9677966
2013-05-23 22:00:00+00:00,280.5448303,0.96901894
2013-05-23 23:00:00+00:00,259.0258484,0.9672414
2013-05-24 00:00:00+00:00,282.1017151,0.92068964
2013-05-24 01:00:00+00:00,185.580307,0.92918825
2013-05-24 02:00:00+00:00,143.0517273,0.962069
2013-05-24 03:00:00+00:00,135.7564697,0.955095
2013-05-24 04:00:00+00:00,200.9240112,0.93264246
2013-05-24 05:00:00+00:00,207.2266388,0.9463668
2013-05-24 06:00:00+00:00,151.756897,0.9655172
2013-05-24 07:00:00+00:00,139.6666718,0.96027637
2013-05-24 08:00:00+00:00,135.186203,0.94310343
2013-05-24 09:00:00+00:00,143.3713226,0.94127804
2013-05-24 10:00:00+00:00,238.1465454,0.95
2013-05-24 11:00:00+00:00,269.4663086,0.9464594
2013-05-24 12:00:00+00:00,340.1876221,0.9604131
2013-05-24 13:00:00+00:00,269.9395447,0.95
2013-05-24 14:00:00+00:00,191.7944794,0.9585492
2013-05-24 15:00:00+00:00,144.2642517,0.93782383
2013-05-24 16:00:00+00:00,187.1692505,0.9551724
2013-05-24 17:00:00+00:00,146.7012024,0.9430052
2013-05-24 18:00:00+00:00,188.177887,0.93091536
2013-05-24 19:00:00+00:00,176.6189728,0.95
2013-05-24 20:00:00+00:00,635.9481812,348.36365
2013-05-24 21:00:00+00:00,371.661499,0.97409326
2013-05-24 22:00:00+00:00,306.1502686,0.95008606
2013-05-24 23:00:00+00:00,274.9275818,0.94827586
2013-05-25 00:00:00+00:00,268.7910156,0.94127804
2013-05-25 01:00:00+00:00,212.0379333,0.93448275
2013-05-25 02:00:00+00:00,132.8065643,0.9430052
2013-05-25 03:00:00+00:00,148.7616577,0.94127804
2013-05-25 04:00:00+00:00,212.3875427,0.9273356
2013-05-25 05:00:00+00:00,207.2508698,0.9584775
2013-05-25 06:00:00+00:00,151.3678741,0.9516408
2013-05-25 07:00:00+00:00,135.9689178,0.9585492
2013-05-25 08:00:00+00:00,322.7056885,163.45189
2013-05-25 09:00:00+00:00,138.7029419,0.97063905
2013-05-25 10:00:00+00:00,284.2124329,0.9483649
2013-05-25 11:00:00+00:00,576.0380859,162.7072
2013-05-25 12:00:00+00:00,300.4448242,0.9775862
2013-05-25 13:00:00+00:00,455.005188,227.28473
2013-05-25 14:00:00+00:00,247.5215912,0.96901894
2013-05-25 15:00:00+00:00,289.086792,0.96729773
2013-05-25 16:00:00+00:00,362.743103,0.9551724
2013-05-25 17:00:00+00:00,513.5716553,157.25342
2013-05-25 18:00:00+00:00,261.0327454,0.9637931
2013-05-25 19:00:00+00:00,1800.701538,169.51093
2013-05-25 20:00:00+00:00,292.5524902,0.9604131
2013-05-25 21:00:00+00:00,227.8416595,0.96385545
2013-05-25 22:00:00+00:00,202.9844818,0.9724138
2013-05-25 23:00:00+00:00,221.0384674,0.9414802
2013-05-26 00:00:00+00:00,287.372406,0.9293103
2013-05-26 01:00:00+00:00,208.2003479,0.93955094
2013-05-26 02:00:00+00:00,150.8051758,0.94655174
2013-05-26 03:00:00+00:00,135.0726624,0.9411765
2013-05-26 04:00:00+00:00,204.6286774,0.92573404
2013-05-26 05:00:00+00:00,204.0709381,0.9394464
2013-05-26 06:00:00+00:00,157.8860168,0.94127804
2013-05-26 07:00:00+00:00,137.0656281,0.9568221
2013-05-26 08:00:00+00:00,320.8912048,174.02927
2013-05-26 09:00:00+00:00,1196.861572,0.96615905
2013-05-26 10:00:00+00:00,1614.715454,0.9510135
2013-05-26 11:00:00+00:00,1061.76123,275.54388
2013-05-26 12:00:00+00:00,855.2478638,0.9606164
2013-05-26 13:00:00+00:00,246.4165192,0.9707401
2013-05-26 14:00:00+00:00,220.2176208,0.9483649
2013-05-26 15:00:00+00:00,507.4732361,163.16295
2013-05-26 16:00:00+00:00,414.7443848,0.9554031
2013-05-26 17:00:00+00:00,551.2835083,0.97274274
2013-05-26 18:00:00+00:00,338.3018799,0.96575344
2013-05-26 19:00:00+00:00,1307.922607,0.9612142
2013-05-26 20:00:00+00:00,528.6426392,180.93494
2013-05-26 21:00:00+00:00,289.3065186,0.9623288
2013-05-26 22:00:00+00:00,212.4151001,0.9794168
2013-05-26 23:00:00+00:00,168.6706696,0.9794168
2013-05-27 00:00:00+00:00,133.2367096,0.96740997
2013-05-27 01:00:00+00:00,146.3499146,0.974271
2013-05-27 02:00:00+00:00,132.8490601,0.95197254
2013-05-27 03:00:00+00:00,147.0549774,0.95532644
2013-05-27 04:00:00+00:00,132.0962219,0.9484536
2013-05-27 05:00:00+00:00,146.5670166,0.96907216
2013-05-27 06:00:00+00:00,134.6265106,0.9741824
2013-05-27 07:00:00+00:00,145.6718445,0.9604811
2013-05-27 08:00:00+00:00,299.2650452,169.87479
2013-05-27 09:00:00+00:00,194.8445587,0.9604811
2013-05-27 10:00:00+00:00,694.1646118,403.84238
2013-05-27 11:00:00+00:00,246.9673004,0.9707904
2013-05-27 12:00:00+00:00,151.4725037,0.97422683
2013-05-27 13:00:00+00:00,193.0274963,0.96391755
2013-05-27 14:00:00+00:00,167.886795,0.9604811
2013-05-27 15:00:00+00:00,185.3333282,0.96569467
2013-05-27 16:00:00+00:00,459.0790405,148.74486
2013-05-27 17:00:00+00:00,458.1724243,0.9761499
2013-05-27 18:00:00+00:00,938.4360962,160.13435
2013-05-27 19:00:00+00:00,1150.510132,12.260575
2013-05-27 20:00:00+00:00,676.3619385,164.66496
2013-05-27 21:00:00+00:00,291.2893982,0.9708904
2013-05-27 22:00:00+00:00,268.0530701,0.97431505
2013-05-27 23:00:00+00:00,199.6592407,0.97773975
2013-05-28 00:00:00+00:00,141.3578796,0.9589041
2013-05-28 01:00:00+00:00,150.3900299,0.96752137
2013-05-28 02:00:00+00:00,134.4288177,0.9639794
2013-05-28 03:00:00+00:00,146.5821991,0.95547944
2013-05-28 04:00:00+00:00,134.0274506,0.9691252
2013-05-28 05:00:00+00:00,148.2572937,0.95368785
2013-05-28 06:00:00+00:00,138.2915955,0.97770154
2013-05-28 07:00:00+00:00,143.4596863,0.9622642
2013-05-28 08:00:00+00:00,151.1612396,0.95368785
2013-05-28 09:00:00+00:00,143.2663269,0.93986255
2013-05-28 10:00:00+00:00,138.1903992,0.95883363
2013-05-28 11:00:00+00:00,142.3327637,0.9622642
2013-05-28 12:00:00+00:00,137.6941528,0.9656357
2013-05-28 13:00:00+00:00,143.3516235,0.9605489
2013-05-28 14:00:00+00:00,139.850769,0.9605489
2013-05-28 15:00:00+00:00,139.4725037,0.97422683
2013-05-28 16:00:00+00:00,334.331604,0.9605489
2013-05-28 17:00:00+00:00,822.0568848,294.03238
2013-05-28 18:00:00+00:00,1166.273926,194.11545
2013-05-28 19:00:00+00:00,1032.555908,0.9677966
2013-05-28 20:00:00+00:00,304.71698,0.96907216
2013-05-28 21:00:00+00:00,253.4381409,0.95719177
2013-05-28 22:00:00+00:00,289.9450989,0.9691252
2013-05-28 23:00:00+00:00,265.6185608,0.96391755
2013-05-29 00:00:00+00:00,154.9776611,0.91752577
2013-05-29 01:00:00+00:00,138.5969086,0.9622642
2013-05-29 02:00:00+00:00,140.5395203,0.95532644
2013-05-29 03:00:00+00:00,142.5893402,0.9348199
2013-05-29 04:00:00+00:00,172.1841583,0.9655766
2013-05-29 05:00:00+00:00,157.7903748,0.93986255
2013-05-29 06:00:00+00:00,167.6305847,0.95532644
2013-05-29 07:00:00+00:00,409.9585571,171.24445
2013-05-29 08:00:00+00:00,183.7336731,0.9467354
2013-05-29 09:00:00+00:00,188.7731934,0.9725086
2013-05-29 10:00:00+00:00,186.153183,0.9655766
2013-05-29 11:00:00+00:00,319.7216492,152.78217
2013-05-29 12:00:00+00:00,283.4635315,111.06346
2013-05-29 13:00:00+00:00,178.3374176,0.97084045
2013-05-29 14:00:00+00:00,169.5593872,0.97590363
2013-05-29 15:00:00+00:00,161.0240479,0.95189005
2013-05-29 16:00:00+00:00,177.5852051,0.94492257
2013-05-29 17:00:00+00:00,594.0463867,148.11795
2013-05-29 18:00:00+00:00,388.4653931,0.97084045
2013-05-29 19:00:00+00:00,1276.255493,0.95952785
2013-05-29 20:00:00+00:00,386.1594543,149.91939
2013-05-29 21:00:00+00:00,241.4432983,0.9707904
2013-05-29 22:00:00+00:00,230.2736664,0.96729773
2013-05-29 23:00:00+00:00,139.6821289,0.9415808
2013-05-30 00:00:00+00:00,148.7762451,0.96213424
2013-05-30 01:00:00+00:00,133.7969055,0.9707401
2013-05-30 02:00:00+00:00,145.5731506,0.9466437
2013-05-30 03:00:00+00:00,135.3218536,0.9483649
2013-05-30 04:00:00+00:00,187.6368256,0.9345955
2013-05-30 05:00:00+00:00,143.6437225,0.9518072
2013-05-30 06:00:00+00:00,154.450943,0.95524955
2013-05-30 07:00:00+00:00,139.7762451,0.9707401
2013-05-30 08:00:00+00:00,135.7869415,0.9312715
2013-05-30 09:00:00+00:00,146.4371796,0.96385545
2013-05-30 10:00:00+00:00,407.2291565,202.66896
2013-05-30 11:00:00+00:00,276.1924438,0.9656357
2013-05-30 12:00:00+00:00,325.4766846,0.974271
2013-05-30 13:00:00+00:00,263.7383728,0.9655766
2013-05-30 14:00:00+00:00,239.6213379,0.96729773
2013-05-30 15:00:00+00:00,461.4827576,219.21062
2013-05-30 16:00:00+00:00,238.4389038,0.95524955
2013-05-30 17:00:00+00:00,592.9187012,159.62457
2013-05-30 18:00:00+00:00,436.7487183,0.9466437
2013-05-30 19:00:00+00:00,1824.813843,164.75462
2013-05-30 20:00:00+00:00,419.2344971,0.96901894
2013-05-30 21:00:00+00:00,353.3780212,0.9484536
2013-05-30 22:00:00+00:00,303.8864136,0.9535284
2013-05-30 23:00:00+00:00,280.9415894,0.9656357
2013-05-31 00:00:00+00:00,179.557663,0.95524955
2013-05-31 01:00:00+00:00,148.3166962,0.9466437
2013-05-31 02:00:00+00:00,143.5463867,0.9501718
2013-05-31 03:00:00+00:00,134.0569,0.9467354
2013-05-31 04:00:00+00:00,193.1017303,0.9672414
2013-05-31 05:00:00+00:00,131.0757294,0.92771083
2013-05-31 06:00:00+00:00,158.6609344,0.96729773
2013-05-31 07:00:00+00:00,343.3062134,173.79659
2013-05-31 08:00:00+00:00,240.4515533,0.95197254
2013-05-31 09:00:00+00:00,168.3907013,0.9604131
2013-05-31 10:00:00+00:00,199.1174469,0.9691252
2013-05-31 11:00:00+00:00,160.0690918,0.9707904
2013-05-31 12:00:00+00:00,169.4845428,0.9725086
2013-05-31 13:00:00+00:00,239.8485413,0.9415808
2013-05-31 14:00:00+00:00,427.3127136,194.30875
2013-05-31 15:00:00+00:00,312.2611694,0.95711833
2013-05-31 16:00:00+00:00,412.1955261,0.95711833
2013-05-31 17:00:00+00:00,867.1124268,0.96258503
2013-05-31 18:00:00+00:00,748.9199219,0.9558574
2013-05-31 19:00:00+00:00,354.6352844,165.05309
2013-05-31 20:00:00+00:00,317.7594604,128.39761
2013-05-31 21:00:00+00:00,236.6500854,0.96575344
2013-05-31 22:00:00+00:00,282.6729431,0.9537671
2013-05-31 23:00:00+00:00,273.5,0.9794521
2013-06-01 00:00:00+00:00,269.5025635,0.94682676
2013-06-01 01:00:00+00:00,280.3099365,0.94691783
2013-06-01 02:00:00+00:00,248.4802704,0.9245283
2013-06-01 03:00:00+00:00,155.6346436,0.93310463
2013-06-01 04:00:00+00:00,142.4759521,0.96391755
2013-06-01 05:00:00+00:00,164.9228058,0.9365352
2013-06-01 06:00:00+00:00,141.4484558,0.92783505
2013-06-01 07:00:00+00:00,149.4450226,0.9329897
2013-06-01 08:00:00+00:00,175.7772064,0.96740997
2013-06-01 09:00:00+00:00,150.1030884,0.9536083
2013-06-01 10:00:00+00:00,185.2788239,11.012028
2013-06-01 11:00:00+00:00,425.2448425,161.6
2013-06-01 12:00:00+00:00,261.424408,0.9605489
2013-06-01 13:00:00+00:00,177.6563568,0.9587629
2013-06-01 14:00:00+00:00,504.0684814,154.49658
2013-06-01 15:00:00+00:00,356.2250977,0.9656357
2013-06-01 16:00:00+00:00,260.4226685,0.93835616
2013-06-01 17:00:00+00:00,430.9777527,110.323074
2013-06-01 18:00:00+00:00,1121.071167,0.9559322
2013-06-01 19:00:00+00:00,1092.876465,278.05405
2013-06-01 20:00:00+00:00,252.4417877,0.9520548
2013-06-01 21:00:00+00:00,200.8801422,0.9691781
2013-06-01 22:00:00+00:00,285.6843872,0.96752137
2013-06-01 23:00:00+00:00,282.8578796,0.9640411
2013-06-02 00:00:00+00:00,247.3053131,0.95883363
2013-06-02 01:00:00+00:00,141.6592407,0.9640411
2013-06-02 02:00:00+00:00,144.1646729,0.9537671
2013-06-02 03:00:00+00:00,140.0674744,0.9589041
2013-06-02 04:00:00+00:00,142.8833618,0.95883363
2013-06-02 05:00:00+00:00,137.4253845,0.96569467
2013-06-02 06:00:00+00:00,142.8556671,0.96907216
2013-06-02 07:00:00+00:00,137.9674072,0.95532644
2013-06-02 08:00:00+00:00,143.451889,0.9348199
2013-06-02 09:00:00+00:00,338.2805481,165.76712
2013-06-02 10:00:00+00:00,1016.504272,195.43538
2013-06-02 11:00:00+00:00,868.1658325,0.97098976
2013-06-02 12:00:00+00:00,601.9468384,321.52225
2013-06-02 13:00:00+00:00,375.1531982,113.2637
2013-06-02 14:00:00+00:00,261.0635681,0.95547944
2013-06-02 15:00:00+00:00,221.0411682,0.9639794
2013-06-02 16:00:00+00:00,390.1578064,0.974271
2013-06-02 17:00:00+00:00,438.2972412,82.006836
2013-06-02 18:00:00+00:00,990.1777954,78.03905
2013-06-02 19:00:00+00:00,961.5084839,0.9745331
2013-06-02 20:00:00+00:00,355.5697021,0.9777778
2013-06-02 21:00:00+00:00,242.4880066,0.97773975
2013-06-02 22:00:00+00:00,244.0085754,0.97255576
2013-06-02 23:00:00+00:00,167.0446777,0.982906
2013-06-03 00:00:00+00:00,140.8404846,0.94682676
2013-06-03 01:00:00+00:00,145.0034332,0.9605489
2013-06-03 02:00:00+00:00,135.259903,0.94863015
2013-06-03 03:00:00+00:00,146.3722076,0.974271
2013-06-03 04:00:00+00:00,131.5034332,0.95368785
2013-06-03 05:00:00+00:00,159.7835083,0.9365352
2013-06-03 06:00:00+00:00,152.6580811,0.9484536
2013-06-03 07:00:00+00:00,389.4628601,167.95197
2013-06-03 08:00:00+00:00,205.406189,0.9776632
2013-06-03 09:00:00+00:00,175.7017212,0.9691781
2013-06-03 10:00:00+00:00,316.7848511,171.0686
2013-06-03 11:00:00+00:00,238.763382,0.9759863
2013-06-03 12:00:00+00:00,172.0823364,0.97255576
2013-06-03 13:00:00+00:00,172.1485291,0.97255576
2013-06-03 14:00:00+00:00,482.9759521,334.0598
2013-06-03 15:00:00+00:00,247.7873077,0.9622642
2013-06-03 16:00:00+00:00,550.9177856,158.44957
2013-06-03 17:00:00+00:00,338.0873413,0.9863248
2013-06-03 18:00:00+00:00,1123.31189,0.96954316
2013-06-03 19:00:00+00:00,775.9151001,152.33731
2013-06-03 20:00:00+00:00,467.6958618,0.9761092
2013-06-03 21:00:00+00:00,292.0376587,0.9828767
2013-06-03 22:00:00+00:00,171.8247375,0.95555556
2013-06-03 23:00:00+00:00,156.4520569,0.9623288
2013-06-04 00:00:00+00:00,150.6695251,0.9640411
2013-06-04 01:00:00+00:00,153.503418,0.9880137
2013-06-04 02:00:00+00:00,151.1457977,0.9622642
2013-06-04 03:00:00+00:00,151.9160919,0.9451115
2013-06-04 04:00:00+00:00,150.8161469,0.95711833
2013-06-04 05:00:00+00:00,175.7525787,0.96746576
2013-06-04 06:00:00+00:00,286.9655762,87.54374
2013-06-04 07:00:00+00:00,339.2810364,125.48116
2013-06-04 08:00:00+00:00,233.0729218,0.96569467
2013-06-04 09:00:00+00:00,223.5567017,0.96219933
2013-06-04 10:00:00+00:00,316.4896545,0.9708904
2013-06-04 11:00:00+00:00,164.1509399,0.9622642
2013-06-04 12:00:00+00:00,154.6929626,0.96907216
2013-06-04 13:00:00+00:00,151.8243408,0.9828767
2013-06-04 14:00:00+00:00,153.5667877,0.9811644
2013-06-04 15:00:00+00:00,154.0771942,0.97255576
2013-06-04 16:00:00+00:00,151.772644,0.9794872
2013-06-04 17:00:00+00:00,155.7996521,0.9623288
2013-06-04 18:00:00+00:00,153.003418,0.9777778
2013-06-04 19:00:00+00:00,453.8634949,158.59625
2013-06-04 20:00:00+00:00,1280.529541,166.92725
2013-06-04 21:00:00+00:00,527.1887817,0.9676871
2013-06-04 22:00:00+00:00,398.1572571,128.7099
2013-06-04 23:00:00+00:00,242.1794891,0.974359
2013-06-05 00:00:00+00:00,162.2722626,0.9658703
2013-06-05 01:00:00+00:00,146.606842,0.9760684
2013-06-05 02:00:00+00:00,160.0649567,0.9691781
2013-06-05 03:00:00+00:00,146.0085602,0.9709402
2013-06-05 04:00:00+00:00,158.3070374,0.95726496
2013-06-05 05:00:00+00:00,178.099823,0.96752137
2013-06-05 06:00:00+00:00,158.1592407,0.95719177
2013-06-05 07:00:00+00:00,203.5697021,0.9640411
2013-06-05 08:00:00+00:00,164.2602692,0.9623288
2013-06-05 09:00:00+00:00,153.9228058,0.9605489
2013-06-05 10:00:00+00:00,153.5574646,0.9605489
2013-06-05 11:00:00+00:00,153.0171204,0.9537671
2013-06-05 12:00:00+00:00,152.1749573,0.99142367
2013-06-05 13:00:00+00:00,153.0547943,0.95547944
2013-06-05 14:00:00+00:00,152.662674,0.94863015
2013-06-05 15:00:00+00:00,214.3299103,0.97773975
2013-06-05 16:00:00+00:00,254.9143829,0.9846154
2013-06-05 17:00:00+00:00,761.998291,317.12244
2013-06-05 18:00:00+00:00,470.5162354,0.9795571
2013-06-05 19:00:00+00:00,1693.935547,141.32155
2013-06-05 20:00:00+00:00,252.5221863,0.9931741
2013-06-05 21:00:00+00:00,423.873291,115.54017
2013-06-05 22:00:00+00:00,241.7230835,0.9794872
2013-06-05 23:00:00+00:00,192.8170929,0.96752137
2013-06-06 00:00:00+00:00,149.9740448,0.9692833
2013-06-06 01:00:00+00:00,159.0924683,0.95719177
2013-06-06 02:00:00+00:00,146.8170929,0.974359
2013-06-06 03:00:00+00:00,158.7705536,0.9691781
2013-06-06 04:00:00+00:00,147.0565033,0.9691781
2013-06-06 05:00:00+00:00,202.2768097,0.94529915
2013-06-06 06:00:00+00:00,151.2756805,0.9503425
2013-06-06 07:00:00+00:00,410.0445251,196.73676
2013-06-06 08:00:00+00:00,266.4562683,0.9622642
2013-06-06 09:00:00+00:00,231.1955414,0.95883363
2013-06-06 10:00:00+00:00,233.8270569,0.97773975
2013-06-06 11:00:00+00:00,294.1715393,0.97602737
2013-06-06 12:00:00+00:00,238.8047943,0.9726027
2013-06-06 13:00:00+00:00,225.3630066,0.9691781
2013-06-06 14:00:00+00:00,237.2991486,0.9709402
2013-06-06 15:00:00+00:00,227.8324738,0.974359
2013-06-06 16:00:00+00:00,236.9504242,0.9760684
2013-06-06 17:00:00+00:00,349.5119324,0.96245736
2013-06-06 18:00:00+00:00,554.4476929,189.80067
2013-06-06 19:00:00+00:00,1810.493286,296.67282
2013-06-06 20:00:00+00:00,335.0802002,0.98634815
2013-06-06 21:00:00+00:00,313.4116516,0.9778535
2013-06-06 22:00:00+00:00,254.9812317,0.9744027
2013-06-06 23:00:00+00:00,273.4300232,0.97269624
2013-06-07 00:00:00+00:00,246.681427,0.9761499
2013-06-07 01:00:00+00:00,156.5,0.96752137
2013-06-07 02:00:00+00:00,161.3777771,0.9658703
2013-06-07 03:00:00+00:00,151.1535797,0.95051193
2013-06-07 04:00:00+00:00,165.4683685,0.9709402
2013-06-07 05:00:00+00:00,181.1924438,0.95555556
2013-06-07 06:00:00+00:00,243.5077972,0.95051193
2013-06-07 07:00:00+00:00,219.9743652,0.96068376
2013-06-07 08:00:00+00:00,454.4334412,183.55043
2013-06-07 09:00:00+00:00,220.5719147,0.9726496
2013-06-07 10:00:00+00:00,238.2734985,0.96752137
2013-06-07 11:00:00+00:00,229.6820526,0.9726496
2013-06-07 12:00:00+00:00,394.6290588,0.9693356
2013-06-07 13:00:00+00:00,234.1196594,0.9794872
2013-06-07 14:00:00+00:00,224.4522247,0.9539249
2013-06-07 15:00:00+00:00,161.6034241,0.9777778
2013-06-07 16:00:00+00:00,328.1128235,145.9063
2013-06-07 17:00:00+00:00,475.2337952,136.76361
2013-06-07 18:00:00+00:00,616.1262817,160.28741
2013-06-07 19:00:00+00:00,1496.371216,0.9764706
2013-06-07 20:00:00+00:00,217.9300385,0.9778157
2013-06-07 21:00:00+00:00,276.5179443,0.9846678
2013-06-07 22:00:00+00:00,204.3378906,0.96416384
2013-06-07 23:00:00+00:00,161.5658112,0.96239316
2013-06-08 00:00:00+00:00,147.9470978,0.9778157
2013-06-08 01:00:00+00:00,159.648468,0.9744027
2013-06-08 02:00:00+00:00,147.8205109,0.97952217
2013-06-08 03:00:00+00:00,158.7106171,0.9658703
2013-06-08 04:00:00+00:00,146.3282013,0.94188035
2013-06-08 05:00:00+00:00,159.0667877,0.9606164
2013-06-08 06:00:00+00:00,147.0923004,0.96068376
2013-06-08 07:00:00+00:00,327.789032,172.3094
2013-06-08 08:00:00+00:00,153.4725952,0.9589041
2013-06-08 09:00:00+00:00,157.5445251,0.9640411
2013-06-08 10:00:00+00:00,749.7444458,0.9626486
2013-06-08 11:00:00+00:00,593.1863403,141.98805
2013-06-08 12:00:00+00:00,401.8533936,0.9846939
2013-06-08 13:00:00+00:00,285.4383545,0.96746576
2013-06-08 14:00:00+00:00,164.2119598,0.96752137
2013-06-08 15:00:00+00:00,170.9142303,0.98293513
2013-06-08 16:00:00+00:00,186.2359009,0.9760684
2013-06-08 17:00:00+00:00,420.9197998,0.97952217
2013-06-08 18:00:00+00:00,381.9005127,0.9794872
2013-06-08 19:00:00+00:00,1625.063599,156.71092
2013-06-08 20:00:00+00:00,361.1418762,0.96752137
2013-06-08 21:00:00+00:00,283.6569824,0.9846416
2013-06-08 22:00:00+00:00,219.3743591,0.96581197
2013-06-08 23:00:00+00:00,154.8924866,0.9744027
2013-06-09 00:00:00+00:00,157.2666626,0.9811966
2013-06-09 01:00:00+00:00,154.2632446,0.9777778
2013-06-09 02:00:00+00:00,155.1247864,0.95897436
2013-06-09 03:00:00+00:00,155.7066956,0.96239316
2013-06-09 04:00:00+00:00,152.6871796,0.96752137
2013-06-09 05:00:00+00:00,154.6763763,0.94863015
2013-06-09 06:00:00+00:00,150.8698578,0.97602737
2013-06-09 07:00:00+00:00,158.6712341,0.9537671
2013-06-09 08:00:00+00:00,303.9828186,157.19145
2013-06-09 09:00:00+00:00,218.4537659,0.97773975
2013-06-09 10:00:00+00:00,323.6929626,160.03767
2013-06-09 11:00:00+00:00,282.753418,0.94529915
2013-06-09 12:00:00+00:00,872.1992798,0.95911413
2013-06-09 13:00:00+00:00,228.6380768,0.9606164
2013-06-09 14:00:00+00:00,178.1646729,0.95711833
2013-06-09 15:00:00+00:00,272.9931335,0.9502573
2013-06-09 16:00:00+00:00,863.4810791,318.56412
2013-06-09 17:00:00+00:00,1225.144043,252.01527
2013-06-09 18:00:00+00:00,889.9641724,0.9745331
2013-06-09 19:00:00+00:00,331.2127075,0.97255576
2013-06-09 20:00:00+00:00,296.4366455,0.9640411
2013-06-09 21:00:00+00:00,275.1989746,0.974271
2013-06-09 22:00:00+00:00,216.5523224,0.9691252
2013-06-09 23:00:00+00:00,188.8010254,0.9605489
2013-06-10 00:00:00+00:00,138.9570465,0.97422683
2013-06-10 01:00:00+00:00,146.6569519,0.95711833
2013-06-10 02:00:00+00:00,133.4494019,0.948542
2013-06-10 03:00:00+00:00,147.1838531,0.96391755
2013-06-10 04:00:00+00:00,131.0532684,0.97422683
2013-06-10 05:00:00+00:00,175.6982727,0.9520548
2013-06-10 06:00:00+00:00,134.0687256,0.97590363
2013-06-10 07:00:00+00:00,146.1738434,0.95532644
2013-06-10 08:00:00+00:00,166.4819336,0.975945
2013-06-10 09:00:00+00:00,144.7130585,0.96735394
2013-06-10 10:00:00+00:00,133.7478485,0.97422683
2013-06-10 11:00:00+00:00,143.8556671,0.97422683
2013-06-10 12:00:00+00:00,133.6299438,0.96901894
2013-06-10 13:00:00+00:00,142.2525787,0.9604811
2013-06-10 14:00:00+00:00,135.8034515,0.96391755
2013-06-10 15:00:00+00:00,139.6048126,0.9535284
2013-06-10 16:00:00+00:00,301.3557739,71.4161
2013-06-10 17:00:00+00:00,454.3642578,122.33448
2013-06-10 18:00:00+00:00,447.90625,110.85128
2013-06-10 19:00:00+00:00,594.4767456,136.69691
2013-06-10 20:00:00+00:00,1525.190918,161.6172
2013-06-10 21:00:00+00:00,309.5704346,0.99312717
2013-06-10 22:00:00+00:00,182.463913,0.9776632
2013-06-10 23:00:00+00:00,151.4030914,0.9759863
2013-06-11 00:00:00+00:00,140.1288605,0.97422683
2013-06-11 01:00:00+00:00,142.2344818,0.9862779
2013-06-11 02:00:00+00:00,138.6280212,0.9656357
2013-06-11 03:00:00+00:00,143.5336761,0.948542
2013-06-11 04:00:00+00:00,137.9150848,0.9467354
2013-06-11 05:00:00+00:00,138.2151489,0.9604131
2013-06-11 06:00:00+00:00,175.6689606,0.97255576
2013-06-11 07:00:00+00:00,137.2168732,0.96901894
2013-06-11 08:00:00+00:00,243.4559631,0.9656357
2013-06-11 09:00:00+00:00,392.3511047,175.38316
2013-06-11 10:00:00+00:00,223.8072357,0.96213424
2013-06-11 11:00:00+00:00,309.5128784,0.97255576
2013-06-11 12:00:00+00:00,242.2564545,0.96385545
2013-06-11 13:00:00+00:00,233.745697,0.9828179
2013-06-11 14:00:00+00:00,247.9278412,0.9707904
2013-06-11 15:00:00+00:00,236.4492188,0.96901894
2013-06-11 16:00:00+00:00,237.8981018,0.95711833
2013-06-11 17:00:00+00:00,393.9190979,144.96913
2013-06-11 18:00:00+00:00,458.1477661,31.223368
2013-06-11 19:00:00+00:00,435.7581482,132.97774
2013-06-11 20:00:00+00:00,1132.336792,85.88095
2013-06-11 21:00:00+00:00,1038.178589,122.31918
2013-06-11 22:00:00+00:00,326.5941162,0.95719177
2013-06-11 23:00:00+00:00,178.1509399,0.97255576
2013-06-12 00:00:00+00:00,133.4854279,0.9622642
2013-06-12 01:00:00+00:00,145.1164398,0.9726027
2013-06-12 02:00:00+00:00,133.5848999,0.9639794
2013-06-12 03:00:00+00:00,141.5670166,0.9640411
2013-06-12 04:00:00+00:00,137.9468231,0.9622642
2013-06-12 05:00:00+00:00,137.3241882,0.95883363
2013-06-12 06:00:00+00:00,146.9349365,0.97084045
2013-06-12 07:00:00+00:00,521.7049561,311.45563
2013-06-12 08:00:00+00:00,250.8466949,0.9708904
2013-06-12 09:00:00+00:00,649.2010498,128.84642
2013-06-12 10:00:00+00:00,294.5162964,137.57362
2013-06-12 11:00:00+00:00,160.28302,0.96569467
2013-06-12 12:00:00+00:00,225.0310822,0.9761092
2013-06-12 13:00:00+00:00,169.8593445,0.97255576
2013-06-12 14:00:00+00:00,397.7903748,263.22354
2013-06-12 15:00:00+00:00,421.4486389,139.78119
2013-06-12 16:00:00+00:00,333.3855286,0.982906
2013-06-12 17:00:00+00:00,278.1914673,0.9726496
2013-06-12 18:00:00+00:00,374.4195251,156.853
2013-06-12 19:00:00+00:00,295.7564392,135.95726
2013-06-12 20:00:00+00:00,148.5102692,0.9828767
2013-06-12 21:00:00+00:00,264.7372131,0.9794872
2013-06-12 22:00:00+00:00,1286.726807,0.9612142
2013-06-12 23:00:00+00:00,143.5479431,0.97773975
2013-06-13 00:00:00+00:00,140.1487122,0.9777778
2013-06-13 01:00:00+00:00,136.878418,0.9811644
2013-06-13 02:00:00+00:00,145.5281982,0.96239316
2013-06-13 03:00:00+00:00,133.8304749,0.9537671
2013-06-13 04:00:00+00:00,146.6421204,0.96575344
2013-06-13 05:00:00+00:00,190.6828461,0.9658703
2013-06-13 06:00:00+00:00,139.8216095,0.9675768
2013-06-13 07:00:00+00:00,140.535965,0.9794521
2013-06-13 08:00:00+00:00,261.8216248,0.96746576
2013-06-13 09:00:00+00:00,246.4562683,0.96740997
2013-06-13 10:00:00+00:00,423.0570068,114.730835
2013-06-13 11:00:00+00:00,232.5557404,0.95883363
2013-06-13 12:00:00+00:00,135.248291,0.9794521
2013-06-13 13:00:00+00:00,144.2962341,0.97773975
2013-06-13 14:00:00+00:00,133.530014,0.96740997
2013-06-13 15:00:00+00:00,145.5924683,0.9640411
2013-06-13 16:00:00+00:00,461.1931763,178.16382
2013-06-13 17:00:00+00:00,579.3218994,162.86667
2013-06-13 18:00:00+00:00,500.2096252,0.96752137
2013-06-13 19:00:00+00:00,1754.971436,153.25084
2013-06-13 20:00:00+00:00,472.6878357,150.46324
2013-06-13 21:00:00+00:00,403.7722473,0.982906
2013-06-13 22:00:00+00:00,275.0479431,0.9708904
2013-06-13 23:00:00+00:00,206.5547943,0.97431505
2013-06-14 00:00:00+00:00,141.4417877,0.96581197
2013-06-14 01:00:00+00:00,148.5205536,0.9708904
2013-06-14 02:00:00+00:00,133.7037659,0.9691252
2013-06-14 03:00:00+00:00,146.6998291,0.9691781
2013-06-14 04:00:00+00:00,134.8370514,0.96569467
2013-06-14 05:00:00+00:00,148.9399719,0.9605489
2013-06-14 06:00:00+00:00,142.4082336,0.9691252
2013-06-14 07:00:00+00:00,342.8059998,139.85959
2013-06-14 08:00:00+00:00,202.4099426,0.97255576
2013-06-14 09:00:00+00:00,136.2349854,0.9639794
2013-06-14 10:00:00+00:00,149.2422638,0.9536083
2013-06-14 11:00:00+00:00,135.5145721,0.9639794
2013-06-14 12:00:00+00:00,147.0909119,0.9554031
2013-06-14 13:00:00+00:00,137.530014,0.9691252
2013-06-14 14:00:00+00:00,144.7409973,0.9759863
2013-06-14 15:00:00+00:00,140.8465576,0.9640411
2013-06-14 16:00:00+00:00,141.9347076,0.9846154
2013-06-14 17:00:00+00:00,647.2999878,293.45905
2013-06-14 18:00:00+00:00,779.0153198,146.89285
2013-06-14 19:00:00+00:00,833.2901611,0.95600677
2013-06-14 20:00:00+00:00,233.2786255,0.9709402
2013-06-14 21:00:00+00:00,253.4143829,0.98293513
2013-06-14 22:00:00+00:00,154.875,0.9726027
2013-06-14 23:00:00+00:00,165.3521423,0.96752137
2013-06-15 00:00:00+00:00,150.6905975,0.9692308
2013-06-15 01:00:00+00:00,149.0650635,0.9811644
2013-06-15 02:00:00+00:00,140.5196533,0.9777778
2013-06-15 03:00:00+00:00,138.2752075,0.9726496
2013-06-15 04:00:00+00:00,145.1917877,0.95547944
2013-06-15 05:00:00+00:00,155.2842407,0.9726027
2013-06-15 06:00:00+00:00,157.464035,0.9606164
2013-06-15 07:00:00+00:00,528.7701416,175.21635
2013-06-15 08:00:00+00:00,515.7064819,0.97098976
2013-06-15 09:00:00+00:00,270.9486389,113.97094
2013-06-15 10:00:00+00:00,335.7211609,179.27226
2013-06-15 11:00:00+00:00,380.5456238,56.84838
2013-06-15 12:00:00+00:00,609.5935059,157.25256
2013-06-15 13:00:00+00:00,212.5944977,0.9675768
2013-06-15 14:00:00+00:00,178.412674,0.95726496
2013-06-15 15:00:00+00:00,179.1404114,0.96746576
2013-06-15 16:00:00+00:00,168.8991394,0.9537671
2013-06-15 17:00:00+00:00,174.9195251,0.96239316
2013-06-15 18:00:00+00:00,536.0222168,156.34813
2013-06-15 19:00:00+00:00,389.3677063,0.97269624
2013-06-15 20:00:00+00:00,282.8571472,63.479523
2013-06-15 21:00:00+00:00,300.2328796,126.59487
2013-06-15 22:00:00+00:00,158.9008484,0.9709402
2013-06-15 23:00:00+00:00,149.8871765,0.9709402
2013-06-16 00:00:00+00:00,151.9042664,0.9726496
2013-06-16 01:00:00+00:00,139.8681488,0.9434931
2013-06-16 02:00:00+00:00,149.8136749,0.9709402
2013-06-16 03:00:00+00:00,135.6147308,0.9623288
2013-06-16 04:00:00+00:00,154.7825317,0.97602737
2013-06-16 05:00:00+00:00,132.4041138,0.95547944
2013-06-16 06:00:00+00:00,147.962326,0.96575344
2013-06-16 07:00:00+00:00,134.8904114,0.9691781
2013-06-16 08:00:00+00:00,144.7581482,0.974271
2013-06-16 09:00:00+00:00,137.4957123,0.96239316
2013-06-16 10:00:00+00:00,360.0601501,132.98291
2013-06-16 11:00:00+00:00,892.2318115,106.933784
2013-06-16 12:00:00+00:00,316.2903748,0.98122865
2013-06-16 13:00:00+00:00,204.9845886,0.9520548
2013-06-16 14:00:00+00:00,204.0924683,0.97773975
2013-06-16 15:00:00+00:00,255.3904114,0.9708904
2013-06-16 16:00:00+00:00,452.7408752,169.32027
2013-06-16 17:00:00+00:00,256.9143982,0.9606164
2013-06-16 18:00:00+00:00,252.6883545,0.97773975
2013-06-16 19:00:00+00:00,246.2962341,0.94863015
2013-06-16 20:00:00+00:00,355.8642578,0.9726496
2013-06-16 21:00:00+00:00,726.2312622,0.9625213
2013-06-16 22:00:00+00:00,687.1211548,0.9779287
2013-06-16 23:00:00+00:00,152.6900635,0.97602737
2013-06-17 00:00:00+00:00,146.3099365,0.96746576
2013-06-17 01:00:00+00:00,150.8253479,0.97431505
2013-06-17 02:00:00+00:00,154.8739166,0.96410257
2013-06-17 03:00:00+00:00,144.1917877,0.9811644
2013-06-17 04:00:00+00:00,150.5496521,0.9708904
2013-06-17 05:00:00+00:00,151.3938293,0.96746576
2013-06-17 06:00:00+00:00,149.8082123,0.97255576
2013-06-17 07:00:00+00:00,272.7307739,0.9658703
2013-06-17 08:00:00+00:00,234.0431061,0.9863248
2013-06-17 09:00:00+00:00,411.7838745,191.34418
2013-06-17 10:00:00+00:00,335.92453,39.638226
2013-06-17 11:00:00+00:00,226.9279633,0.96746576
2013-06-17 12:00:00+00:00,240.7752991,0.9606164
2013-06-17 13:00:00+00:00,284.1541138,0.96239316
2013-06-17 14:00:00+00:00,264.4811707,0.97431505
2013-06-17 15:00:00+00:00,225.6455536,0.97773975
2013-06-17 16:00:00+00:00,231.7487183,0.9760684
2013-06-17 17:00:00+00:00,412.9176941,144.67406
2013-06-17 18:00:00+00:00,300.4940186,0.97098976
2013-06-17 19:00:00+00:00,295.1335754,0.9828767
2013-06-17 20:00:00+00:00,267.442749,0.9777778
2013-06-17 21:00:00+00:00,286.2854614,0.982906
2013-06-17 22:00:00+00:00,426.0649719,0.982906
2013-06-17 23:00:00+00:00,1024.125366,0.9728814
2013-06-18 00:00:00+00:00,196.189743,0.98293513
2013-06-18 01:00:00+00:00,172.4417877,0.97773975
2013-06-18 02:00:00+00:00,159.8495789,0.9726496
2013-06-18 03:00:00+00:00,172.6957245,0.9811966
2013-06-18 04:00:00+00:00,161.0700836,0.95555556
2013-06-18 05:00:00+00:00,169.7842407,0.98630136
2013-06-18 06:00:00+00:00,161.7113342,0.9778157
2013-06-18 07:00:00+00:00,182.6752167,0.9709402
2013-06-18 08:00:00+00:00,275.6649475,0.96416384
2013-06-18 09:00:00+00:00,168.3094025,0.96581197
2013-06-18 10:00:00+00:00,167.0051422,0.9726027
2013-06-18 11:00:00+00:00,164.4854736,0.9777778
2013-06-18 12:00:00+00:00,170.0409546,0.97269624
2013-06-18 13:00:00+00:00,162.0923004,0.9846154
2013-06-18 14:00:00+00:00,174.2085419,0.96410257
2013-06-18 15:00:00+00:00,163.0989685,0.98293513
2013-06-18 16:00:00+00:00,215.7542725,0.97269624
2013-06-18 17:00:00+00:00,261.6376038,0.9811966
2013-06-18 18:00:00+00:00,393.14505,0.94880545
2013-06-18 19:00:00+00:00,239.7052765,0.9863714
2013-06-18 20:00:00+00:00,253.5,0.97098976
2013-06-18 21:00:00+00:00,330.6672363,0.98634815
2013-06-18 22:00:00+00:00,754.998291,0.9830508
2013-06-18 23:00:00+00:00,712.9356079,0.9729272
2013-06-19 00:00:00+00:00,155.9914703,0.9778157
2013-06-19 01:00:00+00:00,162.0494843,0.9692833
2013-06-19 02:00:00+00:00,145.2947235,0.9795571
2013-06-19 03:00:00+00:00,154.8890839,0.9897611
2013-06-19 04:00:00+00:00,148.6842957,0.96245736
2013-06-19 05:00:00+00:00,152.0511017,0.9795571
2013-06-19 06:00:00+00:00,151.2303772,0.97269624
2013-06-19 07:00:00+00:00,149.9385681,0.9675768
2013-06-19 08:00:00+00:00,158.8310547,0.97098976
2013-06-19 09:00:00+00:00,234.3577576,0.9846678
2013-06-19 10:00:00+00:00,258.4692688,0.97269624
2013-06-19 11:00:00+00:00,314.913269,0.9829932
2013-06-19 12:00:00+00:00,231.1635437,0.97444636
2013-06-19 13:00:00+00:00,246.6717682,0.9744898
2013-06-19 14:00:00+00:00,237.3901215,0.9761499
2013-06-19 15:00:00+00:00,236.8743591,0.9728814
2013-06-19 16:00:00+00:00,252.2687073,0.9897959
2013-06-19 17:00:00+00:00,266.8556824,0.9626486
2013-06-19 18:00:00+00:00,174.2342987,0.9796265
2013-06-19 19:00:00+00:00,156.466095,0.98474574
2013-06-19 20:00:00+00:00,160.3786011,0.9830221
2013-06-19 21:00:00+00:00,148.4593201,0.9898305
2013-06-19 22:00:00+00:00,161.8183289,0.98132426
2013-06-19 23:00:00+00:00,221.3593292,0.979661
2013-06-20 00:00:00+00:00,147.1697845,0.9677419
2013-06-20 01:00:00+00:00,139.7677917,0.9898305
2013-06-20 02:00:00+00:00,149.5687561,0.9745331
2013-06-20 03:00:00+00:00,145.7181702,0.9745331
2013-06-20 04:00:00+00:00,137.9745331,0.9728353
2013-06-20 05:00:00+00:00,142.4183655,0.96101695
2013-06-20 06:00:00+00:00,150.0509338,0.98132426
2013-06-20 07:00:00+00:00,140.3843536,0.96428573
2013-06-20 08:00:00+00:00,139.4855652,0.9677419
2013-06-20 09:00:00+00:00,410.1663818,163.07445
2013-06-20 10:00:00+00:00,247.8777618,0.9847199
2013-06-20 11:00:00+00:00,242.1307373,0.9728353
2013-06-20 12:00:00+00:00,282.1392212,0.9660441
2013-06-20 13:00:00+00:00,254.5806427,0.9846939
2013-06-20 14:00:00+00:00,232.1666718,0.9898305
2013-06-20 15:00:00+00:00,704.0662231,0.98644066
2013-06-20 16:00:00+00:00,747.2821045,0.95952785
2013-06-20 17:00:00+00:00,253.9456635,0.97789115
2013-06-20 18:00:00+00:00,445.6332703,177.05254
2013-06-20 19:00:00+00:00,267.6661072,0.98474574
2013-06-20 20:00:00+00:00,270.5153198,0.97619045
2013-06-20 21:00:00+00:00,277.4719849,0.9880952
2013-06-20 22:00:00+00:00,362.6013489,0.97959185
2013-06-20 23:00:00+00:00,302.2044373,0.97444636
2013-06-21 00:00:00+00:00,172.3594513,0.9778535
2013-06-21 01:00:00+00:00,167.8972626,0.9744898
2013-06-21 02:00:00+00:00,165.0068207,0.9846678
2013-06-21 03:00:00+00:00,158.5816345,0.9744898
2013-06-21 04:00:00+00:00,171.9283295,0.9761499
2013-06-21 05:00:00+00:00,159.4088593,0.9710392
2013-06-21 06:00:00+00:00,159.9250488,0.98126066
2013-06-21 07:00:00+00:00,207.0341339,0.9710392
2013-06-21 08:00:00+00:00,151.179184,0.9846416
2013-06-21 09:00:00+00:00,144.0323639,0.9778535
2013-06-21 10:00:00+00:00,154.0136261,0.9693356
2013-06-21 11:00:00+00:00,139.5434418,0.9863714
2013-06-21 12:00:00+00:00,265.1243591,0.9659864
2013-06-21 13:00:00+00:00,494.2410278,190.33163
2013-06-21 14:00:00+00:00,280.6228638,0.97789115
2013-06-21 15:00:00+00:00,186.1771698,0.9829932
2013-06-21 16:00:00+00:00,335.413269,148.60544
2013-06-21 17:00:00+00:00,595.2351685,0.98474574
2013-06-21 18:00:00+00:00,921.9092407,0.97979796
2013-06-21 19:00:00+00:00,345.3248291,145.48897
2013-06-21 20:00:00+00:00,196.7023773,0.9880952
2013-06-21 21:00:00+00:00,158.6791229,0.9830221
2013-06-21 22:00:00+00:00,151.4761963,0.97959185
2013-06-21 23:00:00+00:00,143.9897919,0.9897959
2013-06-22 00:00:00+00:00,149.5008545,0.9677419
2013-06-22 01:00:00+00:00,133.9234619,0.9710884
2013-06-22 02:00:00+00:00,140.3775482,0.9642249
2013-06-22 03:00:00+00:00,145.3117523,0.9863946
2013-06-22 04:00:00+00:00,132.5289154,0.97619045
2013-06-22 05:00:00+00:00,144.6013641,0.9693356
2013-06-22 06:00:00+00:00,135.6712036,0.96763206
2013-06-22 07:00:00+00:00,135.8722382,0.9625213
2013-06-22 08:00:00+00:00,1196.501709,148.66104
2013-06-22 09:00:00+00:00,882.8183594,0.9780405
2013-06-22 10:00:00+00:00,436.7138062,0.9727891
2013-06-22 11:00:00+00:00,338.4146729,163.26405
2013-06-22 12:00:00+00:00,488.851532,114.2879
2013-06-22 13:00:00+00:00,170.8092041,0.97444636
2013-06-22 14:00:00+00:00,138.6473541,0.9778535
2013-06-22 15:00:00+00:00,149.0051117,0.9761499
2013-06-22 16:00:00+00:00,221.5434418,0.98129255
2013-06-22 17:00:00+00:00,363.2901001,0.97952217
2013-06-22 18:00:00+00:00,246.4871826,0.9710392
2013-06-22 19:00:00+00:00,212.049408,0.9761499
2013-06-22 20:00:00+00:00,395.0426636,128.30835
2013-06-22 21:00:00+00:00,204.8364868,0.9914966
2013-06-22 22:00:00+00:00,174.3976135,0.9658703
2013-06-22 23:00:00+00:00,136.417099,0.99148214
2013-06-23 00:00:00+00:00,147.7255554,0.9693356
2013-06-23 01:00:00+00:00,135.1296997,0.9761092
2013-06-23 02:00:00+00:00,139.3709412,0.9760684
2013-06-23 03:00:00+00:00,144.3111115,0.9710392
2013-06-23 04:00:00+00:00,132.7218475,0.9794872
2013-06-23 05:00:00+00:00,147.8188019,0.96416384
2013-06-23 06:00:00+00:00,131.2940216,0.9692308
2013-06-23 07:00:00+00:00,140.8307648,0.9726496
2013-06-23 08:00:00+00:00,813.7286987,151.73006
2013-06-23 09:00:00+00:00,533.7880249,0.9727891
2013-06-23 10:00:00+00:00,263.9828491,0.95897436
2013-06-23 11:00:00+00:00,153.3959045,0.9590444
2013-06-23 12:00:00+00:00,263.4545593,0.98293513
2013-06-23 13:00:00+00:00,158.8805389,0.9607509
2013-06-23 14:00:00+00:00,152.2700806,0.95726496
2013-06-23 15:00:00+00:00,355.7846069,0.95897436
2013-06-23 16:00:00+00:00,518.8283081,0.96108294
2013-06-23 17:00:00+00:00,304.0477905,0.96239316
2013-06-23 18:00:00+00:00,427.9436035,143.12607
2013-06-23 19:00:00+00:00,220.3924866,0.97952217
2013-06-23 20:00:00+00:00,231.174057,0.96416384
2013-06-23 21:00:00+00:00,304.0633545,129.86348
2013-06-23 22:00:00+00:00,198.5358429,0.98122865
2013-06-23 23:00:00+00:00,148.3447113,0.97269624
2013-06-24 00:00:00+00:00,143.3316193,0.9692308
2013-06-24 01:00:00+00:00,137.7093964,0.974359
2013-06-24 02:00:00+00:00,146.6763763,0.9846416
2013-06-24 03:00:00+00:00,135.7093964,0.96752137
2013-06-24 04:00:00+00:00,147.1575317,0.95384616
2013-06-24 05:00:00+00:00,176.0085907,0.9777778
2013-06-24 06:00:00+00:00,148.1612396,0.96239316
2013-06-24 07:00:00+00:00,133.376709,0.9726027
2013-06-24 08:00:00+00:00,294.9965515,97.95898
2013-06-24 09:00:00+00:00,234.5719147,0.9828767
2013-06-24 10:00:00+00:00,249.2109833,0.974271
2013-06-24 11:00:00+00:00,232.7358551,0.96581197
2013-06-24 12:00:00+00:00,405.1480103,82.69468
2013-06-24 13:00:00+00:00,228.4760284,0.97602737
2013-06-24 14:00:00+00:00,220.8816528,0.982906
2013-06-24 15:00:00+00:00,221.8010254,0.97770154
2013-06-24 16:00:00+00:00,167.0653992,0.974359
2013-06-24 17:00:00+00:00,411.3401794,145.37778
2013-06-24 18:00:00+00:00,609.4241333,139.66609
2013-06-24 19:00:00+00:00,1321.608154,151.29321
2013-06-24 20:00:00+00:00,760.8970947,0.98811543
2013-06-24 21:00:00+00:00,291.6529846,0.9811966
2013-06-24 22:00:00+00:00,247.8099365,0.9828767
2013-06-24 23:00:00+00:00,193.5076904,0.9640411
2013-06-25 00:00:00+00:00,138.963913,0.97098976
2013-06-25 01:00:00+00:00,146.7478485,0.9811644
2013-06-25 02:00:00+00:00,137.1149292,0.9726027
2013-06-25 03:00:00+00:00,144.9519653,0.9794168
2013-06-25 04:00:00+00:00,134.6044464,0.9691781
2013-06-25 05:00:00+00:00,172.6329346,0.9691781
2013-06-25 06:00:00+00:00,135.0532684,0.95189005
2013-06-25 07:00:00+00:00,148.567749,0.97770154
2013-06-25 08:00:00+00:00,156.4261169,0.9605489
2013-06-25 09:00:00+00:00,236.8610687,0.9639794
2013-06-25 10:00:00+00:00,300.6878357,87.43396
2013-06-25 11:00:00+00:00,328.7697449,31.2
2013-06-25 12:00:00+00:00,235.9553986,0.9811321
2013-06-25 13:00:00+00:00,247.4476776,0.98284733
2013-06-25 14:00:00+00:00,305.0155029,103.46587
2013-06-25 15:00:00+00:00,243.3904114,0.98284733
2013-06-25 16:00:00+00:00,251.9313965,0.974359
2013-06-25 17:00:00+00:00,585.623291,161.14871
2013-06-25 18:00:00+00:00,1009.573853,0.9830508
2013-06-25 19:00:00+00:00,778.9030762,0.9660441
2013-06-25 20:00:00+00:00,450.2323608,121.42906
2013-06-25 21:00:00+00:00,281.2174683,0.9828767
2013-06-25 22:00:00+00:00,187.6900635,0.9794521
2013-06-25 23:00:00+00:00,151.501709,0.98458904
2013-06-26 00:00:00+00:00,136.3418732,0.9811966
2013-06-26 01:00:00+00:00,148.6815033,0.9811644
2013-06-26 02:00:00+00:00,135.1595154,0.9759863
2013-06-26 03:00:00+00:00,149.6763763,0.97602737
2013-06-26 04:00:00+00:00,134.8167877,0.97773975
2013-06-26 05:00:00+00:00,167.085907,0.9640411
2013-06-26 06:00:00+00:00,136.1355133,0.9811321
2013-06-26 07:00:00+00:00,222.1337891,0.9691252
2013-06-26 08:00:00+00:00,145.2328796,0.9691781
2013-06-26 09:00:00+00:00,148.0994873,0.9708904
2013-06-26 10:00:00+00:00,134.8096008,0.9554031
2013-06-26 11:00:00+00:00,144.712326,0.97255576
2013-06-26 12:00:00+00:00,136.9828491,0.9880137
2013-06-26 13:00:00+00:00,142.9195251,0.989726
2013-06-26 14:00:00+00:00,139.873291,0.9794521
2013-06-26 15:00:00+00:00,140.4786377,0.974359
2013-06-26 16:00:00+00:00,358.2619934,170.94359
2013-06-26 17:00:00+00:00,310.5384521,0.9863248
2013-06-26 18:00:00+00:00,330.3999939,0.9709402
2013-06-26 19:00:00+00:00,1463.771484,0.9647059
2013-06-26 20:00:00+00:00,328.880127,0.9693356
2013-06-26 21:00:00+00:00,278.1299133,0.9846154
2013-06-26 22:00:00+00:00,221.4341888,0.974359
2013-06-26 23:00:00+00:00,150.6331024,0.9761092
2013-06-27 00:00:00+00:00,136.3572693,0.9811966
2013-06-27 01:00:00+00:00,150.0410309,0.9777778
2013-06-27 02:00:00+00:00,134.8632507,0.974359
2013-06-27 03:00:00+00:00,147.6974335,0.9846154
2013-06-27 04:00:00+00:00,136.8358917,0.9760684
2013-06-27 05:00:00+00:00,159.754303,0.9692308
2013-06-27 06:00:00+00:00,144.5582123,0.97602737
2013-06-27 07:00:00+00:00,137.4229431,0.96746576
2013-06-27 08:00:00+00:00,165.9179535,0.9726027
2013-06-27 09:00:00+00:00,132.5804749,0.9777778
2013-06-27 10:00:00+00:00,149.036026,0.9760684
2013-06-27 11:00:00+00:00,134.0153809,0.9760684
2013-06-27 12:00:00+00:00,148.1470032,0.9726496
2013-06-27 13:00:00+00:00,136.2764435,0.97952217
2013-06-27 14:00:00+00:00,140.9264984,0.9726496
2013-06-27 15:00:00+00:00,143.2252502,0.98122865
2013-06-27 16:00:00+00:00,133.4419861,0.9897611
2013-06-27 17:00:00+00:00,493.2088928,157.73083
2013-06-27 18:00:00+00:00,286.5921631,0.97098976
2013-06-27 19:00:00+00:00,329.2918091,0.9778535
2013-06-27 20:00:00+00:00,719.6125488,0.96949154
2013-06-27 21:00:00+00:00,813.1694946,0.98307955
2013-06-27 22:00:00+00:00,155.5853271,0.9897611
2013-06-27 23:00:00+00:00,134.2286682,0.9778157
2013-06-28 00:00:00+00:00,149.2572327,0.9778535
2013-06-28 01:00:00+00:00,136.7969208,0.9931624
2013-06-28 02:00:00+00:00,141.7948761,0.98122865
2013-06-28 03:00:00+00:00,139.0836182,0.9778157
2013-06-28 04:00:00+00:00,139.8088684,0.9675768
2013-06-28 05:00:00+00:00,172.7333374,0.9726496
2013-06-28 06:00:00+00:00,152.3890839,0.9675768
2013-06-28 07:00:00+00:00,171.3401642,0.9760684
2013-06-28 08:00:00+00:00,143.8099365,0.97098976
2013-06-28 09:00:00+00:00,144.3668976,0.9726496
2013-06-28 10:00:00+00:00,211.1669464,0.9659864
2013-06-28 11:00:00+00:00,143.8957214,0.9760684
2013-06-28 12:00:00+00:00,142.9008484,0.982906
2013-06-28 13:00:00+00:00,142.472702,0.9744027
2013-06-28 14:00:00+00:00,138.4880524,0.98122865
2013-06-28 15:00:00+00:00,145.777771,0.9760684
2013-06-28 16:00:00+00:00,134.325943,0.98293513
2013-06-28 17:00:00+00:00,321.3263855,0.96938777
2013-06-28 18:00:00+00:00,220.4931793,0.9761092
2013-06-28 19:00:00+00:00,177.172348,0.9761092
2013-06-28 20:00:00+00:00,369.8102417,152.08517
2013-06-28 21:00:00+00:00,253.8103485,0.9931857
2013-06-28 22:00:00+00:00,200.7371979,0.97952217
2013-06-28 23:00:00+00:00,168.3015289,0.98293513
2013-06-29 00:00:00+00:00,179.4795227,0.9608177
2013-06-29 01:00:00+00:00,161.3481293,0.97098976
2013-06-29 02:00:00+00:00,169.1365204,0.9692833
2013-06-29 03:00:00+00:00,166.820816,0.9761092
2013-06-29 04:00:00+00:00,159.4940186,0.98126066
2013-06-29 05:00:00+00:00,171.4974365,0.9726496
2013-06-29 06:00:00+00:00,160.0905914,0.96763206
2013-06-29 07:00:00+00:00,172.1880341,0.96239316
2013-06-29 08:00:00+00:00,332.1555481,162.43344
2013-06-29 09:00:00+00:00,168.0221863,0.98122865
2013-06-29 10:00:00+00:00,994.3189697,149.48055
2013-06-29 11:00:00+00:00,1174.991455,0.9647651
2013-06-29 12:00:00+00:00,314.0733643,0.98122865
2013-06-29 13:00:00+00:00,266.8735046,122.73765
2013-06-29 14:00:00+00:00,164.2316895,0.9778535
2013-06-29 15:00:00+00:00,165.324234,0.9982935
2013-06-29 16:00:00+00:00,182.6149902,0.9778535
2013-06-29 17:00:00+00:00,507.5775146,122.42857
2013-06-29 18:00:00+00:00,607.0203247,0.9915254
2013-06-29 19:00:00+00:00,1096.67395,1
2013-06-29 20:00:00+00:00,217.223938,1.0033956
2013-06-29 21:00:00+00:00,347.632019,123.89643
2013-06-29 22:00:00+00:00,156.6700745,0.9897959
2013-06-29 23:00:00+00:00,145.1258545,0.9846939
2013-06-30 00:00:00+00:00,160.3673401,0.9846939
2013-06-30 01:00:00+00:00,146.0850372,0.9829932
2013-06-30 02:00:00+00:00,153.4047546,0.98129255
2013-06-30 03:00:00+00:00,148.5741119,0.98807496
2013-06-30 04:00:00+00:00,148.2827911,0.98126066
2013-06-30 05:00:00+00:00,147.5850372,0.97959185
2013-06-30 06:00:00+00:00,147.0562134,0.9761499
2013-06-30 07:00:00+00:00,151.7103882,0.98807496
2013-06-30 08:00:00+00:00,334.7128296,160.7742
2013-06-30 09:00:00+00:00,154.4173737,0.9761499
2013-06-30 10:00:00+00:00,266.8074951,0.9727891
2013-06-30 11:00:00+00:00,550.2098999,0.9915398
2013-06-30 12:00:00+00:00,352.6279907,0.9796265
2013-06-30 13:00:00+00:00,182.9098663,0.9846939
2013-06-30 14:00:00+00:00,162.0526276,0.9830221
2013-06-30 15:00:00+00:00,445.3005371,134.77234
2013-06-30 16:00:00+00:00,210.3644104,0.9881356
2013-06-30 17:00:00+00:00,645.1269531,138.97293
2013-06-30 18:00:00+00:00,391.7668457,0.98988193
2013-06-30 19:00:00+00:00,1462.825073,0.9865546
2013-06-30 20:00:00+00:00,536.7675781,103.87479
2013-06-30 21:00:00+00:00,311.7207336,0.99323183
2013-06-30 22:00:00+00:00,191.6917572,0.9915398
2013-06-30 23:00:00+00:00,165.4131927,0.99492383
2013-07-01 00:00:00+00:00,171.0227661,0.9829932
2013-07-01 01:00:00+00:00,164.3470459,0.9780405
2013-07-01 02:00:00+00:00,172.4356232,0.99319726
2013-07-01 03:00:00+00:00,162.9283295,0.98815566
2013-07-01 04:00:00+00:00,165.4217682,0.9813875
2013-07-01 05:00:00+00:00,161.9064636,0.9881356
2013-07-01 06:00:00+00:00,168.0254211,0.9762712
2013-07-01 07:00:00+00:00,203.6530609,0.9779661
2013-07-01 08:00:00+00:00,330.4295349,162.51695
2013-07-01 09:00:00+00:00,181.7815704,0.9728353
2013-07-01 10:00:00+00:00,222.496582,0.9813875
2013-07-01 11:00:00+00:00,189,0.9898305
2013-07-01 12:00:00+00:00,167.5796661,0.9898305
2013-07-01 13:00:00+00:00,173.8828583,0.9728353
2013-07-01 14:00:00+00:00,160.653656,0.9813875
2013-07-01 15:00:00+00:00,262.3169556,5.947458
2013-07-01 16:00:00+00:00,579.425415,163.0322
2013-07-01 17:00:00+00:00,266.6887817,0.9966159
2013-07-01 18:00:00+00:00,248.4117584,0.9932432
2013-07-01 19:00:00+00:00,195.8951874,0.9898477
2013-07-01 20:00:00+00:00,210.0943451,0.9847199
2013-07-01 21:00:00+00:00,320.2000122,117.36548
2013-07-01 22:00:00+00:00,876.7648315,0.9915825
2013-07-01 23:00:00+00:00,670.4772339,0.9915541
2013-07-02 00:00:00+00:00,176.6576233,0.9932203
2013-07-02 01:00:00+00:00,149.1477051,0.98981327
2013-07-02 02:00:00+00:00,146.9796295,0.9779287
2013-07-02 03:00:00+00:00,140.4397278,0.9847199
2013-07-02 04:00:00+00:00,147.4550018,0.98132426
2013-07-02 05:00:00+00:00,173.0509338,0.9762309
2013-07-02 06:00:00+00:00,147.2294464,0.99151105
2013-07-02 07:00:00+00:00,140.042511,0.9846939
2013-07-02 08:00:00+00:00,145.8758545,0.9846939
2013-07-02 09:00:00+00:00,194.7683105,0.9608177
2013-07-02 10:00:00+00:00,382.7887573,77.73684
2013-07-02 11:00:00+00:00,238.7516937,0.9829932
2013-07-02 12:00:00+00:00,235.6598663,0.9914966
2013-07-02 13:00:00+00:00,273.8157043,0.98129255
2013-07-02 14:00:00+00:00,231.1737671,0.97959185
2013-07-02 15:00:00+00:00,233.1482086,0.98807496
2013-07-02 16:00:00+00:00,241.998291,0.9795571
2013-07-02 17:00:00+00:00,384.0732422,72.92177
2013-07-02 18:00:00+00:00,234.5511932,0.9846416
2013-07-02 19:00:00+00:00,222.0511017,0.9761499
2013-07-02 20:00:00+00:00,223.6160431,0.9846416
2013-07-02 21:00:00+00:00,592.3225098,177.81122
2013-07-02 22:00:00+00:00,276.2419128,0.9914676
2013-07-02 23:00:00+00:00,228.9880524,0.99148214
2013-07-03 00:00:00+00:00,173.4180908,0.97269624
2013-07-03 01:00:00+00:00,143.1192474,0.97274274
2013-07-03 02:00:00+00:00,139.996582,0.98122865
2013-07-03 03:00:00+00:00,148.3327637,0.97952217
2013-07-03 04:00:00+00:00,134.5553589,0.9556314
2013-07-03 05:00:00+00:00,150.3720093,0.9710392
2013-07-03 06:00:00+00:00,137.8583679,0.9692833
2013-07-03 07:00:00+00:00,370.2337952,161.0204
2013-07-03 08:00:00+00:00,204.3157043,0.9692833
2013-07-03 09:00:00+00:00,187.1177521,0.97952217
2013-07-03 10:00:00+00:00,298.8310547,143.8092
2013-07-03 11:00:00+00:00,173.8447113,0.97952217
2013-07-03 12:00:00+00:00,164.0102234,0.99148214
2013-07-03 13:00:00+00:00,167.6331024,0.99658704
2013-07-03 14:00:00+00:00,166.8381653,0.9897785
2013-07-03 15:00:00+00:00,166.3492279,0.99829644
2013-07-03 16:00:00+00:00,465.9880676,0.9795571
2013-07-03 17:00:00+00:00,483.1839905,239.88286
2013-07-03 18:00:00+00:00,1241.658203,0.98988193
2013-07-03 19:00:00+00:00,1061.890625,0.9780034
2013-07-03 20:00:00+00:00,524.9301758,134.64346
2013-07-03 21:00:00+00:00,468.5468445,0.9897959
2013-07-03 22:00:00+00:00,255.0118866,0.9880952
2013-07-03 23:00:00+00:00,243.6967621,0.9779287
2013-07-04 00:00:00+00:00,167.1222382,0.98129255
2013-07-04 01:00:00+00:00,158.6967621,0.9846939
2013-07-04 02:00:00+00:00,155.1122437,0.97619045
2013-07-04 03:00:00+00:00,157.1887817,0.97789115
2013-07-04 04:00:00+00:00,154.1404114,0.9779287
2013-07-04 05:00:00+00:00,174.1058044,0.9778535
2013-07-04 06:00:00+00:00,155.7008514,0.97619045
2013-07-04 07:00:00+00:00,156.2606506,0.97274274
2013-07-04 08:00:00+00:00,153.0034027,0.98126066
2013-07-04 09:00:00+00:00,171.8583679,0.98807496
2013-07-04 10:00:00+00:00,238.7853546,0.9863946
2013-07-04 11:00:00+00:00,367.8483887,0.99659866
2013-07-04 12:00:00+00:00,248.79422,0.9897959
2013-07-04 13:00:00+00:00,268.5411072,0.97959185
2013-07-04 14:00:00+00:00,286.3486328,0.98132426
2013-07-04 15:00:00+00:00,305.704071,0.97959185
2013-07-04 16:00:00+00:00,484.2355957,171.11206
2013-07-04 17:00:00+00:00,450.8943787,90.62034
2013-07-04 18:00:00+00:00,1105.442261,0.994941
2013-07-04 19:00:00+00:00,755.4629517,0.99156827
2013-07-04 20:00:00+00:00,492.624115,141.24873
2013-07-04 21:00:00+00:00,381.878418,0.9915398
2013-07-04 22:00:00+00:00,296.7657166,0.98474574
2013-07-04 23:00:00+00:00,275.3322144,0.9915254
2013-07-05 00:00:00+00:00,266.2593079,0.98474574
2013-07-05 01:00:00+00:00,156.290329,0.98641765
2013-07-05 02:00:00+00:00,165.7724915,0.9728353
2013-07-05 03:00:00+00:00,151.2376862,0.9830221
2013-07-05 04:00:00+00:00,163.7300568,0.9830221
2013-07-05 05:00:00+00:00,153.1426086,0.9932088
2013-07-05 06:00:00+00:00,160.2653046,0.9727891
2013-07-05 07:00:00+00:00,327.6683655,146.93718
2013-07-05 08:00:00+00:00,209.1496582,0.9983022
2013-07-05 09:00:00+00:00,382.4533081,163.98473
2013-07-05 10:00:00+00:00,184.9421844,0.99489796
2013-07-05 11:00:00+00:00,219.6288147,0.9932203
2013-07-05 12:00:00+00:00,187.404068,0.9932088
2013-07-05 13:00:00+00:00,178.7775879,0.98811543
2013-07-05 14:00:00+00:00,263.5721436,0.9762712
2013-07-05 15:00:00+00:00,325.2023926,0.99491525
2013-07-05 16:00:00+00:00,452.6083984,127.001686
2013-07-05 17:00:00+00:00,1325.258545,0.99496645
2013-07-05 18:00:00+00:00,186.3999939,0.994941
2013-07-05 19:00:00+00:00,357.5729675,143.12204
2013-07-05 20:00:00+00:00,230.8333282,0.9830221
2013-07-05 21:00:00+00:00,243.9556732,0.9966216
2013-07-05 22:00:00+00:00,172.8222961,0.9949066
2013-07-05 23:00:00+00:00,160.6181183,0.9881757
2013-07-06 00:00:00+00:00,171.5026398,0.9881956
2013-07-06 01:00:00+00:00,157.1728363,1
2013-07-06 02:00:00+00:00,175.7061005,0.98630136
2013-07-06 03:00:00+00:00,157.0710602,0.9830221
2013-07-06 04:00:00+00:00,172.5207672,0.98474574
2013-07-06 05:00:00+00:00,156.2699432,0.98644066
2013-07-06 06:00:00+00:00,170.0135803,0.97118646
2013-07-06 07:00:00+00:00,159.627121,0.979661
2013-07-06 08:00:00+00:00,580.6277466,160.28041
2013-07-06 09:00:00+00:00,514.3585205,0.99156827
2013-07-06 10:00:00+00:00,342.998291,0.9898649
2013-07-06 11:00:00+00:00,593.0772095,0.9831081
2013-07-06 12:00:00+00:00,271.2943115,0.9797297
2013-07-06 13:00:00+00:00,220.348587,0.98981327
2013-07-06 14:00:00+00:00,998.0192871,0.99156827
2013-07-06 15:00:00+00:00,669.8179932,161.94078
2013-07-06 16:00:00+00:00,367.2310486,146.69609
2013-07-06 17:00:00+00:00,212.7105713,0.9863248
2013-07-06 18:00:00+00:00,199.4730377,0.99488926
2013-07-06 19:00:00+00:00,223.9580383,0.98641765
2013-07-06 20:00:00+00:00,223.956665,0.9932088
2013-07-06 21:00:00+00:00,180.3858185,0.9932088
2013-07-06 22:00:00+00:00,144.6165771,0.99319726
2013-07-06 23:00:00+00:00,151.2076111,0.9863946
2013-07-07 00:00:00+00:00,160.4342499,0.98815566
2013-07-07 01:00:00+00:00,159.465271,0.9915541
2013-07-07 02:00:00+00:00,173.5833282,0.99319726
2013-07-07 03:00:00+00:00,157.7829895,0.9897959
2013-07-07 04:00:00+00:00,145.0330963,0.9914966
2013-07-07 05:00:00+00:00,152.0643463,0.9897785
2013-07-07 06:00:00+00:00,139.468689,0.9932088
2013-07-07 07:00:00+00:00,596.8220825,376.6914
2013-07-07 08:00:00+00:00,200.3292236,0.9881356
2013-07-07 09:00:00+00:00,192.440567,0.9932203
2013-07-07 10:00:00+00:00,191.297348,0.9897959
2013-07-07 11:00:00+00:00,197.6867523,0.98981327
2013-07-07 12:00:00+00:00,365.5808716,0.9829932
2013-07-07 13:00:00+00:00,509.9599915,138.88364
2013-07-07 14:00:00+00:00,226.5060883,0.99491525
2013-07-07 15:00:00+00:00,366.6435852,140.60884
2013-07-07 16:00:00+00:00,339.2556458,0.9795571
2013-07-07 17:00:00+00:00,288.706604,0.9914966
2013-07-07 18:00:00+00:00,396.4315491,0.9914383
2013-07-07 19:00:00+00:00,871.3586426,0.9948718
2013-07-07 20:00:00+00:00,875.331604,0.9982993
2013-07-07 21:00:00+00:00,523.7648315,151.36986
2013-07-07 22:00:00+00:00,303.960083,0.99656945
2013-07-07 23:00:00+00:00,152.6863098,0.99656945
2013-07-08 00:00:00+00:00,149.730896,0.9982877
2013-07-08 01:00:00+00:00,159.1634827,0.9897084
2013-07-08 02:00:00+00:00,144.0348358,0.99659866
2013-07-08 03:00:00+00:00,150.1265411,0.9761092
2013-07-08 04:00:00+00:00,152.987854,0.9829642
2013-07-08 05:00:00+00:00,236.0935822,0.9931857
2013-07-08 06:00:00+00:00,154.8197632,0.9880952
2013-07-08 07:00:00+00:00,181.324646,0.9846939
2013-07-08 08:00:00+00:00,223.7750854,0.98815566
2013-07-08 09:00:00+00:00,160.485321,0.9881356
2013-07-08 10:00:00+00:00,152.8107605,0.99659866
2013-07-08 11:00:00+00:00,144.3773956,0.9932088
2013-07-08 12:00:00+00:00,152.8356476,0.9965928
2013-07-08 13:00:00+00:00,158.3566437,0.98811543
2013-07-08 14:00:00+00:00,151.3420105,0.9829932
2013-07-08 15:00:00+00:00,146.9842377,1
2013-07-08 16:00:00+00:00,154.7408752,0.9913793
2013-07-08 17:00:00+00:00,158.8804169,0.99486303
2013-07-08 18:00:00+00:00,440.2486877,162.21709
2013-07-08 19:00:00+00:00,1060.190674,130.91864
2013-07-08 20:00:00+00:00,1108.006958,145.5017
2013-07-08 21:00:00+00:00,426.706604,0.9896907
2013-07-08 22:00:00+00:00,272.871521,0.9914676
2013-07-08 23:00:00+00:00,187.706604,0.9897959
2013-07-09 00:00:00+00:00,184.853653,0.9897959
2013-07-09 01:00:00+00:00,188.1745148,0.9931857
2013-07-09 02:00:00+00:00,165.8208771,0.98811543
2013-07-09 03:00:00+00:00,176.3583984,0.98126066
2013-07-09 04:00:00+00:00,155.7412567,0.99488926
2013-07-09 05:00:00+00:00,196.1871796,0.9830508
2013-07-09 06:00:00+00:00,147.2797241,0.9966159
2013-07-09 07:00:00+00:00,156.1567993,0.98641765
2013-07-09 08:00:00+00:00,230.7870789,0.97959185
2013-07-09 09:00:00+00:00,248.9982758,0.9931857
2013-07-09 10:00:00+00:00,250.6486053,0.97959185
2013-07-09 11:00:00+00:00,318.4824524,0.99319726
2013-07-09 12:00:00+00:00,241.4090118,0.99489796
2013-07-09 13:00:00+00:00,244.6241302,0.98641765
2013-07-09 14:00:00+00:00,271.7697754,0.9915541
2013-07-09 15:00:00+00:00,266.7846985,0.9864865
2013-07-09 16:00:00+00:00,277.9205627,0.99489796
2013-07-09 17:00:00+00:00,590.2693481,150.74324
2013-07-09 18:00:00+00:00,439.3982849,149.0356
2013-07-09 19:00:00+00:00,1366.923218,0.996633
2013-07-09 20:00:00+00:00,722.194397,134.91371
2013-07-09 21:00:00+00:00,378.1148376,0.99156827
2013-07-09 22:00:00+00:00,236.1022491,0.98126066
2013-07-09 23:00:00+00:00,180.6372986,0.99148214
2013-07-10 00:00:00+00:00,144.8426514,0.9831081
2013-07-10 01:00:00+00:00,153.4142151,0.9914676
2013-07-10 02:00:00+00:00,147.4558105,0.99489796
2013-07-10 03:00:00+00:00,148.3832703,0.98981327
2013-07-10 04:00:00+00:00,149.2469177,0.98307955
2013-07-10 05:00:00+00:00,160.1687164,0.9898477
2013-07-10 06:00:00+00:00,157.4446411,1.7894737
2013-07-10 07:00:00+00:00,208.480835,0.9949066
2013-07-10 08:00:00+00:00,188.944931,0.9915398
2013-07-10 09:00:00+00:00,146.6713715,0.9846939
2013-07-10 10:00:00+00:00,150.4035034,0.9966159
2013-07-10 11:00:00+00:00,154.3544922,0.9898477
2013-07-10 12:00:00+00:00,141.435318,0.99488926
2013-07-10 13:00:00+00:00,156.3391876,0.9898305
2013-07-10 14:00:00+00:00,151.6482697,0.9863946
2013-07-10 15:00:00+00:00,142.6928406,0.9863946
2013-07-10 16:00:00+00:00,157.5958557,0.9931857
2013-07-10 17:00:00+00:00,496.9982605,133.62436
2013-07-10 18:00:00+00:00,258.4377136,0.97444636
2013-07-10 19:00:00+00:00,1392.05188,0.98994976
2013-07-10 20:00:00+00:00,350.9230652,0.9830508
2013-07-10 21:00:00+00:00,409.0245972,104.54992
2013-07-10 22:00:00+00:00,454.336853,0.98811543
2013-07-10 23:00:00+00:00,227.8480072,0.99659866
2013-07-11 00:00:00+00:00,177.1539764,0.99151105
2013-07-11 01:00:00+00:00,158.9406586,0.98981327
2013-07-11 02:00:00+00:00,176.1183777,1
2013-07-11 03:00:00+00:00,160.0619659,0.99323183
2013-07-11 04:00:00+00:00,171.7803192,0.9864636
2013-07-11 05:00:00+00:00,178.1490479,0.9830221
2013-07-11 06:00:00+00:00,145.766098,0.9813559
2013-07-11 07:00:00+00:00,147.9932251,0.9881356
2013-07-11 08:00:00+00:00,171.606781,0.9915254
2013-07-11 09:00:00+00:00,268.2598877,0.9728814
2013-07-11 10:00:00+00:00,218.5687561,0.9745331
2013-07-11 11:00:00+00:00,242.4033966,0.99491525
2013-07-11 12:00:00+00:00,304.1184387,0.98644066
2013-07-11 13:00:00+00:00,223.7147675,0.98474574
2013-07-11 14:00:00+00:00,233.9114075,0.9915254
2013-07-11 15:00:00+00:00,247.1518707,0.9915254
2013-07-11 16:00:00+00:00,258.1376343,0.98641765
2013-07-11 17:00:00+00:00,610.6105347,149.14915
2013-07-11 18:00:00+00:00,216.5276794,0.9830221
2013-07-11 19:00:00+00:00,1502.276978,144.43121
2013-07-11 20:00:00+00:00,308.5870056,0.9898649
2013-07-11 21:00:00+00:00,336.7625122,0.9932432
2013-07-11 22:00:00+00:00,218.6267548,0.98815566
2013-07-11 23:00:00+00:00,184.9666138,0.98641765
2013-07-12 00:00:00+00:00,163.1396179,0.9915254
2013-07-12 01:00:00+00:00,151.328125,0.9983051
2013-07-12 02:00:00+00:00,142.8549194,0.98474574
2013-07-12 03:00:00+00:00,151.7203369,0.99491525
2013-07-12 04:00:00+00:00,138.2423706,0.9762712
2013-07-12 05:00:00+00:00,181.1477051,0.9881356
2013-07-12 06:00:00+00:00,138.2449036,0.9898305
2013-07-12 07:00:00+00:00,360.7000122,75.901695
2013-07-12 08:00:00+00:00,232.1443176,0.98811543
2013-07-12 09:00:00+00:00,169.4668884,0.98811543
2013-07-12 10:00:00+00:00,141.884552,0.9932088
2013-07-12 11:00:00+00:00,153.1126251,0.9932203
2013-07-12 12:00:00+00:00,138.9066162,0.9932088
2013-07-12 13:00:00+00:00,156.1612854,0.9949066
2013-07-12 14:00:00+00:00,140.5101624,0.99491525
2013-07-12 15:00:00+00:00,256.4295349,0.9847199
2013-07-12 16:00:00+00:00,429.4436646,149.26837
2013-07-12 17:00:00+00:00,274.2083435,1
2013-07-12 18:00:00+00:00,325.9684143,1
2013-07-12 19:00:00+00:00,307.6631165,0.98477155
2013-07-12 20:00:00+00:00,633.9606323,128.4358
2013-07-12 21:00:00+00:00,350.7157898,0.99491525
2013-07-12 22:00:00+00:00,368.6289673,0.9949066
2013-07-12 23:00:00+00:00,186.8422852,0.99492383
2013-07-13 00:00:00+00:00,164.7417145,0.9779661
2013-07-13 01:00:00+00:00,143.0259552,0.99323183
2013-07-13 02:00:00+00:00,144.9663696,0.9915254
2013-07-13 03:00:00+00:00,153.5204315,0.9915541
2013-07-13 04:00:00+00:00,138.4982605,0.9932203
2013-07-13 05:00:00+00:00,152.500885,0.9898477
2013-07-13 06:00:00+00:00,223.9789429,0.9897959
2013-07-13 07:00:00+00:00,144.1657867,0.9864865
2013-07-13 08:00:00+00:00,167.905014,0.98307955
2013-07-13 09:00:00+00:00,377.0437012,156.7027
2013-07-13 10:00:00+00:00,649.017395,0.99492383
2013-07-13 11:00:00+00:00,573.3827515,0.98477155
2013-07-13 12:00:00+00:00,579.1989746,0.99830794
2013-07-13 13:00:00+00:00,173.3847504,0.9932088
2013-07-13 14:00:00+00:00,166.6672516,0.99489796
2013-07-13 15:00:00+00:00,173.9532013,0.99148214
2013-07-13 16:00:00+00:00,179.8898621,0.9932203
2013-07-13 17:00:00+00:00,224.2747803,0.99488926
2013-07-13 18:00:00+00:00,404.1260986,141.89285
2013-07-13 19:00:00+00:00,419.041748,128.12692
2013-07-13 20:00:00+00:00,270.5862732,0.9982906
2013-07-13 21:00:00+00:00,287.8177185,0.9948454
2013-07-13 22:00:00+00:00,190.6423645,0.9931389
2013-07-13 23:00:00+00:00,188.3854218,1
2013-07-14 00:00:00+00:00,169.730896,0.989726
2013-07-14 01:00:00+00:00,146.2881927,0.99140894
2013-07-14 02:00:00+00:00,150.4513855,0.99828476
2013-07-14 03:00:00+00:00,159.519104,0.98805463
2013-07-14 04:00:00+00:00,147.5686951,0.9863714
2013-07-14 05:00:00+00:00,144.8815308,0.99148214
2013-07-14 06:00:00+00:00,157.9477386,0.9863714
2013-07-14 07:00:00+00:00,153.326355,0.9897785
2013-07-14 08:00:00+00:00,247.4428864,0.9966159
2013-07-14 09:00:00+00:00,235.3752136,0.99659866
2013-07-14 10:00:00+00:00,225.4069519,0.9847199
2013-07-14 11:00:00+00:00,257.3864746,0.9897785
2013-07-14 12:00:00+00:00,485.1767883,154.20547
2013-07-14 13:00:00+00:00,1462.716064,217.07797
2013-07-14 14:00:00+00:00,772.338501,6.0341883
2013-07-14 15:00:00+00:00,484.8139038,153.9077
2013-07-14 16:00:00+00:00,399.3726196,0.9948365
2013-07-14 17:00:00+00:00,542.7175293,73.1931
2013-07-14 18:00:00+00:00,589.6903076,78.39033
2013-07-14 19:00:00+00:00,1279.144287,0.9931857
2013-07-14 20:00:00+00:00,614.8635864,0.99827886
2013-07-14 21:00:00+00:00,331.8890686,0.9948186
2013-07-14 22:00:00+00:00,371.467926,47.289383
2013-07-14 23:00:00+00:00,176.3448944,0.99312717
2013-07-15 00:00:00+00:00,161.5077972,0.9931153
2013-07-15 01:00:00+00:00,159.6637726,0.9862306
2013-07-15 02:00:00+00:00,158.2911682,0.9931389
2013-07-15 03:00:00+00:00,148.112854,0.99142367
2013-07-15 04:00:00+00:00,145.8888855,0.9897084
2013-07-15 05:00:00+00:00,182.611496,0.989726
2013-07-15 06:00:00+00:00,158.1411133,0.9931857
2013-07-15 07:00:00+00:00,147.6944427,0.9880952
2013-07-15 08:00:00+00:00,236.8052216,0.9914966
2013-07-15 09:00:00+00:00,195.1036835,0.98807496
2013-07-15 10:00:00+00:00,158.8055573,0.99151105
2013-07-15 11:00:00+00:00,156.793396,0.991453
2013-07-15 12:00:00+00:00,150.3072968,0.99142367
2013-07-15 13:00:00+00:00,150.2869568,0.99656945
2013-07-15 14:00:00+00:00,152.4010468,0.9948542
2013-07-15 15:00:00+00:00,281.2530212,0.9931389
2013-07-15 16:00:00+00:00,280.680542,0.99655765
2013-07-15 17:00:00+00:00,385.8823547,0.99655765
2013-07-15 18:00:00+00:00,493.1354065,144.89157
2013-07-15 19:00:00+00:00,1336.496582,1
2013-07-15 20:00:00+00:00,321.1038208,0.9948097
2013-07-15 21:00:00+00:00,355.5709229,0.9948007
2013-07-15 22:00:00+00:00,239.3795471,0.9862069
2013-07-15 23:00:00+00:00,199.8908081,0.99827886
2013-07-16 00:00:00+00:00,184.0537262,0.9913793
2013-07-16 01:00:00+00:00,193.202774,0.99828476
2013-07-16 02:00:00+00:00,188.2166443,0.99142367
2013-07-16 03:00:00+00:00,181.4201355,0.9897084
2013-07-16 04:00:00+00:00,161.3495636,0.9931507
2013-07-16 05:00:00+00:00,186.2338562,0.99657536
2013-07-16 06:00:00+00:00,153.703125,0.9931507
2013-07-16 07:00:00+00:00,317.013916,0.9863714
2013-07-16 08:00:00+00:00,303.7408752,0.99151105
2013-07-16 09:00:00+00:00,282.4860535,0.99659866
2013-07-16 10:00:00+00:00,337.9375,0.9932088
2013-07-16 11:00:00+00:00,203.9842377,0.99148214
2013-07-16 12:00:00+00:00,160.3072968,0.99828476
2013-07-16 13:00:00+00:00,158.75,0.99656945
2013-07-16 14:00:00+00:00,158.0833282,0.99656945
2013-07-16 15:00:00+00:00,154.9046783,0.98967296
2013-07-16 16:00:00+00:00,207.3067627,0.98967296
2013-07-16 17:00:00+00:00,402.242218,145.57587
2013-07-16 18:00:00+00:00,267.7001648,0.9931153
2013-07-16 19:00:00+00:00,1137.430542,149.21843
2013-07-16 20:00:00+00:00,477.1015625,0.9948454
2013-07-16 21:00:00+00:00,183.5561371,0.9982699
2013-07-16 22:00:00+00:00,186.4059753,0.98618305
2013-07-16 23:00:00+00:00,217.2918854,1.0034602
2013-07-17 00:00:00+00:00,203.6730042,0.9913644
2013-07-17 01:00:00+00:00,190.2352905,0.9913345
2013-07-17 02:00:00+00:00,188.6793823,0.9982699
2013-07-17 03:00:00+00:00,198.5882416,0.9982699
2013-07-17 04:00:00+00:00,193.9480133,1.0017241
2013-07-17 05:00:00+00:00,198.3937225,0.99655765
2013-07-17 06:00:00+00:00,175.4696655,0.98967296
2013-07-17 07:00:00+00:00,176.3622131,1
2013-07-17 08:00:00+00:00,299.6169739,1.0017095
2013-07-17 09:00:00+00:00,329.0207825,0.99828476
2013-07-17 10:00:00+00:00,278.4670105,0.99655175
2013-07-17 11:00:00+00:00,341.022522,0.99657536
2013-07-17 12:00:00+00:00,252.8128204,0.9896552
2013-07-17 13:00:00+00:00,365.1687012,89.56379
2013-07-17 14:00:00+00:00,315.4359741,0.9965398
2013-07-17 15:00:00+00:00,323.1209106,0.9965398
2013-07-17 16:00:00+00:00,328.6833801,0.9930915
2013-07-17 17:00:00+00:00,414.2258606,0.9931153
2013-07-17 18:00:00+00:00,477.5854797,134.55766
2013-07-17 19:00:00+00:00,611.65802,175.70619
2013-07-17 20:00:00+00:00,417.7330933,0.99310344
2013-07-17 21:00:00+00:00,328.4766846,0.9982729
2013-07-17 22:00:00+00:00,281.6107178,0.9965398
2013-07-17 23:00:00+00:00,208.7374725,0.9896373
2013-07-18 00:00:00+00:00,204.1643524,0.9930796
2013-07-18 01:00:00+00:00,189.7318268,0.9948097
2013-07-18 02:00:00+00:00,186.3754272,0.9965398
2013-07-18 03:00:00+00:00,180.73703,1
2013-07-18 04:00:00+00:00,179.488739,1
2013-07-18 05:00:00+00:00,185.6429749,0.99312717
2013-07-18 06:00:00+00:00,349.8166199,153.07376
2013-07-18 07:00:00+00:00,247.8013916,0.99140894
2013-07-18 08:00:00+00:00,221.5476532,0.9896907
2013-07-18 09:00:00+00:00,211.0381317,0.99656355
2013-07-18 10:00:00+00:00,219.0207977,0.9828179
2013-07-18 11:00:00+00:00,364.7556458,135.31497
2013-07-18 12:00:00+00:00,353.6989746,0.99827886
2013-07-18 13:00:00+00:00,296.5467224,0.9930796
2013-07-18 14:00:00+00:00,291.8062134,0.9896194
2013-07-18 15:00:00+00:00,481.4248657,162.8069
2013-07-18 16:00:00+00:00,635.956604,139.21034
2013-07-18 17:00:00+00:00,351.6873779,6.1278067
2013-07-18 18:00:00+00:00,1456.027222,79.451775
2013-07-18 19:00:00+00:00,396.1329956,0.9930915
2013-07-18 20:00:00+00:00,401.5397949,1.0034602
2013-07-18 21:00:00+00:00,378.6863098,0.99655175
2013-07-18 22:00:00+00:00,304.5294189,0.9965398
2013-07-18 23:00:00+00:00,196.5328674,0.9930796
2013-07-19 00:00:00+00:00,168.6141815,1
2013-07-19 01:00:00+00:00,171.9324036,0.9930915
2013-07-19 02:00:00+00:00,183.2391663,0.99655765
2013-07-19 03:00:00+00:00,183.4055481,0.9931389
2013-07-19 04:00:00+00:00,165.7170105,0.9880137
2013-07-19 05:00:00+00:00,177.965271,0.99312717
2013-07-19 06:00:00+00:00,172.71875,1.0017123
2013-07-19 07:00:00+00:00,167.3211823,0.98458904
2013-07-19 08:00:00+00:00,406.3485107,153.78644
2013-07-19 09:00:00+00:00,600.034729,0.99830794
2013-07-19 10:00:00+00:00,584.4973755,0.9932203
2013-07-19 11:00:00+00:00,191.7100677,0.99312717
2013-07-19 12:00:00+00:00,185.765625,1.0017123
2013-07-19 13:00:00+00:00,197.546875,0.9948454
2013-07-19 14:00:00+00:00,307.9408569,132.84048
2013-07-19 15:00:00+00:00,259.8769531,0.9982818
2013-07-19 16:00:00+00:00,297.9723206,1
2013-07-19 17:00:00+00:00,292.532074,0.9965398
2013-07-19 18:00:00+00:00,333.7560425,0.9913644
2013-07-19 19:00:00+00:00,296.8858032,0.9982729
2013-07-19 20:00:00+00:00,285.6914978,0.9931153
2013-07-19 21:00:00+00:00,528.9151001,156.75085
2013-07-19 22:00:00+00:00,329.965271,0.9948542
2013-07-19 23:00:00+00:00,178.8457489,0.99657536
2013-07-20 00:00:00+00:00,160.5538177,0.99142367
2013-07-20 01:00:00+00:00,149.565979,0.99656945
2013-07-20 02:00:00+00:00,147.3142395,0.99140894
2013-07-20 03:00:00+00:00,156.515625,0.9931507
2013-07-20 04:00:00+00:00,158.0954895,0.9931389
2013-07-20 05:00:00+00:00,144.9334564,1
2013-07-20 06:00:00+00:00,149.2156525,0.99488926
2013-07-20 07:00:00+00:00,309.1854553,140.26994
2013-07-20 08:00:00+00:00,175.6912231,0.9897959
2013-07-20 09:00:00+00:00,304.5297241,0.9863714
2013-07-20 10:00:00+00:00,300.4188538,134.89116
2013-07-20 11:00:00+00:00,310.6445923,0.99659866
2013-07-20 12:00:00+00:00,278.5826111,0.9932088
2013-07-20 13:00:00+00:00,196.5,0.9982935
2013-07-20 14:00:00+00:00,176.2604218,0.9931624
2013-07-20 15:00:00+00:00,177.1649323,0.9932088
2013-07-20 16:00:00+00:00,341.1993103,0.98981327
2013-07-20 17:00:00+00:00,297.6508789,0.99489796
2013-07-20 18:00:00+00:00,489.7140503,151.44142
2013-07-20 19:00:00+00:00,1317.841431,0.98657715
2013-07-20 20:00:00+00:00,227.7795105,0.99659866
2013-07-20 21:00:00+00:00,255.895874,1.0017123
2013-07-20 22:00:00+00:00,251.6317596,0.9880952
2013-07-20 23:00:00+00:00,201.8713074,0.98811543
2013-07-21 00:00:00+00:00,158.6086884,0.9897611
2013-07-21 01:00:00+00:00,151.285965,0.98132426
2013-07-21 02:00:00+00:00,146.6228333,0.99491525
2013-07-21 03:00:00+00:00,160.0415192,0.9880952
2013-07-21 04:00:00+00:00,145.2245178,0.9846939
2013-07-21 05:00:00+00:00,148.4870453,0.9932432
2013-07-21 06:00:00+00:00,156.8194427,0.9931857
2013-07-21 07:00:00+00:00,141.563797,0.99658704
2013-07-21 08:00:00+00:00,150.378891,0.9898305
2013-07-21 09:00:00+00:00,528.2614746,275.95728
2013-07-21 10:00:00+00:00,534.4073486,196.51361
2013-07-21 11:00:00+00:00,365.51474,0.9847199
2013-07-21 12:00:00+00:00,443.2665405,1.0016835
2013-07-21 13:00:00+00:00,392.3114929,0.99661016
2013-07-21 14:00:00+00:00,479.399292,0.9983108
2013-07-21 15:00:00+00:00,244.630661,0.9983022
2013-07-21 16:00:00+00:00,260.9529724,0.99491525
2013-07-21 17:00:00+00:00,599.3414917,111.890015
2013-07-21 18:00:00+00:00,805.6585693,0.99156827
2013-07-21 19:00:00+00:00,1021.761353,0.9932203
2013-07-21 20:00:00+00:00,558.2665405,119.66724
2013-07-21 21:00:00+00:00,327.0597534,0.98641765
2013-07-21 22:00:00+00:00,299.8782654,0.99319726
2013-07-21 23:00:00+00:00,172.5173645,0.9932203
2013-07-22 00:00:00+00:00,148.7526093,0.99488056
2013-07-22 01:00:00+00:00,157.5418091,0.99659866
2013-07-22 02:00:00+00:00,147.9252167,0.99661016
2013-07-22 03:00:00+00:00,145.7508698,0.9931741
2013-07-22 04:00:00+00:00,157.6445923,0.99148214
2013-07-22 05:00:00+00:00,170.421051,0.99151105
2013-07-22 06:00:00+00:00,143.8027954,0.99661016
2013-07-22 07:00:00+00:00,155.5933685,0.9914966
2013-07-22 08:00:00+00:00,209.4816742,0.99151105
2013-07-22 09:00:00+00:00,236.368515,0.991453
2013-07-22 10:00:00+00:00,242.5763855,0.99830794
2013-07-22 11:00:00+00:00,339.2837219,0.9932203
2013-07-22 12:00:00+00:00,247.2790222,1
2013-07-22 13:00:00+00:00,242.649826,0.9745331
2013-07-22 14:00:00+00:00,297.8420105,0.9931624
2013-07-22 15:00:00+00:00,291.2956543,1
2013-07-22 16:00:00+00:00,303.3847351,0.99655765
2013-07-22 17:00:00+00:00,853.1606445,268.8356
2013-07-22 18:00:00+00:00,387.1643677,0.9948097
2013-07-22 19:00:00+00:00,774.1635132,0.99656355
2013-07-22 20:00:00+00:00,1094.371094,0.9965928
2013-07-22 21:00:00+00:00,376.4411621,0.9982699
2013-07-22 22:00:00+00:00,335.0726624,0.9965398
2013-07-22 23:00:00+00:00,234.0449829,0.9965398
2013-07-23 00:00:00+00:00,217.5674744,0.9948097
2013-07-23 01:00:00+00:00,217.2711639,1
2013-07-23 02:00:00+00:00,219.0017395,0.9982729
2013-07-23 03:00:00+00:00,193.8544159,0.9982729
2013-07-23 04:00:00+00:00,187.4982758,0.9896194
2013-07-23 05:00:00+00:00,167.994812,0.9930796
2013-07-23 06:00:00+00:00,166.6332245,0.9896194
2013-07-23 07:00:00+00:00,223.285965,0.98096883
2013-07-23 08:00:00+00:00,667.967041,150.46391
2013-07-23 09:00:00+00:00,211.5813141,0.9930796
2013-07-23 10:00:00+00:00,222.0155945,1.0051903
2013-07-23 11:00:00+00:00,343.0364075,135.35924
2013-07-23 12:00:00+00:00,222.9204102,0.9982669
2013-07-23 13:00:00+00:00,222.8024292,0.98615915
2013-07-23 14:00:00+00:00,219.6868439,0.9965398
2013-07-23 15:00:00+00:00,348.7469788,144.29361
2013-07-23 16:00:00+00:00,243.7681732,0.9930796
2013-07-23 17:00:00+00:00,401.2024231,1
2013-07-23 18:00:00+00:00,292.5692139,0.9878893
2013-07-23 19:00:00+00:00,232.0034943,0.9947644
2013-07-23 20:00:00+00:00,1072.984619,133.78365
2013-07-23 21:00:00+00:00,864.6908569,0.9931389
2013-07-23 22:00:00+00:00,189.3979187,0.9930796
2013-07-23 23:00:00+00:00,176.0885468,0.9948097
2013-07-24 00:00:00+00:00,173.3379517,0.99655765
2013-07-24 01:00:00+00:00,166.7729645,0.99827886
2013-07-24 02:00:00+00:00,167.2166443,1.0017182
2013-07-24 03:00:00+00:00,176.5138855,0.989726
2013-07-24 04:00:00+00:00,171.7019043,0.99828476
2013-07-24 05:00:00+00:00,177.3457489,0.9948007
2013-07-24 06:00:00+00:00,151.7285461,0.9965338
2013-07-24 07:00:00+00:00,184.452179,1.0017123
2013-07-24 08:00:00+00:00,249.1789398,0.9982993
2013-07-24 09:00:00+00:00,283.5572815,0.98811543
2013-07-24 10:00:00+00:00,228.8295593,0.99659866
2013-07-24 11:00:00+00:00,234.8573914,0.9931741
2013-07-24 12:00:00+00:00,814.9194336,0.9983108
2013-07-24 13:00:00+00:00,257.3106384,0.99489796
2013-07-24 14:00:00+00:00,226.3362427,0.9982906
2013-07-24 15:00:00+00:00,262.5646057,1
2013-07-24 16:00:00+00:00,276.3732605,0.9982818
2013-07-24 17:00:00+00:00,440.0400085,0.9948718
2013-07-24 18:00:00+00:00,1134.235352,146.5068
2013-07-24 19:00:00+00:00,751.038269,0.9897611
2013-07-24 20:00:00+00:00,407.1317139,0.99656945
2013-07-24 21:00:00+00:00,333.7326355,0.9897084
2013-07-24 22:00:00+00:00,237.4756927,1.0051458
2013-07-24 23:00:00+00:00,149.1545105,1
2013-07-25 00:00:00+00:00,181.9356537,0.9948542
2013-07-25 01:00:00+00:00,174.0607605,0.9982818
2013-07-25 02:00:00+00:00,145.890625,0.9982906
2013-07-25 03:00:00+00:00,174.5694427,0.9863946
2013-07-25 04:00:00+00:00,142.7740784,0.99660444
2013-07-25 05:00:00+00:00,209.2251282,0.9863946
2013-07-25 06:00:00+00:00,161.7013855,0.9931857
2013-07-25 07:00:00+00:00,172.8730469,0.9915254
2013-07-25 08:00:00+00:00,261.789917,0.9932088
2013-07-25 09:00:00+00:00,271.5791321,0.99489796
2013-07-25 10:00:00+00:00,346.2513123,69.55254
2013-07-25 11:00:00+00:00,351.5840454,0.99151105
2013-07-25 12:00:00+00:00,295.0383301,0.9983022
2013-07-25 13:00:00+00:00,347.862915,70.679115
2013-07-25 14:00:00+00:00,276.51651,0.99661016
2013-07-25 15:00:00+00:00,288.0194397,0.99829644
2013-07-25 16:00:00+00:00,272.7291565,0.9914676
2013-07-25 17:00:00+00:00,428.4782715,0.9965812
2013-07-25 18:00:00+00:00,414.965271,148.1891
2013-07-25 19:00:00+00:00,1049.146362,1.0050933
2013-07-25 20:00:00+00:00,776.3057251,0.9931741
2013-07-25 21:00:00+00:00,330.757843,0.9949066
2013-07-25 22:00:00+00:00,174.1354218,1.0034364
2013-07-25 23:00:00+00:00,143.9513855,0.9931857
2013-07-26 00:00:00+00:00,173.7760468,0.9982906
2013-07-26 01:00:00+00:00,142.3209839,0.9983022
2013-07-26 02:00:00+00:00,174.0944061,0.9931741
2013-07-26 03:00:00+00:00,142.026001,0.99660444
2013-07-26 04:00:00+00:00,174.582901,0.9897959
2013-07-26 05:00:00+00:00,179.7681732,0.99151105
2013-07-26 06:00:00+00:00,160.1819763,0.9829642
2013-07-26 07:00:00+00:00,222.0767822,0.9915254
2013-07-26 08:00:00+00:00,194.4660797,0.99661016
2013-07-26 09:00:00+00:00,163.8970337,0.9949066
2013-07-26 10:00:00+00:00,150.7318268,1
2013-07-26 11:00:00+00:00,163.1574402,1
2013-07-26 12:00:00+00:00,159.7526093,0.9982935
2013-07-26 13:00:00+00:00,156.4034729,0.99319726
2013-07-26 14:00:00+00:00,172.7739105,0.99488926
2013-07-26 15:00:00+00:00,141.0975647,1
2013-07-26 16:00:00+00:00,178.3147888,0.99661016
2013-07-26 17:00:00+00:00,331.0315247,139.06587
2013-07-26 18:00:00+00:00,194.5783997,0.99319726
2013-07-26 19:00:00+00:00,446.4114685,147.98642
2013-07-26 20:00:00+00:00,219.2651672,0.9982993
2013-07-26 21:00:00+00:00,228.6504364,0.9965928
2013-07-26 22:00:00+00:00,178.3461609,0.9965928
2013-07-26 23:00:00+00:00,216.5174866,1
2013-07-27 00:00:00+00:00,156.9169617,0.9965928
2013-07-27 01:00:00+00:00,174.7242584,0.9914966
2013-07-27 02:00:00+00:00,142.24263,0.98811543
2013-07-27 03:00:00+00:00,173.497406,0.99658704
2013-07-27 04:00:00+00:00,142.8569031,0.99319726
2013-07-27 05:00:00+00:00,154.5669556,1.0016978
2013-07-27 06:00:00+00:00,156.9327545,0.9949066
2013-07-27 07:00:00+00:00,141.6876068,0.97789115
2013-07-27 08:00:00+00:00,541.3636475,0.9915254
2013-07-27 09:00:00+00:00,312.223175,0.98815566
2013-07-27 10:00:00+00:00,361.2010498,84.94247
2013-07-27 11:00:00+00:00,695.99646,258.41455
2013-07-27 12:00:00+00:00,1069.682983,0.9966159
2013-07-27 13:00:00+00:00,394.2701721,1
2013-07-27 14:00:00+00:00,254.6204529,1
2013-07-27 15:00:00+00:00,410.6167297,147.27797
2013-07-27 16:00:00+00:00,518.611084,0.9931857
2013-07-27 17:00:00+00:00,385.913208,1.0017123
2013-07-27 18:00:00+00:00,1429.032593,138.50845
2013-07-27 19:00:00+00:00,945.4758911,55.25641
2013-07-27 20:00:00+00:00,477.2852173,0.99828476
2013-07-27 21:00:00+00:00,403.1617432,0.9948454
2013-07-27 22:00:00+00:00,210.027771,0.9862779
2013-07-27 23:00:00+00:00,181.472229,0.99829644
2013-07-28 00:00:00+00:00,181.4895782,0.9982993
2013-07-28 01:00:00+00:00,180.4504395,0.9931857
2013-07-28 02:00:00+00:00,180.4121704,0.9914966
2013-07-28 03:00:00+00:00,153.7539063,0.9982935
2013-07-28 04:00:00+00:00,181.9754333,0.9983051
2013-07-28 05:00:00+00:00,161.4079895,0.9863946
2013-07-28 06:00:00+00:00,174.3095703,0.9846939
2013-07-28 07:00:00+00:00,180.4886627,0.98805463
2013-07-28 08:00:00+00:00,322.137085,157.34401
2013-07-28 09:00:00+00:00,275.6712952,67.47189
2013-07-28 10:00:00+00:00,251.6245728,70.809525
2013-07-28 11:00:00+00:00,214.4886932,0.9983051
2013-07-28 12:00:00+00:00,817.2834473,137.49747
2013-07-28 13:00:00+00:00,645.9620972,102.98649
2013-07-28 14:00:00+00:00,643.7828369,135.46689
2013-07-28 15:00:00+00:00,411.8336182,71.34407
2013-07-28 16:00:00+00:00,520.203125,0.99323183
2013-07-28 17:00:00+00:00,516.7706909,0.9914966
2013-07-28 18:00:00+00:00,437.9067383,0.9931507
2013-07-28 19:00:00+00:00,1357,0.99663866
2013-07-28 20:00:00+00:00,838.003418,0.98132426
2013-07-28 21:00:00+00:00,502.3096924,116.3039
2013-07-28 22:00:00+00:00,178.9156647,0.99658704
2013-07-28 23:00:00+00:00,162.1954651,0.9983108
2013-07-29 00:00:00+00:00,161.0498352,0.99319726
2013-07-29 01:00:00+00:00,161.6614532,0.98807496
2013-07-29 02:00:00+00:00,158.5235596,0.9966159
2013-07-29 03:00:00+00:00,160.1528931,0.99488926
2013-07-29 04:00:00+00:00,157.7526093,1
2013-07-29 05:00:00+00:00,193.220871,0.9932203
2013-07-29 06:00:00+00:00,232.9086151,0.97952217
2013-07-29 07:00:00+00:00,259.7590942,0.99489796
2013-07-29 08:00:00+00:00,243.1786346,0.99151105
2013-07-29 09:00:00+00:00,310.086792,71.318565
2013-07-29 10:00:00+00:00,335.0434875,0.98811543
2013-07-29 11:00:00+00:00,236.1332245,0.9931857
2013-07-29 12:00:00+00:00,159.8266907,0.99659866
2013-07-29 13:00:00+00:00,159.2260895,0.9932088
2013-07-29 14:00:00+00:00,159.0745239,0.9982993
2013-07-29 15:00:00+00:00,273.2383423,0.9982906
2013-07-29 16:00:00+00:00,386.1278076,89.72449
2013-07-29 17:00:00+00:00,700.638916,229.7228
2013-07-29 18:00:00+00:00,625.432312,152.61395
2013-07-29 19:00:00+00:00,335.3123779,0.9949066
2013-07-29 20:00:00+00:00,1297.13208,139.78078
2013-07-29 21:00:00+00:00,754.5986328,0.99491525
2013-07-29 22:00:00+00:00,203.4223328,1
2013-07-29 23:00:00+00:00,181.6464539,0.99323183
2013-07-30 00:00:00+00:00,181.3396606,0.97952217
2013-07-30 01:00:00+00:00,180.4413757,0.9914966
2013-07-30 02:00:00+00:00,180.2678223,0.9914966
2013-07-30 03:00:00+00:00,179.5211334,0.98474574
2013-07-30 04:00:00+00:00,177.0964355,0.9898649
2013-07-30 05:00:00+00:00,213.7912292,0.9932088
2013-07-30 06:00:00+00:00,353.4020691,85.52129
2013-07-30 07:00:00+00:00,242.090744,0.99829644
2013-07-30 08:00:00+00:00,242.1522064,0.96943974
2013-07-30 09:00:00+00:00,309.3357239,56.641285
2013-07-30 10:00:00+00:00,263.3202209,27.424704
2013-07-30 11:00:00+00:00,320.0467834,0.99491525
2013-07-30 12:00:00+00:00,242.8272705,0.98641765
2013-07-30 13:00:00+00:00,154.139328,0.99491525
2013-07-30 14:00:00+00:00,158.3747864,0.9915254
2013-07-30 15:00:00+00:00,156.5017548,0.99661016
2013-07-30 16:00:00+00:00,155.6536407,0.99489796
2013-07-30 17:00:00+00:00,394.3057861,149.19763
2013-07-30 18:00:00+00:00,714.1169434,128.3305
2013-07-30 19:00:00+00:00,803.9598999,0.99660444
2013-07-30 20:00:00+00:00,1283.465942,118.8266
2013-07-30 21:00:00+00:00,339.6535034,0.9983022
2013-07-30 22:00:00+00:00,178.3509674,0.99661016
2013-07-30 23:00:00+00:00,160.6308289,0.98650926
2013-07-31 00:00:00+00:00,158.7336884,0.9915541
2013-07-31 01:00:00+00:00,158.2391663,0.98474574
2013-07-31 02:00:00+00:00,157.0800018,0.98811543
2013-07-31 03:00:00+00:00,155.973587,0.9813559
2013-07-31 04:00:00+00:00,153.5877228,0.98307955
2013-07-31 05:00:00+00:00,230.9555969,73.4199
2013-07-31 06:00:00+00:00,386.2966919,154.22466
2013-07-31 07:00:00+00:00,285.6256714,0.9966159
2013-07-31 08:00:00+00:00,488.5599976,144.54109
2013-07-31 09:00:00+00:00,269.5421143,0.9915398
2013-07-31 10:00:00+00:00,278.3825684,0.9948186
2013-07-31 11:00:00+00:00,545.7799683,142.03716
2013-07-31 12:00:00+00:00,367.8973999,0.9881956
2013-07-31 13:00:00+00:00,311.48349,0.99319726
2013-07-31 14:00:00+00:00,294.178009,0.99489796
2013-07-31 15:00:00+00:00,372.7145386,71.067795
2013-07-31 16:00:00+00:00,378.0886536,0.98811543
2013-07-31 17:00:00+00:00,420.9685974,1
2013-07-31 18:00:00+00:00,608.1693115,70.19459
2013-07-31 19:00:00+00:00,1595.781372,141.94444
2013-07-31 20:00:00+00:00,429.4689636,0.9898305
2013-07-31 21:00:00+00:00,346.8840027,0.9949066
2013-07-31 22:00:00+00:00,187.4851074,0.9982993
2013-07-31 23:00:00+00:00,164.2189178,0.9897959
2013-08-01 00:00:00+00:00,161.1024323,0.9914966
2013-08-01 01:00:00+00:00,160.0488586,0.9914966
2013-08-01 02:00:00+00:00,160.6376343,0.99489796
2013-08-01 03:00:00+00:00,159.6672516,0.9931857
2013-08-01 04:00:00+00:00,157.793808,0.98981327
2013-08-01 05:00:00+00:00,160.8084412,0.979661
2013-08-01 06:00:00+00:00,309.6289063,81.62479
2013-08-01 07:00:00+00:00,326.9380493,1
2013-08-01 08:00:00+00:00,466.8700256,139.69983
2013-08-01 09:00:00+00:00,316.8996582,0.99659866
2013-08-01 10:00:00+00:00,804.1687012,0.99661016
2013-08-01 11:00:00+00:00,467.1363525,0.9932088
2013-08-01 12:00:00+00:00,681.6567383,139.1545
2013-08-01 13:00:00+00:00,200.2249146,0.9983051
2013-08-01 14:00:00+00:00,341.3878174,140.7901
2013-08-01 15:00:00+00:00,234.9670105,0.99656355
2013-08-01 16:00:00+00:00,235.753479,0.9982877
2013-08-01 17:00:00+00:00,530.8821411,132.16495
2013-08-01 18:00:00+00:00,644.751709,1
2013-08-01 19:00:00+00:00,1465.816406,1
2013-08-01 20:00:00+00:00,458.4093323,1
2013-08-01 21:00:00+00:00,273.3333435,0.9930915
2013-08-01 22:00:00+00:00,196.1917114,0.9982729
2013-08-01 23:00:00+00:00,205.7530212,0.9896373
2013-08-02 00:00:00+00:00,192.6822052,0.9948186
2013-08-02 01:00:00+00:00,183.5840607,1
2013-08-02 02:00:00+00:00,156.994812,1
2013-08-02 03:00:00+00:00,184.5267639,0.9930915
2013-08-02 04:00:00+00:00,161.9100342,0.982699
2013-08-02 05:00:00+00:00,160.3223572,0.9948007
2013-08-02 06:00:00+00:00,320.2356873,87.43718
2013-08-02 07:00:00+00:00,611.4273071,295.73288
2013-08-02 08:00:00+00:00,278.1829224,1
2013-08-02 09:00:00+00:00,205.6845703,0.9896907
2013-08-02 10:00:00+00:00,225.0745239,0.989726
2013-08-02 11:00:00+00:00,204.7552032,0.99656945
2013-08-02 12:00:00+00:00,330.2417297,145.73505
2013-08-02 13:00:00+00:00,276.6052246,0.99486303
2013-08-02 14:00:00+00:00,217.0416718,1
2013-08-02 15:00:00+00:00,212.6845703,0.9931389
2013-08-02 16:00:00+00:00,278.4124756,1
2013-08-02 17:00:00+00:00,329.1733093,0.9879518
2013-08-02 18:00:00+00:00,301.2686157,0.9982818
2013-08-02 19:00:00+00:00,1021.650574,0.99319726
2013-08-02 20:00:00+00:00,755.1810303,140.51277
2013-08-02 21:00:00+00:00,201.9618073,0.99828476
2013-08-02 22:00:00+00:00,199.6132355,0.99486303
2013-08-02 23:00:00+00:00,199.1733093,0.9931389
2013-08-03 00:00:00+00:00,167.550354,0.9879725
2013-08-03 01:00:00+00:00,162.9147797,0.9897084
2013-08-03 02:00:00+00:00,169.550354,0.99828476
2013-08-03 03:00:00+00:00,166.628479,0.9897436
2013-08-03 04:00:00+00:00,164.4318237,0.9982993
2013-08-03 05:00:00+00:00,158.0104523,0.98641765
2013-08-03 06:00:00+00:00,157.3854218,0.9847199
2013-08-03 07:00:00+00:00,383.3315735,176.15736
2013-08-03 08:00:00+00:00,710.336853,0.9881356
2013-08-03 09:00:00+00:00,282.4659729,0.9897611
2013-08-03 10:00:00+00:00,391.4797974,138.09306
2013-08-03 11:00:00+00:00,329.038269,0.9898305
2013-08-03 12:00:00+00:00,676.7614136,162.5777
2013-08-03 13:00:00+00:00,438.3356323,156.74706
2013-08-03 14:00:00+00:00,309.4504395,0.99319726
2013-08-03 15:00:00+00:00,561.9653931,0.99660444
2013-08-03 16:00:00+00:00,582.5511475,83.48805
2013-08-03 17:00:00+00:00,651.5467529,39.783417
2013-08-03 18:00:00+00:00,1109.012085,0.9898477
2013-08-03 19:00:00+00:00,798.1260986,0.98815566
2013-08-03 20:00:00+00:00,551.177063,137.05423
2013-08-03 21:00:00+00:00,332.017334,0.99661016
2013-08-03 22:00:00+00:00,217.8717499,0.99489796
2013-08-03 23:00:00+00:00,186.2400055,1
2013-08-04 00:00:00+00:00,194.0893097,0.9982993
2013-08-04 01:00:00+00:00,200.228775,0.9932088
2013-08-04 02:00:00+00:00,185.604126,0.9982935
2013-08-04 03:00:00+00:00,184.1089935,0.9931857
2013-08-04 04:00:00+00:00,183.0979004,0.9982993
2013-08-04 05:00:00+00:00,180.8681946,0.98132426
2013-08-04 06:00:00+00:00,181.4844818,0.9914676
2013-08-04 07:00:00+00:00,182.7322693,0.99660444
2013-08-04 08:00:00+00:00,363.9406738,74.60678
2013-08-04 09:00:00+00:00,513.4006958,145.31526
2013-08-04 10:00:00+00:00,364.1340332,0.9898649
2013-08-04 11:00:00+00:00,1388.34082,131.62752
2013-08-04 12:00:00+00:00,307.4246216,0.99491525
2013-08-04 13:00:00+00:00,680.6602783,360.84238
2013-08-04 14:00:00+00:00,294.3171692,0.99151105
2013-08-04 15:00:00+00:00,202.4567413,0.99660444
2013-08-04 16:00:00+00:00,374.4668884,0.99156827
2013-08-04 17:00:00+00:00,211.740097,0.97959185
2013-08-04 18:00:00+00:00,571.7573853,137.4276
2013-08-04 19:00:00+00:00,1484.013794,0.9983165
2013-08-04 20:00:00+00:00,465.1730652,108.49236
2013-08-04 21:00:00+00:00,303.8269348,0.9932203
2013-08-04 22:00:00+00:00,225.7253571,0.9932203
2013-08-04 23:00:00+00:00,154.2862091,0.9914676
2013-08-05 00:00:00+00:00,159.2736816,0.9949066
2013-08-05 01:00:00+00:00,165.4659729,0.9932432
2013-08-05 02:00:00+00:00,152.7640839,0.99660444
2013-08-05 03:00:00+00:00,158.4658508,0.9932088
2013-08-05 04:00:00+00:00,163.2603455,1
2013-08-05 05:00:00+00:00,148.1443481,0.99319726
2013-08-05 06:00:00+00:00,222.5686798,56.064
2013-08-05 07:00:00+00:00,0,56.064
2013-08-05 08:00:00+00:00,0,56.064
2013-08-05 09:00:00+00:00,0,56.064
2013-08-05 10:00:00+00:00,0,56.064
2013-08-05 11:00:00+00:00,0,56.064
2013-08-05 12:00:00+00:00,0,56.064
2013-08-05 13:00:00+00:00,0,56.064
2013-08-05 14:00:00+00:00,0,56.064
2013-08-05 15:00:00+00:00,0,56.064
2013-08-05 16:00:00+00:00,0,56.064
2013-08-05 17:00:00+00:00,0,0
2013-08-05 18:00:00+00:00,0,0
2013-08-05 19:00:00+00:00,0,0
2013-08-05 20:00:00+00:00,0,0
2013-08-05 21:00:00+00:00,0,0
2013-08-05 22:00:00+00:00,0,0
2013-08-05 23:00:00+00:00,0,0
2013-08-06 00:00:00+00:00,0,0
2013-08-06 01:00:00+00:00,0,0
2013-08-06 02:00:00+00:00,0,0
2013-08-06 03:00:00+00:00,0,0
2013-08-06 04:00:00+00:00,0,0
2013-08-06 05:00:00+00:00,0,0
2013-08-06 06:00:00+00:00,228.9821472,0.98214287
2013-08-06 07:00:00+00:00,261.42276,0.99151105
2013-08-06 08:00:00+00:00,344.6325684,82.655815
2013-08-06 09:00:00+00:00,0,82.655815
2013-08-06 10:00:00+00:00,0,82.655815
2013-08-06 11:00:00+00:00,0,82.655815
2013-08-06 12:00:00+00:00,0,82.655815
2013-08-06 13:00:00+00:00,0,82.655815
2013-08-06 14:00:00+00:00,0,82.655815
2013-08-06 15:00:00+00:00,0,82.655815
2013-08-06 16:00:00+00:00,0,82.655815
2013-08-06 17:00:00+00:00,0,82.655815
2013-08-06 18:00:00+00:00,0,82.655815
2013-08-06 19:00:00+00:00,0,0
2013-08-06 20:00:00+00:00,0,0
2013-08-06 21:00:00+00:00,0,0
2013-08-06 22:00:00+00:00,0,0
2013-08-06 23:00:00+00:00,0,0
2013-08-07 00:00:00+00:00,0,0
2013-08-07 01:00:00+00:00,0,0
2013-08-07 02:00:00+00:00,0,0
2013-08-07 03:00:00+00:00,0,0
2013-08-07 04:00:00+00:00,0,0
2013-08-07 05:00:00+00:00,0,0
2013-08-07 06:00:00+00:00,0,0
2013-08-07 07:00:00+00:00,0,0
2013-08-07 08:00:00+00:00,0,0
2013-08-07 09:00:00+00:00,0,0
2013-08-07 10:00:00+00:00,0,0
2013-08-07 11:00:00+00:00,0,0
2013-08-07 12:00:00+00:00,0,0
2013-08-07 13:00:00+00:00,0,0
2013-08-07 14:00:00+00:00,0,0
2013-08-07 15:00:00+00:00,0,0
2013-08-07 16:00:00+00:00,0,0
2013-08-07 17:00:00+00:00,0,0
2013-08-07 18:00:00+00:00,0,0
2013-08-07 19:00:00+00:00,0,0
2013-08-07 20:00:00+00:00,0,0
2013-08-07 21:00:00+00:00,0,0
2013-08-07 22:00:00+00:00,0,0
2013-08-07 23:00:00+00:00,0,0
2013-08-08 00:00:00+00:00,0,0
2013-08-08 01:00:00+00:00,0,0
2013-08-08 02:00:00+00:00,0,0
2013-08-08 03:00:00+00:00,0,0
2013-08-08 04:00:00+00:00,0,0
2013-08-08 05:00:00+00:00,0,0
2013-08-08 06:00:00+00:00,0,0
2013-08-08 07:00:00+00:00,0,0
2013-08-08 08:00:00+00:00,0,0
2013-08-08 09:00:00+00:00,0,0
2013-08-08 10:00:00+00:00,0,0
2013-08-08 11:00:00+00:00,0,0
2013-08-08 12:00:00+00:00,0,0
2013-08-08 13:00:00+00:00,0,0
2013-08-08 14:00:00+00:00,0,0
2013-08-08 15:00:00+00:00,0,0
2013-08-08 16:00:00+00:00,0,0
2013-08-08 17:00:00+00:00,0,0
2013-08-08 18:00:00+00:00,0,0
2013-08-08 19:00:00+00:00,0,0
2013-08-08 20:00:00+00:00,0,0
2013-08-08 21:00:00+00:00,0,0
2013-08-08 22:00:00+00:00,0,0
2013-08-08 23:00:00+00:00,0,0
2013-08-09 00:00:00+00:00,0,0
2013-08-09 01:00:00+00:00,0,0
2013-08-09 02:00:00+00:00,0,0
2013-08-09 03:00:00+00:00,0,0
2013-08-09 04:00:00+00:00,0,0
2013-08-09 05:00:00+00:00,0,0
2013-08-09 06:00:00+00:00,0,0
2013-08-09 07:00:00+00:00,0,0
2013-08-09 08:00:00+00:00,0,0
2013-08-09 09:00:00+00:00,0,0
2013-08-09 10:00:00+00:00,0,0
2013-08-09 11:00:00+00:00,0,0
2013-08-09 12:00:00+00:00,0,0
2013-08-09 13:00:00+00:00,0,0
2013-08-09 14:00:00+00:00,0,0
2013-08-09 15:00:00+00:00,0,0
2013-08-09 16:00:00+00:00,0,0
2013-08-09 17:00:00+00:00,0,0
2013-08-09 18:00:00+00:00,0,0
2013-08-09 19:00:00+00:00,0,0
2013-08-09 20:00:00+00:00,0,0
2013-08-09 21:00:00+00:00,0,0
2013-08-09 22:00:00+00:00,0,0
2013-08-09 23:00:00+00:00,0,0
2013-08-10 00:00:00+00:00,0,0
2013-08-10 01:00:00+00:00,0,0
2013-08-10 02:00:00+00:00,0,0
2013-08-10 03:00:00+00:00,0,0
2013-08-10 04:00:00+00:00,0,0
2013-08-10 05:00:00+00:00,0,0
2013-08-10 06:00:00+00:00,0,0
2013-08-10 07:00:00+00:00,0,0
2013-08-10 08:00:00+00:00,0,0
2013-08-10 09:00:00+00:00,0,0
2013-08-10 10:00:00+00:00,0,0
2013-08-10 11:00:00+00:00,0,0
2013-08-10 12:00:00+00:00,0,0
2013-08-10 13:00:00+00:00,0,0
2013-08-10 14:00:00+00:00,0,0
2013-08-10 15:00:00+00:00,0,0
2013-08-10 16:00:00+00:00,0,0
2013-08-10 17:00:00+00:00,0,0
2013-08-10 18:00:00+00:00,0,0
2013-08-10 19:00:00+00:00,0,0
2013-08-10 20:00:00+00:00,0,0
2013-08-10 21:00:00+00:00,0,0
2013-08-10 22:00:00+00:00,0,0
2013-08-10 23:00:00+00:00,0,0
2013-08-11 00:00:00+00:00,0,0
2013-08-11 01:00:00+00:00,0,0
2013-08-11 02:00:00+00:00,0,0
2013-08-11 03:00:00+00:00,0,0
2013-08-11 04:00:00+00:00,0,0
2013-08-11 05:00:00+00:00,0,0
2013-08-11 06:00:00+00:00,0,0
2013-08-11 07:00:00+00:00,0,0
2013-08-11 08:00:00+00:00,0,0
2013-08-11 09:00:00+00:00,0,0
2013-08-11 10:00:00+00:00,0,0
2013-08-11 11:00:00+00:00,0,0
2013-08-11 12:00:00+00:00,0,0
2013-08-11 13:00:00+00:00,0,0
2013-08-11 14:00:00+00:00,0,0
2013-08-11 15:00:00+00:00,0,0
2013-08-11 16:00:00+00:00,0,0
2013-08-11 17:00:00+00:00,0,0
2013-08-11 18:00:00+00:00,0,0
2013-08-11 19:00:00+00:00,0,0
2013-08-11 20:00:00+00:00,0,0
2013-08-11 21:00:00+00:00,0,0
2013-08-11 22:00:00+00:00,0,0
2013-08-11 23:00:00+00:00,0,0
2013-08-12 00:00:00+00:00,0,0
2013-08-12 01:00:00+00:00,0,0
2013-08-12 02:00:00+00:00,0,0
2013-08-12 03:00:00+00:00,0,0
2013-08-12 04:00:00+00:00,0,0
2013-08-12 05:00:00+00:00,0,0
2013-08-12 06:00:00+00:00,0,0
2013-08-12 07:00:00+00:00,0,0
2013-08-12 08:00:00+00:00,0,0
2013-08-12 09:00:00+00:00,0,0
2013-08-12 10:00:00+00:00,0,0
2013-08-12 11:00:00+00:00,0,0
2013-08-12 12:00:00+00:00,0,0
2013-08-12 13:00:00+00:00,0,0
2013-08-12 14:00:00+00:00,0,0
2013-08-12 15:00:00+00:00,0,0
2013-08-12 16:00:00+00:00,0,0
2013-08-12 17:00:00+00:00,0,0
2013-08-12 18:00:00+00:00,0,0
2013-08-12 19:00:00+00:00,0,0
2013-08-12 20:00:00+00:00,0,0
2013-08-12 21:00:00+00:00,0,0
2013-08-12 22:00:00+00:00,0,0
2013-08-12 23:00:00+00:00,0,0
2013-08-13 00:00:00+00:00,0,0
2013-08-13 01:00:00+00:00,0,0
2013-08-13 02:00:00+00:00,0,0
2013-08-13 03:00:00+00:00,0,0
2013-08-13 04:00:00+00:00,0,0
2013-08-13 05:00:00+00:00,0,0
2013-08-13 06:00:00+00:00,0,0
2013-08-13 07:00:00+00:00,0,0
2013-08-13 08:00:00+00:00,0,0
2013-08-13 09:00:00+00:00,0,0
2013-08-13 10:00:00+00:00,0,0
2013-08-13 11:00:00+00:00,0,0
2013-08-13 12:00:00+00:00,0,0
2013-08-13 13:00:00+00:00,0,0
2013-08-13 14:00:00+00:00,0,0
2013-08-13 15:00:00+00:00,0,0
2013-08-13 16:00:00+00:00,0,0
2013-08-13 17:00:00+00:00,0,0
2013-08-13 18:00:00+00:00,0,0
2013-08-13 19:00:00+00:00,0,0
2013-08-13 20:00:00+00:00,0,0
2013-08-13 21:00:00+00:00,0,0
2013-08-13 22:00:00+00:00,0,0
2013-08-13 23:00:00+00:00,0,0
2013-08-14 00:00:00+00:00,0,0
2013-08-14 01:00:00+00:00,0,0
2013-08-14 02:00:00+00:00,0,0
2013-08-14 03:00:00+00:00,0,0
2013-08-14 04:00:00+00:00,0,0
2013-08-14 05:00:00+00:00,0,0
2013-08-14 06:00:00+00:00,0,0
2013-08-14 07:00:00+00:00,0,0
2013-08-14 08:00:00+00:00,0,0
2013-08-14 09:00:00+00:00,0,0
2013-08-14 10:00:00+00:00,0,0
2013-08-14 11:00:00+00:00,0,0
2013-08-14 12:00:00+00:00,0,0
2013-08-14 13:00:00+00:00,0,0
2013-08-14 14:00:00+00:00,0,0
2013-08-14 15:00:00+00:00,0,0
2013-08-14 16:00:00+00:00,0,0
2013-08-14 17:00:00+00:00,0,0
2013-08-14 18:00:00+00:00,0,0
2013-08-14 19:00:00+00:00,0,0
2013-08-14 20:00:00+00:00,0,0
2013-08-14 21:00:00+00:00,0,0
2013-08-14 22:00:00+00:00,0,0
2013-08-14 23:00:00+00:00,0,0
2013-08-15 00:00:00+00:00,0,0
2013-08-15 01:00:00+00:00,0,0
2013-08-15 02:00:00+00:00,0,0
2013-08-15 03:00:00+00:00,0,0
2013-08-15 04:00:00+00:00,0,0
2013-08-15 05:00:00+00:00,0,0
2013-08-15 06:00:00+00:00,0,0
2013-08-15 07:00:00+00:00,0,0
2013-08-15 08:00:00+00:00,0,0
2013-08-15 09:00:00+00:00,0,0
2013-08-15 10:00:00+00:00,0,0
2013-08-15 11:00:00+00:00,0,0
2013-08-15 12:00:00+00:00,0,0
2013-08-15 13:00:00+00:00,0,0
2013-08-15 14:00:00+00:00,0,0
2013-08-15 15:00:00+00:00,0,0
2013-08-15 16:00:00+00:00,0,0
2013-08-15 17:00:00+00:00,0,0
2013-08-15 18:00:00+00:00,0,0
2013-08-15 19:00:00+00:00,0,0
2013-08-15 20:00:00+00:00,0,0
2013-08-15 21:00:00+00:00,0,0
2013-08-15 22:00:00+00:00,0,0
2013-08-15 23:00:00+00:00,0,0
2013-08-16 00:00:00+00:00,0,0
2013-08-16 01:00:00+00:00,0,0
2013-08-16 02:00:00+00:00,0,0
2013-08-16 03:00:00+00:00,0,0
2013-08-16 04:00:00+00:00,0,0
2013-08-16 05:00:00+00:00,0,0
2013-08-16 06:00:00+00:00,0,0
2013-08-16 07:00:00+00:00,0,0
2013-08-16 08:00:00+00:00,0,0
2013-08-16 09:00:00+00:00,0,0
2013-08-16 10:00:00+00:00,0,0
2013-08-16 11:00:00+00:00,0,0
2013-08-16 12:00:00+00:00,0,0
2013-08-16 13:00:00+00:00,0,0
2013-08-16 14:00:00+00:00,0,0
2013-08-16 15:00:00+00:00,0,0
2013-08-16 16:00:00+00:00,0,0
2013-08-16 17:00:00+00:00,0,0
2013-08-16 18:00:00+00:00,0,0
2013-08-16 19:00:00+00:00,0,0
2013-08-16 20:00:00+00:00,0,0
2013-08-16 21:00:00+00:00,0,0
2013-08-16 22:00:00+00:00,0,0
2013-08-16 23:00:00+00:00,0,0
2013-08-17 00:00:00+00:00,0,0
2013-08-17 01:00:00+00:00,0,0
2013-08-17 02:00:00+00:00,0,0
2013-08-17 03:00:00+00:00,0,0
2013-08-17 04:00:00+00:00,0,0
2013-08-17 05:00:00+00:00,0,0
2013-08-17 06:00:00+00:00,0,0
2013-08-17 07:00:00+00:00,0,0
2013-08-17 08:00:00+00:00,0,0
2013-08-17 09:00:00+00:00,0,0
2013-08-17 10:00:00+00:00,0,0
2013-08-17 11:00:00+00:00,0,0
2013-08-17 12:00:00+00:00,0,0
2013-08-17 13:00:00+00:00,0,0
2013-08-17 14:00:00+00:00,0,0
2013-08-17 15:00:00+00:00,0,0
2013-08-17 16:00:00+00:00,0,0
2013-08-17 17:00:00+00:00,0,0
2013-08-17 18:00:00+00:00,0,0
2013-08-17 19:00:00+00:00,0,0
2013-08-17 20:00:00+00:00,0,0
2013-08-17 21:00:00+00:00,0,0
2013-08-17 22:00:00+00:00,0,0
2013-08-17 23:00:00+00:00,0,0
2013-08-18 00:00:00+00:00,0,0
2013-08-18 01:00:00+00:00,0,0
2013-08-18 02:00:00+00:00,0,0
2013-08-18 03:00:00+00:00,0,0
2013-08-18 04:00:00+00:00,0,0
2013-08-18 05:00:00+00:00,0,0
2013-08-18 06:00:00+00:00,0,0
2013-08-18 07:00:00+00:00,0,0
2013-08-18 08:00:00+00:00,0,0
2013-08-18 09:00:00+00:00,0,0
2013-08-18 10:00:00+00:00,0,0
2013-08-18 11:00:00+00:00,0,0
2013-08-18 12:00:00+00:00,0,0
2013-08-18 13:00:00+00:00,0,0
2013-08-18 14:00:00+00:00,0,0
2013-08-18 15:00:00+00:00,0,0
2013-08-18 16:00:00+00:00,0,0
2013-08-18 17:00:00+00:00,0,0
2013-08-18 18:00:00+00:00,0,0
2013-08-18 19:00:00+00:00,0,0
2013-08-18 20:00:00+00:00,0,0
2013-08-18 21:00:00+00:00,0,0
2013-08-18 22:00:00+00:00,0,0
2013-08-18 23:00:00+00:00,0,0
2013-08-19 00:00:00+00:00,0,0
2013-08-19 01:00:00+00:00,0,0
2013-08-19 02:00:00+00:00,0,0
2013-08-19 03:00:00+00:00,0,0
2013-08-19 04:00:00+00:00,0,0
2013-08-19 05:00:00+00:00,0,0
2013-08-19 06:00:00+00:00,0,0
2013-08-19 07:00:00+00:00,0,0
2013-08-19 08:00:00+00:00,0,0
2013-08-19 09:00:00+00:00,0,0
2013-08-19 10:00:00+00:00,0,0
2013-08-19 11:00:00+00:00,0,0
2013-08-19 12:00:00+00:00,0,0
2013-08-19 13:00:00+00:00,0,0
2013-08-19 14:00:00+00:00,0,0
2013-08-19 15:00:00+00:00,0,0
2013-08-19 16:00:00+00:00,0,0
2013-08-19 17:00:00+00:00,0,0
2013-08-19 18:00:00+00:00,0,0
2013-08-19 19:00:00+00:00,0,0
2013-08-19 20:00:00+00:00,0,0
2013-08-19 21:00:00+00:00,0,0
2013-08-19 22:00:00+00:00,0,0
2013-08-19 23:00:00+00:00,0,0
2013-08-20 00:00:00+00:00,0,0
2013-08-20 01:00:00+00:00,0,0
2013-08-20 02:00:00+00:00,0,0
2013-08-20 03:00:00+00:00,0,0
2013-08-20 04:00:00+00:00,0,0
2013-08-20 05:00:00+00:00,0,0
2013-08-20 06:00:00+00:00,0,0
2013-08-20 07:00:00+00:00,0,0
2013-08-20 08:00:00+00:00,0,0
2013-08-20 09:00:00+00:00,0,0
2013-08-20 10:00:00+00:00,0,0
2013-08-20 11:00:00+00:00,0,0
2013-08-20 12:00:00+00:00,0,0
2013-08-20 13:00:00+00:00,0,0
2013-08-20 14:00:00+00:00,0,0
2013-08-20 15:00:00+00:00,0,0
2013-08-20 16:00:00+00:00,0,0
2013-08-20 17:00:00+00:00,0,0
2013-08-20 18:00:00+00:00,0,0
2013-08-20 19:00:00+00:00,0,0
2013-08-20 20:00:00+00:00,0,0
2013-08-20 21:00:00+00:00,0,0
2013-08-20 22:00:00+00:00,0,0
2013-08-20 23:00:00+00:00,0,0
2013-08-21 00:00:00+00:00,0,0
2013-08-21 01:00:00+00:00,0,0
2013-08-21 02:00:00+00:00,0,0
2013-08-21 03:00:00+00:00,0,0
2013-08-21 04:00:00+00:00,0,0
2013-08-21 05:00:00+00:00,0,0
2013-08-21 06:00:00+00:00,0,0
2013-08-21 07:00:00+00:00,0,0
2013-08-21 08:00:00+00:00,0,0
2013-08-21 09:00:00+00:00,0,0
2013-08-21 10:00:00+00:00,0,0
2013-08-21 11:00:00+00:00,0,0
2013-08-21 12:00:00+00:00,0,0
2013-08-21 13:00:00+00:00,0,0
2013-08-21 14:00:00+00:00,0,0
2013-08-21 15:00:00+00:00,0,0
2013-08-21 16:00:00+00:00,0,0
2013-08-21 17:00:00+00:00,0,0
2013-08-21 18:00:00+00:00,0,0
2013-08-21 19:00:00+00:00,0,0
2013-08-21 20:00:00+00:00,0,0
2013-08-21 21:00:00+00:00,0,0
2013-08-21 22:00:00+00:00,0,0
2013-08-21 23:00:00+00:00,0,0
2013-08-22 00:00:00+00:00,0,0
2013-08-22 01:00:00+00:00,0,0
2013-08-22 02:00:00+00:00,0,0
2013-08-22 03:00:00+00:00,0,0
2013-08-22 04:00:00+00:00,0,0
2013-08-22 05:00:00+00:00,0,0
2013-08-22 06:00:00+00:00,0,0
2013-08-22 07:00:00+00:00,0,0
2013-08-22 08:00:00+00:00,0,0
2013-08-22 09:00:00+00:00,0,0
2013-08-22 10:00:00+00:00,0,0
2013-08-22 11:00:00+00:00,0,0
2013-08-22 12:00:00+00:00,0,0
2013-08-22 13:00:00+00:00,0,0
2013-08-22 14:00:00+00:00,0,0
2013-08-22 15:00:00+00:00,0,0
2013-08-22 16:00:00+00:00,0,0
2013-08-22 17:00:00+00:00,0,0
2013-08-22 18:00:00+00:00,0,0
2013-08-22 19:00:00+00:00,0,0
2013-08-22 20:00:00+00:00,0,0
2013-08-22 21:00:00+00:00,0,0
2013-08-22 22:00:00+00:00,0,0
2013-08-22 23:00:00+00:00,0,0
2013-08-23 00:00:00+00:00,0,0
2013-08-23 01:00:00+00:00,0,0
2013-08-23 02:00:00+00:00,0,0
2013-08-23 03:00:00+00:00,0,0
2013-08-23 04:00:00+00:00,0,0
2013-08-23 05:00:00+00:00,0,0
2013-08-23 06:00:00+00:00,0,0
2013-08-23 07:00:00+00:00,604.7138062,1
2013-08-23 08:00:00+00:00,1103.996582,306.2445
2013-08-23 09:00:00+00:00,782.918396,156.04384
2013-08-23 10:00:00+00:00,274.307312,1
2013-08-23 11:00:00+00:00,352.2884216,0.99492383
2013-08-23 12:00:00+00:00,410.2790222,89.11487
2013-08-23 13:00:00+00:00,284.3721008,0.99661016
2013-08-23 14:00:00+00:00,272.3043518,1
2013-08-23 15:00:00+00:00,484.9877319,227.5314
2013-08-23 16:00:00+00:00,741.0928345,146.05246
2013-08-23 17:00:00+00:00,498.5530396,0.9965928
2013-08-23 18:00:00+00:00,946.8824463,137.51515
2013-08-23 19:00:00+00:00,1686.586792,285.55386
2013-08-23 20:00:00+00:00,432.1513062,0.9932088
2013-08-23 21:00:00+00:00,562.6467285,167.31424
2013-08-23 22:00:00+00:00,0,167.31424
2013-08-23 23:00:00+00:00,0,167.31424
2013-08-24 00:00:00+00:00,0,167.31424
2013-08-24 01:00:00+00:00,0,167.31424
2013-08-24 02:00:00+00:00,0,167.31424
2013-08-24 03:00:00+00:00,0,167.31424
2013-08-24 04:00:00+00:00,0,167.31424
2013-08-24 05:00:00+00:00,250.9960785,57.41473
2013-08-24 06:00:00+00:00,673.0323486,278.26733
2013-08-24 07:00:00+00:00,309.4293213,86.71452
2013-08-24 08:00:00+00:00,259.1408386,0.99323183
2013-08-24 09:00:00+00:00,245.7231903,0.9898305
2013-08-24 10:00:00+00:00,340.0845032,105.58545
2013-08-24 11:00:00+00:00,321.8373718,0.9915254
2013-08-24 12:00:00+00:00,255.040741,1.0033898
2013-08-24 13:00:00+00:00,326.2227783,72.59898
2013-08-24 14:00:00+00:00,264.3847351,0.99661016
2013-08-24 15:00:00+00:00,231.5042572,0.99488926
2013-08-24 16:00:00+00:00,245.3084717,0.9830508
2013-08-24 17:00:00+00:00,226.7555237,0.99151105
2013-08-24 18:00:00+00:00,578.5355835,117.280136
2013-08-24 19:00:00+00:00,456.0628052,163.86757
2013-08-24 20:00:00+00:00,268.1545105,0.99660444
2013-08-24 21:00:00+00:00,150.5466919,0.9983022
2013-08-24 22:00:00+00:00,153.6298828,0.9847199
2013-08-24 23:00:00+00:00,138.2516937,0.9914966
2013-08-25 00:00:00+00:00,154.1069641,0.9932088
2013-08-25 01:00:00+00:00,140.4421844,0.9829932
2013-08-25 02:00:00+00:00,153.9404755,0.9863946
2013-08-25 03:00:00+00:00,140.3877563,0.9829932
2013-08-25 04:00:00+00:00,155.9199371,0.98807496
2013-08-25 05:00:00+00:00,141.3622437,0.9863946
2013-08-25 06:00:00+00:00,298.0238953,77.71039
2013-08-25 07:00:00+00:00,340.2330017,97.255104
2013-08-25 08:00:00+00:00,252.0648499,0.98126066
2013-08-25 09:00:00+00:00,1330.129028,0.9932203
2013-08-25 10:00:00+00:00,262.4480286,0.9931857
2013-08-25 11:00:00+00:00,383.8074951,163.67741
2013-08-25 12:00:00+00:00,466.4949036,150.06293
2013-08-25 13:00:00+00:00,292.4787903,0.98641765
2013-08-25 14:00:00+00:00,242.2207184,0.9932088
2013-08-25 15:00:00+00:00,278.6774292,0.98644066
2013-08-25 16:00:00+00:00,381.181366,77.61186
2013-08-25 17:00:00+00:00,292.7254333,0.9983051
2013-08-25 18:00:00+00:00,449.6791077,0.9949066
2013-08-25 19:00:00+00:00,497.5949097,0.99491525
2013-08-25 20:00:00+00:00,497.8101807,0.9847199
2013-08-25 21:00:00+00:00,356.1627197,0.99491525
2013-08-25 22:00:00+00:00,184.2305145,0.9915254
2013-08-25 23:00:00+00:00,149.2745819,0.9881356
2013-08-26 00:00:00+00:00,150.0033875,0.9898305
2013-08-26 01:00:00+00:00,149.1711884,0.9949066
2013-08-26 02:00:00+00:00,149.1508484,0.99661016
2013-08-26 03:00:00+00:00,147.0694885,0.9915254
2013-08-26 04:00:00+00:00,149.5331116,0.9915254
2013-08-26 05:00:00+00:00,321.1776733,148.40916
2013-08-26 06:00:00+00:00,225.0662079,0.9881356
2013-08-26 07:00:00+00:00,222.6762695,0.98981327
2013-08-26 08:00:00+00:00,322.8508606,85.44652
2013-08-26 09:00:00+00:00,246.072998,0.99661016
2013-08-26 10:00:00+00:00,228.3321991,0.9847199
2013-08-26 11:00:00+00:00,1133.344482,146.80815
2013-08-26 12:00:00+00:00,772.6199341,0.99491525
2013-08-26 13:00:00+00:00,268.46521,0.99661016
2013-08-26 14:00:00+00:00,237.1375275,0.9932088
2013-08-26 15:00:00+00:00,254.4573364,0.9982993
2013-08-26 16:00:00+00:00,222.6348114,0.9846939
2013-08-26 17:00:00+00:00,275.5144653,0.9931857
2013-08-26 18:00:00+00:00,419.5663147,119.41226
2013-08-26 19:00:00+00:00,524.9403687,56.544216
2013-08-26 20:00:00+00:00,688.7639771,207.9881
2013-08-26 21:00:00+00:00,215.9829865,0.9949066
2013-08-26 22:00:00+00:00,189.7346954,0.99659866
2013-08-26 23:00:00+00:00,155.4142609,1.0050933
2013-08-27 00:00:00+00:00,148.2728882,0.99660444
2013-08-27 01:00:00+00:00,148.0169525,0.9983051
2013-08-27 02:00:00+00:00,148.2033844,0.99661016
2013-08-27 03:00:00+00:00,147.8440704,0.98474574
2013-08-27 04:00:00+00:00,147.1644135,0.9932203
2013-08-27 05:00:00+00:00,146.6061096,1
2013-08-27 06:00:00+00:00,1141.603027,230.55687
2013-08-27 07:00:00+00:00,801.8585815,146.64796
2013-08-27 08:00:00+00:00,391.8180237,146.45593
2013-08-27 09:00:00+00:00,253.0916748,0.9983022
2013-08-27 10:00:00+00:00,248.3599396,0.98981327
2013-08-27 11:00:00+00:00,625.6258545,269.8501
2013-08-27 12:00:00+00:00,255.4125671,1.0033956
2013-08-27 13:00:00+00:00,367.9017029,133.42203
2013-08-27 14:00:00+00:00,468.0916748,0.9983022
2013-08-27 15:00:00+00:00,418.4288025,0.9949066
2013-08-27 16:00:00+00:00,365.5305176,0.99661016
2013-08-27 17:00:00+00:00,611.9000244,127.7691
2013-08-27 18:00:00+00:00,566.5888062,149.93027
2013-08-27 19:00:00+00:00,1608.570679,119.78644
2013-08-27 20:00:00+00:00,381.3644104,0.9949066
2013-08-27 21:00:00+00:00,356.7300415,0.99661016
2013-08-27 22:00:00+00:00,159.4338989,0.9983022
2013-08-27 23:00:00+00:00,148.6485596,0.9915254
2013-08-28 00:00:00+00:00,148.925293,0.98641765
2013-08-28 01:00:00+00:00,150.71138,0.9932088
2013-08-28 02:00:00+00:00,145.3061218,0.9880952
2013-08-28 03:00:00+00:00,152.8709717,0.99660444
2013-08-28 04:00:00+00:00,142.6819763,0.97789115
2013-08-28 05:00:00+00:00,152.7979584,0.9914966
2013-08-28 06:00:00+00:00,290.1413879,86.56537
2013-08-28 07:00:00+00:00,559.1120605,285
2013-08-28 08:00:00+00:00,383.2755127,144.20068
2013-08-28 09:00:00+00:00,412.9624023,0.9897785
2013-08-28 10:00:00+00:00,646.8588257,0.9949066
2013-08-28 11:00:00+00:00,427.361145,147.0204
2013-08-28 12:00:00+00:00,410.0050964,145.77759
2013-08-28 13:00:00+00:00,273.7734375,0.99488926
2013-08-28 14:00:00+00:00,298.2619019,0.99489796
2013-08-28 15:00:00+00:00,306.7227783,0.9846939
2013-08-28 16:00:00+00:00,816.9796143,149.47797
2013-08-28 17:00:00+00:00,459.1578979,133.96095
2013-08-28 18:00:00+00:00,1088.474854,0.99661016
2013-08-28 19:00:00+00:00,754.1989746,1.0016978
2013-08-28 20:00:00+00:00,348.6016846,11.174576
2013-08-28 21:00:00+00:00,299.8457642,92.42007
2013-08-28 22:00:00+00:00,156.3548431,0.9983051
2013-08-28 23:00:00+00:00,154.1999969,0.98811543
2013-08-29 00:00:00+00:00,151.6542358,0.9881356
2013-08-29 01:00:00+00:00,156.4142609,0.9932088
2013-08-29 02:00:00+00:00,154.8898315,0.99661016
2013-08-29 03:00:00+00:00,155.6196899,0.9881356
2013-08-29 04:00:00+00:00,146.8372955,0.9949066
2013-08-29 05:00:00+00:00,296.2427979,91.98811
2013-08-29 06:00:00+00:00,144.7627106,0.98132426
2013-08-29 07:00:00+00:00,152.3854065,0.9813559
2013-08-29 08:00:00+00:00,152.594223,0.9932088
2013-08-29 09:00:00+00:00,152.7877808,0.9949066
2013-08-29 10:00:00+00:00,150.2614594,0.99151105
2013-08-29 11:00:00+00:00,148.0899811,1
2013-08-29 12:00:00+00:00,148.0033875,0.99491525
2013-08-29 13:00:00+00:00,148.1372833,0.9949066
2013-08-29 14:00:00+00:00,149.3288116,1
2013-08-29 15:00:00+00:00,148.5271149,1.0016949
2013-08-29 16:00:00+00:00,412.7847595,148.48643
2013-08-29 17:00:00+00:00,606.1552734,152.16469
2013-08-29 18:00:00+00:00,888.7445068,143.20204
2013-08-29 19:00:00+00:00,1128.749146,0.9949066
2013-08-29 20:00:00+00:00,368.413269,1.0017036
2013-08-29 21:00:00+00:00,210.3566589,0.9897785
2013-08-29 22:00:00+00:00,161.4786987,0.9965928
2013-08-29 23:00:00+00:00,161.25,1
2013-08-30 00:00:00+00:00,162.7211761,0.99659866
2013-08-30 01:00:00+00:00,163.418808,1
2013-08-30 02:00:00+00:00,164.8027191,0.9863946
2013-08-30 03:00:00+00:00,160.7670135,0.9863946
2013-08-30 04:00:00+00:00,154.9658661,0.9982993
2013-08-30 05:00:00+00:00,313.7640076,67.280136
2013-08-30 06:00:00+00:00,251.6774139,0.9949066
2013-08-30 07:00:00+00:00,241.3288116,0.9932203
2013-08-30 08:00:00+00:00,238.0084686,0.9915254
2013-08-30 09:00:00+00:00,328.3152466,0.99151105
2013-08-30 10:00:00+00:00,240.340683,0.99661016
2013-08-30 11:00:00+00:00,236.8305054,0.9915254
2013-08-30 12:00:00+00:00,236.5627136,0.9983051
2013-08-30 13:00:00+00:00,234.7271118,0.9898305
2013-08-30 14:00:00+00:00,415.7271118,168.84041
2013-08-30 15:00:00+00:00,272.1714783,1
2013-08-30 16:00:00+00:00,327.2653198,0.99489796
2013-08-30 17:00:00+00:00,477.0375366,0.9982993
2013-08-30 18:00:00+00:00,492.8316345,164.4728
2013-08-30 19:00:00+00:00,1550.522827,166.88605
2013-08-30 20:00:00+00:00,335.0783691,0.9965928
2013-08-30 21:00:00+00:00,319.6763306,0.9965928
2013-08-30 22:00:00+00:00,177.6040955,0.99658704
2013-08-30 23:00:00+00:00,165.5945435,0.99488926
2013-08-31 00:00:00+00:00,163.1462555,0.9931857
2013-08-31 01:00:00+00:00,155.9778595,0.99659866
2013-08-31 02:00:00+00:00,155.836731,0.9914966
2013-08-31 03:00:00+00:00,155.4081573,0.9880952
2013-08-31 04:00:00+00:00,154.7257233,0.9897785
2013-08-31 05:00:00+00:00,157.8573914,0.9932088
2013-08-31 06:00:00+00:00,296.6173401,76.135826
2013-08-31 07:00:00+00:00,733.8172607,0.99491525
2013-08-31 08:00:00+00:00,726.8043823,395.98813
2013-08-31 09:00:00+00:00,258.8505859,0.98644066
2013-08-31 10:00:00+00:00,431.9847412,151.77759
2013-08-31 11:00:00+00:00,459.7508545,1.0016978
2013-08-31 12:00:00+00:00,228.179657,0.99660444
2013-08-31 13:00:00+00:00,229.0016937,0.99491525
2013-08-31 14:00:00+00:00,698.6044312,152.09508
2013-08-31 15:00:00+00:00,302.8881226,0.98132426
2013-08-31 16:00:00+00:00,734.7288208,207.75424
2013-08-31 17:00:00+00:00,515.4797363,245.88965
2013-08-31 18:00:00+00:00,719.119751,16.405085
2013-08-31 19:00:00+00:00,1065.318848,0.99660444
2013-08-31 20:00:00+00:00,225.2580719,0.99661016
2013-08-31 21:00:00+00:00,172.1054382,0.9914966
2013-08-31 22:00:00+00:00,167.8132477,0.98811543
2013-08-31 23:00:00+00:00,160.0153046,0.9914966
2013-09-01 00:00:00+00:00,156.0203705,0.99660444
2013-09-01 01:00:00+00:00,166.163269,1.0017006
2013-09-01 02:00:00+00:00,162.4642792,0.9897959
2013-09-01 03:00:00+00:00,155.1207428,1
2013-09-01 04:00:00+00:00,162.3509369,0.98126066
2013-09-01 05:00:00+00:00,262.7240295,87.44218
2013-09-01 06:00:00+00:00,241.1652527,0.9829642
2013-09-01 07:00:00+00:00,399.4880981,165.37585
2013-09-01 08:00:00+00:00,678.355896,139.29352
2013-09-01 09:00:00+00:00,420.1825867,158.27551
2013-09-01 10:00:00+00:00,332.9217834,0.9880952
2013-09-01 11:00:00+00:00,287.0460815,0.9846416
2013-09-01 12:00:00+00:00,613.9386597,296.55347
2013-09-01 13:00:00+00:00,251.5853271,0.99658704
2013-09-01 14:00:00+00:00,249.4548492,0.9829642
2013-09-01 15:00:00+00:00,282.697937,0.99658704
2013-09-01 16:00:00+00:00,482.2269592,57.504257
2013-09-01 17:00:00+00:00,677.5358276,254.80508
2013-09-01 18:00:00+00:00,1235.524414,124.14358
2013-09-01 19:00:00+00:00,1034.812866,270.90338
2013-09-01 20:00:00+00:00,362.7697449,0.9932088
2013-09-01 21:00:00+00:00,299.7006836,0.99659866
2013-09-01 22:00:00+00:00,202.1754761,0.99319726
2013-09-01 23:00:00+00:00,174.8078156,0.99659866
2013-09-02 00:00:00+00:00,184.479599,0.9914966
2013-09-02 01:00:00+00:00,180.0187378,0.9931857
2013-09-02 02:00:00+00:00,175.0374756,0.9830221
2013-09-02 03:00:00+00:00,172.9420776,0.9863714
2013-09-02 04:00:00+00:00,176.5153046,0.9897959
2013-09-02 05:00:00+00:00,324.2000122,71.75256
2013-09-02 06:00:00+00:00,611.1513672,311.62308
2013-09-02 07:00:00+00:00,521.0477295,161.33673
2013-09-02 08:00:00+00:00,302.2214661,0.99488926
2013-09-02 09:00:00+00:00,459.0953979,157.20578
2013-09-02 10:00:00+00:00,390.2146606,1
2013-09-02 11:00:00+00:00,301.5059509,0.99148214
2013-09-02 12:00:00+00:00,320.5544128,0.9914966
2013-09-02 13:00:00+00:00,302.5945435,0.9932088
2013-09-02 14:00:00+00:00,310.2108765,1
2013-09-02 15:00:00+00:00,542.2125854,152.92882
2013-09-02 16:00:00+00:00,560.6241455,1
2013-09-02 17:00:00+00:00,516.6553345,148.64806
2013-09-02 18:00:00+00:00,907.8010254,143.46959
2013-09-02 19:00:00+00:00,1417.994873,146.6605
2013-09-02 20:00:00+00:00,396.2003479,0.979661
2013-09-02 21:00:00+00:00,341.4717102,1
2013-09-02 22:00:00+00:00,213.3115387,1
2013-09-02 23:00:00+00:00,178.9249573,0.9932088
2013-09-03 00:00:00+00:00,198.7387543,0.9983051
2013-09-03 01:00:00+00:00,183.2776794,0.99491525
2013-09-03 02:00:00+00:00,179.2730408,1.0016978
2013-09-03 03:00:00+00:00,195.1976166,0.9932203
2013-09-03 04:00:00+00:00,184.2584991,0.9932203
2013-09-03 05:00:00+00:00,182.9525452,0.9881356
2013-09-03 06:00:00+00:00,420.3157959,155.06769
2013-09-03 07:00:00+00:00,524.3486328,219.32373
2013-09-03 08:00:00+00:00,301.6372986,0.99491525
2013-09-03 09:00:00+00:00,461.3565369,143.2978
2013-09-03 10:00:00+00:00,476.04245,145.41794
2013-09-03 11:00:00+00:00,379.1864319,0.99323183
2013-09-03 12:00:00+00:00,466.4776611,141.48817
2013-09-03 13:00:00+00:00,332.6193848,0.9966216
2013-09-03 14:00:00+00:00,345.4895935,0.9983108
2013-09-03 15:00:00+00:00,733.253479,141.38644
2013-09-03 16:00:00+00:00,913.5689087,141.13132
2013-09-03 17:00:00+00:00,484.6533813,151.56537
2013-09-03 18:00:00+00:00,1526.279541,59.894474
2013-09-03 19:00:00+00:00,599.102478,144.81587
2013-09-03 20:00:00+00:00,455.8728333,0.99491525
2013-09-03 21:00:00+00:00,372.034729,1
2013-09-03 22:00:00+00:00,235.078537,0.99323183
2013-09-03 23:00:00+00:00,169.2923279,0.98650926
2013-09-04 00:00:00+00:00,192.9226685,0.9881356
2013-09-04 01:00:00+00:00,170.136673,0.99319726
2013-09-04 02:00:00+00:00,166.8123932,0.9983051
2013-09-04 03:00:00+00:00,184.2049408,0.9898477
2013-09-04 04:00:00+00:00,172.3280945,0.99491525
2013-09-04 05:00:00+00:00,168.6614075,0.9915254
2013-09-04 06:00:00+00:00,447.0068665,233.4034
2013-09-04 07:00:00+00:00,475.6637268,106.15567
2013-09-04 08:00:00+00:00,691.6779175,0.9966216
2013-09-04 09:00:00+00:00,906.9611206,285.13852
2013-09-04 10:00:00+00:00,377.9070435,0.99661016
2013-09-04 11:00:00+00:00,559.9212036,150.20811
2013-09-04 12:00:00+00:00,439.6166077,138.76859
2013-09-04 13:00:00+00:00,328.8561401,1
2013-09-04 14:00:00+00:00,320,0.99489796
2013-09-04 15:00:00+00:00,542.0175781,0.99148214
2013-09-04 16:00:00+00:00,617.7885742,1
2013-09-04 17:00:00+00:00,326.7993164,0.9949066
2013-09-04 18:00:00+00:00,1227.600708,137.65825
2013-09-04 19:00:00+00:00,806.4581909,46.84175
2013-09-04 20:00:00+00:00,660.3978882,275.12225
2013-09-04 21:00:00+00:00,459.1430969,112.6983
2013-09-04 22:00:00+00:00,223.9567413,0.98981327
2013-09-04 23:00:00+00:00,185.5704346,0.9897785
2013-09-05 00:00:00+00:00,160.3235321,0.99658704
2013-09-05 01:00:00+00:00,181.7491302,0.9949066
2013-09-05 02:00:00+00:00,162.245224,0.98811543
2013-09-05 03:00:00+00:00,164.7854614,0.99491525
2013-09-05 04:00:00+00:00,176.9858093,0.9881356
2013-09-05 05:00:00+00:00,334.5264893,113.73142
2013-09-05 06:00:00+00:00,368.4736023,127.26013
2013-09-05 07:00:00+00:00,262.3682251,0.9932432
2013-09-05 08:00:00+00:00,246.5886383,0.9915398
2013-09-05 09:00:00+00:00,250.7996521,0.9932088
2013-09-05 10:00:00+00:00,424.2106018,0.994941
2013-09-05 11:00:00+00:00,246.6486969,0.98644066
2013-09-05 12:00:00+00:00,277.3258667,0.9949066
2013-09-05 13:00:00+00:00,423.2064209,119.87479
2013-09-05 14:00:00+00:00,271.6948853,0.9949324
2013-09-05 15:00:00+00:00,308.9929504,0.99489796
2013-09-05 16:00:00+00:00,500.5860901,0.9931624
2013-09-05 17:00:00+00:00,333.9704285,117.814186
2013-09-05 18:00:00+00:00,308.8202515,0.99319726
2013-09-05 19:00:00+00:00,1453.336182,130.88087
2013-09-05 20:00:00+00:00,231.7283783,0.99488926
2013-09-05 21:00:00+00:00,231.1126556,1
2013-09-05 22:00:00+00:00,179.7692261,0.9982818
2013-09-05 23:00:00+00:00,168.0326996,1
2013-09-06 00:00:00+00:00,161.2193451,0.99319726
2013-09-06 01:00:00+00:00,157.3519135,0.98981327
2013-09-06 02:00:00+00:00,165.5989532,0.9983051
2013-09-06 03:00:00+00:00,154.3448944,0.99661016
2013-09-06 04:00:00+00:00,164.4797821,0.9932203
2013-09-06 05:00:00+00:00,215.0052338,0.99491525
2013-09-06 06:00:00+00:00,157.9078064,0.9966159
2013-09-06 07:00:00+00:00,164.3151398,0.9932203
2013-09-06 08:00:00+00:00,154.2087708,0.98815566
2013-09-06 09:00:00+00:00,167.3403931,0.99323183
2013-09-06 10:00:00+00:00,152.843689,0.9898305
2013-09-06 11:00:00+00:00,165.8942871,0.9983051
2013-09-06 12:00:00+00:00,165.8347931,0.98644066
2013-09-06 13:00:00+00:00,353.3935547,129.77118
2013-09-06 14:00:00+00:00,405.3474426,133.3339
2013-09-06 15:00:00+00:00,393.5280762,143.9983
2013-09-06 16:00:00+00:00,633.1972656,46.947636
2013-09-06 17:00:00+00:00,1040.399658,82.2804
2013-09-06 18:00:00+00:00,870.0959473,145.42761
2013-09-06 19:00:00+00:00,358.9796143,0.9932088
2013-09-06 20:00:00+00:00,383.6825256,0.9932088
2013-09-06 21:00:00+00:00,202.7431946,0.9898305
2013-09-06 22:00:00+00:00,184.2393951,0.98641765
2013-09-06 23:00:00+00:00,167.6706238,1
2013-09-07 00:00:00+00:00,179.1802673,0.99151105
2013-09-07 01:00:00+00:00,160.6819763,0.9880952
2013-09-07 02:00:00+00:00,163.9234619,0.9982993
2013-09-07 03:00:00+00:00,151.54422,0.9863946
2013-09-07 04:00:00+00:00,159.3282318,0.9880952
2013-09-07 05:00:00+00:00,151.5468445,0.9829642
2013-09-07 06:00:00+00:00,158.776825,0.98126066
2013-09-07 07:00:00+00:00,348.7832642,154.39796
2013-09-07 08:00:00+00:00,185.4812317,0.98805463
2013-09-07 09:00:00+00:00,186.1482086,0.99488926
2013-09-07 10:00:00+00:00,552.098999,0.9931857
2013-09-07 11:00:00+00:00,642.1964111,472.2978
2013-09-07 12:00:00+00:00,0,472.2978
2013-09-07 13:00:00+00:00,0,472.2978
2013-09-07 14:00:00+00:00,0,472.2978
2013-09-07 15:00:00+00:00,0,472.2978
2013-09-07 16:00:00+00:00,0,472.2978
2013-09-07 17:00:00+00:00,0,472.2978
2013-09-07 18:00:00+00:00,0,472.2978
2013-09-07 19:00:00+00:00,0,472.2978
2013-09-07 20:00:00+00:00,0,472.2978
2013-09-07 21:00:00+00:00,0,472.2978
2013-09-07 22:00:00+00:00,0,0
2013-09-07 23:00:00+00:00,0,0
2013-09-08 00:00:00+00:00,0,0
2013-09-08 01:00:00+00:00,0,0
2013-09-08 02:00:00+00:00,0,0
2013-09-08 03:00:00+00:00,0,0
2013-09-08 04:00:00+00:00,0,0
2013-09-08 05:00:00+00:00,0,0
2013-09-08 06:00:00+00:00,0,0
2013-09-08 07:00:00+00:00,0,0
2013-09-08 08:00:00+00:00,0,0
2013-09-08 09:00:00+00:00,0,0
2013-09-08 10:00:00+00:00,0,0
2013-09-08 11:00:00+00:00,0,0
2013-09-08 12:00:00+00:00,0,0
2013-09-08 13:00:00+00:00,0,0
2013-09-08 14:00:00+00:00,0,0
2013-09-08 15:00:00+00:00,0,0
2013-09-08 16:00:00+00:00,0,0
2013-09-08 17:00:00+00:00,0,0
2013-09-08 18:00:00+00:00,0,0
2013-09-08 19:00:00+00:00,0,0
2013-09-08 20:00:00+00:00,0,0
2013-09-08 21:00:00+00:00,0,0
2013-09-08 22:00:00+00:00,0,0
2013-09-08 23:00:00+00:00,0,0
2013-09-09 00:00:00+00:00,0,0
2013-09-09 01:00:00+00:00,0,0
2013-09-09 02:00:00+00:00,0,0
2013-09-09 03:00:00+00:00,0,0
2013-09-09 04:00:00+00:00,0,0
2013-09-09 05:00:00+00:00,0,0
2013-09-09 06:00:00+00:00,0,0
2013-09-09 07:00:00+00:00,0,0
2013-09-09 08:00:00+00:00,0,0
2013-09-09 09:00:00+00:00,0,0
2013-09-09 10:00:00+00:00,0,0
2013-09-09 11:00:00+00:00,0,0
2013-09-09 12:00:00+00:00,0,0
2013-09-09 13:00:00+00:00,0,0
2013-09-09 14:00:00+00:00,0,0
2013-09-09 15:00:00+00:00,0,0
2013-09-09 16:00:00+00:00,0,0
2013-09-09 17:00:00+00:00,862.2557983,503.36603
2013-09-09 18:00:00+00:00,0,503.36603
2013-09-09 19:00:00+00:00,0,503.36603
2013-09-09 20:00:00+00:00,0,503.36603
2013-09-09 21:00:00+00:00,0,503.36603
2013-09-09 22:00:00+00:00,0,503.36603
2013-09-09 23:00:00+00:00,0,503.36603
2013-09-10 00:00:00+00:00,0,503.36603
2013-09-10 01:00:00+00:00,0,503.36603
2013-09-10 02:00:00+00:00,0,503.36603
2013-09-10 03:00:00+00:00,0,503.36603
2013-09-10 04:00:00+00:00,0,0
2013-09-10 05:00:00+00:00,0,0
2013-09-10 06:00:00+00:00,0,0
2013-09-10 07:00:00+00:00,0,0
2013-09-10 08:00:00+00:00,0,0
2013-09-10 09:00:00+00:00,0,0
2013-09-10 10:00:00+00:00,0,0
2013-09-10 11:00:00+00:00,0,0
2013-09-10 12:00:00+00:00,0,0
2013-09-10 13:00:00+00:00,0,0
2013-09-10 14:00:00+00:00,0,0
2013-09-10 15:00:00+00:00,0,0
2013-09-10 16:00:00+00:00,0,0
2013-09-10 17:00:00+00:00,0,0
2013-09-10 18:00:00+00:00,0,0
2013-09-10 19:00:00+00:00,0,0
2013-09-10 20:00:00+00:00,0,0
2013-09-10 21:00:00+00:00,0,0
2013-09-10 22:00:00+00:00,0,0
2013-09-10 23:00:00+00:00,0,0
2013-09-11 00:00:00+00:00,0,0
2013-09-11 01:00:00+00:00,0,0
2013-09-11 02:00:00+00:00,0,0
2013-09-11 03:00:00+00:00,0,0
2013-09-11 04:00:00+00:00,0,0
2013-09-11 05:00:00+00:00,0,0
2013-09-11 06:00:00+00:00,0,0
2013-09-11 07:00:00+00:00,0,0
2013-09-11 08:00:00+00:00,0,0
2013-09-11 09:00:00+00:00,0,0
2013-09-11 10:00:00+00:00,0,0
2013-09-11 11:00:00+00:00,0,0
2013-09-11 12:00:00+00:00,0,0
2013-09-11 13:00:00+00:00,256.7419434,1.0064516
2013-09-11 14:00:00+00:00,407.9775085,153.50085
2013-09-11 15:00:00+00:00,438.5068359,0.9982877
2013-09-11 16:00:00+00:00,783.9240112,137.87224
2013-09-11 17:00:00+00:00,517.621582,147.67462
2013-09-11 18:00:00+00:00,1543.412231,0.98487395
2013-09-11 19:00:00+00:00,471.2697449,171.38501
2013-09-11 20:00:00+00:00,499.5,161.98637
2013-09-11 21:00:00+00:00,366.5404358,71.01707
2013-09-11 22:00:00+00:00,201.0767975,0.9931741
2013-09-11 23:00:00+00:00,164.772644,0.9863248
2013-09-12 00:00:00+00:00,161.1145325,0.982906
2013-09-12 01:00:00+00:00,158.1846161,0.9931624
2013-09-12 02:00:00+00:00,161.9094086,0.9965812
2013-09-12 03:00:00+00:00,152.6752167,0.9897436
2013-09-12 04:00:00+00:00,164.3230743,0.9777778
2013-09-12 05:00:00+00:00,435.8495789,110.441025
2013-09-12 06:00:00+00:00,171.0274048,0.9931624
2013-09-12 07:00:00+00:00,158.7962341,0.9914676
2013-09-12 08:00:00+00:00,154.3487244,0.989726
2013-09-12 09:00:00+00:00,164.2277374,0.991453
2013-09-12 10:00:00+00:00,150.411972,0.9811966
2013-09-12 11:00:00+00:00,160.8640289,0.9982906
2013-09-12 12:00:00+00:00,155.9166718,0.98293513
2013-09-12 13:00:00+00:00,155.774353,0.9982906
2013-09-12 14:00:00+00:00,161.2034149,0.9777778
2013-09-12 15:00:00+00:00,151.8905945,0.9846154
2013-09-12 16:00:00+00:00,399.5111084,228.34583
2013-09-12 17:00:00+00:00,470.2290649,118.097435
2013-09-12 18:00:00+00:00,1623.205078,146.35353
2013-09-12 19:00:00+00:00,478.4777527,143.12286
2013-09-12 20:00:00+00:00,381.4195251,0.9931857
2013-09-12 21:00:00+00:00,481.5582275,151.52219
2013-09-12 22:00:00+00:00,245.7935181,0.99658704
2013-09-12 23:00:00+00:00,211.5256042,0.99658704
2013-09-13 00:00:00+00:00,176.7064819,0.9931741
2013-09-13 01:00:00+00:00,180.8566589,0.99488056
2013-09-13 02:00:00+00:00,190.7928009,0.9931857
2013-09-13 03:00:00+00:00,177.8634796,0.9811966
2013-09-13 04:00:00+00:00,177.1894226,0.98634815
2013-09-13 05:00:00+00:00,172.8720093,0.9897611
2013-09-13 06:00:00+00:00,224.037674,0.9931857
2013-09-13 07:00:00+00:00,327.5631409,72.01195
2013-09-13 08:00:00+00:00,433.3815918,169.68538
2013-09-13 09:00:00+00:00,276.3470154,0.9931741
2013-09-13 10:00:00+00:00,573.7798462,168.70187
2013-09-13 11:00:00+00:00,332.4632568,0.9931857
2013-09-13 12:00:00+00:00,416.316864,156.48552
2013-09-13 13:00:00+00:00,275.2747498,0.99488926
2013-09-13 14:00:00+00:00,213.4163818,0.9897611
2013-09-13 15:00:00+00:00,177.7325439,0.9931857
2013-09-13 16:00:00+00:00,398.4215088,0.9982935
2013-09-13 17:00:00+00:00,500.4769897,158.69165
2013-09-13 18:00:00+00:00,1111.487305,0.99323183
2013-09-13 19:00:00+00:00,708.3118896,0.9881356
2013-09-13 20:00:00+00:00,260.6615295,0.99489796
2013-09-13 21:00:00+00:00,178.5426636,0.99488056
2013-09-13 22:00:00+00:00,174.5400391,0.99148214
2013-09-13 23:00:00+00:00,164.6109161,0.98807496
2013-09-14 00:00:00+00:00,160.3839569,0.9931857
2013-09-14 01:00:00+00:00,163.0477753,1.0017065
2013-09-14 02:00:00+00:00,160.9488068,0.9914966
2013-09-14 03:00:00+00:00,162.9658661,0.9931741
2013-09-14 04:00:00+00:00,162.4010315,0.9897611
2013-09-14 05:00:00+00:00,159.9435883,0.9948718
2013-09-14 06:00:00+00:00,162.5733795,0.9846416
2013-09-14 07:00:00+00:00,157.5521393,0.991453
2013-09-14 08:00:00+00:00,1375.859619,0.99325466
2013-09-14 09:00:00+00:00,1205.94751,0.9898649
2013-09-14 10:00:00+00:00,476.4880066,175.49318
2013-09-14 11:00:00+00:00,645.3623657,0.9846154
2013-09-14 12:00:00+00:00,180.8700867,0.9880342
2013-09-14 13:00:00+00:00,466.0447388,274.65924
2013-09-14 14:00:00+00:00,209.0888824,0.9897436
2013-09-14 15:00:00+00:00,221.9070587,0.9914383
2013-09-14 16:00:00+00:00,473.246582,0.9914383
2013-09-14 17:00:00+00:00,543.0968628,130.67065
2013-09-14 18:00:00+00:00,341.6626587,0.99486303
2013-09-14 19:00:00+00:00,352.3247986,0.9863248
2013-09-14 20:00:00+00:00,281.4222107,0.9863248
2013-09-14 21:00:00+00:00,228.1384583,0.9880137
2013-09-14 22:00:00+00:00,185.7260284,0.9863248
2013-09-14 23:00:00+00:00,158.4735107,0.9948718
2013-09-15 00:00:00+00:00,150.6546936,0.982906
2013-09-15 01:00:00+00:00,154.3356171,0.989726
2013-09-15 02:00:00+00:00,146.2020569,0.9914383
2013-09-15 03:00:00+00:00,157.714035,0.97431505
2013-09-15 04:00:00+00:00,174.9486237,0.97773975
2013-09-15 05:00:00+00:00,192.6226349,0.9914383
2013-09-15 06:00:00+00:00,147.7444305,0.9811321
2013-09-15 07:00:00+00:00,152.9536133,0.9794521
2013-09-15 08:00:00+00:00,140.5368805,0.99142367
2013-09-15 09:00:00+00:00,319.3797302,162.68835
2013-09-15 10:00:00+00:00,162.0239716,0.9931507
2013-09-15 11:00:00+00:00,156.8865967,0.9862779
2013-09-15 12:00:00+00:00,151.2955322,0.9811321
2013-09-15 13:00:00+00:00,322.9293213,0.98293513
2013-09-15 14:00:00+00:00,333.3392639,0.9795571
2013-09-15 15:00:00+00:00,185.1290894,0.9880137
2013-09-15 16:00:00+00:00,258.4065247,0.9794168
2013-09-15 17:00:00+00:00,224.5317383,0.9879931
2013-09-15 18:00:00+00:00,483.6106262,0.98456264
2013-09-15 19:00:00+00:00,580.4285889,166.72992
2013-09-15 20:00:00+00:00,282.1166382,0.9982906
2013-09-15 21:00:00+00:00,234.8683777,1
2013-09-15 22:00:00+00:00,166.6048126,0.982906
2013-09-15 23:00:00+00:00,142.6205139,0.9931507
2013-09-16 00:00:00+00:00,155.2157593,0.982906
2013-09-16 01:00:00+00:00,142.7602692,0.989726
2013-09-16 02:00:00+00:00,152.7174683,0.9794521
2013-09-16 03:00:00+00:00,142.503418,0.9880137
2013-09-16 04:00:00+00:00,186.2637024,0.989726
2013-09-16 05:00:00+00:00,293.6258545,93.337326
2013-09-16 06:00:00+00:00,165.4802704,0.9879931
2013-09-16 07:00:00+00:00,142.6344757,0.9828767
2013-09-16 08:00:00+00:00,155.2247009,0.9897084
2013-09-16 09:00:00+00:00,142.3310394,0.97431505
2013-09-16 10:00:00+00:00,155.1235046,0.9897084
2013-09-16 11:00:00+00:00,142.0068512,0.99657536
2013-09-16 12:00:00+00:00,155.1800995,0.9879931
2013-09-16 13:00:00+00:00,143.4528351,0.99656945
2013-09-16 14:00:00+00:00,155.1866455,0.9931507
2013-09-16 15:00:00+00:00,150.7581482,0.9897084
2013-09-16 16:00:00+00:00,181.3167877,0.9880137
2013-09-16 17:00:00+00:00,341.4871216,0.99656945
2013-09-16 18:00:00+00:00,1146.529663,157.70288
2013-09-16 19:00:00+00:00,733.7393799,0.9965928
2013-09-16 20:00:00+00:00,267.8010254,1
2013-09-16 21:00:00+00:00,303.7010193,0.99657536
2013-09-16 22:00:00+00:00,179.6027374,0.9931507
2013-09-16 23:00:00+00:00,195.0222931,0.99486303
2013-09-17 00:00:00+00:00,164.4417877,0.9897084
2013-09-17 01:00:00+00:00,156.5248718,0.97773975
2013-09-17 02:00:00+00:00,144.360199,0.9931389
2013-09-17 03:00:00+00:00,155.9656982,0.97770154
2013-09-17 04:00:00+00:00,189.4457855,0.9862779
2013-09-17 05:00:00+00:00,308.4861145,104.2188
2013-09-17 06:00:00+00:00,153.7302399,0.99656355
2013-09-17 07:00:00+00:00,149.3087463,0.98456264
2013-09-17 08:00:00+00:00,301.5534363,86.82534
2013-09-17 09:00:00+00:00,229.2229919,0.9948542
2013-09-17 10:00:00+00:00,226.6563568,0.9845361
2013-09-17 11:00:00+00:00,312.9536133,0.9880137
2013-09-17 12:00:00+00:00,236.1525116,0.9965398
2013-09-17 13:00:00+00:00,223.4656372,0.9862543
2013-09-17 14:00:00+00:00,236.6048126,0.99140894
2013-09-17 15:00:00+00:00,237.8576355,0.98284733
2013-09-17 16:00:00+00:00,313.6322937,0.9862543
2013-09-17 17:00:00+00:00,506.4922485,2.0737565
2013-09-17 18:00:00+00:00,1144.386475,0.98641765
2013-09-17 19:00:00+00:00,929.6746826,147.65025
2013-09-17 20:00:00+00:00,483.1416321,195.97774
2013-09-17 21:00:00+00:00,266.878418,1.0034246
2013-09-17 22:00:00+00:00,246.1780853,0.9914383
2013-09-17 23:00:00+00:00,198.3099365,0.9846154
2013-09-18 00:00:00+00:00,184.2174683,0.9931507
2013-09-18 01:00:00+00:00,184.746582,0.99657536
2013-09-18 02:00:00+00:00,174.6061707,0.98630136
2013-09-18 03:00:00+00:00,151.4802704,0.9897084
2013-09-18 04:00:00+00:00,151.0993195,0.9931507
2013-09-18 05:00:00+00:00,159.9708862,0.9879931
2013-09-18 06:00:00+00:00,177.5248718,0.9931507
2013-09-18 07:00:00+00:00,312.7766418,154.39897
2013-09-18 08:00:00+00:00,175.28302,0.9759863
2013-09-18 09:00:00+00:00,170.8130341,0.9948542
2013-09-18 10:00:00+00:00,458.1183472,87.22355
2013-09-18 11:00:00+00:00,421.5927734,136.94682
2013-09-18 12:00:00+00:00,266.5797729,0.99656945
2013-09-18 13:00:00+00:00,245.5574646,0.99142367
2013-09-18 14:00:00+00:00,242.3133545,0.9914383
2013-09-18 15:00:00+00:00,345.1876221,79.563354
2013-09-18 16:00:00+00:00,817.0443115,0.98132426
2013-09-18 17:00:00+00:00,563.508606,0.9965812
2013-09-18 18:00:00+00:00,1532.633423,149.09122
2013-09-18 19:00:00+00:00,349.6811218,0.99657536
2013-09-18 20:00:00+00:00,277.4075317,0.989726
2013-09-18 21:00:00+00:00,264.221283,0.99656945
2013-09-18 22:00:00+00:00,235.6969147,0.989726
2013-09-18 23:00:00+00:00,178.0411682,0.99142367
2013-09-19 00:00:00+00:00,167.3276215,0.97602737
2013-09-19 01:00:00+00:00,144.4793091,0.9880137
2013-09-19 02:00:00+00:00,158.0703278,0.99142367
2013-09-19 03:00:00+00:00,144.3470764,0.9845361
2013-09-19 04:00:00+00:00,198.5231628,0.97084045
2013-09-19 05:00:00+00:00,251.6368256,0.9897084
2013-09-19 06:00:00+00:00,175.6511993,0.9879725
2013-09-19 07:00:00+00:00,156.5540314,0.99656945
2013-09-19 08:00:00+00:00,192.2491455,0.9845361
2013-09-19 09:00:00+00:00,225.4312744,0.9845361
2013-09-19 10:00:00+00:00,422.6866455,90.78596
2013-09-19 11:00:00+00:00,203.79245,0.9879931
2013-09-19 12:00:00+00:00,216.7628937,0.9862543
2013-09-19 13:00:00+00:00,297.7113342,78.957115
2013-09-19 14:00:00+00:00,211.5996552,0.9931389
2013-09-19 15:00:00+00:00,245.9570465,0.9862543
2013-09-19 16:00:00+00:00,294.9053345,0.98456264
2013-09-19 17:00:00+00:00,428.6385498,0.99310344
2013-09-19 18:00:00+00:00,519.4871216,0.98630136
2013-09-19 19:00:00+00:00,1658.677979,139.71933
2013-09-19 20:00:00+00:00,351.6181641,0.9982877
2013-09-19 21:00:00+00:00,292.8338928,0.99657536
2013-09-19 22:00:00+00:00,241.7003479,0.98458904
2013-09-19 23:00:00+00:00,166.2722626,0.9931507
2013-09-20 00:00:00+00:00,159.244751,0.9914383
2013-09-20 01:00:00+00:00,147.5154114,0.9914383
2013-09-20 02:00:00+00:00,159.7491455,0.9948718
2013-09-20 03:00:00+00:00,146.6092987,0.9880137
2013-09-20 04:00:00+00:00,183.2109833,0.9879931
2013-09-20 05:00:00+00:00,344.6866455,79.21918
2013-09-20 06:00:00+00:00,166.0720367,0.9931389
2013-09-20 07:00:00+00:00,156.6672363,0.9811321
2013-09-20 08:00:00+00:00,226.5883331,0.9879931
2013-09-20 09:00:00+00:00,236.421875,0.97770154
2013-09-20 10:00:00+00:00,299.8608398,89.142365
2013-09-20 11:00:00+00:00,370.1924438,67.60616
2013-09-20 12:00:00+00:00,217.9896851,0.9862779
2013-09-20 13:00:00+00:00,231.8542023,0.98284733
2013-09-20 14:00:00+00:00,223.6226349,0.9897084
2013-09-20 15:00:00+00:00,232.9178009,0.97770154
2013-09-20 16:00:00+00:00,217.5423126,0.9931507
2013-09-20 17:00:00+00:00,229.3666077,0.9777778
2013-09-20 18:00:00+00:00,342.34021,153.74017
2013-09-20 19:00:00+00:00,256.8441772,0.98630136
2013-09-20 20:00:00+00:00,246.8199005,0.991453
2013-09-20 21:00:00+00:00,206.4494019,0.99142367
2013-09-20 22:00:00+00:00,185.7345886,0.9931507
2013-09-20 23:00:00+00:00,258.3527527,0.9914383
2013-09-21 00:00:00+00:00,157.0325317,0.989726
2013-09-21 01:00:00+00:00,155.5471649,0.9862779
2013-09-21 02:00:00+00:00,144.6900635,0.99486303
2013-09-21 03:00:00+00:00,152.9742737,0.9811644
2013-09-21 04:00:00+00:00,168.5746155,0.98456264
2013-09-21 05:00:00+00:00,162.4151001,0.9879931
2013-09-21 06:00:00+00:00,147.3367767,0.97938144
2013-09-21 07:00:00+00:00,159.0789032,0.98284733
2013-09-21 08:00:00+00:00,830.8078613,0.9863714
2013-09-21 09:00:00+00:00,648.9862671,0.98634815
2013-09-21 10:00:00+00:00,377.7142944,159.99142
2013-09-21 11:00:00+00:00,565.3687744,166.99144
2013-09-21 12:00:00+00:00,561.4769287,0.9897436
2013-09-21 13:00:00+00:00,1212.199341,0.9881956
2013-09-21 14:00:00+00:00,244.8450928,0.98630136
2013-09-21 15:00:00+00:00,202.2195587,0.99828476
2013-09-21 16:00:00+00:00,190.8681488,0.9914383
2013-09-21 17:00:00+00:00,174.9024048,0.98458904
2013-09-21 18:00:00+00:00,184.1849365,0.989726
2013-09-21 19:00:00+00:00,199.2208862,0.9811644
2013-09-21 20:00:00+00:00,176.1558228,0.9931507
2013-09-21 21:00:00+00:00,190.8955536,0.99657536
2013-09-21 22:00:00+00:00,413.7863159,146.4
2013-09-21 23:00:00+00:00,298.5496521,0.9931507
2013-09-22 00:00:00+00:00,164.2478638,0.9880342
2013-09-22 01:00:00+00:00,145.9503479,1.6078767
2013-09-22 02:00:00+00:00,153.7589722,0.9897436
2013-09-22 03:00:00+00:00,150.3316193,0.9931624
2013-09-22 04:00:00+00:00,143.625,0.97431505
2013-09-22 05:00:00+00:00,151.417099,0.9880137
2013-09-22 06:00:00+00:00,150.9674683,0.9794872
2013-09-22 07:00:00+00:00,141.7808228,0.9880137
2013-09-22 08:00:00+00:00,451.2641602,319.3123
2013-09-22 09:00:00+00:00,346.3659668,99.64164
2013-09-22 10:00:00+00:00,968.5471802,0.9897959
2013-09-22 11:00:00+00:00,253.4735107,1.0017095
2013-09-22 12:00:00+00:00,512.5490723,0.9914676
2013-09-22 13:00:00+00:00,383.9350281,156.0512
2013-09-22 14:00:00+00:00,258.2362976,0.9846416
2013-09-22 15:00:00+00:00,320.6358948,0.9948718
2013-09-22 16:00:00+00:00,477.1118774,0.97952217
2013-09-22 17:00:00+00:00,582.1135864,93.517006
2013-09-22 18:00:00+00:00,893.8522949,0.9949066
2013-09-22 19:00:00+00:00,1159.36377,69.92737
2013-09-22 20:00:00+00:00,438.0391846,86.97615
2013-09-22 21:00:00+00:00,250.1996613,0.9982935
2013-09-22 22:00:00+00:00,215.3003387,0.98634815
2013-09-22 23:00:00+00:00,207.9573364,0.9931741
2013-09-23 00:00:00+00:00,178.5938568,0.98634815
2013-09-23 01:00:00+00:00,143.5631409,0.9897611
2013-09-23 02:00:00+00:00,150.803421,0.9863248
2013-09-23 03:00:00+00:00,148.3572693,0.9880342
2013-09-23 04:00:00+00:00,139.222229,0.9846154
2013-09-23 05:00:00+00:00,233.998291,0.9931741
2013-09-23 06:00:00+00:00,161.0581207,0.982906
2013-09-23 07:00:00+00:00,156.1572723,0.9846154
2013-09-23 08:00:00+00:00,175.0958862,0.9914383
2013-09-23 09:00:00+00:00,146.2085419,0.9982906
2013-09-23 10:00:00+00:00,140.087326,0.9880342
2013-09-23 11:00:00+00:00,142.2102509,0.991453
2013-09-23 12:00:00+00:00,149.0684967,0.9931507
2013-09-23 13:00:00+00:00,141.0444489,0.9931624
2013-09-23 14:00:00+00:00,141.9264984,0.9880342
2013-09-23 15:00:00+00:00,146.3162384,0.9846154
2013-09-23 16:00:00+00:00,143.8078918,0.9931624
2013-09-23 17:00:00+00:00,535.8375854,127.85836
2013-09-23 18:00:00+00:00,342.1367493,0.9914676
2013-09-23 19:00:00+00:00,370.9367371,133.75427
2013-09-23 20:00:00+00:00,147.964035,0.99658704
2013-09-23 21:00:00+00:00,1079.164673,132.77797
2013-09-23 22:00:00+00:00,658.4957275,0.98981327
2013-09-23 23:00:00+00:00,185.4495697,0.9880342
2013-09-24 00:00:00+00:00,163.001709,0.9880137
2013-09-24 01:00:00+00:00,165.6335602,0.9948718
2013-09-24 02:00:00+00:00,164.5093994,0.9948718
2013-09-24 03:00:00+00:00,151.3510284,0.97602737
2013-09-24 04:00:00+00:00,141.837326,0.9828767
2013-09-24 05:00:00+00:00,276.4484558,95.5137
2013-09-24 06:00:00+00:00,144.9931488,0.9880137
2013-09-24 07:00:00+00:00,148.2418518,0.99142367
2013-09-24 08:00:00+00:00,173.0909119,0.99828476
2013-09-24 09:00:00+00:00,221.5454559,0.9811321
2013-09-24 10:00:00+00:00,231.6655273,0.9811321
2013-09-24 11:00:00+00:00,233.8696442,0.9897084
2013-09-24 12:00:00+00:00,306.5711975,0.98458904
2013-09-24 13:00:00+00:00,255.0463104,0.9879931
2013-09-24 14:00:00+00:00,354.8201904,134.02222
2013-09-24 15:00:00+00:00,228.6027374,0.98630136
2013-09-24 16:00:00+00:00,339.870697,117.11453
2013-09-24 17:00:00+00:00,523.8058472,25.478704
2013-09-24 18:00:00+00:00,1172.690918,0.9864636
2013-09-24 19:00:00+00:00,968.501709,130.2313
2013-09-24 20:00:00+00:00,335.6013794,0.9948718
2013-09-24 21:00:00+00:00,421.9298096,117.784615
2013-09-24 22:00:00+00:00,262.7414246,0.99657536
2013-09-24 23:00:00+00:00,187.6917877,0.9914383
2013-09-25 00:00:00+00:00,157.9503479,0.9931507
2013-09-25 01:00:00+00:00,161.6546326,0.98458904
2013-09-25 02:00:00+00:00,152.1130066,0.97773975
2013-09-25 03:00:00+00:00,161.001709,0.9862779
2013-09-25 04:00:00+00:00,173.6729431,0.98458904
2013-09-25 05:00:00+00:00,226.3516235,0.974271
2013-09-25 06:00:00+00:00,178.2323608,0.9828767
2013-09-25 07:00:00+00:00,160.9193878,0.98456264
2013-09-25 08:00:00+00:00,156.2401428,0.9931389
2013-09-25 09:00:00+00:00,161.394516,0.9897084
2013-09-25 10:00:00+00:00,152.7893829,0.9828767
2013-09-25 11:00:00+00:00,158.8850708,0.98284733
2013-09-25 12:00:00+00:00,159.8082123,0.98458904
2013-09-25 13:00:00+00:00,153.0256805,0.99657536
2013-09-25 14:00:00+00:00,157.5410919,0.9931507
2013-09-25 15:00:00+00:00,327.6706543,76.535835
2013-09-25 16:00:00+00:00,225.9948578,0.9880342
2013-09-25 17:00:00+00:00,576.9299316,0.9846416
2013-09-25 18:00:00+00:00,468.4829407,0.9897436
2013-09-25 19:00:00+00:00,1558.453735,154.4495
2013-09-25 20:00:00+00:00,334.4239197,0.9931624
2013-09-25 21:00:00+00:00,207.2918091,0.9914676
2013-09-25 22:00:00+00:00,156.1672363,0.98634815
2013-09-25 23:00:00+00:00,153.4215088,0.9897611
2013-09-26 00:00:00+00:00,156.7098999,0.9931624
2013-09-26 01:00:00+00:00,153.9725952,0.9965928
2013-09-26 02:00:00+00:00,148.2568512,0.99488926
2013-09-26 03:00:00+00:00,158.5931549,0.9880342
2013-09-26 04:00:00+00:00,156.5716705,0.98293513
2013-09-26 05:00:00+00:00,272.7722473,87.49488
2013-09-26 06:00:00+00:00,303.2174683,90.85154
2013-09-26 07:00:00+00:00,231.001709,0.99658704
2013-09-26 08:00:00+00:00,229.2991486,0.9982906
2013-09-26 09:00:00+00:00,201.9350433,0.9931624
2013-09-26 10:00:00+00:00,195.8376007,0.9846678
2013-09-26 11:00:00+00:00,312.0583191,0.9982993
2013-09-26 12:00:00+00:00,226.7764435,0.98805463
2013-09-26 13:00:00+00:00,203.2940216,0.9863248
2013-09-26 14:00:00+00:00,228.1448059,0.99148214
2013-09-26 15:00:00+00:00,222.9453888,0.9931741
2013-09-26 16:00:00+00:00,240.6348114,0.9931741
2013-09-26 17:00:00+00:00,551.8464355,165.9966
2013-09-26 18:00:00+00:00,613.8758545,0.99148214
2013-09-26 19:00:00+00:00,1301.309204,0.9882155
2013-09-26 20:00:00+00:00,487.6307678,137.67693
2013-09-26 21:00:00+00:00,365.7850952,0.9932088
2013-09-26 22:00:00+00:00,175.3600616,0.98805463
2013-09-26 23:00:00+00:00,145.2457275,0.99488056
2013-09-27 00:00:00+00:00,149.7559662,0.9897611
2013-09-27 01:00:00+00:00,151.1228638,0.98122865
2013-09-27 02:00:00+00:00,142.577774,0.9811966
2013-09-27 03:00:00+00:00,148.4307709,0.9794872
2013-09-27 04:00:00+00:00,152.6222229,0.991453
2013-09-27 05:00:00+00:00,210.1566315,0.9897436
2013-09-27 06:00:00+00:00,212.6095886,0.98630136
2013-09-27 07:00:00+00:00,231.2979431,0.9880137
2013-09-27 08:00:00+00:00,235.1969147,0.9914383
2013-09-27 09:00:00+00:00,329.4476929,0.97602737
2013-09-27 10:00:00+00:00,205.2003479,0.98458904
2013-09-27 11:00:00+00:00,139.121582,1
2013-09-27 12:00:00+00:00,149.001709,0.9982877
2013-09-27 13:00:00+00:00,147.2365265,0.9897785
2013-09-27 14:00:00+00:00,137.714035,0.99657536
2013-09-27 15:00:00+00:00,148.803421,0.991453
2013-09-27 16:00:00+00:00,149.5982971,0.9777778
2013-09-27 17:00:00+00:00,1350.949219,153.81787
2013-09-27 18:00:00+00:00,757.4779053,0.98981327
2013-09-27 19:00:00+00:00,225.7230835,0.9982906
2013-09-27 20:00:00+00:00,190.6506805,1
2013-09-27 21:00:00+00:00,169.3196564,0.9982906
2013-09-27 22:00:00+00:00,166.6369934,0.9931741
2013-09-27 23:00:00+00:00,147.2714844,0.9914676
2013-09-28 00:00:00+00:00,149.0222626,0.9931507
2013-09-28 01:00:00+00:00,147.582901,0.9982906
2013-09-28 02:00:00+00:00,142.0804749,0.98630136
2013-09-28 03:00:00+00:00,150.9504242,0.9931624
2013-09-28 04:00:00+00:00,140.1095886,0.9828767
2013-09-28 05:00:00+00:00,149.5231628,0.9862779
2013-09-28 06:00:00+00:00,143.121582,0.9880137
2013-09-28 07:00:00+00:00,144.2345886,0.989726
2013-09-28 08:00:00+00:00,603.8903809,0.9778157
2013-09-28 09:00:00+00:00,521.0327148,139.24786
2013-09-28 10:00:00+00:00,432.2881775,0.99488056
2013-09-28 11:00:00+00:00,160.6712341,0.99486303
2013-09-28 12:00:00+00:00,168.8013763,0.9880137
2013-09-28 13:00:00+00:00,167.9606171,0.9811966
2013-09-28 14:00:00+00:00,161.6369934,1
2013-09-28 15:00:00+00:00,172.0410919,0.9914383
2013-09-28 16:00:00+00:00,157.6333923,0.9982935
2013-09-28 17:00:00+00:00,171.3293304,0.982906
2013-09-28 18:00:00+00:00,178.962326,0.9897436
2013-09-28 19:00:00+00:00,179.810257,0.9846154
2013-09-28 20:00:00+00:00,188.1318512,0.98630136
2013-09-28 21:00:00+00:00,320.1951599,0.99148214
2013-09-28 22:00:00+00:00,320.7160339,108.08874
2013-09-28 23:00:00+00:00,154.259964,0.991453
2013-09-29 00:00:00+00:00,141.6027374,0.9931624
2013-09-29 01:00:00+00:00,151.8576355,0.9914676
2013-09-29 02:00:00+00:00,147.6843872,0.9811966
2013-09-29 03:00:00+00:00,144.3047943,0.9931507
2013-09-29 04:00:00+00:00,150.7037659,0.99657536
2013-09-29 05:00:00+00:00,143.5496521,0.9828767
2013-09-29 06:00:00+00:00,148.537674,0.9708904
2013-09-29 07:00:00+00:00,150.2688293,0.9794521
2013-09-29 08:00:00+00:00,671.1697998,0.99488926
2013-09-29 09:00:00+00:00,176.7705536,0.9880137
2013-09-29 10:00:00+00:00,346.505127,167.33333
2013-09-29 11:00:00+00:00,557.5008545,180.35034
2013-09-29 12:00:00+00:00,216.1164398,0.9931507
2013-09-29 13:00:00+00:00,593.4315186,0.99657536
2013-09-29 14:00:00+00:00,167.967514,0.9948718
2013-09-29 15:00:00+00:00,184.4606171,0.9982935
2013-09-29 16:00:00+00:00,390.2102661,0.9811966
2013-09-29 17:00:00+00:00,356.4425354,0.98805463
2013-09-29 18:00:00+00:00,338.0975952,0.98634815
2013-09-29 19:00:00+00:00,342.0907593,137.2628
2013-09-29 20:00:00+00:00,260.5675354,0.991453
2013-09-29 21:00:00+00:00,189.3670654,0.9897436
2013-09-29 22:00:00+00:00,149.0170898,0.9863248
2013-09-29 23:00:00+00:00,144.6500854,0.9897611
2013-09-30 00:00:00+00:00,141.7384644,0.9965812
2013-09-30 01:00:00+00:00,149.5008545,0.9863248
2013-09-30 02:00:00+00:00,143.7863312,0.9846154
2013-09-30 03:00:00+00:00,141.8786316,1
2013-09-30 04:00:00+00:00,147.9655762,0.982906
2013-09-30 05:00:00+00:00,309.9897461,135.74232
2013-09-30 06:00:00+00:00,149.037674,0.9931507
2013-09-30 07:00:00+00:00,148.8666687,0.9863248
2013-09-30 08:00:00+00:00,144.2409058,0.9897436
2013-09-30 09:00:00+00:00,142.6598358,0.982906
2013-09-30 10:00:00+00:00,149.0428009,0.9828767
2013-09-30 11:00:00+00:00,146.9589691,0.9897436
2013-09-30 12:00:00+00:00,141.0205078,0.99486303
2013-09-30 13:00:00+00:00,148.6495667,0.9931741
2013-09-30 14:00:00+00:00,149.1430969,0.9846416
2013-09-30 15:00:00+00:00,140.2034149,0.991453
2013-09-30 16:00:00+00:00,325.3583679,0.99488056
2013-09-30 17:00:00+00:00,403.3896484,0.97444636
2013-09-30 18:00:00+00:00,464.3418884,118.2116
2013-09-30 19:00:00+00:00,1486.574341,0.99662733
2013-09-30 20:00:00+00:00,588.2136841,174
2013-09-30 21:00:00+00:00,309.9624023,0.9965812
2013-09-30 22:00:00+00:00,233.2474365,0.98634815
2013-09-30 23:00:00+00:00,155.1555481,0.9794872
2013-10-01 00:00:00+00:00,151.9282074,0.9948718
2013-10-01 01:00:00+00:00,144.4888916,0.9880342
2013-10-01 02:00:00+00:00,141.5648499,0.9897436
2013-10-01 03:00:00+00:00,149.7349396,0.9778157
2013-10-01 04:00:00+00:00,141.8485413,0.9777778
2013-10-01 05:00:00+00:00,316.2901001,140.7338
2013-10-01 06:00:00+00:00,154.9897308,0.9931507
2013-10-01 07:00:00+00:00,141.9400635,0.9914383
2013-10-01 08:00:00+00:00,164.5291138,0.9811644
2013-10-01 09:00:00+00:00,142.3698578,0.9931507
2013-10-01 10:00:00+00:00,140.6917877,0.9880137
2013-10-01 11:00:00+00:00,147.5684967,0.9914383
2013-10-01 12:00:00+00:00,139.7397308,0.989726
2013-10-01 13:00:00+00:00,143.7996521,0.9794521
2013-10-01 14:00:00+00:00,147.6763763,0.99486303
2013-10-01 15:00:00+00:00,136.5128174,0.99486303
2013-10-01 16:00:00+00:00,184.1780853,0.9846154
2013-10-01 17:00:00+00:00,297.5462341,0.9931507
2013-10-01 18:00:00+00:00,365.9554138,0.9863248
2013-10-01 19:00:00+00:00,481.4092407,0.99488056
2013-10-01 20:00:00+00:00,1301.583008,156.04054
2013-10-01 21:00:00+00:00,845.4190674,146.23299
2013-10-01 22:00:00+00:00,204.0136719,0.9948718
2013-10-01 23:00:00+00:00,160.8441772,0.9794521
2013-10-02 00:00:00+00:00,156.0427399,0.9948718
2013-10-02 01:00:00+00:00,140.7333374,0.9931624
2013-10-02 02:00:00+00:00,148.3595886,0.9931507
2013-10-02 03:00:00+00:00,152.7299194,0.9897436
2013-10-02 04:00:00+00:00,139.1489716,0.9880137
2013-10-02 05:00:00+00:00,218.8273468,0.9897436
2013-10-02 06:00:00+00:00,382.753418,174.2735
2013-10-02 07:00:00+00:00,213.412674,0.99486303
2013-10-02 08:00:00+00:00,281.1455688,0.9931857
2013-10-02 09:00:00+00:00,180.037674,0.9811644
2013-10-02 10:00:00+00:00,178.6044464,0.9880137
2013-10-02 11:00:00+00:00,313.5872192,129.11282
2013-10-02 12:00:00+00:00,167.4571991,0.99657536
2013-10-02 13:00:00+00:00,174.2020569,0.99657536
2013-10-02 14:00:00+00:00,163.0325317,0.989726
2013-10-02 15:00:00+00:00,473.7426453,0.9863248
2013-10-02 16:00:00+00:00,425.5750732,0.98634815
2013-10-02 17:00:00+00:00,357.9382629,0.9863248
2013-10-02 18:00:00+00:00,381.1350403,0.9948718
2013-10-02 19:00:00+00:00,318.6034241,0.9982935
2013-10-02 20:00:00+00:00,203.6017151,0.9914383
2013-10-02 21:00:00+00:00,1319.044312,114.870155
2013-10-02 22:00:00+00:00,473.4701843,0.99829644
2013-10-02 23:00:00+00:00,215.2512817,0.9965812
2013-10-03 00:00:00+00:00,161.8205109,0.9948718
2013-10-03 01:00:00+00:00,146.613678,0.991453
2013-10-03 02:00:00+00:00,149.41539,0.9811966
2013-10-03 03:00:00+00:00,147.2127991,0.9965812
2013-10-03 04:00:00+00:00,144.0205078,0.9846154
2013-10-03 05:00:00+00:00,317.6661072,128.4718
2013-10-03 06:00:00+00:00,140.1044464,0.98630136
2013-10-03 07:00:00+00:00,151.246582,0.9794521
2013-10-03 08:00:00+00:00,142.0770569,0.97773975
2013-10-03 09:00:00+00:00,148.2825317,0.9828767
2013-10-03 10:00:00+00:00,146.75,0.99486303
2013-10-03 11:00:00+00:00,140.4725952,0.9931507
2013-10-03 12:00:00+00:00,150.2174683,0.98630136
2013-10-03 13:00:00+00:00,140.1095886,0.9982877
2013-10-03 14:00:00+00:00,148.748291,0.9914383
2013-10-03 15:00:00+00:00,156.121582,0.98630136
2013-10-03 16:00:00+00:00,158.8493195,0.9726027
2013-10-03 17:00:00+00:00,405.1526489,161.33789
2013-10-03 18:00:00+00:00,391.0205383,0.99657536
2013-10-03 19:00:00+00:00,533.2388916,153.97952
2013-10-03 20:00:00+00:00,1189.893555,129.9695
2013-10-03 21:00:00+00:00,783.2385254,0.99659866
2013-10-03 22:00:00+00:00,262.994873,0.9863248
2013-10-03 23:00:00+00:00,156.4923096,0.991453
2013-10-04 00:00:00+00:00,141.391449,0.991453
2013-10-04 01:00:00+00:00,150.6752167,0.9880342
2013-10-04 02:00:00+00:00,151.3191071,0.9897611
2013-10-04 03:00:00+00:00,141.7367554,0.9948718
2013-10-04 04:00:00+00:00,150.7333374,0.9948718
2013-10-04 05:00:00+00:00,165.3703003,0.9846416
2013-10-04 06:00:00+00:00,162.6290588,0.9897436
2013-10-04 07:00:00+00:00,312.9334412,138.46587
2013-10-04 08:00:00+00:00,169.2866821,0.9931741
2013-10-04 09:00:00+00:00,169.8547058,0.9880342
2013-10-04 10:00:00+00:00,176.0615387,0.9931624
2013-10-04 11:00:00+00:00,370.6860046,145.34863
2013-10-04 12:00:00+00:00,177.0307617,0.9948718
2013-10-04 13:00:00+00:00,170.8037567,0.9982935
2013-10-04 14:00:00+00:00,171.9641571,0.98805463
2013-10-04 15:00:00+00:00,338.3413086,146.69624
2013-10-04 16:00:00+00:00,192.5986328,0.99148214
2013-10-04 17:00:00+00:00,236.8139954,0.99148214
2013-10-04 18:00:00+00:00,311.1058044,0.98122865
2013-10-04 19:00:00+00:00,212.4470978,0.9897611
2013-10-04 20:00:00+00:00,382,157.44218
2013-10-04 21:00:00+00:00,257.1917725,0.99829644
2013-10-04 22:00:00+00:00,160.8959045,0.98805463
2013-10-04 23:00:00+00:00,153.1535797,0.9914676
2013-10-05 00:00:00+00:00,147.8057861,0.9761499
2013-10-05 01:00:00+00:00,137.6177521,0.9931741
2013-10-05 02:00:00+00:00,148.3703003,1
2013-10-05 03:00:00+00:00,146.8536987,0.9931153
2013-10-05 04:00:00+00:00,144.0085297,0.98805463
2013-10-05 05:00:00+00:00,148.7435913,0.991453
2013-10-05 06:00:00+00:00,142.6962433,0.9931741
2013-10-05 07:00:00+00:00,298.1418762,140.22356
2013-10-05 08:00:00+00:00,182.3566589,0.9846416
2013-10-05 09:00:00+00:00,349.0974426,135.39116
2013-10-05 10:00:00+00:00,162.1489716,0.98122865
2013-10-05 11:00:00+00:00,152.7093964,0.9931624
2013-10-05 12:00:00+00:00,215.8737183,63.715015
2013-10-05 13:00:00+00:00,1173.349854,138.13852
2013-10-05 14:00:00+00:00,891.8881226,1
2013-10-05 15:00:00+00:00,404.6945496,153.54515
2013-10-05 16:00:00+00:00,397.6000061,35.425896
2013-10-05 17:00:00+00:00,791.1228638,0.9897611
2013-10-05 18:00:00+00:00,746.3133545,148.99829
2013-10-05 19:00:00+00:00,519.8392944,0.9965928
2013-10-05 20:00:00+00:00,690.7713013,0.98132426
2013-10-05 21:00:00+00:00,1191.837891,0.98307955
2013-10-05 22:00:00+00:00,379.2542725,0.98805463
2013-10-05 23:00:00+00:00,260.5443726,0.98293513
2013-10-06 00:00:00+00:00,198.7866821,0.99658704
2013-10-06 01:00:00+00:00,187.222229,0.9846154
2013-10-06 02:00:00+00:00,190.6996613,0.9914676
2013-10-06 03:00:00+00:00,179.6615448,0.9948718
2013-10-06 04:00:00+00:00,167.3094025,0.9897436
2013-10-06 05:00:00+00:00,177.3076935,0.9931624
2013-10-06 06:00:00+00:00,176.3384552,1
2013-10-06 07:00:00+00:00,167.5616455,0.9931507
2013-10-06 08:00:00+00:00,332.4349365,129.74744
2013-10-06 09:00:00+00:00,227.7752991,0.9811321
2013-10-06 10:00:00+00:00,234.7396545,0.98634815
2013-10-06 11:00:00+00:00,1240.188354,134.97643
2013-10-06 12:00:00+00:00,500.7876587,0.99488056
2013-10-06 13:00:00+00:00,152.3887024,0.989726
2013-10-06 14:00:00+00:00,148.577774,0.974359
2013-10-06 15:00:00+00:00,154.7076874,0.9897436
2013-10-06 16:00:00+00:00,151.8923035,0.9880342
2013-10-06 17:00:00+00:00,157.5393829,0.98293513
2013-10-06 18:00:00+00:00,509.3196716,0.9880342
2013-10-06 19:00:00+00:00,376.9145203,0.9897436
2013-10-06 20:00:00+00:00,1486.23999,0.9848485
2013-10-06 21:00:00+00:00,625.6859741,159.13095
2013-10-06 22:00:00+00:00,253.1213684,0.99488056
2013-10-06 23:00:00+00:00,176.2233734,0.982906
2013-10-07 00:00:00+00:00,152.3510284,0.9828767
2013-10-07 01:00:00+00:00,151.3681488,0.9811644
2013-10-07 02:00:00+00:00,153.7602692,0.99486303
2013-10-07 03:00:00+00:00,142.5188293,0.99142367
2013-10-07 04:00:00+00:00,158.2229919,0.9897436
2013-10-07 05:00:00+00:00,317.2835083,86.535164
2013-10-07 06:00:00+00:00,148.8593445,0.9862779
2013-10-07 07:00:00+00:00,151.0051422,0.98456264
2013-10-07 08:00:00+00:00,142.1063538,0.9879931
2013-10-07 09:00:00+00:00,151.6374512,0.99656945
2013-10-07 10:00:00+00:00,141.2126923,0.98456264
2013-10-07 11:00:00+00:00,151.5986328,0.9794168
2013-10-07 12:00:00+00:00,141.9176636,0.9879931
2013-10-07 13:00:00+00:00,147.15979,0.9862779
2013-10-07 14:00:00+00:00,149.125,0.989726
2013-10-07 15:00:00+00:00,143.1732483,0.9862779
2013-10-07 16:00:00+00:00,160.0240173,0.98284733
2013-10-07 17:00:00+00:00,360.7619934,0.989726
2013-10-07 18:00:00+00:00,463.1732483,0.9914383
2013-10-07 19:00:00+00:00,1002.791809,166.60136
2013-10-07 20:00:00+00:00,800.0632324,0.98981327
2013-10-07 21:00:00+00:00,228.2641449,0.99828476
2013-10-07 22:00:00+00:00,172.5428009,0.98630136
2013-10-07 23:00:00+00:00,145.1078796,0.98458904
2013-10-08 00:00:00+00:00,151.0547943,0.9914383
2013-10-08 01:00:00+00:00,151.6421204,0.989726
2013-10-08 02:00:00+00:00,145.3464813,0.98456264
2013-10-08 03:00:00+00:00,152.0274048,0.989726
2013-10-08 04:00:00+00:00,139.867691,0.982906
2013-10-08 05:00:00+00:00,199.8319092,0.9862779
2013-10-08 06:00:00+00:00,432.1322937,292.76028
2013-10-08 07:00:00+00:00,359.2788391,0.9931741
2013-10-08 08:00:00+00:00,573.0913696,0.9829642
2013-10-08 09:00:00+00:00,255.5445251,0.9982877
2013-10-08 10:00:00+00:00,337.0291443,142.41096
2013-10-08 11:00:00+00:00,278.4811707,0.9948718
2013-10-08 12:00:00+00:00,182.0787659,0.9914383
2013-10-08 13:00:00+00:00,190.714035,0.99657536
2013-10-08 14:00:00+00:00,321.4640503,144.64163
2013-10-08 15:00:00+00:00,191.3196564,0.9931624
2013-10-08 16:00:00+00:00,395.7294617,0.9914383
2013-10-08 17:00:00+00:00,473.1877136,0.9914676
2013-10-08 18:00:00+00:00,371.5154114,0.9931624
2013-10-08 19:00:00+00:00,486.1421204,154.49063
2013-10-08 20:00:00+00:00,285.3413086,0.9931741
2013-10-08 21:00:00+00:00,983.1452637,0.99492383
2013-10-08 22:00:00+00:00,672.694397,0.9830221
2013-10-08 23:00:00+00:00,190.470993,0.9761092
2013-10-09 00:00:00+00:00,144.0569,0.99658704
2013-10-09 01:00:00+00:00,149.351532,0.9897611
2013-10-09 02:00:00+00:00,150.2837677,0.9965812
2013-10-09 03:00:00+00:00,148.1829071,0.9811966
2013-10-09 04:00:00+00:00,142.6837616,0.9880342
2013-10-09 05:00:00+00:00,185.774353,0.9777778
2013-10-09 06:00:00+00:00,150.3487244,0.9897436
2013-10-09 07:00:00+00:00,171.2290649,0.9931624
2013-10-09 08:00:00+00:00,145.4931488,0.97773975
2013-10-09 09:00:00+00:00,148.422226,0.9777778
2013-10-09 10:00:00+00:00,147.2671204,0.98630136
2013-10-09 11:00:00+00:00,142.806839,0.9794872
2013-10-09 12:00:00+00:00,143.8612976,0.989726
2013-10-09 13:00:00+00:00,148.0187988,0.9880342
2013-10-09 14:00:00+00:00,147.61026,0.9897436
2013-10-09 15:00:00+00:00,139.3184967,0.99657536
2013-10-09 16:00:00+00:00,158.7453003,0.9880342
2013-10-09 17:00:00+00:00,501.501709,146.52136
2013-10-09 18:00:00+00:00,605.3924561,186.63823
2013-10-09 19:00:00+00:00,1300.480469,160.75424
2013-10-09 20:00:00+00:00,782.5792236,1
2013-10-09 21:00:00+00:00,268.0582275,0.99486303
2013-10-09 22:00:00+00:00,218.9828796,0.989726
2013-10-09 23:00:00+00:00,145.0719147,0.99486303
2013-10-10 00:00:00+00:00,151.3321991,0.98630136
2013-10-10 01:00:00+00:00,152.0994873,0.98284733
2013-10-10 02:00:00+00:00,144.3773651,0.9862779
2013-10-10 03:00:00+00:00,148.8679199,0.9948542
2013-10-10 04:00:00+00:00,191.9656982,0.9759863
2013-10-10 05:00:00+00:00,141.9155884,0.9870968