index,power_watts
2013-02-17 16:00:00+00:00,250.92539978027344
2013-02-17 17:00:00+00:00,633.7852172851562
2013-02-17 18:00:00+00:00,556.0980224609375
2013-02-17 19:00:00+00:00,719.8467407226562
2013-02-17 20:00:00+00:00,634.17138671875
2013-02-17 21:00:00+00:00,437.9407653808594
2013-02-17 22:00:00+00:00,300.9034118652344
2013-02-17 23:00:00+00:00,271.1785583496094
2013-02-18 00:00:00+00:00,234.5114288330078
2013-02-18 01:00:00+00:00,240.5271453857422
2013-02-18 02:00:00+00:00,272.8216247558594
2013-02-18 03:00:00+00:00,235.91375732421875
2013-02-18 04:00:00+00:00,242.11151123046875
2013-02-18 05:00:00+00:00,272.6767883300781
2013-02-18 06:00:00+00:00,260.50994873046875
2013-02-18 07:00:00+00:00,654.0450439453125
2013-02-18 08:00:00+00:00,504.93896484375
2013-02-18 09:00:00+00:00,397.9387512207031
2013-02-18 10:00:00+00:00,429.53070068359375
2013-02-18 11:00:00+00:00,582.023193359375
2013-02-18 12:00:00+00:00,714.842529296875
2013-02-18 13:00:00+00:00,1514.2880859375
2013-02-18 14:00:00+00:00,782.8167724609375
2013-02-18 15:00:00+00:00,298.9076232910156
2013-02-18 16:00:00+00:00,271.1502685546875
2013-02-18 17:00:00+00:00,1267.47412109375
2013-02-18 18:00:00+00:00,1098.681884765625
2013-02-18 19:00:00+00:00,616.0657348632812
2013-02-18 20:00:00+00:00,453.9338073730469
2013-02-18 21:00:00+00:00,828.2887573242188
2013-02-18 22:00:00+00:00,957.5858154296875
2013-02-18 23:00:00+00:00,299.1917419433594
2013-02-19 00:00:00+00:00,314.4112243652344
2013-02-19 01:00:00+00:00,263.72857666015625
2013-02-19 02:00:00+00:00,280.5454406738281
2013-02-19 03:00:00+00:00,290.2882995605469
2013-02-19 04:00:00+00:00,277.66485595703125
2013-02-19 05:00:00+00:00,255.36691284179688
2013-02-19 06:00:00+00:00,285.5260314941406
2013-02-19 07:00:00+00:00,472.4681091308594
2013-02-19 08:00:00+00:00,650.6343994140625
2013-02-19 09:00:00+00:00,375.3558654785156
2013-02-19 10:00:00+00:00,388.5469055175781
2013-02-19 11:00:00+00:00,448.0625
2013-02-19 12:00:00+00:00,671.274169921875
2013-02-19 13:00:00+00:00,391.4585876464844
2013-02-19 14:00:00+00:00,464.4961853027344
2013-02-19 15:00:00+00:00,332.7295227050781
2013-02-19 16:00:00+00:00,366.3883972167969
2013-02-19 17:00:00+00:00,523.4801635742188
2013-02-19 18:00:00+00:00,980.8637084960938
2013-02-19 19:00:00+00:00,563.7910766601562
2013-02-19 20:00:00+00:00,529.0018310546875
2013-02-19 21:00:00+00:00,653.4156494140625
2013-02-19 22:00:00+00:00,246.62611389160156
2013-02-19 23:00:00+00:00,252.34103393554688
2013-02-20 00:00:00+00:00,257.2287902832031
2013-02-20 01:00:00+00:00,291.91241455078125
2013-02-20 02:00:00+00:00,239.95767211914062
2013-02-20 03:00:00+00:00,276.79779052734375
2013-02-20 04:00:00+00:00,251.54107666015625
2013-02-20 05:00:00+00:00,297.3786315917969
2013-02-20 06:00:00+00:00,279.73370361328125
2013-02-20 07:00:00+00:00,362.16546630859375
2013-02-20 08:00:00+00:00,534.841064453125
2013-02-20 09:00:00+00:00,420.135498046875
2013-02-20 10:00:00+00:00,0.0
2013-02-20 11:00:00+00:00,414.4052429199219
2013-02-20 12:00:00+00:00,875.7789306640625
2013-02-20 13:00:00+00:00,462.9422302246094
2013-02-20 14:00:00+00:00,316.44586181640625
2013-02-20 15:00:00+00:00,210.96435546875
2013-02-20 16:00:00+00:00,500.4363708496094
2013-02-20 17:00:00+00:00,553.1790771484375
2013-02-20 18:00:00+00:00,479.41455078125
2013-02-20 19:00:00+00:00,1152.0986328125
2013-02-20 20:00:00+00:00,918.1634521484375
2013-02-20 21:00:00+00:00,522.6145629882812
2013-02-20 22:00:00+00:00,369.77679443359375
2013-02-20 23:00:00+00:00,291.3747863769531
2013-02-21 00:00:00+00:00,270.025146484375
2013-02-21 01:00:00+00:00,274.40924072265625
2013-02-21 02:00:00+00:00,250.48638916015625
2013-02-21 03:00:00+00:00,241.589599609375
2013-02-21 04:00:00+00:00,271.711181640625
2013-02-21 05:00:00+00:00,250.38111877441406
2013-02-21 06:00:00+00:00,275.450439453125
2013-02-21 07:00:00+00:00,313.0145263671875
2013-02-21 08:00:00+00:00,726.231201171875
2013-02-21 09:00:00+00:00,445.94354248046875
2013-02-21 10:00:00+00:00,307.08392333984375
2013-02-21 11:00:00+00:00,440.19097900390625
2013-02-21 12:00:00+00:00,419.19927978515625
2013-02-21 13:00:00+00:00,379.0018310546875
2013-02-21 14:00:00+00:00,901.6328125
2013-02-21 15:00:00+00:00,933.265869140625
2013-02-21 16:00:00+00:00,535.5276489257812
2013-02-21 17:00:00+00:00,592.1978149414062
2013-02-21 18:00:00+00:00,533.3162841796875
2013-02-21 19:00:00+00:00,707.198486328125
2013-02-21 20:00:00+00:00,729.2553100585938
2013-02-21 21:00:00+00:00,846.5882568359375
2013-02-21 22:00:00+00:00,1092.989013671875
2013-02-21 23:00:00+00:00,234.41546630859375
2013-02-22 00:00:00+00:00,201.2513427734375
2013-02-22 01:00:00+00:00,233.16937255859375
2013-02-22 02:00:00+00:00,193.33993530273438
2013-02-22 03:00:00+00:00,203.7867431640625
2013-02-22 04:00:00+00:00,200.65953063964844
2013-02-22 05:00:00+00:00,200.51699829101562
2013-02-22 06:00:00+00:00,194.67266845703125
2013-02-22 07:00:00+00:00,229.4432373046875
2013-02-22 08:00:00+00:00,463.1329650878906
2013-02-22 09:00:00+00:00,516.5711669921875
2013-02-22 10:00:00+00:00,253.13417053222656
2013-02-22 11:00:00+00:00,333.6184387207031
2013-02-22 12:00:00+00:00,611.4163818359375
2013-02-22 13:00:00+00:00,992.3905029296875
2013-02-22 14:00:00+00:00,326.2481994628906
2013-02-22 15:00:00+00:00,248.1099090576172
2013-02-22 16:00:00+00:00,1282.666015625
2013-02-22 17:00:00+00:00,824.0059204101562
2013-02-22 18:00:00+00:00,488.0145568847656
2013-02-22 19:00:00+00:00,444.0516052246094
2013-02-22 20:00:00+00:00,512.269287109375
2013-02-22 21:00:00+00:00,444.49554443359375
2013-02-22 22:00:00+00:00,274.8892822265625
2013-02-22 23:00:00+00:00,233.7486572265625
2013-02-23 00:00:00+00:00,208.44384765625
2013-02-23 01:00:00+00:00,202.19314575195312
2013-02-23 02:00:00+00:00,226.80465698242188
2013-02-23 03:00:00+00:00,188.30630493164062
2013-02-23 04:00:00+00:00,208.80755615234375
2013-02-23 05:00:00+00:00,209.72579956054688
2013-02-23 06:00:00+00:00,314.8443298339844
2013-02-23 07:00:00+00:00,211.9819793701172
2013-02-23 08:00:00+00:00,343.1154479980469
2013-02-23 09:00:00+00:00,618.43994140625
2013-02-23 10:00:00+00:00,806.8417358398438
2013-02-23 11:00:00+00:00,343.34112548828125
2013-02-23 12:00:00+00:00,370.2332763671875
2013-02-23 13:00:00+00:00,508.3130798339844
2013-02-23 14:00:00+00:00,403.5798034667969
2013-02-23 15:00:00+00:00,278.8640441894531
2013-02-23 16:00:00+00:00,227.7353515625
2013-02-23 17:00:00+00:00,401.5931396484375
2013-02-23 18:00:00+00:00,504.23284912109375
2013-02-23 19:00:00+00:00,723.372314453125
2013-02-23 20:00:00+00:00,956.089599609375
2013-02-23 21:00:00+00:00,487.0404357910156
2013-02-23 22:00:00+00:00,380.02655029296875
2013-02-23 23:00:00+00:00,247.72352600097656
2013-02-24 00:00:00+00:00,242.92294311523438
2013-02-24 01:00:00+00:00,209.3369140625
2013-02-24 02:00:00+00:00,240.13096618652344
2013-02-24 03:00:00+00:00,225.4412841796875
2013-02-24 04:00:00+00:00,207.58436584472656
2013-02-24 05:00:00+00:00,259.0500793457031
2013-02-24 06:00:00+00:00,230.66128540039062
2013-02-24 07:00:00+00:00,243.5989227294922
2013-02-24 08:00:00+00:00,299.0609436035156
2013-02-24 09:00:00+00:00,589.1334838867188
2013-02-24 10:00:00+00:00,1551.6630859375
2013-02-24 11:00:00+00:00,380.77215576171875
2013-02-24 12:00:00+00:00,537.9324951171875
2013-02-24 13:00:00+00:00,1673.5767822265625
2013-02-24 14:00:00+00:00,1200.7947998046875
2013-02-24 15:00:00+00:00,221.07473754882812
2013-02-24 16:00:00+00:00,197.36524963378906
2013-02-24 17:00:00+00:00,564.49072265625
2013-02-24 18:00:00+00:00,465.25091552734375
2013-02-24 19:00:00+00:00,541.2306518554688
2013-02-24 20:00:00+00:00,611.7758178710938
2013-02-24 21:00:00+00:00,401.5711669921875
2013-02-24 22:00:00+00:00,228.71759033203125
2013-02-24 23:00:00+00:00,208.42495727539062
2013-02-25 00:00:00+00:00,242.0448760986328
2013-02-25 01:00:00+00:00,238.73599243164062
2013-02-25 02:00:00+00:00,290.1234436035156
2013-02-25 03:00:00+00:00,246.4365997314453
2013-02-25 04:00:00+00:00,250.12820434570312
2013-02-25 05:00:00+00:00,250.73524475097656
2013-02-25 06:00:00+00:00,255.6186981201172
2013-02-25 07:00:00+00:00,666.2932739257812
2013-02-25 08:00:00+00:00,527.2345581054688
2013-02-25 09:00:00+00:00,422.0958557128906
2013-02-25 10:00:00+00:00,367.7044677734375
2013-02-25 11:00:00+00:00,629.720947265625
2013-02-25 12:00:00+00:00,1125.9525146484375
2013-02-25 13:00:00+00:00,805.5438232421875
2013-02-25 14:00:00+00:00,290.18426513671875
2013-02-25 15:00:00+00:00,212.76881408691406
2013-02-25 16:00:00+00:00,245.30630493164062
2013-02-25 17:00:00+00:00,560.834228515625
2013-02-25 18:00:00+00:00,744.0986938476562
2013-02-25 19:00:00+00:00,394.7894592285156
2013-02-25 20:00:00+00:00,557.2586669921875
2013-02-25 21:00:00+00:00,460.06787109375
2013-02-25 22:00:00+00:00,389.8108215332031
2013-02-25 23:00:00+00:00,415.3967590332031
2013-02-26 00:00:00+00:00,242.1528778076172
2013-02-26 01:00:00+00:00,252.089599609375
2013-02-26 02:00:00+00:00,193.27061462402344
2013-02-26 03:00:00+00:00,172.09925842285156
2013-02-26 04:00:00+00:00,188.65309143066406
2013-02-26 05:00:00+00:00,205.107666015625
2013-02-26 06:00:00+00:00,191.5418243408203
2013-02-26 07:00:00+00:00,311.9710693359375
2013-02-26 08:00:00+00:00,608.1795043945312
2013-02-26 09:00:00+00:00,357.1469421386719
2013-02-26 10:00:00+00:00,413.6805114746094
2013-02-26 11:00:00+00:00,332.5511779785156
2013-02-26 12:00:00+00:00,365.5949401855469
2013-02-26 13:00:00+00:00,378.0760803222656
2013-02-26 14:00:00+00:00,442.985107421875
2013-02-26 15:00:00+00:00,458.40960693359375
2013-02-26 16:00:00+00:00,460.2294921875
2013-02-26 17:00:00+00:00,983.7137451171875
2013-02-26 18:00:00+00:00,939.521484375
2013-02-26 19:00:00+00:00,683.8228149414062
2013-02-26 20:00:00+00:00,553.7576904296875
2013-02-26 21:00:00+00:00,498.3689880371094
2013-02-26 22:00:00+00:00,441.7713317871094
2013-02-26 23:00:00+00:00,343.2987365722656
2013-02-27 00:00:00+00:00,312.73883056640625
2013-02-27 01:00:00+00:00,357.17919921875
2013-02-27 02:00:00+00:00,310.77935791015625
2013-02-27 03:00:00+00:00,315.0107116699219
2013-02-27 04:00:00+00:00,309.92279052734375
2013-02-27 05:00:00+00:00,313.17059326171875
2013-02-27 06:00:00+00:00,329.5555419921875
2013-02-27 07:00:00+00:00,574.5127563476562
2013-02-27 08:00:00+00:00,686.216064453125
2013-02-27 09:00:00+00:00,413.1418151855469
2013-02-27 10:00:00+00:00,403.1532897949219
2013-02-27 11:00:00+00:00,485.2926940917969
2013-02-27 12:00:00+00:00,518.1561279296875
2013-02-27 13:00:00+00:00,1456.0858154296875
2013-02-27 14:00:00+00:00,814.1538696289062
2013-02-27 15:00:00+00:00,501.3902587890625
2013-02-27 16:00:00+00:00,421.843994140625
2013-02-27 17:00:00+00:00,848.9611206054688
2013-02-27 18:00:00+00:00,1464.4537353515625
2013-02-27 19:00:00+00:00,1001.81640625
2013-02-27 20:00:00+00:00,633.3321533203125
2013-02-27 21:00:00+00:00,512.9408569335938
2013-02-27 22:00:00+00:00,538.7189331054688
2013-02-27 23:00:00+00:00,363.8669128417969
2013-02-28 00:00:00+00:00,338.94085693359375
2013-02-28 01:00:00+00:00,399.94708251953125
2013-02-28 02:00:00+00:00,338.5551452636719
2013-02-28 03:00:00+00:00,353.49371337890625
2013-02-28 04:00:00+00:00,349.6265869140625
2013-02-28 05:00:00+00:00,388.1492919921875
2013-02-28 06:00:00+00:00,347.21661376953125
2013-02-28 07:00:00+00:00,701.3575439453125
2013-02-28 08:00:00+00:00,499.4909362792969
2013-02-28 09:00:00+00:00,341.1630859375
2013-02-28 10:00:00+00:00,383.5008850097656
2013-02-28 11:00:00+00:00,395.5161437988281
2013-02-28 12:00:00+00:00,361.14971923828125
2013-02-28 13:00:00+00:00,594.6764526367188
2013-02-28 14:00:00+00:00,581.7490844726562
2013-02-28 15:00:00+00:00,421.26190185546875
2013-02-28 16:00:00+00:00,344.7403259277344
2013-02-28 17:00:00+00:00,593.2559814453125
2013-02-28 18:00:00+00:00,513.8135986328125
2013-02-28 19:00:00+00:00,467.2087097167969
2013-02-28 20:00:00+00:00,1286.4267578125
2013-02-28 21:00:00+00:00,504.278564453125
2013-02-28 22:00:00+00:00,381.48541259765625
2013-02-28 23:00:00+00:00,204.6125030517578
2013-03-01 00:00:00+00:00,178.67144775390625
2013-03-01 01:00:00+00:00,172.0928497314453
2013-03-01 02:00:00+00:00,194.22361755371094
2013-03-01 03:00:00+00:00,160.64706420898438
2013-03-01 04:00:00+00:00,154.15135192871094
2013-03-01 05:00:00+00:00,199.16757202148438
2013-03-01 06:00:00+00:00,173.1459503173828
2013-03-01 07:00:00+00:00,195.99098205566406
2013-03-01 08:00:00+00:00,920.8221435546875
2013-03-01 09:00:00+00:00,227.07168579101562
2013-03-01 10:00:00+00:00,243.2078094482422
2013-03-01 11:00:00+00:00,226.02867126464844
2013-03-01 12:00:00+00:00,479.5883483886719
2013-03-01 13:00:00+00:00,582.58642578125
2013-03-01 14:00:00+00:00,431.0248107910156
2013-03-01 15:00:00+00:00,287.1853942871094
2013-03-01 16:00:00+00:00,215.26963806152344
2013-03-01 17:00:00+00:00,713.4078979492188
2013-03-01 18:00:00+00:00,1014.0957641601562
2013-03-01 19:00:00+00:00,297.8204650878906
2013-03-01 20:00:00+00:00,367.36737060546875
2013-03-01 21:00:00+00:00,369.4883728027344
2013-03-01 22:00:00+00:00,301.68182373046875
2013-03-01 23:00:00+00:00,183.77777099609375
2013-03-02 00:00:00+00:00,164.98220825195312
2013-03-02 01:00:00+00:00,248.8754425048828
2013-03-02 02:00:00+00:00,199.70870971679688
2013-03-02 03:00:00+00:00,177.56988525390625
2013-03-02 04:00:00+00:00,155.06260681152344
2013-03-02 05:00:00+00:00,197.1346435546875
2013-03-02 06:00:00+00:00,181.88351440429688
2013-03-02 07:00:00+00:00,337.11614990234375
2013-03-02 08:00:00+00:00,467.656982421875
2013-03-02 09:00:00+00:00,1127.87158203125
2013-03-02 10:00:00+00:00,635.972900390625
2013-03-02 11:00:00+00:00,289.5643005371094
2013-03-02 12:00:00+00:00,440.9003601074219
2013-03-02 13:00:00+00:00,268.7763977050781
2013-03-02 14:00:00+00:00,462.1335754394531
2013-03-02 15:00:00+00:00,336.3327331542969
2013-03-02 16:00:00+00:00,219.096435546875
2013-03-02 17:00:00+00:00,396.49462890625
2013-03-02 18:00:00+00:00,557.3720703125
2013-03-02 19:00:00+00:00,347.4046325683594
2013-03-02 20:00:00+00:00,559.51513671875
2013-03-02 21:00:00+00:00,549.579833984375
2013-03-02 22:00:00+00:00,375.42987060546875
2013-03-02 23:00:00+00:00,801.7171020507812
2013-03-03 00:00:00+00:00,828.8309936523438
2013-03-03 01:00:00+00:00,292.7196350097656
2013-03-03 02:00:00+00:00,227.2035675048828
2013-03-03 03:00:00+00:00,151.2540283203125
2013-03-03 04:00:00+00:00,185.08021545410156
2013-03-03 05:00:00+00:00,207.2976837158203
2013-03-03 06:00:00+00:00,179.22482299804688
2013-03-03 07:00:00+00:00,373.5762939453125
2013-03-03 08:00:00+00:00,307.66009521484375
2013-03-03 09:00:00+00:00,253.98565673828125
2013-03-03 10:00:00+00:00,323.49371337890625
2013-03-03 11:00:00+00:00,391.8018493652344
2013-03-03 12:00:00+00:00,252.8312225341797
2013-03-03 13:00:00+00:00,204.2803497314453
2013-03-03 14:00:00+00:00,251.52650451660156
2013-03-03 15:00:00+00:00,232.57876586914062
2013-03-03 16:00:00+00:00,204.45892333984375
2013-03-03 17:00:00+00:00,181.23226928710938
2013-03-03 18:00:00+00:00,206.68345642089844
2013-03-03 19:00:00+00:00,941.6549682617188
2013-03-03 20:00:00+00:00,1593.3538818359375
2013-03-03 21:00:00+00:00,883.1885986328125
2013-03-03 22:00:00+00:00,241.0179901123047
2013-03-03 23:00:00+00:00,157.1207275390625
2013-03-04 00:00:00+00:00,175.84657287597656
2013-03-04 01:00:00+00:00,174.02540588378906
2013-03-04 02:00:00+00:00,153.7613067626953
2013-03-04 03:00:00+00:00,170.41726684570312
2013-03-04 04:00:00+00:00,172.21005249023438
2013-03-04 05:00:00+00:00,153.44000244140625
2013-03-04 06:00:00+00:00,201.71453857421875
2013-03-04 07:00:00+00:00,797.3948364257812
2013-03-04 08:00:00+00:00,167.2427520751953
2013-03-04 09:00:00+00:00,180.4955291748047
2013-03-04 10:00:00+00:00,218.7567596435547
2013-03-04 11:00:00+00:00,291.7166442871094
2013-03-04 12:00:00+00:00,223.9237823486328
2013-03-04 13:00:00+00:00,199.7495574951172
2013-03-04 14:00:00+00:00,302.5863342285156
2013-03-04 15:00:00+00:00,167.00537109375
2013-03-04 16:00:00+00:00,201.2633514404297
2013-03-04 17:00:00+00:00,655.2307739257812
2013-03-04 18:00:00+00:00,522.0072021484375
2013-03-04 19:00:00+00:00,252.2903289794922
2013-03-04 20:00:00+00:00,201.57066345214844
2013-03-04 21:00:00+00:00,359.0284118652344
2013-03-04 22:00:00+00:00,368.95849609375
2013-03-04 23:00:00+00:00,201.03977966308594
2013-03-05 00:00:00+00:00,186.94595336914062
2013-03-05 01:00:00+00:00,202.9388427734375
2013-03-05 02:00:00+00:00,162.06939697265625
2013-03-05 03:00:00+00:00,137.4547119140625
2013-03-05 04:00:00+00:00,168.29910278320312
2013-03-05 05:00:00+00:00,136.94564819335938
2013-03-05 06:00:00+00:00,177.47216796875
2013-03-05 07:00:00+00:00,746.2431640625
2013-03-05 08:00:00+00:00,194.8759002685547
2013-03-05 09:00:00+00:00,174.42959594726562
2013-03-05 10:00:00+00:00,210.35984802246094
2013-03-05 11:00:00+00:00,213.32327270507812
2013-03-05 12:00:00+00:00,208.61676025390625
2013-03-05 13:00:00+00:00,168.84991455078125
2013-03-05 14:00:00+00:00,175.79286193847656
2013-03-05 15:00:00+00:00,208.68165588378906
2013-03-05 16:00:00+00:00,241.10536193847656
2013-03-05 17:00:00+00:00,623.0089111328125
2013-03-05 18:00:00+00:00,672.15576171875
2013-03-05 19:00:00+00:00,211.69580078125
2013-03-05 20:00:00+00:00,445.96282958984375
2013-03-05 21:00:00+00:00,673.2455444335938
2013-03-05 22:00:00+00:00,497.5688781738281
2013-03-05 23:00:00+00:00,172.94839477539062
2013-03-06 00:00:00+00:00,212.66058349609375
2013-03-06 01:00:00+00:00,156.0978240966797
2013-03-06 02:00:00+00:00,150.4517822265625
2013-03-06 03:00:00+00:00,186.59677124023438
2013-03-06 04:00:00+00:00,168.5152587890625
2013-03-06 05:00:00+00:00,156.93310546875
2013-03-06 06:00:00+00:00,186.7838897705078
2013-03-06 07:00:00+00:00,192.43214416503906
2013-03-06 08:00:00+00:00,782.5407104492188
2013-03-06 09:00:00+00:00,1515.5269775390625
2013-03-06 10:00:00+00:00,999.5116577148438
2013-03-06 11:00:00+00:00,378.83392333984375
2013-03-06 12:00:00+00:00,573.8818359375
2013-03-06 13:00:00+00:00,228.47935485839844
2013-03-06 14:00:00+00:00,163.90586853027344
2013-03-06 15:00:00+00:00,166.9625701904297
2013-03-06 16:00:00+00:00,166.33978271484375
2013-03-06 17:00:00+00:00,548.5133666992188
2013-03-06 18:00:00+00:00,563.6569213867188
2013-03-06 19:00:00+00:00,235.7626495361328
2013-03-06 20:00:00+00:00,382.5381774902344
2013-03-06 21:00:00+00:00,316.6138916015625
2013-03-06 22:00:00+00:00,451.6876220703125
2013-03-06 23:00:00+00:00,144.69216918945312
2013-03-07 00:00:00+00:00,164.89222717285156
2013-03-07 01:00:00+00:00,152.56703186035156
2013-03-07 02:00:00+00:00,142.102294921875
2013-03-07 03:00:00+00:00,163.95936584472656
2013-03-07 04:00:00+00:00,152.59259033203125
2013-03-07 05:00:00+00:00,141.1023712158203
2013-03-07 06:00:00+00:00,323.511474609375
2013-03-07 07:00:00+00:00,588.60302734375
2013-03-07 08:00:00+00:00,258.4460144042969
2013-03-07 09:00:00+00:00,193.969970703125
2013-03-07 10:00:00+00:00,193.7259979248047
2013-03-07 11:00:00+00:00,350.6594543457031
2013-03-07 12:00:00+00:00,332.3238830566406
2013-03-07 13:00:00+00:00,1482.5748291015625
2013-03-07 14:00:00+00:00,359.4704895019531
2013-03-07 15:00:00+00:00,226.60777282714844
2013-03-07 16:00:00+00:00,228.971435546875
2013-03-07 17:00:00+00:00,386.07733154296875
2013-03-07 18:00:00+00:00,573.375
2013-03-07 19:00:00+00:00,729.4490966796875
2013-03-07 20:00:00+00:00,798.4120483398438
2013-03-07 21:00:00+00:00,431.2994689941406
2013-03-07 22:00:00+00:00,296.534423828125
2013-03-07 23:00:00+00:00,206.10052490234375
2013-03-08 00:00:00+00:00,154.96194458007812
2013-03-08 01:00:00+00:00,169.8631591796875
2013-03-08 02:00:00+00:00,182.7228240966797
2013-03-08 03:00:00+00:00,189.52166748046875
2013-03-08 04:00:00+00:00,169.20640563964844
2013-03-08 05:00:00+00:00,165.9575958251953
2013-03-08 06:00:00+00:00,292.6967468261719
2013-03-08 07:00:00+00:00,918.4564208984375
2013-03-08 08:00:00+00:00,267.7300109863281
2013-03-08 09:00:00+00:00,398.88946533203125
2013-03-08 10:00:00+00:00,186.37261962890625
2013-03-08 11:00:00+00:00,193.71701049804688
2013-03-08 12:00:00+00:00,441.8521728515625
2013-03-08 13:00:00+00:00,437.6863098144531
2013-03-08 14:00:00+00:00,190.10858154296875
2013-03-08 15:00:00+00:00,162.23841857910156
2013-03-08 16:00:00+00:00,338.66436767578125
2013-03-08 17:00:00+00:00,746.8807983398438
2013-03-08 18:00:00+00:00,740.4821166992188
2013-03-08 19:00:00+00:00,218.7362060546875
2013-03-08 20:00:00+00:00,266.2829895019531
2013-03-08 21:00:00+00:00,1215.0546875
2013-03-08 22:00:00+00:00,445.50738525390625
2013-03-08 23:00:00+00:00,160.14659118652344
2013-03-09 00:00:00+00:00,156.88475036621094
2013-03-09 01:00:00+00:00,158.70018005371094
2013-03-09 02:00:00+00:00,155.567138671875
2013-03-09 03:00:00+00:00,155.58070373535156
2013-03-09 04:00:00+00:00,174.78321838378906
2013-03-09 05:00:00+00:00,148.70950317382812
2013-03-09 06:00:00+00:00,178.25364685058594
2013-03-09 07:00:00+00:00,629.3562622070312
2013-03-09 08:00:00+00:00,285.9523010253906
2013-03-09 09:00:00+00:00,221.13356018066406
2013-03-09 10:00:00+00:00,204.5264129638672
2013-03-09 11:00:00+00:00,210.50262451171875
2013-03-09 12:00:00+00:00,198.89511108398438
2013-03-09 13:00:00+00:00,200.3409423828125
2013-03-09 14:00:00+00:00,209.82691955566406
2013-03-09 15:00:00+00:00,197.43531799316406
2013-03-09 16:00:00+00:00,236.55262756347656
2013-03-09 17:00:00+00:00,208.33975219726562
2013-03-09 18:00:00+00:00,209.6017608642578
2013-03-09 19:00:00+00:00,297.09027099609375
2013-03-09 20:00:00+00:00,567.585693359375
2013-03-09 21:00:00+00:00,531.3609008789062
2013-03-09 22:00:00+00:00,901.4100952148438
2013-03-09 23:00:00+00:00,908.7183227539062
2013-03-10 00:00:00+00:00,194.5142364501953
2013-03-10 01:00:00+00:00,181.14820861816406
2013-03-10 02:00:00+00:00,226.6429901123047
2013-03-10 03:00:00+00:00,198.8894805908203
2013-03-10 04:00:00+00:00,204.21302795410156
2013-03-10 05:00:00+00:00,425.056640625
2013-03-10 06:00:00+00:00,372.3462219238281
2013-03-10 07:00:00+00:00,238.4971923828125
2013-03-10 08:00:00+00:00,0.0
2013-03-10 09:00:00+00:00,0.0
2013-03-10 10:00:00+00:00,0.0
2013-03-10 11:00:00+00:00,0.0
2013-03-10 12:00:00+00:00,0.0
2013-03-10 13:00:00+00:00,0.0
2013-03-10 14:00:00+00:00,0.0
2013-03-10 15:00:00+00:00,0.0
2013-03-10 16:00:00+00:00,0.0
2013-03-10 17:00:00+00:00,0.0
2013-03-10 18:00:00+00:00,0.0
2013-03-10 19:00:00+00:00,0.0
2013-03-10 20:00:00+00:00,0.0
2013-03-10 21:00:00+00:00,0.0
2013-03-10 22:00:00+00:00,0.0
2013-03-10 23:00:00+00:00,0.0
2013-03-11 00:00:00+00:00,0.0
2013-03-11 01:00:00+00:00,0.0
2013-03-11 02:00:00+00:00,0.0
2013-03-11 03:00:00+00:00,0.0
2013-03-11 04:00:00+00:00,0.0
2013-03-11 05:00:00+00:00,0.0
2013-03-11 06:00:00+00:00,0.0
2013-03-11 07:00:00+00:00,0.0
2013-03-11 08:00:00+00:00,0.0
2013-03-11 09:00:00+00:00,0.0
2013-03-11 10:00:00+00:00,572.0642700195312
2013-03-11 11:00:00+00:00,352.7352294921875
2013-03-11 12:00:00+00:00,301.3399353027344
2013-03-11 13:00:00+00:00,462.202880859375
2013-03-11 14:00:00+00:00,364.6678771972656
2013-03-11 15:00:00+00:00,225.97872924804688
2013-03-11 16:00:00+00:00,322.7491149902344
2013-03-11 17:00:00+00:00,543.6785888671875
2013-03-11 18:00:00+00:00,460.5691223144531
2013-03-11 19:00:00+00:00,311.5044860839844
2013-03-11 20:00:00+00:00,279.2007141113281
2013-03-11 21:00:00+00:00,763.2567138671875
2013-03-11 22:00:00+00:00,327.8815002441406
2013-03-11 23:00:00+00:00,184.5509796142578
2013-03-12 00:00:00+00:00,144.47227478027344
2013-03-12 01:00:00+00:00,170.0806427001953
2013-03-12 02:00:00+00:00,170.77297973632812
2013-03-12 03:00:00+00:00,155.76292419433594
2013-03-12 04:00:00+00:00,169.47311401367188
2013-03-12 05:00:00+00:00,157.2369842529297
2013-03-12 06:00:00+00:00,182.63999938964844
2013-03-12 07:00:00+00:00,787.2614135742188
2013-03-12 08:00:00+00:00,342.7477111816406
2013-03-12 09:00:00+00:00,428.6136474609375
2013-03-12 10:00:00+00:00,233.0
2013-03-12 11:00:00+00:00,441.1000061035156
2013-03-12 12:00:00+00:00,871.3137817382812
2013-03-12 13:00:00+00:00,1821.59375
2013-03-12 14:00:00+00:00,599.8367919921875
2013-03-12 15:00:00+00:00,283.7032470703125
2013-03-12 16:00:00+00:00,274.2359924316406
2013-03-12 17:00:00+00:00,666.1206665039062
2013-03-12 18:00:00+00:00,530.2398071289062
2013-03-12 19:00:00+00:00,284.97613525390625
2013-03-12 20:00:00+00:00,332.74957275390625
2013-03-12 21:00:00+00:00,514.657958984375
2013-03-12 22:00:00+00:00,401.6068420410156
2013-03-12 23:00:00+00:00,193.9796600341797
2013-03-13 00:00:00+00:00,153.0389862060547
2013-03-13 01:00:00+00:00,160.93887329101562
2013-03-13 02:00:00+00:00,178.46859741210938
2013-03-13 03:00:00+00:00,153.58233642578125
2013-03-13 04:00:00+00:00,232.9727020263672
2013-03-13 05:00:00+00:00,187.21768188476562
2013-03-13 06:00:00+00:00,225.5595245361328
2013-03-13 07:00:00+00:00,428.6637268066406
2013-03-13 08:00:00+00:00,468.6139221191406
2013-03-13 09:00:00+00:00,258.6349792480469
2013-03-13 10:00:00+00:00,224.768310546875
2013-03-13 11:00:00+00:00,1276.599609375
2013-03-13 12:00:00+00:00,386.1202087402344
2013-03-13 13:00:00+00:00,222.99661254882812
2013-03-13 14:00:00+00:00,367.5743713378906
2013-03-13 15:00:00+00:00,235.83079528808594
2013-03-13 16:00:00+00:00,228.9729766845703
2013-03-13 17:00:00+00:00,426.45440673828125
2013-03-13 18:00:00+00:00,531.4490966796875
2013-03-13 19:00:00+00:00,243.7145233154297
2013-03-13 20:00:00+00:00,538.4356689453125
2013-03-13 21:00:00+00:00,670.7110595703125
2013-03-13 22:00:00+00:00,445.10980224609375
2013-03-13 23:00:00+00:00,740.7177124023438
2013-03-14 00:00:00+00:00,839.3603515625
2013-03-14 01:00:00+00:00,181.9441680908203
2013-03-14 02:00:00+00:00,206.0355987548828
2013-03-14 03:00:00+00:00,229.82571411132812
2013-03-14 04:00:00+00:00,190.66949462890625
2013-03-14 05:00:00+00:00,372.6661071777344
2013-03-14 06:00:00+00:00,397.2410888671875
2013-03-14 07:00:00+00:00,180.5126953125
2013-03-14 08:00:00+00:00,426.7577209472656
2013-03-14 09:00:00+00:00,238.95513916015625
2013-03-14 10:00:00+00:00,270.2083435058594
2013-03-14 11:00:00+00:00,235.74493408203125
2013-03-14 12:00:00+00:00,539.84521484375
2013-03-14 13:00:00+00:00,398.9239807128906
2013-03-14 14:00:00+00:00,186.20370483398438
2013-03-14 15:00:00+00:00,214.0222930908203
2013-03-14 16:00:00+00:00,229.27365112304688
2013-03-14 17:00:00+00:00,657.228515625
2013-03-14 18:00:00+00:00,529.8511352539062
2013-03-14 19:00:00+00:00,244.4575958251953
2013-03-14 20:00:00+00:00,476.5919494628906
2013-03-14 21:00:00+00:00,451.9210205078125
2013-03-14 22:00:00+00:00,346.29412841796875
2013-03-14 23:00:00+00:00,196.29005432128906
2013-03-15 00:00:00+00:00,223.92929077148438
2013-03-15 01:00:00+00:00,206.42689514160156
2013-03-15 02:00:00+00:00,217.12478637695312
2013-03-15 03:00:00+00:00,186.22727966308594
2013-03-15 04:00:00+00:00,223.18212890625
2013-03-15 05:00:00+00:00,179.8853302001953
2013-03-15 06:00:00+00:00,208.7757110595703
2013-03-15 07:00:00+00:00,301.4256286621094
2013-03-15 08:00:00+00:00,482.62371826171875
2013-03-15 09:00:00+00:00,227.4730682373047
2013-03-15 10:00:00+00:00,303.27197265625
2013-03-15 11:00:00+00:00,508.9056091308594
2013-03-15 12:00:00+00:00,314.0168151855469
2013-03-15 13:00:00+00:00,218.15577697753906
2013-03-15 14:00:00+00:00,195.3355712890625
2013-03-15 15:00:00+00:00,218.82412719726562
2013-03-15 16:00:00+00:00,221.8459014892578
2013-03-15 17:00:00+00:00,642.26220703125
2013-03-15 18:00:00+00:00,677.7958984375
2013-03-15 19:00:00+00:00,505.5315246582031
2013-03-15 20:00:00+00:00,1191.1962890625
2013-03-15 21:00:00+00:00,1069.4130859375
2013-03-15 22:00:00+00:00,498.494873046875
2013-03-15 23:00:00+00:00,468.89691162109375
2013-03-16 00:00:00+00:00,247.9583282470703
2013-03-16 01:00:00+00:00,198.64878845214844
2013-03-16 02:00:00+00:00,186.94956970214844
2013-03-16 03:00:00+00:00,206.45645141601562
2013-03-16 04:00:00+00:00,212.847900390625
2013-03-16 05:00:00+00:00,182.5500030517578
2013-03-16 06:00:00+00:00,202.23089599609375
2013-03-16 07:00:00+00:00,268.0378723144531
2013-03-16 08:00:00+00:00,362.9964904785156
2013-03-16 09:00:00+00:00,634.3033447265625
2013-03-16 10:00:00+00:00,273.4513854980469
2013-03-16 11:00:00+00:00,384.9420166015625
2013-03-16 12:00:00+00:00,484.7303466796875
2013-03-16 13:00:00+00:00,370.6830139160156
2013-03-16 14:00:00+00:00,1386.2081298828125
2013-03-16 15:00:00+00:00,516.361083984375
2013-03-16 16:00:00+00:00,249.7747039794922
2013-03-16 17:00:00+00:00,619.0302124023438
2013-03-16 18:00:00+00:00,434.2125549316406
2013-03-16 19:00:00+00:00,360.63958740234375
2013-03-16 20:00:00+00:00,658.697021484375
2013-03-16 21:00:00+00:00,782.5133056640625
2013-03-16 22:00:00+00:00,891.7243041992188
2013-03-16 23:00:00+00:00,203.93824768066406
2013-03-17 00:00:00+00:00,210.96875
2013-03-17 01:00:00+00:00,176.017578125
2013-03-17 02:00:00+00:00,176.03103637695312
2013-03-17 03:00:00+00:00,216.11129760742188
2013-03-17 04:00:00+00:00,171.49391174316406
2013-03-17 05:00:00+00:00,216.09878540039062
2013-03-17 06:00:00+00:00,209.0785369873047
2013-03-17 07:00:00+00:00,312.8518371582031
2013-03-17 08:00:00+00:00,497.9745788574219
2013-03-17 09:00:00+00:00,333.9429931640625
2013-03-17 10:00:00+00:00,1089.9334716796875
2013-03-17 11:00:00+00:00,1917.65673828125
2013-03-17 12:00:00+00:00,498.769775390625
2013-03-17 13:00:00+00:00,1650.011474609375
2013-03-17 14:00:00+00:00,829.3001708984375
2013-03-17 15:00:00+00:00,462.9707336425781
2013-03-17 16:00:00+00:00,1504.114013671875
2013-03-17 17:00:00+00:00,716.3377075195312
2013-03-17 18:00:00+00:00,500.78277587890625
2013-03-17 19:00:00+00:00,484.8503723144531
2013-03-17 20:00:00+00:00,735.1284790039062
2013-03-17 21:00:00+00:00,432.2108154296875
2013-03-17 22:00:00+00:00,222.8137969970703
2013-03-17 23:00:00+00:00,200.19332885742188
2013-03-18 00:00:00+00:00,226.86782836914062
2013-03-18 01:00:00+00:00,202.69110107421875
2013-03-18 02:00:00+00:00,200.86724853515625
2013-03-18 03:00:00+00:00,203.83680725097656
2013-03-18 04:00:00+00:00,199.70506286621094
2013-03-18 05:00:00+00:00,186.71006774902344
2013-03-18 06:00:00+00:00,275.6556396484375
2013-03-18 07:00:00+00:00,314.49566650390625
2013-03-18 08:00:00+00:00,546.5877075195312
2013-03-18 09:00:00+00:00,266.9270935058594
2013-03-18 10:00:00+00:00,219.3082275390625
2013-03-18 11:00:00+00:00,493.5729675292969
2013-03-18 12:00:00+00:00,539.3446044921875
2013-03-18 13:00:00+00:00,232.15582275390625
2013-03-18 14:00:00+00:00,234.6792449951172
2013-03-18 15:00:00+00:00,550.5043334960938
2013-03-18 16:00:00+00:00,623.594482421875
2013-03-18 17:00:00+00:00,512.0772094726562
2013-03-18 18:00:00+00:00,705.8543701171875
2013-03-18 19:00:00+00:00,317.706298828125
2013-03-18 20:00:00+00:00,239.3916015625
2013-03-18 21:00:00+00:00,570.887939453125
2013-03-18 22:00:00+00:00,367.6221923828125
2013-03-18 23:00:00+00:00,186.1611785888672
2013-03-19 00:00:00+00:00,200.8670196533203
2013-03-19 01:00:00+00:00,222.95138549804688
2013-03-19 02:00:00+00:00,178.9844512939453
2013-03-19 03:00:00+00:00,201.06423950195312
2013-03-19 04:00:00+00:00,168.6868438720703
2013-03-19 05:00:00+00:00,187.97564697265625
2013-03-19 06:00:00+00:00,217.10435485839844
2013-03-19 07:00:00+00:00,1090.807861328125
2013-03-19 08:00:00+00:00,897.9739990234375
2013-03-19 09:00:00+00:00,546.5595092773438
2013-03-19 10:00:00+00:00,793.646728515625
2013-03-19 11:00:00+00:00,396.6848449707031
2013-03-19 12:00:00+00:00,201.97923278808594
2013-03-19 13:00:00+00:00,227.15679931640625
2013-03-19 14:00:00+00:00,406.6695556640625
2013-03-19 15:00:00+00:00,235.4366455078125
2013-03-19 16:00:00+00:00,294.37542724609375
2013-03-19 17:00:00+00:00,493.96282958984375
2013-03-19 18:00:00+00:00,803.8729858398438
2013-03-19 19:00:00+00:00,306.1478271484375
2013-03-19 20:00:00+00:00,236.07958984375
2013-03-19 21:00:00+00:00,434.103759765625
2013-03-19 22:00:00+00:00,216.9791259765625
2013-03-19 23:00:00+00:00,181.4766082763672
2013-03-20 00:00:00+00:00,206.64125061035156
2013-03-20 01:00:00+00:00,176.0456085205078
2013-03-20 02:00:00+00:00,172.2844696044922
2013-03-20 03:00:00+00:00,217.63397216796875
2013-03-20 04:00:00+00:00,171.5709228515625
2013-03-20 05:00:00+00:00,177.44947814941406
2013-03-20 06:00:00+00:00,229.80137634277344
2013-03-20 07:00:00+00:00,881.05615234375
2013-03-20 08:00:00+00:00,560.3214721679688
2013-03-20 09:00:00+00:00,384.1579895019531
2013-03-20 10:00:00+00:00,354.8057556152344
2013-03-20 11:00:00+00:00,513.2259521484375
2013-03-20 12:00:00+00:00,443.38812255859375
2013-03-20 13:00:00+00:00,221.46246337890625
2013-03-20 14:00:00+00:00,299.2162780761719
2013-03-20 15:00:00+00:00,336.7735900878906
2013-03-20 16:00:00+00:00,254.09616088867188
2013-03-20 17:00:00+00:00,421.0878601074219
2013-03-20 18:00:00+00:00,729.3549194335938
2013-03-20 19:00:00+00:00,347.82806396484375
2013-03-20 20:00:00+00:00,609.4852294921875
2013-03-20 21:00:00+00:00,570.94580078125
2013-03-20 22:00:00+00:00,500.1008605957031
2013-03-20 23:00:00+00:00,339.52447509765625
2013-03-21 00:00:00+00:00,197.7320556640625
2013-03-21 01:00:00+00:00,229.42381286621094
2013-03-21 02:00:00+00:00,207.16033935546875
2013-03-21 03:00:00+00:00,186.92373657226562
2013-03-21 04:00:00+00:00,233.80911254882812
2013-03-21 05:00:00+00:00,182.14630126953125
2013-03-21 06:00:00+00:00,217.61026000976562
2013-03-21 07:00:00+00:00,338.7922668457031
2013-03-21 08:00:00+00:00,477.5609436035156
2013-03-21 09:00:00+00:00,584.0182495117188
2013-03-21 10:00:00+00:00,389.12298583984375
2013-03-21 11:00:00+00:00,0.0
2013-03-21 12:00:00+00:00,0.0
2013-03-21 13:00:00+00:00,396.4590148925781
2013-03-21 14:00:00+00:00,1039.429443359375
2013-03-21 15:00:00+00:00,766.5363159179688
2013-03-21 16:00:00+00:00,1139.1864013671875
2013-03-21 17:00:00+00:00,740.0436401367188
2013-03-21 18:00:00+00:00,593.921875
2013-03-21 19:00:00+00:00,506.2169189453125
2013-03-21 20:00:00+00:00,678.8709106445312
2013-03-21 21:00:00+00:00,514.2547607421875
2013-03-21 22:00:00+00:00,680.090576171875
2013-03-21 23:00:00+00:00,940.8551025390625
2013-03-22 00:00:00+00:00,257.0650329589844
2013-03-22 01:00:00+00:00,284.0104675292969
2013-03-22 02:00:00+00:00,266.9776916503906
2013-03-22 03:00:00+00:00,305.5672912597656
2013-03-22 04:00:00+00:00,299.55120849609375
2013-03-22 05:00:00+00:00,271.1539611816406
2013-03-22 06:00:00+00:00,306.6283874511719
2013-03-22 07:00:00+00:00,585.1812133789062
2013-03-22 08:00:00+00:00,462.3167724609375
2013-03-22 09:00:00+00:00,554.897216796875
2013-03-22 10:00:00+00:00,414.894287109375
2013-03-22 11:00:00+00:00,477.4956359863281
2013-03-22 12:00:00+00:00,275.4527893066406
2013-03-22 13:00:00+00:00,239.3304443359375
2013-03-22 14:00:00+00:00,211.42086791992188
2013-03-22 15:00:00+00:00,258.4607238769531
2013-03-22 16:00:00+00:00,452.52752685546875
2013-03-22 17:00:00+00:00,545.583740234375
2013-03-22 18:00:00+00:00,1600.5855712890625
2013-03-22 19:00:00+00:00,591.1517333984375
2013-03-22 20:00:00+00:00,400.10552978515625
2013-03-22 21:00:00+00:00,560.8878784179688
2013-03-22 22:00:00+00:00,485.8013916015625
2013-03-22 23:00:00+00:00,309.9350891113281
2013-03-23 00:00:00+00:00,237.31707763671875
2013-03-23 01:00:00+00:00,184.98060607910156
2013-03-23 02:00:00+00:00,197.19895935058594
2013-03-23 03:00:00+00:00,191.54827880859375
2013-03-23 04:00:00+00:00,199.7873077392578
2013-03-23 05:00:00+00:00,204.56678771972656
2013-03-23 06:00:00+00:00,237.3412628173828
2013-03-23 07:00:00+00:00,422.19964599609375
2013-03-23 08:00:00+00:00,544.6942138671875
2013-03-23 09:00:00+00:00,281.1754455566406
2013-03-23 10:00:00+00:00,221.93576049804688
2013-03-23 11:00:00+00:00,265.3590087890625
2013-03-23 12:00:00+00:00,241.9683074951172
2013-03-23 13:00:00+00:00,233.60000610351562
2013-03-23 14:00:00+00:00,221.37261962890625
2013-03-23 15:00:00+00:00,242.21896362304688
2013-03-23 16:00:00+00:00,401.7789611816406
2013-03-23 17:00:00+00:00,701.8652954101562
2013-03-23 18:00:00+00:00,562.4100341796875
2013-03-23 19:00:00+00:00,1181.51025390625
2013-03-23 20:00:00+00:00,591.10107421875
2013-03-23 21:00:00+00:00,445.65728759765625
2013-03-23 22:00:00+00:00,293.7341613769531
2013-03-23 23:00:00+00:00,210.6498260498047
2013-03-24 00:00:00+00:00,227.19895935058594
2013-03-24 01:00:00+00:00,206.90188598632812
2013-03-24 02:00:00+00:00,178.73333740234375
2013-03-24 03:00:00+00:00,206.89456176757812
2013-03-24 04:00:00+00:00,181.42274475097656
2013-03-24 05:00:00+00:00,193.1336669921875
2013-03-24 06:00:00+00:00,235.63006591796875
2013-03-24 07:00:00+00:00,298.5445251464844
2013-03-24 08:00:00+00:00,488.8719787597656
2013-03-24 09:00:00+00:00,677.4006958007812
2013-03-24 10:00:00+00:00,248.84417724609375
2013-03-24 11:00:00+00:00,349.7269592285156
2013-03-24 12:00:00+00:00,804.3533325195312
2013-03-24 13:00:00+00:00,312.25390625
2013-03-24 14:00:00+00:00,1097.11328125
2013-03-24 15:00:00+00:00,724.6029052734375
2013-03-24 16:00:00+00:00,308.2733459472656
2013-03-24 17:00:00+00:00,340.3782043457031
2013-03-24 18:00:00+00:00,543.6859130859375
2013-03-24 19:00:00+00:00,453.2977600097656
2013-03-24 20:00:00+00:00,392.0445251464844
2013-03-24 21:00:00+00:00,563.1333618164062
2013-03-24 22:00:00+00:00,600.2889404296875
2013-03-24 23:00:00+00:00,842.2543334960938
2013-03-25 00:00:00+00:00,838.3460083007812
2013-03-25 01:00:00+00:00,213.4559326171875
2013-03-25 02:00:00+00:00,180.7589111328125
2013-03-25 03:00:00+00:00,173.89695739746094
2013-03-25 04:00:00+00:00,207.40809631347656
2013-03-25 05:00:00+00:00,202.21043395996094
2013-03-25 06:00:00+00:00,317.173095703125
2013-03-25 07:00:00+00:00,461.9557800292969
2013-03-25 08:00:00+00:00,565.2254638671875
2013-03-25 09:00:00+00:00,427.592529296875
2013-03-25 10:00:00+00:00,351.8818359375
2013-03-25 11:00:00+00:00,334.8512878417969
2013-03-25 12:00:00+00:00,248.3614501953125
2013-03-25 13:00:00+00:00,231.9532012939453
2013-03-25 14:00:00+00:00,218.4672393798828
2013-03-25 15:00:00+00:00,292.3506164550781
2013-03-25 16:00:00+00:00,842.140625
2013-03-25 17:00:00+00:00,650.2640991210938
2013-03-25 18:00:00+00:00,835.210693359375
2013-03-25 19:00:00+00:00,517.63427734375
2013-03-25 20:00:00+00:00,507.8431091308594
2013-03-25 21:00:00+00:00,420.171875
2013-03-25 22:00:00+00:00,651.8662109375
2013-03-25 23:00:00+00:00,185.43350219726562
2013-03-26 00:00:00+00:00,194.10671997070312
2013-03-26 01:00:00+00:00,184.09075927734375
2013-03-26 02:00:00+00:00,192.9777069091797
2013-03-26 03:00:00+00:00,185.33619689941406
2013-03-26 04:00:00+00:00,189.9778594970703
2013-03-26 05:00:00+00:00,166.03553771972656
2013-03-26 06:00:00+00:00,237.42832946777344
2013-03-26 07:00:00+00:00,966.7657470703125
2013-03-26 08:00:00+00:00,332.1658020019531
2013-03-26 09:00:00+00:00,311.5603332519531
2013-03-26 10:00:00+00:00,261.5378112792969
2013-03-26 11:00:00+00:00,451.06549072265625
2013-03-26 12:00:00+00:00,275.2706604003906
2013-03-26 13:00:00+00:00,512.9188842773438
2013-03-26 14:00:00+00:00,399.76666259765625
2013-03-26 15:00:00+00:00,1133.3248291015625
2013-03-26 16:00:00+00:00,726.0321044921875
2013-03-26 17:00:00+00:00,722.1260986328125
2013-03-26 18:00:00+00:00,760.5214233398438
2013-03-26 19:00:00+00:00,501.5843505859375
2013-03-26 20:00:00+00:00,667.891845703125
2013-03-26 21:00:00+00:00,535.2062377929688
2013-03-26 22:00:00+00:00,789.6190185546875
2013-03-26 23:00:00+00:00,789.3369140625
2013-03-27 00:00:00+00:00,407.4595031738281
2013-03-27 01:00:00+00:00,237.29930114746094
2013-03-27 02:00:00+00:00,220.81520080566406
2013-03-27 03:00:00+00:00,206.44293212890625
2013-03-27 04:00:00+00:00,218.3514404296875
2013-03-27 05:00:00+00:00,204.2796630859375
2013-03-27 06:00:00+00:00,212.0961151123047
2013-03-27 07:00:00+00:00,233.4865264892578
2013-03-27 08:00:00+00:00,540.9750366210938
2013-03-27 09:00:00+00:00,587.3641357421875
2013-03-27 10:00:00+00:00,429.2297058105469
2013-03-27 11:00:00+00:00,405.4670104980469
2013-03-27 12:00:00+00:00,410.0
2013-03-27 13:00:00+00:00,537.0338134765625
2013-03-27 14:00:00+00:00,371.974609375
2013-03-27 15:00:00+00:00,367.53765869140625
2013-03-27 16:00:00+00:00,480.35394287109375
2013-03-27 17:00:00+00:00,1268.0069580078125
2013-03-27 18:00:00+00:00,998.1073608398438
2013-03-27 19:00:00+00:00,408.3902587890625
2013-03-27 20:00:00+00:00,321.8118591308594
2013-03-27 21:00:00+00:00,352.64654541015625
2013-03-27 22:00:00+00:00,529.0
2013-03-27 23:00:00+00:00,299.37457275390625
2013-03-28 00:00:00+00:00,184.68429565429688
2013-03-28 01:00:00+00:00,194.2329864501953
2013-03-28 02:00:00+00:00,188.50341796875
2013-03-28 03:00:00+00:00,187.72080993652344
2013-03-28 04:00:00+00:00,198.8172607421875
2013-03-28 05:00:00+00:00,184.75210571289062
2013-03-28 06:00:00+00:00,201.2525177001953
2013-03-28 07:00:00+00:00,284.1346740722656
2013-03-28 08:00:00+00:00,806.778564453125
2013-03-28 09:00:00+00:00,461.0769348144531
2013-03-28 10:00:00+00:00,390.0923156738281
2013-03-28 11:00:00+00:00,444.5166320800781
2013-03-28 12:00:00+00:00,469.11358642578125
2013-03-28 13:00:00+00:00,305.7132873535156
2013-03-28 14:00:00+00:00,368.6568603515625
2013-03-28 15:00:00+00:00,483.822509765625
2013-03-28 16:00:00+00:00,512.3721313476562
2013-03-28 17:00:00+00:00,767.602783203125
2013-03-28 18:00:00+00:00,778.473876953125
2013-03-28 19:00:00+00:00,568.5925903320312
2013-03-28 20:00:00+00:00,1836.474609375
2013-03-28 21:00:00+00:00,779.1531372070312
2013-03-28 22:00:00+00:00,432.2760314941406
2013-03-28 23:00:00+00:00,286.3110656738281
2013-03-29 00:00:00+00:00,242.3834228515625
2013-03-29 01:00:00+00:00,246.01202392578125
2013-03-29 02:00:00+00:00,242.88717651367188
2013-03-29 03:00:00+00:00,243.8634796142578
2013-03-29 04:00:00+00:00,242.50852966308594
2013-03-29 05:00:00+00:00,240.01356506347656
2013-03-29 06:00:00+00:00,527.3795166015625
2013-03-29 07:00:00+00:00,431.8820495605469
2013-03-29 08:00:00+00:00,235.92904663085938
2013-03-29 09:00:00+00:00,214.9932098388672
2013-03-29 10:00:00+00:00,216.95376586914062
2013-03-29 11:00:00+00:00,218.81817626953125
2013-03-29 12:00:00+00:00,255.10902404785156
2013-03-29 13:00:00+00:00,229.43634033203125
2013-03-29 14:00:00+00:00,181.01014709472656
2013-03-29 15:00:00+00:00,206.03045654296875
2013-03-29 16:00:00+00:00,181.2148895263672
2013-03-29 17:00:00+00:00,189.24073791503906
2013-03-29 18:00:00+00:00,211.88926696777344
2013-03-29 19:00:00+00:00,239.77647399902344
2013-03-29 20:00:00+00:00,228.19798278808594
2013-03-29 21:00:00+00:00,202.3350067138672
2013-03-29 22:00:00+00:00,188.69178771972656
2013-03-29 23:00:00+00:00,179.08543395996094
2013-03-30 00:00:00+00:00,190.20469665527344
2013-03-30 01:00:00+00:00,176.3053741455078
2013-03-30 02:00:00+00:00,186.39430236816406
2013-03-30 03:00:00+00:00,227.12100219726562
2013-03-30 04:00:00+00:00,173.6178436279297
2013-03-30 05:00:00+00:00,177.74789428710938
2013-03-30 06:00:00+00:00,206.34117126464844
2013-03-30 07:00:00+00:00,231.05218505859375
2013-03-30 08:00:00+00:00,188.48739624023438
2013-03-30 09:00:00+00:00,200.52862548828125
2013-03-30 10:00:00+00:00,208.15126037597656
2013-03-30 11:00:00+00:00,192.23025512695312
2013-03-30 12:00:00+00:00,180.7176513671875
2013-03-30 13:00:00+00:00,205.83865356445312
2013-03-30 14:00:00+00:00,185.90740966796875
2013-03-30 15:00:00+00:00,190.16470336914062
2013-03-30 16:00:00+00:00,180.98150634765625
2013-03-30 17:00:00+00:00,246.9596710205078
2013-03-30 18:00:00+00:00,202.1902313232422
2013-03-30 19:00:00+00:00,185.3956298828125
2013-03-30 20:00:00+00:00,207.5260467529297
2013-03-30 21:00:00+00:00,179.4215850830078
2013-03-30 22:00:00+00:00,187.55050659179688
2013-03-30 23:00:00+00:00,178.41751098632812
2013-03-31 00:00:00+00:00,193.76480102539062
2013-03-31 01:00:00+00:00,176.56565856933594
2013-03-31 02:00:00+00:00,171.9780731201172
2013-03-31 03:00:00+00:00,169.24114990234375
2013-03-31 04:00:00+00:00,196.2144012451172
2013-03-31 05:00:00+00:00,177.77195739746094
2013-03-31 06:00:00+00:00,175.2276611328125
2013-03-31 07:00:00+00:00,178.99154663085938
2013-03-31 08:00:00+00:00,236.2765655517578
2013-03-31 09:00:00+00:00,237.41891479492188
2013-03-31 10:00:00+00:00,182.87184143066406
2013-03-31 11:00:00+00:00,182.0505828857422
2013-03-31 12:00:00+00:00,197.0437774658203
2013-03-31 13:00:00+00:00,173.8013458251953
2013-03-31 14:00:00+00:00,177.03367614746094
2013-03-31 15:00:00+00:00,188.10455322265625
2013-03-31 16:00:00+00:00,197.83135986328125
2013-03-31 17:00:00+00:00,187.05734252929688
2013-03-31 18:00:00+00:00,177.16554260253906
2013-03-31 19:00:00+00:00,187.40809631347656
2013-03-31 20:00:00+00:00,211.9543914794922
2013-03-31 21:00:00+00:00,174.96627807617188
2013-03-31 22:00:00+00:00,187.35980224609375
2013-03-31 23:00:00+00:00,231.0876922607422
2013-04-01 00:00:00+00:00,170.332763671875
2013-04-01 01:00:00+00:00,190.020263671875
2013-04-01 02:00:00+00:00,176.35980224609375
2013-04-01 03:00:00+00:00,175.70269775390625
2013-04-01 04:00:00+00:00,174.9390869140625
2013-04-01 05:00:00+00:00,187.64297485351562
2013-04-01 06:00:00+00:00,178.5042266845703
2013-04-01 07:00:00+00:00,181.06936645507812
2013-04-01 08:00:00+00:00,188.235595703125
2013-04-01 09:00:00+00:00,181.66159057617188
2013-04-01 10:00:00+00:00,197.41864013671875
2013-04-01 11:00:00+00:00,179.8186492919922
2013-04-01 12:00:00+00:00,193.45008850097656
2013-04-01 13:00:00+00:00,226.77796936035156
2013-04-01 14:00:00+00:00,221.47715759277344
2013-04-01 15:00:00+00:00,234.1302947998047
2013-04-01 16:00:00+00:00,209.72080993652344
2013-04-01 17:00:00+00:00,196.92567443847656
2013-04-01 18:00:00+00:00,175.92543029785156
2013-04-01 19:00:00+00:00,203.93389892578125
2013-04-01 20:00:00+00:00,927.2156982421875
2013-04-01 21:00:00+00:00,587.8389892578125
2013-04-01 22:00:00+00:00,259.69140625
2013-04-01 23:00:00+00:00,227.63299560546875
2013-04-02 00:00:00+00:00,241.63636779785156
2013-04-02 01:00:00+00:00,195.37437438964844
2013-04-02 02:00:00+00:00,201.4302520751953
2013-04-02 03:00:00+00:00,218.95791625976562
2013-04-02 04:00:00+00:00,222.90403747558594
2013-04-02 05:00:00+00:00,231.38487243652344
2013-04-02 06:00:00+00:00,360.4696044921875
2013-04-02 07:00:00+00:00,621.630859375
2013-04-02 08:00:00+00:00,1070.74462890625
2013-04-02 09:00:00+00:00,956.801025390625
2013-04-02 10:00:00+00:00,257.3153381347656
2013-04-02 11:00:00+00:00,478.93389892578125
2013-04-02 12:00:00+00:00,574.8848876953125
2013-04-02 13:00:00+00:00,1224.270751953125
2013-04-02 14:00:00+00:00,414.97576904296875
2013-04-02 15:00:00+00:00,258.82965087890625
2013-04-02 16:00:00+00:00,646.2147827148438
2013-04-02 17:00:00+00:00,556.4097290039062
2013-04-02 18:00:00+00:00,652.882568359375
2013-04-02 19:00:00+00:00,688.7530517578125
2013-04-02 20:00:00+00:00,627.512939453125
2013-04-02 21:00:00+00:00,563.7152709960938
2013-04-02 22:00:00+00:00,348.2913818359375
2013-04-02 23:00:00+00:00,311.3185729980469
2013-04-03 00:00:00+00:00,169.10543823242188
2013-04-03 01:00:00+00:00,168.4467010498047
2013-04-03 02:00:00+00:00,181.07601928710938
2013-04-03 03:00:00+00:00,204.31703186035156
2013-04-03 04:00:00+00:00,180.2873992919922
2013-04-03 05:00:00+00:00,203.29530334472656
2013-04-03 06:00:00+00:00,212.80503845214844
2013-04-03 07:00:00+00:00,442.455322265625
2013-04-03 08:00:00+00:00,510.0962829589844
2013-04-03 09:00:00+00:00,381.2554931640625
2013-04-03 10:00:00+00:00,1085.1826171875
2013-04-03 11:00:00+00:00,860.8160400390625
2013-04-03 12:00:00+00:00,719.718505859375
2013-04-03 13:00:00+00:00,607.4827270507812
2013-04-03 14:00:00+00:00,513.6239013671875
2013-04-03 15:00:00+00:00,547.7841186523438
2013-04-03 16:00:00+00:00,747.4440307617188
2013-04-03 17:00:00+00:00,985.9661254882812
2013-04-03 18:00:00+00:00,2371.422607421875
2013-04-03 19:00:00+00:00,873.140625
2013-04-03 20:00:00+00:00,530.0819091796875
2013-04-03 21:00:00+00:00,772.9854125976562
2013-04-03 22:00:00+00:00,933.8641967773438
2013-04-03 23:00:00+00:00,167.2512969970703
2013-04-04 00:00:00+00:00,191.05593872070312
2013-04-04 01:00:00+00:00,168.00863647460938
2013-04-04 02:00:00+00:00,184.08233642578125
2013-04-04 03:00:00+00:00,167.0630340576172
2013-04-04 04:00:00+00:00,165.40640258789062
2013-04-04 05:00:00+00:00,228.832763671875
2013-04-04 06:00:00+00:00,207.4401397705078
2013-04-04 07:00:00+00:00,461.83624267578125
2013-04-04 08:00:00+00:00,712.16552734375
2013-04-04 09:00:00+00:00,359.4338073730469
2013-04-04 10:00:00+00:00,367.39404296875
2013-04-04 11:00:00+00:00,586.9529418945312
2013-04-04 12:00:00+00:00,759.0498046875
2013-04-04 13:00:00+00:00,645.5652465820312
2013-04-04 14:00:00+00:00,405.29339599609375
2013-04-04 15:00:00+00:00,392.0939025878906
2013-04-04 16:00:00+00:00,703.2570190429688
2013-04-04 17:00:00+00:00,754.32470703125
2013-04-04 18:00:00+00:00,469.909423828125
2013-04-04 19:00:00+00:00,575.55029296875
2013-04-04 20:00:00+00:00,510.4477844238281
2013-04-04 21:00:00+00:00,291.2957763671875
2013-04-04 22:00:00+00:00,219.86170959472656
2013-04-04 23:00:00+00:00,229.10955810546875
2013-04-05 00:00:00+00:00,182.23916625976562
2013-04-05 01:00:00+00:00,221.11663818359375
2013-04-05 02:00:00+00:00,196.33731079101562
2013-04-05 03:00:00+00:00,188.82765197753906
2013-04-05 04:00:00+00:00,303.60272216796875
2013-04-05 05:00:00+00:00,465.32598876953125
2013-04-05 06:00:00+00:00,508.33734130859375
2013-04-05 07:00:00+00:00,567.272705078125
2013-04-05 08:00:00+00:00,474.2919616699219
2013-04-05 09:00:00+00:00,370.8541564941406
2013-04-05 10:00:00+00:00,434.0456848144531
2013-04-05 11:00:00+00:00,576.0180053710938
2013-04-05 12:00:00+00:00,417.9895324707031
2013-04-05 13:00:00+00:00,397.12347412109375
2013-04-05 14:00:00+00:00,437.8038330078125
2013-04-05 15:00:00+00:00,370.7150573730469
2013-04-05 16:00:00+00:00,506.08819580078125
2013-04-05 17:00:00+00:00,294.3079528808594
2013-04-05 18:00:00+00:00,972.12841796875
2013-04-05 19:00:00+00:00,759.7620239257812
2013-04-05 20:00:00+00:00,466.63494873046875
2013-04-05 21:00:00+00:00,705.0796508789062
2013-04-05 22:00:00+00:00,537.5706787109375
2013-04-05 23:00:00+00:00,733.3070068359375
2013-04-06 00:00:00+00:00,169.73776245117188
2013-04-06 01:00:00+00:00,179.13287353515625
2013-04-06 02:00:00+00:00,206.55958557128906
2013-04-06 03:00:00+00:00,166.43447875976562
2013-04-06 04:00:00+00:00,220.81089782714844
2013-04-06 05:00:00+00:00,228.8000030517578
2013-04-06 06:00:00+00:00,166.10169982910156
2013-04-06 07:00:00+00:00,201.0406036376953
2013-04-06 08:00:00+00:00,446.7113342285156
2013-04-06 09:00:00+00:00,377.86773681640625
2013-04-06 10:00:00+00:00,550.9981689453125
2013-04-06 11:00:00+00:00,228.46421813964844
2013-04-06 12:00:00+00:00,240.31393432617188
2013-04-06 13:00:00+00:00,215.94076538085938
2013-04-06 14:00:00+00:00,375.0106506347656
2013-04-06 15:00:00+00:00,264.7964172363281
2013-04-06 16:00:00+00:00,411.316650390625
2013-04-06 17:00:00+00:00,424.8556213378906
2013-04-06 18:00:00+00:00,266.68511962890625
2013-04-06 19:00:00+00:00,567.4325561523438
2013-04-06 20:00:00+00:00,503.2904357910156
2013-04-06 21:00:00+00:00,430.2714538574219
2013-04-06 22:00:00+00:00,255.0470428466797
2013-04-06 23:00:00+00:00,188.4506072998047
2013-04-07 00:00:00+00:00,195.3817901611328
2013-04-07 01:00:00+00:00,210.7447509765625
2013-04-07 02:00:00+00:00,179.95645141601562
2013-04-07 03:00:00+00:00,197.00172424316406
2013-04-07 04:00:00+00:00,185.32302856445312
2013-04-07 05:00:00+00:00,247.76882934570312
2013-04-07 06:00:00+00:00,223.40484619140625
2013-04-07 07:00:00+00:00,410.20526123046875
2013-04-07 08:00:00+00:00,316.0851135253906
2013-04-07 09:00:00+00:00,406.8342590332031
2013-04-07 10:00:00+00:00,260.3758544921875
2013-04-07 11:00:00+00:00,255.04014587402344
2013-04-07 12:00:00+00:00,258.0814514160156
2013-04-07 13:00:00+00:00,233.99827575683594
2013-04-07 14:00:00+00:00,352.73309326171875
2013-04-07 15:00:00+00:00,1579.6202392578125
2013-04-07 16:00:00+00:00,493.2831115722656
2013-04-07 17:00:00+00:00,433.02825927734375
2013-04-07 18:00:00+00:00,332.7651062011719
2013-04-07 19:00:00+00:00,485.1864013671875
2013-04-07 20:00:00+00:00,432.886962890625
2013-04-07 21:00:00+00:00,414.7110595703125
2013-04-07 22:00:00+00:00,271.0989685058594
2013-04-07 23:00:00+00:00,236.93881225585938
2013-04-08 00:00:00+00:00,252.19651794433594
2013-04-08 01:00:00+00:00,277.3702392578125
2013-04-08 02:00:00+00:00,272.210693359375
2013-04-08 03:00:00+00:00,231.4350128173828
2013-04-08 04:00:00+00:00,250.68212890625
2013-04-08 05:00:00+00:00,267.0171813964844
2013-04-08 06:00:00+00:00,508.55072021484375
2013-04-08 07:00:00+00:00,1238.61181640625
2013-04-08 08:00:00+00:00,667.5203857421875
2013-04-08 09:00:00+00:00,399.6098327636719
2013-04-08 10:00:00+00:00,401.5714416503906
2013-04-08 11:00:00+00:00,420.2714538574219
2013-04-08 12:00:00+00:00,513.9329833984375
2013-04-08 13:00:00+00:00,1654.9908447265625
2013-04-08 14:00:00+00:00,983.7886352539062
2013-04-08 15:00:00+00:00,836.6321411132812
2013-04-08 16:00:00+00:00,592.5836181640625
2013-04-08 17:00:00+00:00,616.8308715820312
2013-04-08 18:00:00+00:00,2316.43994140625
2013-04-08 19:00:00+00:00,710.758056640625
2013-04-08 20:00:00+00:00,512.0682983398438
2013-04-08 21:00:00+00:00,403.4617919921875
2013-04-08 22:00:00+00:00,187.01036071777344
2013-04-08 23:00:00+00:00,196.84347534179688
2013-04-09 00:00:00+00:00,177.08245849609375
2013-04-09 01:00:00+00:00,190.08551025390625
2013-04-09 02:00:00+00:00,192.537109375
2013-04-09 03:00:00+00:00,187.1497344970703
2013-04-09 04:00:00+00:00,171.95547485351562
2013-04-09 05:00:00+00:00,224.65232849121094
2013-04-09 06:00:00+00:00,231.12608337402344
2013-04-09 07:00:00+00:00,270.6574401855469
2013-04-09 08:00:00+00:00,647.1115112304688
2013-04-09 09:00:00+00:00,451.87652587890625
2013-04-09 10:00:00+00:00,359.8598937988281
2013-04-09 11:00:00+00:00,557.10107421875
2013-04-09 12:00:00+00:00,472.14593505859375
2013-04-09 13:00:00+00:00,395.5355224609375
2013-04-09 14:00:00+00:00,444.1724853515625
2013-04-09 15:00:00+00:00,495.62237548828125
2013-04-09 16:00:00+00:00,669.0527954101562
2013-04-09 17:00:00+00:00,456.61053466796875
2013-04-09 18:00:00+00:00,300.5218200683594
2013-04-09 19:00:00+00:00,394.1256408691406
2013-04-09 20:00:00+00:00,529.588623046875
2013-04-09 21:00:00+00:00,580.373046875
2013-04-09 22:00:00+00:00,224.18307495117188
2013-04-09 23:00:00+00:00,206.03125
2013-04-10 00:00:00+00:00,207.63729858398438
2013-04-10 01:00:00+00:00,201.23703002929688
2013-04-10 02:00:00+00:00,183.9371795654297
2013-04-10 03:00:00+00:00,219.35304260253906
2013-04-10 04:00:00+00:00,183.62326049804688
2013-04-10 05:00:00+00:00,226.82009887695312
2013-04-10 06:00:00+00:00,227.42041015625
2013-04-10 07:00:00+00:00,565.44482421875
2013-04-10 08:00:00+00:00,312.1899719238281
2013-04-10 09:00:00+00:00,431.07318115234375
2013-04-10 10:00:00+00:00,450.2162780761719
2013-04-10 11:00:00+00:00,603.358154296875
2013-04-10 12:00:00+00:00,312.836181640625
2013-04-10 13:00:00+00:00,296.6563720703125
2013-04-10 14:00:00+00:00,234.6216278076172
2013-04-10 15:00:00+00:00,262.5500793457031
2013-04-10 16:00:00+00:00,240.71084594726562
2013-04-10 17:00:00+00:00,351.2473449707031
2013-04-10 18:00:00+00:00,209.890625
2013-04-10 19:00:00+00:00,542.8010864257812
2013-04-10 20:00:00+00:00,365.12542724609375
2013-04-10 21:00:00+00:00,692.8021240234375
2013-04-10 22:00:00+00:00,680.6759033203125
2013-04-10 23:00:00+00:00,841.6134033203125
2013-04-11 00:00:00+00:00,186.44869995117188
2013-04-11 01:00:00+00:00,177.6141815185547
2013-04-11 02:00:00+00:00,203.7329864501953
2013-04-11 03:00:00+00:00,230.95985412597656
2013-04-11 04:00:00+00:00,185.4136199951172
2013-04-11 05:00:00+00:00,199.89309692382812
2013-04-11 06:00:00+00:00,234.74606323242188
2013-04-11 07:00:00+00:00,764.845458984375
2013-04-11 08:00:00+00:00,499.34661865234375
2013-04-11 09:00:00+00:00,586.153564453125
2013-04-11 10:00:00+00:00,517.1393432617188
2013-04-11 11:00:00+00:00,668.7816162109375
2013-04-11 12:00:00+00:00,510.7469787597656
2013-04-11 13:00:00+00:00,339.3174743652344
2013-04-11 14:00:00+00:00,450.61669921875
2013-04-11 15:00:00+00:00,437.20477294921875
2013-04-11 16:00:00+00:00,440.2495422363281
2013-04-11 17:00:00+00:00,0.0
2013-04-11 18:00:00+00:00,0.0
2013-04-11 19:00:00+00:00,596.944091796875
2013-04-11 20:00:00+00:00,427.25384521484375
2013-04-11 21:00:00+00:00,416.7320861816406
2013-04-11 22:00:00+00:00,232.62181091308594
2013-04-11 23:00:00+00:00,176.2739715576172
2013-04-12 00:00:00+00:00,183.9400634765625
2013-04-12 01:00:00+00:00,177.3472900390625
2013-04-12 02:00:00+00:00,191.41551208496094
2013-04-12 03:00:00+00:00,183.70761108398438
2013-04-12 04:00:00+00:00,170.28720092773438
2013-04-12 05:00:00+00:00,215.1652374267578
2013-04-12 06:00:00+00:00,231.1722869873047
2013-04-12 07:00:00+00:00,517.8892822265625
2013-04-12 08:00:00+00:00,405.0714416503906
2013-04-12 09:00:00+00:00,417.7508850097656
2013-04-12 10:00:00+00:00,260.74652099609375
2013-04-12 11:00:00+00:00,245.75784301757812
2013-04-12 12:00:00+00:00,227.55078125
2013-04-12 13:00:00+00:00,263.4974365234375
2013-04-12 14:00:00+00:00,198.37307739257812
2013-04-12 15:00:00+00:00,324.75897216796875
2013-04-12 16:00:00+00:00,499.3570251464844
2013-04-12 17:00:00+00:00,1217.0203857421875
2013-04-12 18:00:00+00:00,664.5152587890625
2013-04-12 19:00:00+00:00,379.79998779296875
2013-04-12 20:00:00+00:00,651.5548095703125
2013-04-12 21:00:00+00:00,302.7283630371094
2013-04-12 22:00:00+00:00,225.95016479492188
2013-04-12 23:00:00+00:00,236.0120849609375
2013-04-13 00:00:00+00:00,196.36538696289062
2013-04-13 01:00:00+00:00,170.85223388671875
2013-04-13 02:00:00+00:00,179.8973846435547
2013-04-13 03:00:00+00:00,168.7909393310547
2013-04-13 04:00:00+00:00,201.7306365966797
2013-04-13 05:00:00+00:00,194.37979125976562
2013-04-13 06:00:00+00:00,173.01927185058594
2013-04-13 07:00:00+00:00,538.7490844726562
2013-04-13 08:00:00+00:00,347.0830383300781
2013-04-13 09:00:00+00:00,931.1992797851562
2013-04-13 10:00:00+00:00,638.8112182617188
2013-04-13 11:00:00+00:00,478.57672119140625
2013-04-13 12:00:00+00:00,1012.02734375
2013-04-13 13:00:00+00:00,307.09710693359375
2013-04-13 14:00:00+00:00,910.5460815429688
2013-04-13 15:00:00+00:00,740.4627685546875
2013-04-13 16:00:00+00:00,780.024658203125
2013-04-13 17:00:00+00:00,1558.2054443359375
2013-04-13 18:00:00+00:00,310.70269775390625
2013-04-13 19:00:00+00:00,419.0641784667969
2013-04-13 20:00:00+00:00,613.8119506835938
2013-04-13 21:00:00+00:00,437.1819763183594
2013-04-13 22:00:00+00:00,642.3631591796875
2013-04-13 23:00:00+00:00,811.0521850585938
2013-04-14 00:00:00+00:00,189.16949462890625
2013-04-14 01:00:00+00:00,189.49407958984375
2013-04-14 02:00:00+00:00,186.7521209716797
2013-04-14 03:00:00+00:00,181.29010009765625
2013-04-14 04:00:00+00:00,218.17474365234375
2013-04-14 05:00:00+00:00,236.93310546875
2013-04-14 06:00:00+00:00,175.8531951904297
2013-04-14 07:00:00+00:00,446.127685546875
2013-04-14 08:00:00+00:00,448.1087951660156
2013-04-14 09:00:00+00:00,214.068603515625
2013-04-14 10:00:00+00:00,203.81663513183594
2013-04-14 11:00:00+00:00,537.600341796875
2013-04-14 12:00:00+00:00,805.689208984375
2013-04-14 13:00:00+00:00,1306.2513427734375
2013-04-14 14:00:00+00:00,380.1325378417969
2013-04-14 15:00:00+00:00,308.637939453125
2013-04-14 16:00:00+00:00,242.2448272705078
2013-04-14 17:00:00+00:00,285.25860595703125
2013-04-14 18:00:00+00:00,217.29180908203125
2013-04-14 19:00:00+00:00,528.34130859375
2013-04-14 20:00:00+00:00,516.0289306640625
2013-04-14 21:00:00+00:00,317.20001220703125
2013-04-14 22:00:00+00:00,191.4470977783203
2013-04-14 23:00:00+00:00,173.02537536621094
2013-04-15 00:00:00+00:00,192.4149627685547
2013-04-15 01:00:00+00:00,171.4474639892578
2013-04-15 02:00:00+00:00,190.89999389648438
2013-04-15 03:00:00+00:00,170.4776611328125
2013-04-15 04:00:00+00:00,190.9637908935547
2013-04-15 05:00:00+00:00,193.9488067626953
2013-04-15 06:00:00+00:00,306.6839294433594
2013-04-15 07:00:00+00:00,320.2908020019531
2013-04-15 08:00:00+00:00,345.465087890625
2013-04-15 09:00:00+00:00,394.98443603515625
2013-04-15 10:00:00+00:00,402.16265869140625
2013-04-15 11:00:00+00:00,469.43206787109375
2013-04-15 12:00:00+00:00,289.2367858886719
2013-04-15 13:00:00+00:00,189.37200927734375
2013-04-15 14:00:00+00:00,189.45748901367188
2013-04-15 15:00:00+00:00,313.3281555175781
2013-04-15 16:00:00+00:00,420.3893737792969
2013-04-15 17:00:00+00:00,1150.0965576171875
2013-04-15 18:00:00+00:00,484.8023986816406
2013-04-15 19:00:00+00:00,376.251708984375
2013-04-15 20:00:00+00:00,612.2896728515625
2013-04-15 21:00:00+00:00,407.4548645019531
2013-04-15 22:00:00+00:00,190.08843994140625
2013-04-15 23:00:00+00:00,202.63185119628906
2013-04-16 00:00:00+00:00,213.4847412109375
2013-04-16 01:00:00+00:00,211.05963134765625
2013-04-16 02:00:00+00:00,174.94754028320312
2013-04-16 03:00:00+00:00,200.34576416015625
2013-04-16 04:00:00+00:00,178.51356506347656
2013-04-16 05:00:00+00:00,221.49661254882812
2013-04-16 06:00:00+00:00,521.4700927734375
2013-04-16 07:00:00+00:00,1199.0
2013-04-16 08:00:00+00:00,470.5555419921875
2013-04-16 09:00:00+00:00,285.8230285644531
2013-04-16 10:00:00+00:00,243.4839324951172
2013-04-16 11:00:00+00:00,206.83050537109375
2013-04-16 12:00:00+00:00,300.0223693847656
2013-04-16 13:00:00+00:00,212.9777374267578
2013-04-16 14:00:00+00:00,221.89022827148438
2013-04-16 15:00:00+00:00,1101.1639404296875
2013-04-16 16:00:00+00:00,672.3639526367188
2013-04-16 17:00:00+00:00,486.0970153808594
2013-04-16 18:00:00+00:00,238.2163543701172
2013-04-16 19:00:00+00:00,381.0
2013-04-16 20:00:00+00:00,627.1785278320312
2013-04-16 21:00:00+00:00,741.0557250976562
2013-04-16 22:00:00+00:00,610.0051879882812
2013-04-16 23:00:00+00:00,386.6769104003906
2013-04-17 00:00:00+00:00,190.1669464111328
2013-04-17 01:00:00+00:00,168.96730041503906
2013-04-17 02:00:00+00:00,183.1813507080078
2013-04-17 03:00:00+00:00,168.93264770507812
2013-04-17 04:00:00+00:00,169.73117065429688
2013-04-17 05:00:00+00:00,208.77915954589844
2013-04-17 06:00:00+00:00,219.03135681152344
2013-04-17 07:00:00+00:00,305.5933532714844
2013-04-17 08:00:00+00:00,533.2321166992188
2013-04-17 09:00:00+00:00,484.2517395019531
2013-04-17 10:00:00+00:00,371.791748046875
2013-04-17 11:00:00+00:00,217.1406707763672
2013-04-17 12:00:00+00:00,668.87158203125
2013-04-17 13:00:00+00:00,1285.896484375
2013-04-17 14:00:00+00:00,407.7258605957031
2013-04-17 15:00:00+00:00,218.7398681640625
2013-04-17 16:00:00+00:00,364.4432678222656
2013-04-17 17:00:00+00:00,314.1898193359375
2013-04-17 18:00:00+00:00,357.4368591308594
2013-04-17 19:00:00+00:00,424.21087646484375
2013-04-17 20:00:00+00:00,483.1058044433594
2013-04-17 21:00:00+00:00,282.6615295410156
2013-04-17 22:00:00+00:00,195.91624450683594
2013-04-17 23:00:00+00:00,173.2478790283203
2013-04-18 00:00:00+00:00,192.21575927734375
2013-04-18 01:00:00+00:00,170.29005432128906
2013-04-18 02:00:00+00:00,186.5246124267578
2013-04-18 03:00:00+00:00,171.19796752929688
2013-04-18 04:00:00+00:00,170.6666717529297
2013-04-18 05:00:00+00:00,204.399658203125
2013-04-18 06:00:00+00:00,262.9122314453125
2013-04-18 07:00:00+00:00,393.27978515625
2013-04-18 08:00:00+00:00,316.1811828613281
2013-04-18 09:00:00+00:00,438.0378112792969
2013-04-18 10:00:00+00:00,340.2983093261719
2013-04-18 11:00:00+00:00,383.9263610839844
2013-04-18 12:00:00+00:00,700.9508056640625
2013-04-18 13:00:00+00:00,415.6432189941406
2013-04-18 14:00:00+00:00,406.9621887207031
2013-04-18 15:00:00+00:00,328.81292724609375
2013-04-18 16:00:00+00:00,438.9914855957031
2013-04-18 17:00:00+00:00,485.1675109863281
2013-04-18 18:00:00+00:00,528.7347412109375
2013-04-18 19:00:00+00:00,1526.4990234375
2013-04-18 20:00:00+00:00,572.4406127929688
2013-04-18 21:00:00+00:00,472.8139953613281
2013-04-18 22:00:00+00:00,293.9289245605469
2013-04-18 23:00:00+00:00,256.125
2013-04-19 00:00:00+00:00,177.10409545898438
2013-04-19 01:00:00+00:00,196.98976135253906
2013-04-19 02:00:00+00:00,231.08950805664062
2013-04-19 03:00:00+00:00,218.61199951171875
2013-04-19 04:00:00+00:00,506.7447814941406
2013-04-19 05:00:00+00:00,268.30364990234375
2013-04-19 06:00:00+00:00,169.19515991210938
2013-04-19 07:00:00+00:00,438.45819091796875
2013-04-19 08:00:00+00:00,344.0
2013-04-19 09:00:00+00:00,421.18231201171875
2013-04-19 10:00:00+00:00,233.6433563232422
2013-04-19 11:00:00+00:00,515.6631469726562
2013-04-19 12:00:00+00:00,207.52166748046875
2013-04-19 13:00:00+00:00,198.5599365234375
2013-04-19 14:00:00+00:00,198.0574951171875
2013-04-19 15:00:00+00:00,303.8041687011719
2013-04-19 16:00:00+00:00,465.32745361328125
2013-04-19 17:00:00+00:00,606.1363525390625
2013-04-19 18:00:00+00:00,410.8295593261719
2013-04-19 19:00:00+00:00,495.44232177734375
2013-04-19 20:00:00+00:00,452.3735046386719
2013-04-19 21:00:00+00:00,468.9844665527344
2013-04-19 22:00:00+00:00,381.9911804199219
2013-04-19 23:00:00+00:00,683.9927978515625
2013-04-20 00:00:00+00:00,627.3980712890625
2013-04-20 01:00:00+00:00,183.3858184814453
2013-04-20 02:00:00+00:00,169.87478637695312
2013-04-20 03:00:00+00:00,184.45660400390625
2013-04-20 04:00:00+00:00,178.2698974609375
2013-04-20 05:00:00+00:00,193.12069702148438
2013-04-20 06:00:00+00:00,753.1001586914062
2013-04-20 07:00:00+00:00,182.6504364013672
2013-04-20 08:00:00+00:00,562.9894409179688
2013-04-20 09:00:00+00:00,246.4231414794922
2013-04-20 10:00:00+00:00,204.82130432128906
2013-04-20 11:00:00+00:00,230.50086975097656
2013-04-20 12:00:00+00:00,204.93653869628906
2013-04-20 13:00:00+00:00,220.03773498535156
2013-04-20 14:00:00+00:00,420.29400634765625
2013-04-20 15:00:00+00:00,452.1466369628906
2013-04-20 16:00:00+00:00,289.9634094238281
2013-04-20 17:00:00+00:00,529.6660766601562
2013-04-20 18:00:00+00:00,390.634765625
2013-04-20 19:00:00+00:00,436.46630859375
2013-04-20 20:00:00+00:00,419.5652160644531
2013-04-20 21:00:00+00:00,275.3275451660156
2013-04-20 22:00:00+00:00,201.49053955078125
2013-04-20 23:00:00+00:00,223.99302673339844
2013-04-21 00:00:00+00:00,181.73089599609375
2013-04-21 01:00:00+00:00,187.89842224121094
2013-04-21 02:00:00+00:00,183.7940673828125
2013-04-21 03:00:00+00:00,165.97763061523438
2013-04-21 04:00:00+00:00,168.36741638183594
2013-04-21 05:00:00+00:00,218.67405700683594
2013-04-21 06:00:00+00:00,605.2819213867188
2013-04-21 07:00:00+00:00,1903.400390625
2013-04-21 08:00:00+00:00,317.1587219238281
2013-04-21 09:00:00+00:00,211.1663818359375
2013-04-21 10:00:00+00:00,248.35000610351562
2013-04-21 11:00:00+00:00,435.998291015625
2013-04-21 12:00:00+00:00,416.859130859375
2013-04-21 13:00:00+00:00,275.86505126953125
2013-04-21 14:00:00+00:00,239.6787567138672
2013-04-21 15:00:00+00:00,237.48788452148438
2013-04-21 16:00:00+00:00,226.46206665039062
2013-04-21 17:00:00+00:00,722.67138671875
2013-04-21 18:00:00+00:00,404.83074951171875
2013-04-21 19:00:00+00:00,454.1614990234375
2013-04-21 20:00:00+00:00,290.6178894042969
2013-04-21 21:00:00+00:00,175.60552978515625
2013-04-21 22:00:00+00:00,182.3951416015625
2013-04-21 23:00:00+00:00,164.34483337402344
2013-04-22 00:00:00+00:00,185.5875244140625
2013-04-22 01:00:00+00:00,166.3922882080078
2013-04-22 02:00:00+00:00,161.70370483398438
2013-04-22 03:00:00+00:00,197.70826721191406
2013-04-22 04:00:00+00:00,202.52264404296875
2013-04-22 05:00:00+00:00,230.36712646484375
2013-04-22 06:00:00+00:00,228.58450317382812
2013-04-22 07:00:00+00:00,320.94744873046875
2013-04-22 08:00:00+00:00,789.5250244140625
2013-04-22 09:00:00+00:00,586.5162353515625
2013-04-22 10:00:00+00:00,327.7951354980469
2013-04-22 11:00:00+00:00,305.46502685546875
2013-04-22 12:00:00+00:00,361.1293640136719
2013-04-22 13:00:00+00:00,331.9465637207031
2013-04-22 14:00:00+00:00,297.63287353515625
2013-04-22 15:00:00+00:00,318.0713195800781
2013-04-22 16:00:00+00:00,591.1527709960938
2013-04-22 17:00:00+00:00,533.329833984375
2013-04-22 18:00:00+00:00,702.7031860351562
2013-04-22 19:00:00+00:00,550.6546630859375
2013-04-22 20:00:00+00:00,471.27069091796875
2013-04-22 21:00:00+00:00,729.3798828125
2013-04-22 22:00:00+00:00,510.2279052734375
2013-04-22 23:00:00+00:00,625.398193359375
2013-04-23 00:00:00+00:00,200.7902069091797
2013-04-23 01:00:00+00:00,189.60984802246094
2013-04-23 02:00:00+00:00,215.0052947998047
2013-04-23 03:00:00+00:00,187.67247009277344
2013-04-23 04:00:00+00:00,206.77029418945312
2013-04-23 05:00:00+00:00,230.7521514892578
2013-04-23 06:00:00+00:00,348.3968200683594
2013-04-23 07:00:00+00:00,441.0070495605469
2013-04-23 08:00:00+00:00,225.5471649169922
2013-04-23 09:00:00+00:00,270.3747863769531
2013-04-23 10:00:00+00:00,258.4276123046875
2013-04-23 11:00:00+00:00,204.71380615234375
2013-04-23 12:00:00+00:00,424.75439453125
2013-04-23 13:00:00+00:00,233.32081604003906
2013-04-23 14:00:00+00:00,199.65481567382812
2013-04-23 15:00:00+00:00,262.3214416503906
2013-04-23 16:00:00+00:00,361.9809265136719
2013-04-23 17:00:00+00:00,238.94618225097656
2013-04-23 18:00:00+00:00,199.87713623046875
2013-04-23 19:00:00+00:00,391.844970703125
2013-04-23 20:00:00+00:00,460.4358215332031
2013-04-23 21:00:00+00:00,314.6030578613281
2013-04-23 22:00:00+00:00,175.32373046875
2013-04-23 23:00:00+00:00,192.90785217285156
2013-04-24 00:00:00+00:00,169.3146209716797
2013-04-24 01:00:00+00:00,219.0528106689453
2013-04-24 02:00:00+00:00,176.9589080810547
2013-04-24 03:00:00+00:00,179.52891540527344
2013-04-24 04:00:00+00:00,176.47781372070312
2013-04-24 05:00:00+00:00,188.27891540527344
2013-04-24 06:00:00+00:00,193.37901306152344
2013-04-24 07:00:00+00:00,463.9982604980469
2013-04-24 08:00:00+00:00,343.40545654296875
2013-04-24 09:00:00+00:00,329.27288818359375
2013-04-24 10:00:00+00:00,404.1116943359375
2013-04-24 11:00:00+00:00,379.2469482421875
2013-04-24 12:00:00+00:00,418.1658020019531
2013-04-24 13:00:00+00:00,406.41680908203125
2013-04-24 14:00:00+00:00,349.9179382324219
2013-04-24 15:00:00+00:00,382.4503479003906
2013-04-24 16:00:00+00:00,342.2041015625
2013-04-24 17:00:00+00:00,272.6517333984375
2013-04-24 18:00:00+00:00,333.8097839355469
2013-04-24 19:00:00+00:00,574.6525268554688
2013-04-24 20:00:00+00:00,435.96075439453125
2013-04-24 21:00:00+00:00,193.00686645507812
2013-04-24 22:00:00+00:00,187.12261962890625
2013-04-24 23:00:00+00:00,170.31857299804688
2013-04-25 00:00:00+00:00,180.7859649658203
2013-04-25 01:00:00+00:00,183.1692352294922
2013-04-25 02:00:00+00:00,169.90737915039062
2013-04-25 03:00:00+00:00,188.51718139648438
2013-04-25 04:00:00+00:00,167.07679748535156
2013-04-25 05:00:00+00:00,244.93067932128906
2013-04-25 06:00:00+00:00,1351.853759765625
2013-04-25 07:00:00+00:00,550.4698486328125
2013-04-25 08:00:00+00:00,364.3811950683594
2013-04-25 09:00:00+00:00,221.83848571777344
2013-04-25 10:00:00+00:00,314.277587890625
2013-04-25 11:00:00+00:00,224.55670166015625
2013-04-25 12:00:00+00:00,232.44886779785156
2013-04-25 13:00:00+00:00,226.5283966064453
2013-04-25 14:00:00+00:00,219.5335693359375
2013-04-25 15:00:00+00:00,265.3367614746094
2013-04-25 16:00:00+00:00,487.3327331542969
2013-04-25 17:00:00+00:00,260.2301025390625
2013-04-25 18:00:00+00:00,235.7910919189453
2013-04-25 19:00:00+00:00,393.7056884765625
2013-04-25 20:00:00+00:00,597.1961669921875
2013-04-25 21:00:00+00:00,344.5599365234375
2013-04-25 22:00:00+00:00,200.4545440673828
2013-04-25 23:00:00+00:00,196.28350830078125
2013-04-26 00:00:00+00:00,186.8488006591797
2013-04-26 01:00:00+00:00,204.09744262695312
2013-04-26 02:00:00+00:00,209.11651611328125
2013-04-26 03:00:00+00:00,172.40306091308594
2013-04-26 04:00:00+00:00,181.01527404785156
2013-04-26 05:00:00+00:00,219.07823181152344
2013-04-26 06:00:00+00:00,407.5432434082031
2013-04-26 07:00:00+00:00,1666.8609619140625
2013-04-26 08:00:00+00:00,1043.2923583984375
2013-04-26 09:00:00+00:00,176.1290283203125
2013-04-26 10:00:00+00:00,255.61196899414062
2013-04-26 11:00:00+00:00,220.46609497070312
2013-04-26 12:00:00+00:00,377.8301696777344
2013-04-26 13:00:00+00:00,274.5911560058594
2013-04-26 14:00:00+00:00,248.82142639160156
2013-04-26 15:00:00+00:00,228.12628173828125
2013-04-26 16:00:00+00:00,436.7935791015625
2013-04-26 17:00:00+00:00,331.1666564941406
2013-04-26 18:00:00+00:00,192.57894897460938
2013-04-26 19:00:00+00:00,862.426025390625
2013-04-26 20:00:00+00:00,841.4872436523438
2013-04-26 21:00:00+00:00,481.5826110839844
2013-04-26 22:00:00+00:00,261.8057861328125
2013-04-26 23:00:00+00:00,186.94017028808594
2013-04-27 00:00:00+00:00,204.17666625976562
2013-04-27 01:00:00+00:00,183.96527099609375
2013-04-27 02:00:00+00:00,194.45782470703125
2013-04-27 03:00:00+00:00,170.6632080078125
2013-04-27 04:00:00+00:00,208.77137756347656
2013-04-27 05:00:00+00:00,192.63414001464844
2013-04-27 06:00:00+00:00,175.23519897460938
2013-04-27 07:00:00+00:00,549.2619018554688
2013-04-27 08:00:00+00:00,213.77679443359375
2013-04-27 09:00:00+00:00,190.59544372558594
2013-04-27 10:00:00+00:00,858.916015625
2013-04-27 11:00:00+00:00,378.2298278808594
2013-04-27 12:00:00+00:00,424.07928466796875
2013-04-27 13:00:00+00:00,948.133544921875
2013-04-27 14:00:00+00:00,625.8493041992188
2013-04-27 15:00:00+00:00,229.86183166503906
2013-04-27 16:00:00+00:00,395.2781677246094
2013-04-27 17:00:00+00:00,425.22503662109375
2013-04-27 18:00:00+00:00,492.4025573730469
2013-04-27 19:00:00+00:00,410.385009765625
2013-04-27 20:00:00+00:00,369.7179870605469
2013-04-27 21:00:00+00:00,243.99826049804688
2013-04-27 22:00:00+00:00,290.5181884765625
2013-04-27 23:00:00+00:00,240.6045684814453
2013-04-28 00:00:00+00:00,219.52566528320312
2013-04-28 01:00:00+00:00,242.05718994140625
2013-04-28 02:00:00+00:00,239.1265106201172
2013-04-28 03:00:00+00:00,236.0599365234375
2013-04-28 04:00:00+00:00,214.79513549804688
2013-04-28 05:00:00+00:00,276.21844482421875
2013-04-28 06:00:00+00:00,290.78485107421875
2013-04-28 07:00:00+00:00,312.4257507324219
2013-04-28 08:00:00+00:00,559.8618774414062
2013-04-28 09:00:00+00:00,273.35589599609375
2013-04-28 10:00:00+00:00,204.0362091064453
2013-04-28 11:00:00+00:00,273.73297119140625
2013-04-28 12:00:00+00:00,308.12847900390625
2013-04-28 13:00:00+00:00,304.8082275390625
2013-04-28 14:00:00+00:00,262.11883544921875
2013-04-28 15:00:00+00:00,212.1945343017578
2013-04-28 16:00:00+00:00,445.73883056640625
2013-04-28 17:00:00+00:00,302.03607177734375
2013-04-28 18:00:00+00:00,280.09539794921875
2013-04-28 19:00:00+00:00,469.2827453613281
2013-04-28 20:00:00+00:00,453.01190185546875
2013-04-28 21:00:00+00:00,738.342041015625
2013-04-28 22:00:00+00:00,869.7247314453125
2013-04-28 23:00:00+00:00,181.69879150390625
2013-04-29 00:00:00+00:00,190.42733764648438
2013-04-29 01:00:00+00:00,177.0677032470703
2013-04-29 02:00:00+00:00,194.383544921875
2013-04-29 03:00:00+00:00,213.8616485595703
2013-04-29 04:00:00+00:00,193.36395263671875
2013-04-29 05:00:00+00:00,192.82952880859375
2013-04-29 06:00:00+00:00,206.0314178466797
2013-04-29 07:00:00+00:00,365.06964111328125
2013-04-29 08:00:00+00:00,231.4072723388672
2013-04-29 09:00:00+00:00,196.80067443847656
2013-04-29 10:00:00+00:00,211.26065063476562
2013-04-29 11:00:00+00:00,196.47068786621094
2013-04-29 12:00:00+00:00,205.0529022216797
2013-04-29 13:00:00+00:00,296.2979431152344
2013-04-29 14:00:00+00:00,506.86126708984375
2013-04-29 15:00:00+00:00,1524.2381591796875
2013-04-29 16:00:00+00:00,742.6856689453125
2013-04-29 17:00:00+00:00,369.18975830078125
2013-04-29 18:00:00+00:00,572.0872802734375
2013-04-29 19:00:00+00:00,442.99658203125
2013-04-29 20:00:00+00:00,302.2377014160156
2013-04-29 21:00:00+00:00,181.05422973632812
2013-04-29 22:00:00+00:00,193.9404754638672
2013-04-29 23:00:00+00:00,171.71701049804688
2013-04-30 00:00:00+00:00,180.0959930419922
2013-04-30 01:00:00+00:00,178.23834228515625
2013-04-30 02:00:00+00:00,191.9705352783203
2013-04-30 03:00:00+00:00,194.22067260742188
2013-04-30 04:00:00+00:00,285.0226135253906
2013-04-30 05:00:00+00:00,435.7125549316406
2013-04-30 06:00:00+00:00,345.068359375
2013-04-30 07:00:00+00:00,367.5080871582031
2013-04-30 08:00:00+00:00,230.92481994628906
2013-04-30 09:00:00+00:00,298.40765380859375
2013-04-30 10:00:00+00:00,299.40350341796875
2013-04-30 11:00:00+00:00,297.86181640625
2013-04-30 12:00:00+00:00,203.582763671875
2013-04-30 13:00:00+00:00,202.3190460205078
2013-04-30 14:00:00+00:00,196.92123413085938
2013-04-30 15:00:00+00:00,254.29776000976562
2013-04-30 16:00:00+00:00,412.132080078125
2013-04-30 17:00:00+00:00,426.8220520019531
2013-04-30 18:00:00+00:00,207.76490783691406
2013-04-30 19:00:00+00:00,389.9237365722656
2013-04-30 20:00:00+00:00,418.4087829589844
2013-04-30 21:00:00+00:00,297.7373962402344
2013-04-30 22:00:00+00:00,307.2556457519531
2013-04-30 23:00:00+00:00,323.4165344238281
2013-05-01 00:00:00+00:00,326.4465637207031
2013-05-01 01:00:00+00:00,284.7132873535156
2013-05-01 02:00:00+00:00,282.71453857421875
2013-05-01 03:00:00+00:00,304.4863586425781
2013-05-01 04:00:00+00:00,283.2793884277344
2013-05-01 05:00:00+00:00,424.3418884277344
2013-05-01 06:00:00+00:00,587.0868530273438
2013-05-01 07:00:00+00:00,303.57391357421875
2013-05-01 08:00:00+00:00,340.5
2013-05-01 09:00:00+00:00,295.1518249511719
2013-05-01 10:00:00+00:00,307.3877258300781
2013-05-01 11:00:00+00:00,384.29443359375
2013-05-01 12:00:00+00:00,454.71197509765625
2013-05-01 13:00:00+00:00,370.3315734863281
2013-05-01 14:00:00+00:00,464.8925476074219
2013-05-01 15:00:00+00:00,392.4930725097656
2013-05-01 16:00:00+00:00,435.7904968261719
2013-05-01 17:00:00+00:00,488.67254638671875
2013-05-01 18:00:00+00:00,463.439453125
2013-05-01 19:00:00+00:00,433.0247802734375
2013-05-01 20:00:00+00:00,473.75653076171875
2013-05-01 21:00:00+00:00,425.306884765625
2013-05-01 22:00:00+00:00,520.9653930664062
2013-05-01 23:00:00+00:00,731.8467407226562
2013-05-02 00:00:00+00:00,168.15235900878906
2013-05-02 01:00:00+00:00,192.94046020507812
2013-05-02 02:00:00+00:00,184.671875
2013-05-02 03:00:00+00:00,167.74783325195312
2013-05-02 04:00:00+00:00,181.84364318847656
2013-05-02 05:00:00+00:00,316.87542724609375
2013-05-02 06:00:00+00:00,1352.0743408203125
2013-05-02 07:00:00+00:00,586.2445678710938
2013-05-02 08:00:00+00:00,329.4713134765625
2013-05-02 09:00:00+00:00,355.74652099609375
2013-05-02 10:00:00+00:00,390.92919921875
2013-05-02 11:00:00+00:00,352.3814392089844
2013-05-02 12:00:00+00:00,333.5927734375
2013-05-02 13:00:00+00:00,418.63177490234375
2013-05-02 14:00:00+00:00,322.71453857421875
2013-05-02 15:00:00+00:00,350.13787841796875
2013-05-02 16:00:00+00:00,872.1788940429688
2013-05-02 17:00:00+00:00,648.4332275390625
2013-05-02 18:00:00+00:00,476.2013854980469
2013-05-02 19:00:00+00:00,434.72137451171875
2013-05-02 20:00:00+00:00,410.2274169921875
2013-05-02 21:00:00+00:00,252.39895629882812
2013-05-02 22:00:00+00:00,198.9040069580078
2013-05-02 23:00:00+00:00,169.26177978515625
2013-05-03 00:00:00+00:00,176.4862060546875
2013-05-03 01:00:00+00:00,167.26470947265625
2013-05-03 02:00:00+00:00,165.14634704589844
2013-05-03 03:00:00+00:00,186.0191650390625
2013-05-03 04:00:00+00:00,181.8606719970703
2013-05-03 05:00:00+00:00,256.01409912109375
2013-05-03 06:00:00+00:00,327.59246826171875
2013-05-03 07:00:00+00:00,371.38897705078125
2013-05-03 08:00:00+00:00,247.22586059570312
2013-05-03 09:00:00+00:00,191.96881103515625
2013-05-03 10:00:00+00:00,254.5839080810547
2013-05-03 11:00:00+00:00,209.6118621826172
2013-05-03 12:00:00+00:00,213.0984649658203
2013-05-03 13:00:00+00:00,189.4145050048828
2013-05-03 14:00:00+00:00,213.93685913085938
2013-05-03 15:00:00+00:00,188.1921844482422
2013-05-03 16:00:00+00:00,325.1906433105469
2013-05-03 17:00:00+00:00,1062.746826171875
2013-05-03 18:00:00+00:00,766.9259643554688
2013-05-03 19:00:00+00:00,414.82989501953125
2013-05-03 20:00:00+00:00,393.297119140625
2013-05-03 21:00:00+00:00,233.71575927734375
2013-05-03 22:00:00+00:00,216.8590850830078
2013-05-03 23:00:00+00:00,179.45315551757812
2013-05-04 00:00:00+00:00,196.51438903808594
2013-05-04 01:00:00+00:00,210.536376953125
2013-05-04 02:00:00+00:00,203.75856018066406
2013-05-04 03:00:00+00:00,166.7815704345703
2013-05-04 04:00:00+00:00,180.25645446777344
2013-05-04 05:00:00+00:00,173.27194213867188
2013-05-04 06:00:00+00:00,365.606689453125
2013-05-04 07:00:00+00:00,443.67724609375
2013-05-04 08:00:00+00:00,246.2552032470703
2013-05-04 09:00:00+00:00,215.1001739501953
2013-05-04 10:00:00+00:00,216.32992553710938
2013-05-04 11:00:00+00:00,259.82373046875
2013-05-04 12:00:00+00:00,208.27749633789062
2013-05-04 13:00:00+00:00,302.4642333984375
2013-05-04 14:00:00+00:00,239.0836181640625
2013-05-04 15:00:00+00:00,236.39100646972656
2013-05-04 16:00:00+00:00,237.94227600097656
2013-05-04 17:00:00+00:00,380.368408203125
2013-05-04 18:00:00+00:00,927.300537109375
2013-05-04 19:00:00+00:00,314.29302978515625
2013-05-04 20:00:00+00:00,361.6098937988281
2013-05-04 21:00:00+00:00,376.222412109375
2013-05-04 22:00:00+00:00,624.4329833984375
2013-05-04 23:00:00+00:00,706.2611083984375
2013-05-05 00:00:00+00:00,165.57118225097656
2013-05-05 01:00:00+00:00,181.55213928222656
2013-05-05 02:00:00+00:00,167.9915008544922
2013-05-05 03:00:00+00:00,163.84616088867188
2013-05-05 04:00:00+00:00,182.68063354492188
2013-05-05 05:00:00+00:00,172.76910400390625
2013-05-05 06:00:00+00:00,413.42022705078125
2013-05-05 07:00:00+00:00,299.00689697265625
2013-05-05 08:00:00+00:00,376.8611145019531
2013-05-05 09:00:00+00:00,190.76182556152344
2013-05-05 10:00:00+00:00,1978.953857421875
2013-05-05 11:00:00+00:00,861.5996704101562
2013-05-05 12:00:00+00:00,318.9365234375
2013-05-05 13:00:00+00:00,234.56729125976562
2013-05-05 14:00:00+00:00,241.97457885742188
2013-05-05 15:00:00+00:00,203.0983123779297
2013-05-05 16:00:00+00:00,179.8832550048828
2013-05-05 17:00:00+00:00,171.6351318359375
2013-05-05 18:00:00+00:00,549.13818359375
2013-05-05 19:00:00+00:00,898.4808959960938
2013-05-05 20:00:00+00:00,518.494873046875
2013-05-05 21:00:00+00:00,427.911865234375
2013-05-05 22:00:00+00:00,212.20376586914062
2013-05-05 23:00:00+00:00,179.6797332763672
2013-05-06 00:00:00+00:00,170.41116333007812
2013-05-06 01:00:00+00:00,165.80616760253906
2013-05-06 02:00:00+00:00,185.95068359375
2013-05-06 03:00:00+00:00,163.03395080566406
2013-05-06 04:00:00+00:00,182.0836181640625
2013-05-06 05:00:00+00:00,184.06112670898438
2013-05-06 06:00:00+00:00,531.134765625
2013-05-06 07:00:00+00:00,228.02537536621094
2013-05-06 08:00:00+00:00,241.38290405273438
2013-05-06 09:00:00+00:00,212.1505889892578
2013-05-06 10:00:00+00:00,190.1914520263672
2013-05-06 11:00:00+00:00,218.03390502929688
2013-05-06 12:00:00+00:00,215.235595703125
2013-05-06 13:00:00+00:00,243.31399536132812
2013-05-06 14:00:00+00:00,186.98472595214844
2013-05-06 15:00:00+00:00,206.01698303222656
2013-05-06 16:00:00+00:00,193.0689697265625
2013-05-06 17:00:00+00:00,298.24444580078125
2013-05-06 18:00:00+00:00,279.6230773925781
2013-05-06 19:00:00+00:00,328.9575500488281
2013-05-06 20:00:00+00:00,646.7469482421875
2013-05-06 21:00:00+00:00,487.9537658691406
2013-05-06 22:00:00+00:00,451.3350524902344
2013-05-06 23:00:00+00:00,216.0531768798828
2013-05-07 00:00:00+00:00,164.3762664794922
2013-05-07 01:00:00+00:00,183.3648681640625
2013-05-07 02:00:00+00:00,163.54159545898438
2013-05-07 03:00:00+00:00,218.22393798828125
2013-05-07 04:00:00+00:00,179.58544921875
2013-05-07 05:00:00+00:00,237.96917724609375
2013-05-07 06:00:00+00:00,293.1056213378906
2013-05-07 07:00:00+00:00,187.70578002929688
2013-05-07 08:00:00+00:00,189.83871459960938
2013-05-07 09:00:00+00:00,213.70497131347656
2013-05-07 10:00:00+00:00,211.5621795654297
2013-05-07 11:00:00+00:00,245.10427856445312
2013-05-07 12:00:00+00:00,235.35678100585938
2013-05-07 13:00:00+00:00,207.02926635742188
2013-05-07 14:00:00+00:00,169.22146606445312
2013-05-07 15:00:00+00:00,263.9363098144531
2013-05-07 16:00:00+00:00,208.70364379882812
2013-05-07 17:00:00+00:00,270.0516357421875
2013-05-07 18:00:00+00:00,239.73756408691406
2013-05-07 19:00:00+00:00,243.92308044433594
2013-05-07 20:00:00+00:00,456.21820068359375
2013-05-07 21:00:00+00:00,447.3863220214844
2013-05-07 22:00:00+00:00,263.5538330078125
2013-05-07 23:00:00+00:00,186.68150329589844
2013-05-08 00:00:00+00:00,186.9353790283203
2013-05-08 01:00:00+00:00,167.8268280029297
2013-05-08 02:00:00+00:00,221.28305053710938
2013-05-08 03:00:00+00:00,179.7938690185547
2013-05-08 04:00:00+00:00,183.18942260742188
2013-05-08 05:00:00+00:00,401.6382141113281
2013-05-08 06:00:00+00:00,326.36102294921875
2013-05-08 07:00:00+00:00,329.44940185546875
2013-05-08 08:00:00+00:00,414.19049072265625
2013-05-08 09:00:00+00:00,333.77197265625
2013-05-08 10:00:00+00:00,344.6405334472656
2013-05-08 11:00:00+00:00,333.38330078125
2013-05-08 12:00:00+00:00,463.2627868652344
2013-05-08 13:00:00+00:00,309.4224853515625
2013-05-08 14:00:00+00:00,321.4285583496094
2013-05-08 15:00:00+00:00,378.98309326171875
2013-05-08 16:00:00+00:00,327.8890686035156
2013-05-08 17:00:00+00:00,350.8163146972656
2013-05-08 18:00:00+00:00,409.722900390625
2013-05-08 19:00:00+00:00,352.17767333984375
2013-05-08 20:00:00+00:00,368.3441162109375
2013-05-08 21:00:00+00:00,423.1042785644531
2013-05-08 22:00:00+00:00,216.40374755859375
2013-05-08 23:00:00+00:00,172.89796447753906
2013-05-09 00:00:00+00:00,165.26370239257812
2013-05-09 01:00:00+00:00,169.6859130859375
2013-05-09 02:00:00+00:00,162.3412628173828
2013-05-09 03:00:00+00:00,169.29603576660156
2013-05-09 04:00:00+00:00,158.25506591796875
2013-05-09 05:00:00+00:00,181.24957275390625
2013-05-09 06:00:00+00:00,159.7244873046875
2013-05-09 07:00:00+00:00,336.82586669921875
2013-05-09 08:00:00+00:00,315.1243591308594
2013-05-09 09:00:00+00:00,361.7286682128906
2013-05-09 10:00:00+00:00,319.15869140625
2013-05-09 11:00:00+00:00,347.75469970703125
2013-05-09 12:00:00+00:00,479.174072265625
2013-05-09 13:00:00+00:00,394.2901611328125
2013-05-09 14:00:00+00:00,349.6791687011719
2013-05-09 15:00:00+00:00,340.2436218261719
2013-05-09 16:00:00+00:00,316.0194091796875
2013-05-09 17:00:00+00:00,192.7747039794922
2013-05-09 18:00:00+00:00,203.81881713867188
2013-05-09 19:00:00+00:00,191.9034423828125
2013-05-09 20:00:00+00:00,174.33682250976562
2013-05-09 21:00:00+00:00,174.3013916015625
2013-05-09 22:00:00+00:00,206.08477783203125
2013-05-09 23:00:00+00:00,211.65631103515625
2013-05-10 00:00:00+00:00,181.41651916503906
2013-05-10 01:00:00+00:00,158.9635467529297
2013-05-10 02:00:00+00:00,173.69895935058594
2013-05-10 03:00:00+00:00,163.9930877685547
2013-05-10 04:00:00+00:00,153.23793029785156
2013-05-10 05:00:00+00:00,181.20997619628906
2013-05-10 06:00:00+00:00,159.45077514648438
2013-05-10 07:00:00+00:00,332.4620666503906
2013-05-10 08:00:00+00:00,212.8411102294922
2013-05-10 09:00:00+00:00,351.5634765625
2013-05-10 10:00:00+00:00,314.20556640625
2013-05-10 11:00:00+00:00,462.0604553222656
2013-05-10 12:00:00+00:00,605.9454956054688
2013-05-10 13:00:00+00:00,404.9283142089844
2013-05-10 14:00:00+00:00,428.63916015625
2013-05-10 15:00:00+00:00,350.9123840332031
2013-05-10 16:00:00+00:00,295.2349853515625
2013-05-10 17:00:00+00:00,180.2650604248047
2013-05-10 18:00:00+00:00,272.3592529296875
2013-05-10 19:00:00+00:00,393.7915954589844
2013-05-10 20:00:00+00:00,1585.183349609375
2013-05-10 21:00:00+00:00,877.2273559570312
2013-05-10 22:00:00+00:00,250.75344848632812
2013-05-10 23:00:00+00:00,174.10824584960938
2013-05-11 00:00:00+00:00,163.85511779785156
2013-05-11 01:00:00+00:00,176.11611938476562
2013-05-11 02:00:00+00:00,159.7329864501953
2013-05-11 03:00:00+00:00,169.66261291503906
2013-05-11 04:00:00+00:00,190.8000030517578
2013-05-11 05:00:00+00:00,191.44097900390625
2013-05-11 06:00:00+00:00,170.84402465820312
2013-05-11 07:00:00+00:00,375.73944091796875
2013-05-11 08:00:00+00:00,280.4661865234375
2013-05-11 09:00:00+00:00,197.04347229003906
2013-05-11 10:00:00+00:00,287.10601806640625
2013-05-11 11:00:00+00:00,1104.1331787109375
2013-05-11 12:00:00+00:00,643.3678588867188
2013-05-11 13:00:00+00:00,540.7422485351562
2013-05-11 14:00:00+00:00,884.5365600585938
2013-05-11 15:00:00+00:00,872.6145629882812
2013-05-11 16:00:00+00:00,532.461669921875
2013-05-11 17:00:00+00:00,511.55499267578125
2013-05-11 18:00:00+00:00,479.0050964355469
2013-05-11 19:00:00+00:00,424.16583251953125
2013-05-11 20:00:00+00:00,444.37841796875
2013-05-11 21:00:00+00:00,272.6972351074219
2013-05-11 22:00:00+00:00,176.6609649658203
2013-05-11 23:00:00+00:00,184.5899658203125
2013-05-12 00:00:00+00:00,185.2958526611328
2013-05-12 01:00:00+00:00,175.54180908203125
2013-05-12 02:00:00+00:00,179.68760681152344
2013-05-12 03:00:00+00:00,166.17788696289062
2013-05-12 04:00:00+00:00,166.14956665039062
2013-05-12 05:00:00+00:00,197.35069274902344
2013-05-12 06:00:00+00:00,210.33969116210938
2013-05-12 07:00:00+00:00,268.7720947265625
2013-05-12 08:00:00+00:00,404.1717834472656
2013-05-12 09:00:00+00:00,209.88204956054688
2013-05-12 10:00:00+00:00,252.53819274902344
2013-05-12 11:00:00+00:00,212.63958740234375
2013-05-12 12:00:00+00:00,194.92845153808594
2013-05-12 13:00:00+00:00,203.7831268310547
2013-05-12 14:00:00+00:00,242.43739318847656
2013-05-12 15:00:00+00:00,187.71572875976562
2013-05-12 16:00:00+00:00,263.63372802734375
2013-05-12 17:00:00+00:00,1942.5609130859375
2013-05-12 18:00:00+00:00,615.3759155273438
2013-05-12 19:00:00+00:00,424.21881103515625
2013-05-12 20:00:00+00:00,412.9881286621094
2013-05-12 21:00:00+00:00,330.68243408203125
2013-05-12 22:00:00+00:00,197.8620147705078
2013-05-12 23:00:00+00:00,180.03578186035156
2013-05-13 00:00:00+00:00,185.8641815185547
2013-05-13 01:00:00+00:00,231.7167510986328
2013-05-13 02:00:00+00:00,184.0757293701172
2013-05-13 03:00:00+00:00,177.82452392578125
2013-05-13 04:00:00+00:00,178.01551818847656
2013-05-13 05:00:00+00:00,197.06724548339844
2013-05-13 06:00:00+00:00,257.79486083984375
2013-05-13 07:00:00+00:00,413.2398681640625
2013-05-13 08:00:00+00:00,199.4476776123047
2013-05-13 09:00:00+00:00,241.3418731689453
2013-05-13 10:00:00+00:00,196.41017150878906
2013-05-13 11:00:00+00:00,224.69882202148438
2013-05-13 12:00:00+00:00,206.48370361328125
2013-05-13 13:00:00+00:00,214.3091583251953
2013-05-13 14:00:00+00:00,197.9398651123047
2013-05-13 15:00:00+00:00,454.0617370605469
2013-05-13 16:00:00+00:00,248.44406127929688
2013-05-13 17:00:00+00:00,216.80445861816406
2013-05-13 18:00:00+00:00,215.1560821533203
2013-05-13 19:00:00+00:00,550.86474609375
2013-05-13 20:00:00+00:00,538.7337036132812
2013-05-13 21:00:00+00:00,635.8936767578125
2013-05-13 22:00:00+00:00,344.4603576660156
2013-05-13 23:00:00+00:00,283.5165100097656
2013-05-14 00:00:00+00:00,248.15663146972656
2013-05-14 01:00:00+00:00,232.62673950195312
2013-05-14 02:00:00+00:00,226.0207977294922
2013-05-14 03:00:00+00:00,213.9276885986328
2013-05-14 04:00:00+00:00,211.99655151367188
2013-05-14 05:00:00+00:00,245.54339599609375
2013-05-14 06:00:00+00:00,251.12152099609375
2013-05-14 07:00:00+00:00,496.0036315917969
2013-05-14 08:00:00+00:00,597.9439697265625
2013-05-14 09:00:00+00:00,357.01214599609375
2013-05-14 10:00:00+00:00,501.1971435546875
2013-05-14 11:00:00+00:00,418.8741149902344
2013-05-14 12:00:00+00:00,298.6131286621094
2013-05-14 13:00:00+00:00,306.1111145019531
2013-05-14 14:00:00+00:00,486.6624450683594
2013-05-14 15:00:00+00:00,381.460205078125
2013-05-14 16:00:00+00:00,353.70465087890625
2013-05-14 17:00:00+00:00,443.60595703125
2013-05-14 18:00:00+00:00,356.001708984375
2013-05-14 19:00:00+00:00,449.58502197265625
2013-05-14 20:00:00+00:00,548.814453125
2013-05-14 21:00:00+00:00,1006.3829956054688
2013-05-14 22:00:00+00:00,738.7647094726562
2013-05-14 23:00:00+00:00,300.8373718261719
2013-05-15 00:00:00+00:00,224.2366180419922
2013-05-15 01:00:00+00:00,196.359375
2013-05-15 02:00:00+00:00,234.75172424316406
2013-05-15 03:00:00+00:00,174.57342529296875
2013-05-15 04:00:00+00:00,351.2877197265625
2013-05-15 05:00:00+00:00,382.3944091796875
2013-05-15 06:00:00+00:00,445.84478759765625
2013-05-15 07:00:00+00:00,475.824462890625
2013-05-15 08:00:00+00:00,460.83966064453125
2013-05-15 09:00:00+00:00,314.019287109375
2013-05-15 10:00:00+00:00,326.6707458496094
2013-05-15 11:00:00+00:00,365.2587890625
2013-05-15 12:00:00+00:00,580.1778564453125
2013-05-15 13:00:00+00:00,504.3345031738281
2013-05-15 14:00:00+00:00,310.18182373046875
2013-05-15 15:00:00+00:00,285.7569580078125
2013-05-15 16:00:00+00:00,392.89190673828125
2013-05-15 17:00:00+00:00,461.5412902832031
2013-05-15 18:00:00+00:00,516.9650268554688
2013-05-15 19:00:00+00:00,561.4840698242188
2013-05-15 20:00:00+00:00,526.874755859375
2013-05-15 21:00:00+00:00,529.9171142578125
2013-05-15 22:00:00+00:00,262.0431823730469
2013-05-15 23:00:00+00:00,234.1808624267578
2013-05-16 00:00:00+00:00,256.1315002441406
2013-05-16 01:00:00+00:00,230.74652099609375
2013-05-16 02:00:00+00:00,253.69151306152344
2013-05-16 03:00:00+00:00,290.59234619140625
2013-05-16 04:00:00+00:00,226.3032989501953
2013-05-16 05:00:00+00:00,272.4483337402344
2013-05-16 06:00:00+00:00,582.3644409179688
2013-05-16 07:00:00+00:00,649.5282592773438
2013-05-16 08:00:00+00:00,419.7919616699219
2013-05-16 09:00:00+00:00,359.35662841796875
2013-05-16 10:00:00+00:00,349.84417724609375
2013-05-16 11:00:00+00:00,431.24957275390625
2013-05-16 12:00:00+00:00,272.83563232421875
2013-05-16 13:00:00+00:00,292.40948486328125
2013-05-16 14:00:00+00:00,256.4505920410156
2013-05-16 15:00:00+00:00,288.72021484375
2013-05-16 16:00:00+00:00,549.3123779296875
2013-05-16 17:00:00+00:00,1158.38525390625
2013-05-16 18:00:00+00:00,735.2171630859375
2013-05-16 19:00:00+00:00,395.43426513671875
2013-05-16 20:00:00+00:00,566.3428955078125
2013-05-16 21:00:00+00:00,483.4275817871094
2013-05-16 22:00:00+00:00,261.3989562988281
2013-05-16 23:00:00+00:00,255.9842987060547
2013-05-17 00:00:00+00:00,247.03677368164062
2013-05-17 01:00:00+00:00,248.93450927734375
2013-05-17 02:00:00+00:00,243.61483764648438
2013-05-17 03:00:00+00:00,248.4419403076172
2013-05-17 04:00:00+00:00,242.1837158203125
2013-05-17 05:00:00+00:00,268.25262451171875
2013-05-17 06:00:00+00:00,296.60809326171875
2013-05-17 07:00:00+00:00,624.11767578125
2013-05-17 08:00:00+00:00,532.5156860351562
2013-05-17 09:00:00+00:00,413.3061828613281
2013-05-17 10:00:00+00:00,376.5565185546875
2013-05-17 11:00:00+00:00,370.1007080078125
2013-05-17 12:00:00+00:00,561.0548706054688
2013-05-17 13:00:00+00:00,364.3882141113281
2013-05-17 14:00:00+00:00,378.41070556640625
2013-05-17 15:00:00+00:00,408.4303283691406
2013-05-17 16:00:00+00:00,359.5411682128906
2013-05-17 17:00:00+00:00,455.257080078125
2013-05-17 18:00:00+00:00,377.4130859375
2013-05-17 19:00:00+00:00,388.4825134277344
2013-05-17 20:00:00+00:00,602.710693359375
2013-05-17 21:00:00+00:00,538.0999755859375
2013-05-17 22:00:00+00:00,347.2464904785156
2013-05-17 23:00:00+00:00,336.2134094238281
2013-05-18 00:00:00+00:00,283.03460693359375
2013-05-18 01:00:00+00:00,260.8492126464844
2013-05-18 02:00:00+00:00,288.3622131347656
2013-05-18 03:00:00+00:00,262.6236877441406
2013-05-18 04:00:00+00:00,286.5158386230469
2013-05-18 05:00:00+00:00,601.8894653320312
2013-05-18 06:00:00+00:00,284.0086364746094
2013-05-18 07:00:00+00:00,496.6956481933594
2013-05-18 08:00:00+00:00,478.1950378417969
2013-05-18 09:00:00+00:00,2178.85791015625
2013-05-18 10:00:00+00:00,1029.9512939453125
2013-05-18 11:00:00+00:00,533.8660888671875
2013-05-18 12:00:00+00:00,641.0792846679688
2013-05-18 13:00:00+00:00,442.4473571777344
2013-05-18 14:00:00+00:00,333.323486328125
2013-05-18 15:00:00+00:00,332.1097412109375
2013-05-18 16:00:00+00:00,244.47303771972656
2013-05-18 17:00:00+00:00,562.0288696289062
2013-05-18 18:00:00+00:00,283.8958435058594
2013-05-18 19:00:00+00:00,289.29461669921875
2013-05-18 20:00:00+00:00,350.2161560058594
2013-05-18 21:00:00+00:00,463.21441650390625
2013-05-18 22:00:00+00:00,212.12042236328125
2013-05-18 23:00:00+00:00,191.88888549804688
2013-05-19 00:00:00+00:00,166.77447509765625
2013-05-19 01:00:00+00:00,178.0142059326172
2013-05-19 02:00:00+00:00,167.7891082763672
2013-05-19 03:00:00+00:00,164.31643676757812
2013-05-19 04:00:00+00:00,184.15744018554688
2013-05-19 05:00:00+00:00,230.9041748046875
2013-05-19 06:00:00+00:00,237.158447265625
2013-05-19 07:00:00+00:00,455.6679382324219
2013-05-19 08:00:00+00:00,332.824951171875
2013-05-19 09:00:00+00:00,339.2573547363281
2013-05-19 10:00:00+00:00,421.4450378417969
2013-05-19 11:00:00+00:00,368.11572265625
2013-05-19 12:00:00+00:00,588.8103637695312
2013-05-19 13:00:00+00:00,1675.6702880859375
2013-05-19 14:00:00+00:00,499.52166748046875
2013-05-19 15:00:00+00:00,346.75897216796875
2013-05-19 16:00:00+00:00,420.27978515625
2013-05-19 17:00:00+00:00,967.2657470703125
2013-05-19 18:00:00+00:00,1074.50634765625
2013-05-19 19:00:00+00:00,540.9807739257812
2013-05-19 20:00:00+00:00,447.11505126953125
2013-05-19 21:00:00+00:00,288.3091125488281
2013-05-19 22:00:00+00:00,252.62628173828125
2013-05-19 23:00:00+00:00,189.147705078125
2013-05-20 00:00:00+00:00,177.33963012695312
2013-05-20 01:00:00+00:00,168.05372619628906
2013-05-20 02:00:00+00:00,174.44940185546875
2013-05-20 03:00:00+00:00,176.0761260986328
2013-05-20 04:00:00+00:00,164.76791381835938
2013-05-20 05:00:00+00:00,200.14410400390625
2013-05-20 06:00:00+00:00,316.3785705566406
2013-05-20 07:00:00+00:00,284.3072814941406
2013-05-20 08:00:00+00:00,341.32464599609375
2013-05-20 09:00:00+00:00,260.4413757324219
2013-05-20 10:00:00+00:00,397.4634094238281
2013-05-20 11:00:00+00:00,506.68157958984375
2013-05-20 12:00:00+00:00,369.456298828125
2013-05-20 13:00:00+00:00,196.21551513671875
2013-05-20 14:00:00+00:00,175.26551818847656
2013-05-20 15:00:00+00:00,193.23275756835938
2013-05-20 16:00:00+00:00,293.02960205078125
2013-05-20 17:00:00+00:00,539.4913940429688
2013-05-20 18:00:00+00:00,658.3986206054688
2013-05-20 19:00:00+00:00,750.5059814453125
2013-05-20 20:00:00+00:00,704.0947265625
2013-05-20 21:00:00+00:00,604.4088134765625
2013-05-20 22:00:00+00:00,741.9366455078125
2013-05-20 23:00:00+00:00,829.4605102539062
2013-05-21 00:00:00+00:00,254.18026733398438
2013-05-21 01:00:00+00:00,273.0779724121094
2013-05-21 02:00:00+00:00,262.8423767089844
2013-05-21 03:00:00+00:00,235.32876586914062
2013-05-21 04:00:00+00:00,253.5736083984375
2013-05-21 05:00:00+00:00,251.18771362304688
2013-05-21 06:00:00+00:00,256.9790344238281
2013-05-21 07:00:00+00:00,244.8068389892578
2013-05-21 08:00:00+00:00,566.8519897460938
2013-05-21 09:00:00+00:00,982.3653564453125
2013-05-21 10:00:00+00:00,537.302978515625
2013-05-21 11:00:00+00:00,340.71527099609375
2013-05-21 12:00:00+00:00,565.4692993164062
2013-05-21 13:00:00+00:00,1061.3631591796875
2013-05-21 14:00:00+00:00,553.5106811523438
2013-05-21 15:00:00+00:00,360.5617370605469
2013-05-21 16:00:00+00:00,407.1128234863281
2013-05-21 17:00:00+00:00,466.5123291015625
2013-05-21 18:00:00+00:00,368.6260986328125
2013-05-21 19:00:00+00:00,533.5787353515625
2013-05-21 20:00:00+00:00,499.5652770996094
2013-05-21 21:00:00+00:00,320.6333923339844
2013-05-21 22:00:00+00:00,262.7357482910156
2013-05-21 23:00:00+00:00,242.82955932617188
2013-05-22 00:00:00+00:00,249.50086975097656
2013-05-22 01:00:00+00:00,217.25086975097656
2013-05-22 02:00:00+00:00,221.53900146484375
2013-05-22 03:00:00+00:00,235.83737182617188
2013-05-22 04:00:00+00:00,217.16348266601562
2013-05-22 05:00:00+00:00,261.8758544921875
2013-05-22 06:00:00+00:00,371.0514221191406
2013-05-22 07:00:00+00:00,416.5215759277344
2013-05-22 08:00:00+00:00,240.21913146972656
2013-05-22 09:00:00+00:00,173.5407257080078
2013-05-22 10:00:00+00:00,190.2644500732422
2013-05-22 11:00:00+00:00,276.1368408203125
2013-05-22 12:00:00+00:00,213.50787353515625
2013-05-22 13:00:00+00:00,217.66551208496094
2013-05-22 14:00:00+00:00,177.2547607421875
2013-05-22 15:00:00+00:00,204.48426818847656
2013-05-22 16:00:00+00:00,415.763427734375
2013-05-22 17:00:00+00:00,365.55596923828125
2013-05-22 18:00:00+00:00,192.8697967529297
2013-05-22 19:00:00+00:00,234.2020721435547
2013-05-22 20:00:00+00:00,329.74957275390625
2013-05-22 21:00:00+00:00,831.2945556640625
2013-05-22 22:00:00+00:00,481.4648742675781
2013-05-22 23:00:00+00:00,409.16058349609375
2013-05-23 00:00:00+00:00,168.8433074951172
2013-05-23 01:00:00+00:00,153.95574951171875
2013-05-23 02:00:00+00:00,174.51556396484375
2013-05-23 03:00:00+00:00,155.12936401367188
2013-05-23 04:00:00+00:00,399.48828125
2013-05-23 05:00:00+00:00,172.1480255126953
2013-05-23 06:00:00+00:00,154.97564697265625
2013-05-23 07:00:00+00:00,194.20547485351562
2013-05-23 08:00:00+00:00,181.84588623046875
2013-05-23 09:00:00+00:00,167.66261291503906
2013-05-23 10:00:00+00:00,197.3734893798828
2013-05-23 11:00:00+00:00,166.73594665527344
2013-05-23 12:00:00+00:00,206.47840881347656
2013-05-23 13:00:00+00:00,201.49314880371094
2013-05-23 14:00:00+00:00,152.73333740234375
2013-05-23 15:00:00+00:00,176.09059143066406
2013-05-23 16:00:00+00:00,199.26976013183594
2013-05-23 17:00:00+00:00,180.99484252929688
2013-05-23 18:00:00+00:00,171.7025604248047
2013-05-23 19:00:00+00:00,159.24485778808594
2013-05-23 20:00:00+00:00,150.1751708984375
2013-05-23 21:00:00+00:00,179.67234802246094
2013-05-23 22:00:00+00:00,153.5357208251953
2013-05-23 23:00:00+00:00,153.40272521972656
2013-05-24 00:00:00+00:00,163.7938690185547
2013-05-24 01:00:00+00:00,137.35484313964844
2013-05-24 02:00:00+00:00,137.05404663085938
2013-05-24 03:00:00+00:00,168.52622985839844
2013-05-24 04:00:00+00:00,180.63851928710938
2013-05-24 05:00:00+00:00,151.63912963867188
2013-05-24 06:00:00+00:00,175.79966735839844
2013-05-24 07:00:00+00:00,144.98484802246094
2013-05-24 08:00:00+00:00,153.46218872070312
2013-05-24 09:00:00+00:00,164.0
2013-05-24 10:00:00+00:00,154.4537811279297
2013-05-24 11:00:00+00:00,138.89813232421875
2013-05-24 12:00:00+00:00,163.06565856933594
2013-05-24 13:00:00+00:00,138.5041961669922
2013-05-24 14:00:00+00:00,144.0654296875
2013-05-24 15:00:00+00:00,174.6426239013672
2013-05-24 16:00:00+00:00,157.29530334472656
2013-05-24 17:00:00+00:00,152.75839233398438
2013-05-24 18:00:00+00:00,190.71189880371094
2013-05-24 19:00:00+00:00,211.98992919921875
2013-05-24 20:00:00+00:00,176.97157287597656
2013-05-24 21:00:00+00:00,187.99664306640625
2013-05-24 22:00:00+00:00,199.63282775878906
2013-05-24 23:00:00+00:00,155.9480743408203
2013-05-25 00:00:00+00:00,142.79563903808594
2013-05-25 01:00:00+00:00,150.04690551757812
2013-05-25 02:00:00+00:00,134.32382202148438
2013-05-25 03:00:00+00:00,136.06532287597656
2013-05-25 04:00:00+00:00,147.52862548828125
2013-05-25 05:00:00+00:00,169.84254455566406
2013-05-25 06:00:00+00:00,156.5503387451172
2013-05-25 07:00:00+00:00,153.65997314453125
2013-05-25 08:00:00+00:00,204.29830932617188
2013-05-25 09:00:00+00:00,224.92630004882812
2013-05-25 10:00:00+00:00,173.57647705078125
2013-05-25 11:00:00+00:00,186.79124450683594
2013-05-25 12:00:00+00:00,172.16554260253906
2013-05-25 13:00:00+00:00,159.1976318359375
2013-05-25 14:00:00+00:00,191.42398071289062
2013-05-25 15:00:00+00:00,175.0287628173828
2013-05-25 16:00:00+00:00,170.5726318359375
2013-05-25 17:00:00+00:00,201.20338439941406
2013-05-25 18:00:00+00:00,172.12542724609375
2013-05-25 19:00:00+00:00,149.2699432373047
2013-05-25 20:00:00+00:00,165.5084686279297
2013-05-25 21:00:00+00:00,153.73898315429688
2013-05-25 22:00:00+00:00,152.2876434326172
2013-05-25 23:00:00+00:00,171.345703125
2013-05-26 00:00:00+00:00,196.3260498046875
2013-05-26 01:00:00+00:00,137.15798950195312
2013-05-26 02:00:00+00:00,148.7929229736328
2013-05-26 03:00:00+00:00,142.28067016601562
2013-05-26 04:00:00+00:00,145.75209045410156
2013-05-26 05:00:00+00:00,156.263427734375
2013-05-26 06:00:00+00:00,173.0369110107422
2013-05-26 07:00:00+00:00,147.0554656982422
2013-05-26 08:00:00+00:00,177.88026428222656
2013-05-26 09:00:00+00:00,190.64846801757812
2013-05-26 10:00:00+00:00,178.4854278564453
2013-05-26 11:00:00+00:00,167.35702514648438
2013-05-26 12:00:00+00:00,188.70558166503906
2013-05-26 13:00:00+00:00,162.8563995361328
2013-05-26 14:00:00+00:00,182.4415283203125
2013-05-26 15:00:00+00:00,231.40602111816406
2013-05-26 16:00:00+00:00,176.2216339111328
2013-05-26 17:00:00+00:00,206.6554718017578
2013-05-26 18:00:00+00:00,161.9913787841797
2013-05-26 19:00:00+00:00,151.2438201904297
2013-05-26 20:00:00+00:00,165.3013916015625
2013-05-26 21:00:00+00:00,155.27777099609375
2013-05-26 22:00:00+00:00,160.5809783935547
2013-05-26 23:00:00+00:00,171.12478637695312
2013-05-27 00:00:00+00:00,138.8356475830078
2013-05-27 01:00:00+00:00,153.36851501464844
2013-05-27 02:00:00+00:00,137.6460418701172
2013-05-27 03:00:00+00:00,137.7182159423828
2013-05-27 04:00:00+00:00,169.31849670410156
2013-05-27 05:00:00+00:00,174.98451232910156
2013-05-27 06:00:00+00:00,181.51800537109375
2013-05-27 07:00:00+00:00,162.5865020751953
2013-05-27 08:00:00+00:00,173.1645965576172
2013-05-27 09:00:00+00:00,173.3693389892578
2013-05-27 10:00:00+00:00,193.88870239257812
2013-05-27 11:00:00+00:00,167.8235321044922
2013-05-27 12:00:00+00:00,196.91403198242188
2013-05-27 13:00:00+00:00,142.50514221191406
2013-05-27 14:00:00+00:00,145.578125
2013-05-27 15:00:00+00:00,160.7652130126953
2013-05-27 16:00:00+00:00,151.85910034179688
2013-05-27 17:00:00+00:00,177.96881103515625
2013-05-27 18:00:00+00:00,166.81044006347656
2013-05-27 19:00:00+00:00,165.6170196533203
2013-05-27 20:00:00+00:00,254.72348022460938
2013-05-27 21:00:00+00:00,175.29913330078125
2013-05-27 22:00:00+00:00,177.26950073242188
2013-05-27 23:00:00+00:00,157.73611450195312
2013-05-28 00:00:00+00:00,148.63368225097656
2013-05-28 01:00:00+00:00,148.80458068847656
2013-05-28 02:00:00+00:00,138.3000030517578
2013-05-28 03:00:00+00:00,158.0
2013-05-28 04:00:00+00:00,147.701904296875
2013-05-28 05:00:00+00:00,157.89576721191406
2013-05-28 06:00:00+00:00,170.24868774414062
2013-05-28 07:00:00+00:00,144.961669921875
2013-05-28 08:00:00+00:00,178.14715576171875
2013-05-28 09:00:00+00:00,145.26829528808594
2013-05-28 10:00:00+00:00,151.20526123046875
2013-05-28 11:00:00+00:00,179.37088012695312
2013-05-28 12:00:00+00:00,164.9982452392578
2013-05-28 13:00:00+00:00,140.87301635742188
2013-05-28 14:00:00+00:00,163.5388641357422
2013-05-28 15:00:00+00:00,150.73684692382812
2013-05-28 16:00:00+00:00,153.859130859375
2013-05-28 17:00:00+00:00,171.18576049804688
2013-05-28 18:00:00+00:00,162.05052185058594
2013-05-28 19:00:00+00:00,231.3368377685547
2013-05-28 20:00:00+00:00,211.8963165283203
2013-05-28 21:00:00+00:00,186.7172393798828
2013-05-28 22:00:00+00:00,181.20623779296875
2013-05-28 23:00:00+00:00,157.9222869873047
2013-05-29 00:00:00+00:00,146.54339599609375
2013-05-29 01:00:00+00:00,177.2123260498047
2013-05-29 02:00:00+00:00,170.8439178466797
2013-05-29 03:00:00+00:00,147.43447875976562
2013-05-29 04:00:00+00:00,155.53662109375
2013-05-29 05:00:00+00:00,153.11395263671875
2013-05-29 06:00:00+00:00,183.79759216308594
2013-05-29 07:00:00+00:00,156.83447265625
2013-05-29 08:00:00+00:00,218.81600952148438
2013-05-29 09:00:00+00:00,177.38014221191406
2013-05-29 10:00:00+00:00,154.76910400390625
2013-05-29 11:00:00+00:00,144.22393798828125
2013-05-29 12:00:00+00:00,165.7738037109375
2013-05-29 13:00:00+00:00,142.29202270507812
2013-05-29 14:00:00+00:00,147.9175262451172
2013-05-29 15:00:00+00:00,172.8894500732422
2013-05-29 16:00:00+00:00,188.1912078857422
2013-05-29 17:00:00+00:00,174.60238647460938
2013-05-29 18:00:00+00:00,176.63327026367188
2013-05-29 19:00:00+00:00,206.42662048339844
2013-05-29 20:00:00+00:00,176.39796447753906
2013-05-29 21:00:00+00:00,222.33786010742188
2013-05-29 22:00:00+00:00,157.42686462402344
2013-05-29 23:00:00+00:00,179.75808715820312
2013-05-30 00:00:00+00:00,148.79966735839844
2013-05-30 01:00:00+00:00,140.02044677734375
2013-05-30 02:00:00+00:00,165.2508544921875
2013-05-30 03:00:00+00:00,142.8152618408203
2013-05-30 04:00:00+00:00,145.93389892578125
2013-05-30 05:00:00+00:00,176.97962951660156
2013-05-30 06:00:00+00:00,157.64285278320312
2013-05-30 07:00:00+00:00,187.02886962890625
2013-05-30 08:00:00+00:00,177.89041137695312
2013-05-30 09:00:00+00:00,147.34872436523438
2013-05-30 10:00:00+00:00,153.49661254882812
2013-05-30 11:00:00+00:00,164.52210998535156
2013-05-30 12:00:00+00:00,150.81089782714844
2013-05-30 13:00:00+00:00,144.95562744140625
2013-05-30 14:00:00+00:00,167.57777404785156
2013-05-30 15:00:00+00:00,153.123291015625
2013-05-30 16:00:00+00:00,157.57705688476562
2013-05-30 17:00:00+00:00,171.06153869628906
2013-05-30 18:00:00+00:00,366.1430969238281
2013-05-30 19:00:00+00:00,250.68063354492188
2013-05-30 20:00:00+00:00,291.93621826171875
2013-05-30 21:00:00+00:00,183.96896362304688
2013-05-30 22:00:00+00:00,204.19056701660156
2013-05-30 23:00:00+00:00,181.09153747558594
2013-05-31 00:00:00+00:00,156.1489715576172
2013-05-31 01:00:00+00:00,155.24444580078125
2013-05-31 02:00:00+00:00,169.14505004882812
2013-05-31 03:00:00+00:00,156.32081604003906
2013-05-31 04:00:00+00:00,160.4013671875
2013-05-31 05:00:00+00:00,176.04258728027344
2013-05-31 06:00:00+00:00,158.348876953125
2013-05-31 07:00:00+00:00,274.3356018066406
2013-05-31 08:00:00+00:00,1112.740966796875
2013-05-31 09:00:00+00:00,333.9216003417969
2013-05-31 10:00:00+00:00,234.53451538085938
2013-05-31 11:00:00+00:00,338.2681579589844
2013-05-31 12:00:00+00:00,352.1701354980469
2013-05-31 13:00:00+00:00,320.0367126464844
2013-05-31 14:00:00+00:00,281.56402587890625
2013-05-31 15:00:00+00:00,339.0711669921875
2013-05-31 16:00:00+00:00,230.1239013671875
2013-05-31 17:00:00+00:00,223.71766662597656
2013-05-31 18:00:00+00:00,226.9193878173828
2013-05-31 19:00:00+00:00,427.0730285644531
2013-05-31 20:00:00+00:00,319.2103576660156
2013-05-31 21:00:00+00:00,337.2103576660156
2013-05-31 22:00:00+00:00,221.7083282470703
2013-05-31 23:00:00+00:00,170.7731170654297
2013-06-01 00:00:00+00:00,158.40139770507812
2013-06-01 01:00:00+00:00,154.86219787597656
2013-06-01 02:00:00+00:00,173.12998962402344
2013-06-01 03:00:00+00:00,189.3091583251953
2013-06-01 04:00:00+00:00,177.5869140625
2013-06-01 05:00:00+00:00,155.1979217529297
2013-06-01 06:00:00+00:00,156.2150421142578
2013-06-01 07:00:00+00:00,364.9473571777344
2013-06-01 08:00:00+00:00,184.62326049804688
2013-06-01 09:00:00+00:00,182.7439422607422
2013-06-01 10:00:00+00:00,288.5238952636719
2013-06-01 11:00:00+00:00,208.44290161132812
2013-06-01 12:00:00+00:00,222.6254425048828
2013-06-01 13:00:00+00:00,190.49652099609375
2013-06-01 14:00:00+00:00,180.38888549804688
2013-06-01 15:00:00+00:00,187.0475311279297
2013-06-01 16:00:00+00:00,177.52920532226562
2013-06-01 17:00:00+00:00,208.41754150390625
2013-06-01 18:00:00+00:00,246.4090118408203
2013-06-01 19:00:00+00:00,267.097900390625
2013-06-01 20:00:00+00:00,390.7561340332031
2013-06-01 21:00:00+00:00,298.4429016113281
2013-06-01 22:00:00+00:00,214.62826538085938
2013-06-01 23:00:00+00:00,273.6333312988281
2013-06-02 00:00:00+00:00,944.2875366210938
2013-06-02 01:00:00+00:00,303.0771789550781
2013-06-02 02:00:00+00:00,180.2239532470703
2013-06-02 03:00:00+00:00,158.65975952148438
2013-06-02 04:00:00+00:00,164.54006958007812
2013-06-02 05:00:00+00:00,178.0689697265625
2013-06-02 06:00:00+00:00,163.9896240234375
2013-06-02 07:00:00+00:00,185.03805541992188
2013-06-02 08:00:00+00:00,1176.091064453125
2013-06-02 09:00:00+00:00,534.0126342773438
2013-06-02 10:00:00+00:00,1064.9169921875
2013-06-02 11:00:00+00:00,398.6484069824219
2013-06-02 12:00:00+00:00,335.177490234375
2013-06-02 13:00:00+00:00,708.0555419921875
2013-06-02 14:00:00+00:00,1286.143310546875
2013-06-02 15:00:00+00:00,205.8780059814453
2013-06-02 16:00:00+00:00,180.42684936523438
2013-06-02 17:00:00+00:00,461.2320251464844
2013-06-02 18:00:00+00:00,156.8139190673828
2013-06-02 19:00:00+00:00,289.0799865722656
2013-06-02 20:00:00+00:00,244.98968505859375
2013-06-02 21:00:00+00:00,193.90956115722656
2013-06-02 22:00:00+00:00,160.4956512451172
2013-06-02 23:00:00+00:00,191.09185791015625
2013-06-03 00:00:00+00:00,181.14706420898438
2013-06-03 01:00:00+00:00,155.4490509033203
2013-06-03 02:00:00+00:00,172.09861755371094
2013-06-03 03:00:00+00:00,156.9208221435547
2013-06-03 04:00:00+00:00,152.39791870117188
2013-06-03 05:00:00+00:00,172.25216674804688
2013-06-03 06:00:00+00:00,153.79513549804688
2013-06-03 07:00:00+00:00,166.65968322753906
2013-06-03 08:00:00+00:00,314.2236022949219
2013-06-03 09:00:00+00:00,182.7667236328125
2013-06-03 10:00:00+00:00,215.08839416503906
2013-06-03 11:00:00+00:00,197.1358184814453
2013-06-03 12:00:00+00:00,352.8758544921875
2013-06-03 13:00:00+00:00,203.83645629882812
2013-06-03 14:00:00+00:00,259.0681457519531
2013-06-03 15:00:00+00:00,207.78341674804688
2013-06-03 16:00:00+00:00,216.7152557373047
2013-06-03 17:00:00+00:00,311.4320068359375
2013-06-03 18:00:00+00:00,202.1433563232422
2013-06-03 19:00:00+00:00,217.4651641845703
2013-06-03 20:00:00+00:00,593.2868041992188
2013-06-03 21:00:00+00:00,183.5191650390625
2013-06-03 22:00:00+00:00,175.56326293945312
2013-06-03 23:00:00+00:00,159.98956298828125
2013-06-04 00:00:00+00:00,210.23826599121094
2013-06-04 01:00:00+00:00,171.89024353027344
2013-06-04 02:00:00+00:00,176.44174194335938
2013-06-04 03:00:00+00:00,157.1507110595703
2013-06-04 04:00:00+00:00,168.7822265625
2013-06-04 05:00:00+00:00,157.5456085205078
2013-06-04 06:00:00+00:00,157.6977081298828
2013-06-04 07:00:00+00:00,945.0228881835938
2013-06-04 08:00:00+00:00,453.4091796875
2013-06-04 09:00:00+00:00,226.31382751464844
2013-06-04 10:00:00+00:00,1013.7933959960938
2013-06-04 11:00:00+00:00,360.74261474609375
2013-06-04 12:00:00+00:00,191.56260681152344
2013-06-04 13:00:00+00:00,191.8551788330078
2013-06-04 14:00:00+00:00,183.62881469726562
2013-06-04 15:00:00+00:00,267.2406005859375
2013-06-04 16:00:00+00:00,340.38397216796875
2013-06-04 17:00:00+00:00,447.5692138671875
2013-06-04 18:00:00+00:00,229.3138885498047
2013-06-04 19:00:00+00:00,300.92535400390625
2013-06-04 20:00:00+00:00,234.05479431152344
2013-06-04 21:00:00+00:00,406.2727355957031
2013-06-04 22:00:00+00:00,217.95016479492188
2013-06-04 23:00:00+00:00,166.0
2013-06-05 00:00:00+00:00,176.20240783691406
2013-06-05 01:00:00+00:00,158.7400360107422
2013-06-05 02:00:00+00:00,178.84991455078125
2013-06-05 03:00:00+00:00,158.42831420898438
2013-06-05 04:00:00+00:00,172.5364532470703
2013-06-05 05:00:00+00:00,159.31304931640625
2013-06-05 06:00:00+00:00,202.09153747558594
2013-06-05 07:00:00+00:00,452.516357421875
2013-06-05 08:00:00+00:00,239.1317138671875
2013-06-05 09:00:00+00:00,320.50775146484375
2013-06-05 10:00:00+00:00,326.59619140625
2013-06-05 11:00:00+00:00,458.16900634765625
2013-06-05 12:00:00+00:00,902.2737426757812
2013-06-05 13:00:00+00:00,968.0917358398438
2013-06-05 14:00:00+00:00,981.5899658203125
2013-06-05 15:00:00+00:00,303.8730773925781
2013-06-05 16:00:00+00:00,364.4672546386719
2013-06-05 17:00:00+00:00,325.8189697265625
2013-06-05 18:00:00+00:00,167.42176818847656
2013-06-05 19:00:00+00:00,308.8926696777344
2013-06-05 20:00:00+00:00,386.7322082519531
2013-06-05 21:00:00+00:00,391.6357421875
2013-06-05 22:00:00+00:00,239.3440704345703
2013-06-05 23:00:00+00:00,221.20713806152344
2013-06-06 00:00:00+00:00,180.03419494628906
2013-06-06 01:00:00+00:00,162.16525268554688
2013-06-06 02:00:00+00:00,176.4456024169922
2013-06-06 03:00:00+00:00,160.54769897460938
2013-06-06 04:00:00+00:00,175.51551818847656
2013-06-06 05:00:00+00:00,159.17926025390625
2013-06-06 06:00:00+00:00,175.44737243652344
2013-06-06 07:00:00+00:00,167.8821563720703
2013-06-06 08:00:00+00:00,399.978759765625
2013-06-06 09:00:00+00:00,368.3820495605469
2013-06-06 10:00:00+00:00,343.8735046386719
2013-06-06 11:00:00+00:00,352.0
2013-06-06 12:00:00+00:00,1214.6080322265625
2013-06-06 13:00:00+00:00,692.721923828125
2013-06-06 14:00:00+00:00,355.60980224609375
2013-06-06 15:00:00+00:00,327.8913269042969
2013-06-06 16:00:00+00:00,452.5165100097656
2013-06-06 17:00:00+00:00,283.45660400390625
2013-06-06 18:00:00+00:00,593.6776733398438
2013-06-06 19:00:00+00:00,393.813232421875
2013-06-06 20:00:00+00:00,391.9318542480469
2013-06-06 21:00:00+00:00,284.82794189453125
2013-06-06 22:00:00+00:00,182.10543823242188
2013-06-06 23:00:00+00:00,184.5525360107422
2013-06-07 00:00:00+00:00,168.77001953125
2013-06-07 01:00:00+00:00,187.4033966064453
2013-06-07 02:00:00+00:00,201.77491760253906
2013-06-07 03:00:00+00:00,190.60543823242188
2013-06-07 04:00:00+00:00,449.3287658691406
2013-06-07 05:00:00+00:00,322.9348449707031
2013-06-07 06:00:00+00:00,391.34814453125
2013-06-07 07:00:00+00:00,260.701904296875
2013-06-07 08:00:00+00:00,170.19931030273438
2013-06-07 09:00:00+00:00,202.89491271972656
2013-06-07 10:00:00+00:00,245.22552490234375
2013-06-07 11:00:00+00:00,333.3054504394531
2013-06-07 12:00:00+00:00,443.4400634765625
2013-06-07 13:00:00+00:00,196.00169372558594
2013-06-07 14:00:00+00:00,184.7582550048828
2013-06-07 15:00:00+00:00,391.7370300292969
2013-06-07 16:00:00+00:00,195.8493194580078
2013-06-07 17:00:00+00:00,406.501708984375
2013-06-07 18:00:00+00:00,370.2106018066406
2013-06-07 19:00:00+00:00,448.8372802734375
2013-06-07 20:00:00+00:00,446.3022155761719
2013-06-07 21:00:00+00:00,390.26019287109375
2013-06-07 22:00:00+00:00,707.2908935546875
2013-06-07 23:00:00+00:00,803.734375
2013-06-08 00:00:00+00:00,199.37948608398438
2013-06-08 01:00:00+00:00,193.94387817382812
2013-06-08 02:00:00+00:00,186.91201782226562
2013-06-08 03:00:00+00:00,195.30584716796875
2013-06-08 04:00:00+00:00,178.8109893798828
2013-06-08 05:00:00+00:00,193.38699340820312
2013-06-08 06:00:00+00:00,189.7439422607422
2013-06-08 07:00:00+00:00,360.3280029296875
2013-06-08 08:00:00+00:00,338.05718994140625
2013-06-08 09:00:00+00:00,340.7789306640625
2013-06-08 10:00:00+00:00,302.87152099609375
2013-06-08 11:00:00+00:00,460.02679443359375
2013-06-08 12:00:00+00:00,310.72991943359375
2013-06-08 13:00:00+00:00,377.3500061035156
2013-06-08 14:00:00+00:00,353.9197998046875
2013-06-08 15:00:00+00:00,401.8134765625
2013-06-08 16:00:00+00:00,617.9435424804688
2013-06-08 17:00:00+00:00,504.1815185546875
2013-06-08 18:00:00+00:00,913.08642578125
2013-06-08 19:00:00+00:00,830.30126953125
2013-06-08 20:00:00+00:00,414.1928405761719
2013-06-08 21:00:00+00:00,272.183837890625
2013-06-08 22:00:00+00:00,261.55230712890625
2013-06-08 23:00:00+00:00,267.4545593261719
2013-06-09 00:00:00+00:00,170.62152099609375
2013-06-09 01:00:00+00:00,182.75474548339844
2013-06-09 02:00:00+00:00,166.49217224121094
2013-06-09 03:00:00+00:00,180.78396606445312
2013-06-09 04:00:00+00:00,171.78201293945312
2013-06-09 05:00:00+00:00,188.2637939453125
2013-06-09 06:00:00+00:00,286.1446533203125
2013-06-09 07:00:00+00:00,340.1145935058594
2013-06-09 08:00:00+00:00,333.9723205566406
2013-06-09 09:00:00+00:00,330.8336181640625
2013-06-09 10:00:00+00:00,457.37432861328125
2013-06-09 11:00:00+00:00,416.8989562988281
2013-06-09 12:00:00+00:00,356.6417541503906
2013-06-09 13:00:00+00:00,365.5597839355469
2013-06-09 14:00:00+00:00,373.32586669921875
2013-06-09 15:00:00+00:00,320.7961730957031
2013-06-09 16:00:00+00:00,527.926513671875
2013-06-09 17:00:00+00:00,324.50439453125
2013-06-09 18:00:00+00:00,396.64532470703125
2013-06-09 19:00:00+00:00,619.0418701171875
2013-06-09 20:00:00+00:00,486.4091796875
2013-06-09 21:00:00+00:00,275.7195129394531
2013-06-09 22:00:00+00:00,181.5233917236328
2013-06-09 23:00:00+00:00,188.65794372558594
2013-06-10 00:00:00+00:00,173.01913452148438
2013-06-10 01:00:00+00:00,186.53184509277344
2013-06-10 02:00:00+00:00,174.77069091796875
2013-06-10 03:00:00+00:00,181.95660400390625
2013-06-10 04:00:00+00:00,223.7565155029297
2013-06-10 05:00:00+00:00,214.6573944091797
2013-06-10 06:00:00+00:00,357.3584289550781
2013-06-10 07:00:00+00:00,454.59075927734375
2013-06-10 08:00:00+00:00,380.2377624511719
2013-06-10 09:00:00+00:00,323.5547790527344
2013-06-10 10:00:00+00:00,434.2844543457031
2013-06-10 11:00:00+00:00,186.43804931640625
2013-06-10 12:00:00+00:00,446.9872741699219
2013-06-10 13:00:00+00:00,868.6314086914062
2013-06-10 14:00:00+00:00,474.33935546875
2013-06-10 15:00:00+00:00,205.60137939453125
2013-06-10 16:00:00+00:00,313.4656982421875
2013-06-10 17:00:00+00:00,417.81182861328125
2013-06-10 18:00:00+00:00,288.3211669921875
2013-06-10 19:00:00+00:00,227.8551788330078
2013-06-10 20:00:00+00:00,420.23529052734375
2013-06-10 21:00:00+00:00,545.1240844726562
2013-06-10 22:00:00+00:00,461.5750427246094
2013-06-10 23:00:00+00:00,587.1573486328125
2013-06-11 00:00:00+00:00,186.5103759765625
2013-06-11 01:00:00+00:00,167.92495727539062
2013-06-11 02:00:00+00:00,182.6573486328125
2013-06-11 03:00:00+00:00,165.18641662597656
2013-06-11 04:00:00+00:00,182.33975219726562
2013-06-11 05:00:00+00:00,275.370361328125
2013-06-11 06:00:00+00:00,185.0629425048828
2013-06-11 07:00:00+00:00,345.3977966308594
2013-06-11 08:00:00+00:00,188.10919189453125
2013-06-11 09:00:00+00:00,234.5392608642578
2013-06-11 10:00:00+00:00,260.63232421875
2013-06-11 11:00:00+00:00,304.2678527832031
2013-06-11 12:00:00+00:00,910.9569702148438
2013-06-11 13:00:00+00:00,457.39324951171875
2013-06-11 14:00:00+00:00,184.7111053466797
2013-06-11 15:00:00+00:00,182.57362365722656
2013-06-11 16:00:00+00:00,292.179931640625
2013-06-11 17:00:00+00:00,290.2422790527344
2013-06-11 18:00:00+00:00,329.1022033691406
2013-06-11 19:00:00+00:00,494.880126953125
2013-06-11 20:00:00+00:00,417.45172119140625
2013-06-11 21:00:00+00:00,326.7452392578125
2013-06-11 22:00:00+00:00,170.91537475585938
2013-06-11 23:00:00+00:00,183.47314453125
2013-06-12 00:00:00+00:00,218.4664306640625
2013-06-12 01:00:00+00:00,176.49046325683594
2013-06-12 02:00:00+00:00,163.74652099609375
2013-06-12 03:00:00+00:00,179.90846252441406
2013-06-12 04:00:00+00:00,163.56544494628906
2013-06-12 05:00:00+00:00,204.5944061279297
2013-06-12 06:00:00+00:00,396.086669921875
2013-06-12 07:00:00+00:00,527.5721435546875
2013-06-12 08:00:00+00:00,363.14410400390625
2013-06-12 09:00:00+00:00,361.11016845703125
2013-06-12 10:00:00+00:00,501.5035095214844
2013-06-12 11:00:00+00:00,488.191650390625
2013-06-12 12:00:00+00:00,419.19549560546875
2013-06-12 13:00:00+00:00,371.3942565917969
2013-06-12 14:00:00+00:00,346.91357421875
2013-06-12 15:00:00+00:00,351.2430419921875
2013-06-12 16:00:00+00:00,296.0187072753906
2013-06-12 17:00:00+00:00,372.470703125
2013-06-12 18:00:00+00:00,302.48980712890625
2013-06-12 19:00:00+00:00,406.0
2013-06-12 20:00:00+00:00,435.56756591796875
2013-06-12 21:00:00+00:00,602.2297973632812
2013-06-12 22:00:00+00:00,334.6849365234375
2013-06-12 23:00:00+00:00,255.04940795898438
2013-06-13 00:00:00+00:00,219.0650634765625
2013-06-13 01:00:00+00:00,193.60678100585938
2013-06-13 02:00:00+00:00,175.89830017089844
2013-06-13 03:00:00+00:00,192.87478637695312
2013-06-13 04:00:00+00:00,174.69602966308594
2013-06-13 05:00:00+00:00,328.38580322265625
2013-06-13 06:00:00+00:00,537.0
2013-06-13 07:00:00+00:00,602.2578125
2013-06-13 08:00:00+00:00,411.05853271484375
2013-06-13 09:00:00+00:00,358.77178955078125
2013-06-13 10:00:00+00:00,345.5865173339844
2013-06-13 11:00:00+00:00,496.4060363769531
2013-06-13 12:00:00+00:00,556.2203369140625
2013-06-13 13:00:00+00:00,341.520263671875
2013-06-13 14:00:00+00:00,361.2276611328125
2013-06-13 15:00:00+00:00,751.693603515625
2013-06-13 16:00:00+00:00,946.1153564453125
2013-06-13 17:00:00+00:00,491.4068908691406
2013-06-13 18:00:00+00:00,613.970703125
2013-06-13 19:00:00+00:00,573.208984375
2013-06-13 20:00:00+00:00,479.12286376953125
2013-06-13 21:00:00+00:00,738.7783203125
2013-06-13 22:00:00+00:00,762.861083984375
2013-06-13 23:00:00+00:00,180.76068115234375
2013-06-14 00:00:00+00:00,164.9210968017578
2013-06-14 01:00:00+00:00,176.8896484375
2013-06-14 02:00:00+00:00,179.3333282470703
2013-06-14 03:00:00+00:00,167.2521514892578
2013-06-14 04:00:00+00:00,182.84869384765625
2013-06-14 05:00:00+00:00,334.4228210449219
2013-06-14 06:00:00+00:00,186.3367919921875
2013-06-14 07:00:00+00:00,206.52098083496094
2013-06-14 08:00:00+00:00,176.827880859375
2013-06-14 09:00:00+00:00,220.51736450195312
2013-06-14 10:00:00+00:00,197.87783813476562
2013-06-14 11:00:00+00:00,234.466552734375
2013-06-14 12:00:00+00:00,205.84056091308594
2013-06-14 13:00:00+00:00,214.56271362304688
2013-06-14 14:00:00+00:00,185.87692260742188
2013-06-14 15:00:00+00:00,226.08546447753906
2013-06-14 16:00:00+00:00,194.4341278076172
2013-06-14 17:00:00+00:00,221.2991485595703
2013-06-14 18:00:00+00:00,183.7829132080078
2013-06-14 19:00:00+00:00,210.1669464111328
2013-06-14 20:00:00+00:00,202.73023986816406
2013-06-14 21:00:00+00:00,207.60647583007812
2013-06-14 22:00:00+00:00,216.6769256591797
2013-06-14 23:00:00+00:00,173.98960876464844
2013-06-15 00:00:00+00:00,170.53713989257812
2013-06-15 01:00:00+00:00,168.88296508789062
2013-06-15 02:00:00+00:00,196.54452514648438
2013-06-15 03:00:00+00:00,159.1455535888672
2013-06-15 04:00:00+00:00,175.71551513671875
2013-06-15 05:00:00+00:00,183.222412109375
2013-06-15 06:00:00+00:00,174.05650329589844
2013-06-15 07:00:00+00:00,193.08888244628906
2013-06-15 08:00:00+00:00,180.09573364257812
2013-06-15 09:00:00+00:00,214.48983764648438
2013-06-15 10:00:00+00:00,180.01022338867188
2013-06-15 11:00:00+00:00,198.53492736816406
2013-06-15 12:00:00+00:00,175.8894500732422
2013-06-15 13:00:00+00:00,172.21827697753906
2013-06-15 14:00:00+00:00,176.98806762695312
2013-06-15 15:00:00+00:00,184.51536560058594
2013-06-15 16:00:00+00:00,221.91482543945312
2013-06-15 17:00:00+00:00,226.5595245361328
2013-06-15 18:00:00+00:00,184.02880859375
2013-06-15 19:00:00+00:00,178.97103881835938
2013-06-15 20:00:00+00:00,197.03553771972656
2013-06-15 21:00:00+00:00,172.49746704101562
2013-06-15 22:00:00+00:00,190.3565216064453
2013-06-15 23:00:00+00:00,173.8668975830078
2013-06-16 00:00:00+00:00,172.123291015625
2013-06-16 01:00:00+00:00,157.28497314453125
2013-06-16 02:00:00+00:00,162.9656982421875
2013-06-16 03:00:00+00:00,171.52256774902344
2013-06-16 04:00:00+00:00,163.69337463378906
2013-06-16 05:00:00+00:00,195.88772583007812
2013-06-16 06:00:00+00:00,166.20654296875
2013-06-16 07:00:00+00:00,221.84165954589844
2013-06-16 08:00:00+00:00,204.9930877685547
2013-06-16 09:00:00+00:00,223.59793090820312
2013-06-16 10:00:00+00:00,185.62158203125
2013-06-16 11:00:00+00:00,188.91537475585938
2013-06-16 12:00:00+00:00,169.4635467529297
2013-06-16 13:00:00+00:00,197.03793334960938
2013-06-16 14:00:00+00:00,184.13917541503906
2013-06-16 15:00:00+00:00,223.76255798339844
2013-06-16 16:00:00+00:00,198.34974670410156
2013-06-16 17:00:00+00:00,208.7106170654297
2013-06-16 18:00:00+00:00,227.0
2013-06-16 19:00:00+00:00,242.73800659179688
2013-06-16 20:00:00+00:00,435.58489990234375
2013-06-16 21:00:00+00:00,366.1087951660156
2013-06-16 22:00:00+00:00,222.6584930419922
2013-06-16 23:00:00+00:00,165.97743225097656
2013-06-17 00:00:00+00:00,177.36395263671875
2013-06-17 01:00:00+00:00,158.0360870361328
2013-06-17 02:00:00+00:00,172.07032775878906
2013-06-17 03:00:00+00:00,162.85165405273438
2013-06-17 04:00:00+00:00,165.02066040039062
2013-06-17 05:00:00+00:00,172.8800048828125
2013-06-17 06:00:00+00:00,161.69482421875
2013-06-17 07:00:00+00:00,175.32638549804688
2013-06-17 08:00:00+00:00,297.6560363769531
2013-06-17 09:00:00+00:00,321.1855163574219
2013-06-17 10:00:00+00:00,807.6319580078125
2013-06-17 11:00:00+00:00,299.5060729980469
2013-06-17 12:00:00+00:00,220.0343017578125
2013-06-17 13:00:00+00:00,531.5864868164062
2013-06-17 14:00:00+00:00,631.424072265625
2013-06-17 15:00:00+00:00,262.5473327636719
2013-06-17 16:00:00+00:00,209.7965850830078
2013-06-17 17:00:00+00:00,170.39019775390625
2013-06-17 18:00:00+00:00,220.94923400878906
2013-06-17 19:00:00+00:00,375.7772216796875
2013-06-17 20:00:00+00:00,380.9369812011719
2013-06-17 21:00:00+00:00,174.6348114013672
2013-06-17 22:00:00+00:00,179.6260528564453
2013-06-17 23:00:00+00:00,175.95770263671875
2013-06-18 00:00:00+00:00,159.62774658203125
2013-06-18 01:00:00+00:00,168.86712646484375
2013-06-18 02:00:00+00:00,175.0979766845703
2013-06-18 03:00:00+00:00,204.32318115234375
2013-06-18 04:00:00+00:00,177.25213623046875
2013-06-18 05:00:00+00:00,159.5223388671875
2013-06-18 06:00:00+00:00,231.267578125
2013-06-18 07:00:00+00:00,449.2304992675781
2013-06-18 08:00:00+00:00,166.31640625
2013-06-18 09:00:00+00:00,236.79965209960938
2013-06-18 10:00:00+00:00,213.4703826904297
2013-06-18 11:00:00+00:00,306.766845703125
2013-06-18 12:00:00+00:00,889.5967407226562
2013-06-18 13:00:00+00:00,510.42315673828125
2013-06-18 14:00:00+00:00,763.6696166992188
2013-06-18 15:00:00+00:00,383.6269836425781
2013-06-18 16:00:00+00:00,345.41912841796875
2013-06-18 17:00:00+00:00,439.80487060546875
2013-06-18 18:00:00+00:00,509.0923156738281
2013-06-18 19:00:00+00:00,578.5523071289062
2013-06-18 20:00:00+00:00,409.6217956542969
2013-06-18 21:00:00+00:00,331.096435546875
2013-06-18 22:00:00+00:00,183.15475463867188
2013-06-18 23:00:00+00:00,178.29661560058594
2013-06-19 00:00:00+00:00,169.73854064941406
2013-06-19 01:00:00+00:00,165.2406768798828
2013-06-19 02:00:00+00:00,166.34237670898438
2013-06-19 03:00:00+00:00,174.34642028808594
2013-06-19 04:00:00+00:00,175.06024169921875
2013-06-19 05:00:00+00:00,172.22203063964844
2013-06-19 06:00:00+00:00,423.6672668457031
2013-06-19 07:00:00+00:00,563.3079833984375
2013-06-19 08:00:00+00:00,368.5952453613281
2013-06-19 09:00:00+00:00,374.4566955566406
2013-06-19 10:00:00+00:00,347.18011474609375
2013-06-19 11:00:00+00:00,348.6424865722656
2013-06-19 12:00:00+00:00,501.6476745605469
2013-06-19 13:00:00+00:00,906.9849853515625
2013-06-19 14:00:00+00:00,567.6642456054688
2013-06-19 15:00:00+00:00,348.6280212402344
2013-06-19 16:00:00+00:00,383.7745361328125
2013-06-19 17:00:00+00:00,258.5043029785156
2013-06-19 18:00:00+00:00,194.2452850341797
2013-06-19 19:00:00+00:00,855.98046875
2013-06-19 20:00:00+00:00,1902.678955078125
2013-06-19 21:00:00+00:00,527.4647216796875
2013-06-19 22:00:00+00:00,347.89691162109375
2013-06-19 23:00:00+00:00,232.082763671875
2013-06-20 00:00:00+00:00,202.34315490722656
2013-06-20 01:00:00+00:00,179.39002990722656
2013-06-20 02:00:00+00:00,179.73927307128906
2013-06-20 03:00:00+00:00,164.96746826171875
2013-06-20 04:00:00+00:00,174.8652801513672
2013-06-20 05:00:00+00:00,192.27806091308594
2013-06-20 06:00:00+00:00,295.5
2013-06-20 07:00:00+00:00,163.45361328125
2013-06-20 08:00:00+00:00,171.3696746826172
2013-06-20 09:00:00+00:00,187.81910705566406
2013-06-20 10:00:00+00:00,219.5111083984375
2013-06-20 11:00:00+00:00,174.96034240722656
2013-06-20 12:00:00+00:00,166.31686401367188
2013-06-20 13:00:00+00:00,176.36224365234375
2013-06-20 14:00:00+00:00,212.61538696289062
2013-06-20 15:00:00+00:00,163.09278869628906
2013-06-20 16:00:00+00:00,345.4689025878906
2013-06-20 17:00:00+00:00,364.6010437011719
2013-06-20 18:00:00+00:00,192.04786682128906
2013-06-20 19:00:00+00:00,466.8859558105469
2013-06-20 20:00:00+00:00,394.46759033203125
2013-06-20 21:00:00+00:00,379.3345031738281
2013-06-20 22:00:00+00:00,295.3166809082031
2013-06-20 23:00:00+00:00,184.97088623046875
2013-06-21 00:00:00+00:00,176.94491577148438
2013-06-21 01:00:00+00:00,171.3275909423828
2013-06-21 02:00:00+00:00,155.54965209960938
2013-06-21 03:00:00+00:00,165.57823181152344
2013-06-21 04:00:00+00:00,205.0137481689453
2013-06-21 05:00:00+00:00,180.649658203125
2013-06-21 06:00:00+00:00,215.42662048339844
2013-06-21 07:00:00+00:00,428.091064453125
2013-06-21 08:00:00+00:00,213.90689086914062
2013-06-21 09:00:00+00:00,193.7013702392578
2013-06-21 10:00:00+00:00,172.86224365234375
2013-06-21 11:00:00+00:00,191.14625549316406
2013-06-21 12:00:00+00:00,198.8135528564453
2013-06-21 13:00:00+00:00,200.68653869628906
2013-06-21 14:00:00+00:00,217.74526977539062
2013-06-21 15:00:00+00:00,276.54638671875
2013-06-21 16:00:00+00:00,200.9794464111328
2013-06-21 17:00:00+00:00,208.38316345214844
2013-06-21 18:00:00+00:00,299.0631408691406
2013-06-21 19:00:00+00:00,421.9897766113281
2013-06-21 20:00:00+00:00,406.5582580566406
2013-06-21 21:00:00+00:00,279.8465576171875
2013-06-21 22:00:00+00:00,204.0376739501953
2013-06-21 23:00:00+00:00,175.50933837890625
2013-06-22 00:00:00+00:00,173.51199340820312
2013-06-22 01:00:00+00:00,171.60610961914062
2013-06-22 02:00:00+00:00,171.5932159423828
2013-06-22 03:00:00+00:00,170.45423889160156
2013-06-22 04:00:00+00:00,163.68502807617188
2013-06-22 05:00:00+00:00,162.71890258789062
2013-06-22 06:00:00+00:00,188.97781372070312
2013-06-22 07:00:00+00:00,576.2064208984375
2013-06-22 08:00:00+00:00,423.9982604980469
2013-06-22 09:00:00+00:00,213.58802795410156
2013-06-22 10:00:00+00:00,198.02716064453125
2013-06-22 11:00:00+00:00,253.97183227539062
2013-06-22 12:00:00+00:00,293.84417724609375
2013-06-22 13:00:00+00:00,359.1063537597656
2013-06-22 14:00:00+00:00,252.1457977294922
2013-06-22 15:00:00+00:00,253.3339080810547
2013-06-22 16:00:00+00:00,171.45127868652344
2013-06-22 17:00:00+00:00,210.84310913085938
2013-06-22 18:00:00+00:00,223.09230041503906
2013-06-22 19:00:00+00:00,336.974365234375
2013-06-22 20:00:00+00:00,399.5917663574219
2013-06-22 21:00:00+00:00,327.13299560546875
2013-06-22 22:00:00+00:00,159.988037109375
2013-06-22 23:00:00+00:00,181.47189331054688
2013-06-23 00:00:00+00:00,156.96258544921875
2013-06-23 01:00:00+00:00,175.0663299560547
2013-06-23 02:00:00+00:00,155.4735870361328
2013-06-23 03:00:00+00:00,211.306640625
2013-06-23 04:00:00+00:00,174.38682556152344
2013-06-23 05:00:00+00:00,175.57830810546875
2013-06-23 06:00:00+00:00,155.46519470214844
2013-06-23 07:00:00+00:00,215.04811096191406
2013-06-23 08:00:00+00:00,552.56103515625
2013-06-23 09:00:00+00:00,616.6436157226562
2013-06-23 10:00:00+00:00,231.4241943359375
2013-06-23 11:00:00+00:00,385.52777099609375
2013-06-23 12:00:00+00:00,319.5492248535156
2013-06-23 13:00:00+00:00,469.65350341796875
2013-06-23 14:00:00+00:00,385.5220947265625
2013-06-23 15:00:00+00:00,498.77435302734375
2013-06-23 16:00:00+00:00,445.0761413574219
2013-06-23 17:00:00+00:00,359.3133544921875
2013-06-23 18:00:00+00:00,423.8900451660156
2013-06-23 19:00:00+00:00,442.5256042480469
2013-06-23 20:00:00+00:00,645.6951904296875
2013-06-23 21:00:00+00:00,856.4611206054688
2013-06-23 22:00:00+00:00,182.76182556152344
2013-06-23 23:00:00+00:00,188.92176818847656
2013-06-24 00:00:00+00:00,161.7235565185547
2013-06-24 01:00:00+00:00,177.74830627441406
2013-06-24 02:00:00+00:00,169.8722381591797
2013-06-24 03:00:00+00:00,160.18568420410156
2013-06-24 04:00:00+00:00,190.0360870361328
2013-06-24 05:00:00+00:00,163.15528869628906
2013-06-24 06:00:00+00:00,398.26055908203125
2013-06-24 07:00:00+00:00,249.65631103515625
2013-06-24 08:00:00+00:00,173.8617706298828
2013-06-24 09:00:00+00:00,215.332763671875
2013-06-24 10:00:00+00:00,258.8913269042969
2013-06-24 11:00:00+00:00,179.5008544921875
2013-06-24 12:00:00+00:00,207.4202423095703
2013-06-24 13:00:00+00:00,184.65127563476562
2013-06-24 14:00:00+00:00,215.42955017089844
2013-06-24 15:00:00+00:00,193.89572143554688
2013-06-24 16:00:00+00:00,187.94027709960938
2013-06-24 17:00:00+00:00,394.6666564941406
2013-06-24 18:00:00+00:00,228.64796447753906
2013-06-24 19:00:00+00:00,318.77703857421875
2013-06-24 20:00:00+00:00,508.3476867675781
2013-06-24 21:00:00+00:00,369.896728515625
2013-06-24 22:00:00+00:00,189.4642791748047
2013-06-24 23:00:00+00:00,187.98643493652344
2013-06-25 00:00:00+00:00,176.4718017578125
2013-06-25 01:00:00+00:00,214.90411376953125
2013-06-25 02:00:00+00:00,165.02069091796875
2013-06-25 03:00:00+00:00,187.0360870361328
2013-06-25 04:00:00+00:00,163.69894409179688
2013-06-25 05:00:00+00:00,193.23509216308594
2013-06-25 06:00:00+00:00,426.13983154296875
2013-06-25 07:00:00+00:00,299.45550537109375
2013-06-25 08:00:00+00:00,270.0546875
2013-06-25 09:00:00+00:00,215.0255584716797
2013-06-25 10:00:00+00:00,268.4591979980469
2013-06-25 11:00:00+00:00,369.02093505859375
2013-06-25 12:00:00+00:00,396.5667724609375
2013-06-25 13:00:00+00:00,279.4266357421875
2013-06-25 14:00:00+00:00,293.0740051269531
2013-06-25 15:00:00+00:00,241.3192596435547
2013-06-25 16:00:00+00:00,247.2474365234375
2013-06-25 17:00:00+00:00,314.5078125
2013-06-25 18:00:00+00:00,206.19728088378906
2013-06-25 19:00:00+00:00,364.2654113769531
2013-06-25 20:00:00+00:00,391.9710388183594
2013-06-25 21:00:00+00:00,404.205078125
2013-06-25 22:00:00+00:00,187.73265075683594
2013-06-25 23:00:00+00:00,175.23519897460938
2013-06-26 00:00:00+00:00,185.17904663085938
2013-06-26 01:00:00+00:00,168.39999389648438
2013-06-26 02:00:00+00:00,182.62628173828125
2013-06-26 03:00:00+00:00,166.9897918701172
2013-06-26 04:00:00+00:00,181.00857543945312
2013-06-26 05:00:00+00:00,180.15789794921875
2013-06-26 06:00:00+00:00,386.2549133300781
2013-06-26 07:00:00+00:00,887.1115112304688
2013-06-26 08:00:00+00:00,637.5797119140625
2013-06-26 09:00:00+00:00,352.30291748046875
2013-06-26 10:00:00+00:00,343.45330810546875
2013-06-26 11:00:00+00:00,348.9948425292969
2013-06-26 12:00:00+00:00,355.24957275390625
2013-06-26 13:00:00+00:00,403.88104248046875
2013-06-26 14:00:00+00:00,331.71966552734375
2013-06-26 15:00:00+00:00,344.5329895019531
2013-06-26 16:00:00+00:00,319.0826110839844
2013-06-26 17:00:00+00:00,271.04266357421875
2013-06-26 18:00:00+00:00,294.71282958984375
2013-06-26 19:00:00+00:00,386.839111328125
2013-06-26 20:00:00+00:00,376.0272216796875
2013-06-26 21:00:00+00:00,408.9140930175781
2013-06-26 22:00:00+00:00,182.1999969482422
2013-06-26 23:00:00+00:00,181.74237060546875
2013-06-27 00:00:00+00:00,189.62606811523438
2013-06-27 01:00:00+00:00,165.8612518310547
2013-06-27 02:00:00+00:00,202.14285278320312
2013-06-27 03:00:00+00:00,183.6320343017578
2013-06-27 04:00:00+00:00,189.3843536376953
2013-06-27 05:00:00+00:00,530.7796630859375
2013-06-27 06:00:00+00:00,210.2978057861328
2013-06-27 07:00:00+00:00,396.93060302734375
2013-06-27 08:00:00+00:00,347.306640625
2013-06-27 09:00:00+00:00,190.44973754882812
2013-06-27 10:00:00+00:00,206.54591369628906
2013-06-27 11:00:00+00:00,231.0340118408203
2013-06-27 12:00:00+00:00,227.68142700195312
2013-06-27 13:00:00+00:00,206.49322509765625
2013-06-27 14:00:00+00:00,193.1396942138672
2013-06-27 15:00:00+00:00,207.16807556152344
2013-06-27 16:00:00+00:00,199.8188018798828
2013-06-27 17:00:00+00:00,304.3747863769531
2013-06-27 18:00:00+00:00,206.1759796142578
2013-06-27 19:00:00+00:00,281.8773498535156
2013-06-27 20:00:00+00:00,406.70977783203125
2013-06-27 21:00:00+00:00,286.6449279785156
2013-06-27 22:00:00+00:00,181.67747497558594
2013-06-27 23:00:00+00:00,183.65646362304688
2013-06-28 00:00:00+00:00,170.0748291015625
2013-06-28 01:00:00+00:00,177.3713836669922
2013-06-28 02:00:00+00:00,208.71768188476562
2013-06-28 03:00:00+00:00,175.59490966796875
2013-06-28 04:00:00+00:00,180.17465209960938
2013-06-28 05:00:00+00:00,178.1734619140625
2013-06-28 06:00:00+00:00,182.00686645507812
2013-06-28 07:00:00+00:00,658.97705078125
2013-06-28 08:00:00+00:00,741.8490600585938
2013-06-28 09:00:00+00:00,998.6678466796875
2013-06-28 10:00:00+00:00,565.4888305664062
2013-06-28 11:00:00+00:00,543.9232177734375
2013-06-28 12:00:00+00:00,369.0479431152344
2013-06-28 13:00:00+00:00,684.070556640625
2013-06-28 14:00:00+00:00,452.8134765625
2013-06-28 15:00:00+00:00,515.4461669921875
2013-06-28 16:00:00+00:00,356.1896667480469
2013-06-28 17:00:00+00:00,358.7700500488281
2013-06-28 18:00:00+00:00,252.24783325195312
2013-06-28 19:00:00+00:00,186.41651916503906
2013-06-28 20:00:00+00:00,383.81817626953125
2013-06-28 21:00:00+00:00,408.9384765625
2013-06-28 22:00:00+00:00,238.982666015625
2013-06-28 23:00:00+00:00,233.8390350341797
2013-06-29 00:00:00+00:00,185.50086975097656
2013-06-29 01:00:00+00:00,168.37521362304688
2013-06-29 02:00:00+00:00,178.14991760253906
2013-06-29 03:00:00+00:00,180.02711486816406
2013-06-29 04:00:00+00:00,168.08628845214844
2013-06-29 05:00:00+00:00,190.29730224609375
2013-06-29 06:00:00+00:00,272.45172119140625
2013-06-29 07:00:00+00:00,833.7783813476562
2013-06-29 08:00:00+00:00,537.3804321289062
2013-06-29 09:00:00+00:00,204.42538452148438
2013-06-29 10:00:00+00:00,233.61224365234375
2013-06-29 11:00:00+00:00,291.7955322265625
2013-06-29 12:00:00+00:00,797.9492797851562
2013-06-29 13:00:00+00:00,473.721923828125
2013-06-29 14:00:00+00:00,196.4105682373047
2013-06-29 15:00:00+00:00,207.3146209716797
2013-06-29 16:00:00+00:00,280.6112976074219
2013-06-29 17:00:00+00:00,227.63526916503906
2013-06-29 18:00:00+00:00,178.4329376220703
2013-06-29 19:00:00+00:00,561.6344604492188
2013-06-29 20:00:00+00:00,458.9200134277344
2013-06-29 21:00:00+00:00,360.61944580078125
2013-06-29 22:00:00+00:00,478.1158447265625
2013-06-29 23:00:00+00:00,280.9220275878906
2013-06-30 00:00:00+00:00,228.88204956054688
2013-06-30 01:00:00+00:00,185.0276336669922
2013-06-30 02:00:00+00:00,164.53140258789062
2013-06-30 03:00:00+00:00,178.14700317382812
2013-06-30 04:00:00+00:00,168.38290405273438
2013-06-30 05:00:00+00:00,185.16123962402344
2013-06-30 06:00:00+00:00,202.1921844482422
2013-06-30 07:00:00+00:00,262.0826110839844
2013-06-30 08:00:00+00:00,212.55862426757812
2013-06-30 09:00:00+00:00,186.04931640625
2013-06-30 10:00:00+00:00,205.83074951171875
2013-06-30 11:00:00+00:00,189.05345153808594
2013-06-30 12:00:00+00:00,209.4071502685547
2013-06-30 13:00:00+00:00,784.9327392578125
2013-06-30 14:00:00+00:00,701.7750854492188
2013-06-30 15:00:00+00:00,339.11572265625
2013-06-30 16:00:00+00:00,243.30650329589844
2013-06-30 17:00:00+00:00,387.6811828613281
2013-06-30 18:00:00+00:00,240.46519470214844
2013-06-30 19:00:00+00:00,475.9878234863281
2013-06-30 20:00:00+00:00,363.84039306640625
2013-06-30 21:00:00+00:00,418.6836853027344
2013-06-30 22:00:00+00:00,245.23939514160156
2013-06-30 23:00:00+00:00,174.1925048828125
2013-07-01 00:00:00+00:00,188.01022338867188
2013-07-01 01:00:00+00:00,164.5500030517578
2013-07-01 02:00:00+00:00,179.60342407226562
2013-07-01 03:00:00+00:00,194.82843017578125
2013-07-01 04:00:00+00:00,194.42881774902344
2013-07-01 05:00:00+00:00,158.72727966308594
2013-07-01 06:00:00+00:00,288.7635803222656
2013-07-01 07:00:00+00:00,285.0555419921875
2013-07-01 08:00:00+00:00,177.72837829589844
2013-07-01 09:00:00+00:00,205.828125
2013-07-01 10:00:00+00:00,279.1678161621094
2013-07-01 11:00:00+00:00,523.6144409179688
2013-07-01 12:00:00+00:00,728.7509155273438
2013-07-01 13:00:00+00:00,390.5434265136719
2013-07-01 14:00:00+00:00,233.01361083984375
2013-07-01 15:00:00+00:00,308.100341796875
2013-07-01 16:00:00+00:00,280.5784912109375
2013-07-01 17:00:00+00:00,504.3114318847656
2013-07-01 18:00:00+00:00,472.86859130859375
2013-07-01 19:00:00+00:00,431.00347900390625
2013-07-01 20:00:00+00:00,496.0415344238281
2013-07-01 21:00:00+00:00,568.4588623046875
2013-07-01 22:00:00+00:00,500.98773193359375
2013-07-01 23:00:00+00:00,625.187744140625
2013-07-02 00:00:00+00:00,178.40855407714844
2013-07-02 01:00:00+00:00,161.36585998535156
2013-07-02 02:00:00+00:00,176.73182678222656
2013-07-02 03:00:00+00:00,162.5633544921875
2013-07-02 04:00:00+00:00,172.09727478027344
2013-07-02 05:00:00+00:00,173.87606811523438
2013-07-02 06:00:00+00:00,289.1065673828125
2013-07-02 07:00:00+00:00,371.9547119140625
2013-07-02 08:00:00+00:00,251.7294921875
2013-07-02 09:00:00+00:00,233.37818908691406
2013-07-02 10:00:00+00:00,290.20697021484375
2013-07-02 11:00:00+00:00,195.7855987548828
2013-07-02 12:00:00+00:00,443.05670166015625
2013-07-02 13:00:00+00:00,204.83448791503906
2013-07-02 14:00:00+00:00,178.67123413085938
2013-07-02 15:00:00+00:00,383.0189514160156
2013-07-02 16:00:00+00:00,305.4075927734375
2013-07-02 17:00:00+00:00,371.8461608886719
2013-07-02 18:00:00+00:00,522.221435546875
2013-07-02 19:00:00+00:00,553.9183959960938
2013-07-02 20:00:00+00:00,577.99658203125
2013-07-02 21:00:00+00:00,423.73150634765625
2013-07-02 22:00:00+00:00,236.6907196044922
2013-07-02 23:00:00+00:00,191.408935546875
2013-07-03 00:00:00+00:00,228.26576232910156
2013-07-03 01:00:00+00:00,188.83447265625
2013-07-03 02:00:00+00:00,166.04074096679688
2013-07-03 03:00:00+00:00,189.2091827392578
2013-07-03 04:00:00+00:00,165.4974365234375
2013-07-03 05:00:00+00:00,199.15475463867188
2013-07-03 06:00:00+00:00,546.6923217773438
2013-07-03 07:00:00+00:00,300.1207580566406
2013-07-03 08:00:00+00:00,332.5442199707031
2013-07-03 09:00:00+00:00,393.9742736816406
2013-07-03 10:00:00+00:00,290.3856506347656
2013-07-03 11:00:00+00:00,261.6201171875
2013-07-03 12:00:00+00:00,264.7918701171875
2013-07-03 13:00:00+00:00,266.4236755371094
2013-07-03 14:00:00+00:00,355.4429016113281
2013-07-03 15:00:00+00:00,541.4506225585938
2013-07-03 16:00:00+00:00,313.3189697265625
2013-07-03 17:00:00+00:00,440.75299072265625
2013-07-03 18:00:00+00:00,478.6751708984375
2013-07-03 19:00:00+00:00,641.6224365234375
2013-07-03 20:00:00+00:00,436.4417724609375
2013-07-03 21:00:00+00:00,373.1322021484375
2013-07-03 22:00:00+00:00,604.4253540039062
2013-07-03 23:00:00+00:00,735.2322387695312
2013-07-04 00:00:00+00:00,167.1942138671875
2013-07-04 01:00:00+00:00,184.7962646484375
2013-07-04 02:00:00+00:00,166.39865112304688
2013-07-04 03:00:00+00:00,182.06768798828125
2013-07-04 04:00:00+00:00,172.5540313720703
2013-07-04 05:00:00+00:00,234.51351928710938
2013-07-04 06:00:00+00:00,974.7700805664062
2013-07-04 07:00:00+00:00,742.7190551757812
2013-07-04 08:00:00+00:00,847.73974609375
2013-07-04 09:00:00+00:00,395.55499267578125
2013-07-04 10:00:00+00:00,193.998291015625
2013-07-04 11:00:00+00:00,219.06121826171875
2013-07-04 12:00:00+00:00,309.5043029785156
2013-07-04 13:00:00+00:00,215.2089080810547
2013-07-04 14:00:00+00:00,251.43643188476562
2013-07-04 15:00:00+00:00,250.6355743408203
2013-07-04 16:00:00+00:00,359.1163330078125
2013-07-04 17:00:00+00:00,384.6648864746094
2013-07-04 18:00:00+00:00,400.62176513671875
2013-07-04 19:00:00+00:00,446.64111328125
2013-07-04 20:00:00+00:00,382.85986328125
2013-07-04 21:00:00+00:00,236.47586059570312
2013-07-04 22:00:00+00:00,183.04124450683594
2013-07-04 23:00:00+00:00,308.0601501464844
2013-07-05 00:00:00+00:00,182.29739379882812
2013-07-05 01:00:00+00:00,183.83189392089844
2013-07-05 02:00:00+00:00,184.1735382080078
2013-07-05 03:00:00+00:00,171.57876586914062
2013-07-05 04:00:00+00:00,186.49314880371094
2013-07-05 05:00:00+00:00,178.17495727539062
2013-07-05 06:00:00+00:00,192.85374450683594
2013-07-05 07:00:00+00:00,331.5570983886719
2013-07-05 08:00:00+00:00,263.9434814453125
2013-07-05 09:00:00+00:00,205.28125
2013-07-05 10:00:00+00:00,251.29351806640625
2013-07-05 11:00:00+00:00,227.33218383789062
2013-07-05 12:00:00+00:00,207.83993530273438
2013-07-05 13:00:00+00:00,213.38160705566406
2013-07-05 14:00:00+00:00,202.82362365722656
2013-07-05 15:00:00+00:00,373.4956359863281
2013-07-05 16:00:00+00:00,305.380126953125
2013-07-05 17:00:00+00:00,386.5595703125
2013-07-05 18:00:00+00:00,586.1784057617188
2013-07-05 19:00:00+00:00,541.780029296875
2013-07-05 20:00:00+00:00,527.5112915039062
2013-07-05 21:00:00+00:00,475.3282470703125
2013-07-05 22:00:00+00:00,737.4295654296875
2013-07-05 23:00:00+00:00,618.5518798828125
2013-07-06 00:00:00+00:00,428.71673583984375
2013-07-06 01:00:00+00:00,205.96592712402344
2013-07-06 02:00:00+00:00,209.8057861328125
2013-07-06 03:00:00+00:00,171.28103637695312
2013-07-06 04:00:00+00:00,188.1800994873047
2013-07-06 05:00:00+00:00,174.6626434326172
2013-07-06 06:00:00+00:00,186.2310333251953
2013-07-06 07:00:00+00:00,183.09385681152344
2013-07-06 08:00:00+00:00,469.8826599121094
2013-07-06 09:00:00+00:00,751.53857421875
2013-07-06 10:00:00+00:00,430.88507080078125
2013-07-06 11:00:00+00:00,281.8986511230469
2013-07-06 12:00:00+00:00,270.2605895996094
2013-07-06 13:00:00+00:00,559.2861938476562
2013-07-06 14:00:00+00:00,742.5479736328125
2013-07-06 15:00:00+00:00,250.65261840820312
2013-07-06 16:00:00+00:00,246.35980224609375
2013-07-06 17:00:00+00:00,181.40135192871094
2013-07-06 18:00:00+00:00,224.23939514160156
2013-07-06 19:00:00+00:00,407.0708312988281
2013-07-06 20:00:00+00:00,376.4060974121094
2013-07-06 21:00:00+00:00,197.76182556152344
2013-07-06 22:00:00+00:00,190.62435913085938
2013-07-06 23:00:00+00:00,173.22128295898438
2013-07-07 00:00:00+00:00,188.22842407226562
2013-07-07 01:00:00+00:00,183.33729553222656
2013-07-07 02:00:00+00:00,189.30169677734375
2013-07-07 03:00:00+00:00,169.5644073486328
2013-07-07 04:00:00+00:00,181.3588409423828
2013-07-07 05:00:00+00:00,187.7955780029297
2013-07-07 06:00:00+00:00,214.09402465820312
2013-07-07 07:00:00+00:00,305.046630859375
2013-07-07 08:00:00+00:00,258.2882080078125
2013-07-07 09:00:00+00:00,198.79830932617188
2013-07-07 10:00:00+00:00,277.3667297363281
2013-07-07 11:00:00+00:00,204.59190368652344
2013-07-07 12:00:00+00:00,272.2084655761719
2013-07-07 13:00:00+00:00,210.91062927246094
2013-07-07 14:00:00+00:00,201.78919982910156
2013-07-07 15:00:00+00:00,195.37205505371094
2013-07-07 16:00:00+00:00,251.68971252441406
2013-07-07 17:00:00+00:00,370.6986389160156
2013-07-07 18:00:00+00:00,263.7356872558594
2013-07-07 19:00:00+00:00,391.4136657714844
2013-07-07 20:00:00+00:00,405.5008544921875
2013-07-07 21:00:00+00:00,418.292236328125
2013-07-07 22:00:00+00:00,335.3627014160156
2013-07-07 23:00:00+00:00,231.0557403564453
2013-07-08 00:00:00+00:00,214.81556701660156
2013-07-08 01:00:00+00:00,161.1520233154297
2013-07-08 02:00:00+00:00,170.84263610839844
2013-07-08 03:00:00+00:00,177.28427124023438
2013-07-08 04:00:00+00:00,169.5050811767578
2013-07-08 05:00:00+00:00,168.72250366210938
2013-07-08 06:00:00+00:00,170.89321899414062
2013-07-08 07:00:00+00:00,227.01705932617188
2013-07-08 08:00:00+00:00,737.2767333984375
2013-07-08 09:00:00+00:00,451.6197814941406
2013-07-08 10:00:00+00:00,204.95269775390625
2013-07-08 11:00:00+00:00,229.88006591796875
2013-07-08 12:00:00+00:00,287.0440673828125
2013-07-08 13:00:00+00:00,599.6666870117188
2013-07-08 14:00:00+00:00,606.0125122070312
2013-07-08 15:00:00+00:00,229.5269317626953
2013-07-08 16:00:00+00:00,289.3164367675781
2013-07-08 17:00:00+00:00,771.2885131835938
2013-07-08 18:00:00+00:00,727.2667846679688
2013-07-08 19:00:00+00:00,177.8667755126953
2013-07-08 20:00:00+00:00,233.03367614746094
2013-07-08 21:00:00+00:00,207.07420349121094
2013-07-08 22:00:00+00:00,188.69882202148438
2013-07-08 23:00:00+00:00,171.63006591796875
2013-07-09 00:00:00+00:00,167.57627868652344
2013-07-09 01:00:00+00:00,170.8395233154297
2013-07-09 02:00:00+00:00,181.72250366210938
2013-07-09 03:00:00+00:00,194.31809997558594
2013-07-09 04:00:00+00:00,167.10321044921875
2013-07-09 05:00:00+00:00,161.46949768066406
2013-07-09 06:00:00+00:00,169.47198486328125
2013-07-09 07:00:00+00:00,176.49661254882812
2013-07-09 08:00:00+00:00,175.41455078125
2013-07-09 09:00:00+00:00,201.92724609375
2013-07-09 10:00:00+00:00,202.74281311035156
2013-07-09 11:00:00+00:00,193.18919372558594
2013-07-09 12:00:00+00:00,193.25381469726562
2013-07-09 13:00:00+00:00,192.1015167236328
2013-07-09 14:00:00+00:00,176.1283721923828
2013-07-09 15:00:00+00:00,157.582763671875
2013-07-09 16:00:00+00:00,168.21621704101562
2013-07-09 17:00:00+00:00,207.89695739746094
2013-07-09 18:00:00+00:00,198.2246551513672
2013-07-09 19:00:00+00:00,169.5126495361328
2013-07-09 20:00:00+00:00,223.7668914794922
2013-07-09 21:00:00+00:00,175.95269775390625
2013-07-09 22:00:00+00:00,170.79019165039062
2013-07-09 23:00:00+00:00,162.4196319580078
2013-07-10 00:00:00+00:00,165.8612518310547
2013-07-10 01:00:00+00:00,176.4873046875
2013-07-10 02:00:00+00:00,156.6084747314453
2013-07-10 03:00:00+00:00,170.52291870117188
2013-07-10 04:00:00+00:00,167.73973083496094
2013-07-10 05:00:00+00:00,164.90753173828125
2013-07-10 06:00:00+00:00,162.8865966796875
2013-07-10 07:00:00+00:00,171.56973266601562
2013-07-10 08:00:00+00:00,219.62203979492188
2013-07-10 09:00:00+00:00,200.7745819091797
2013-07-10 10:00:00+00:00,200.7512664794922
2013-07-10 11:00:00+00:00,206.1590576171875
2013-07-10 12:00:00+00:00,174.19932556152344
2013-07-10 13:00:00+00:00,172.0625
2013-07-10 14:00:00+00:00,177.69932556152344
2013-07-10 15:00:00+00:00,166.15878295898438
2013-07-10 16:00:00+00:00,167.57432556152344
2013-07-10 17:00:00+00:00,173.7614288330078
2013-07-10 18:00:00+00:00,179.46531677246094
2013-07-10 19:00:00+00:00,162.87118530273438
2013-07-10 20:00:00+00:00,229.5972900390625
2013-07-10 21:00:00+00:00,199.58883666992188
2013-07-10 22:00:00+00:00,164.72525024414062
2013-07-10 23:00:00+00:00,211.0836181640625
2013-07-11 00:00:00+00:00,171.45547485351562
2013-07-11 01:00:00+00:00,167.6506805419922
2013-07-11 02:00:00+00:00,162.663818359375
2013-07-11 03:00:00+00:00,164.87391662597656
2013-07-11 04:00:00+00:00,170.5501708984375
2013-07-11 05:00:00+00:00,157.94854736328125
2013-07-11 06:00:00+00:00,164.40550231933594
2013-07-11 07:00:00+00:00,174.12457275390625
2013-07-11 08:00:00+00:00,162.3876495361328
2013-07-11 09:00:00+00:00,189.74266052246094
2013-07-11 10:00:00+00:00,202.96717834472656
2013-07-11 11:00:00+00:00,184.4146728515625
2013-07-11 12:00:00+00:00,181.05555725097656
2013-07-11 13:00:00+00:00,173.4673614501953
2013-07-11 14:00:00+00:00,210.11355590820312
2013-07-11 15:00:00+00:00,168.30050659179688
2013-07-11 16:00:00+00:00,171.85714721679688
2013-07-11 17:00:00+00:00,158.1158447265625
2013-07-11 18:00:00+00:00,200.4129638671875
2013-07-11 19:00:00+00:00,183.9188232421875
2013-07-11 20:00:00+00:00,152.917236328125
2013-07-11 21:00:00+00:00,168.6788787841797
2013-07-11 22:00:00+00:00,204.59622192382812
2013-07-11 23:00:00+00:00,160.73927307128906
2013-07-12 00:00:00+00:00,171.59027099609375
2013-07-12 01:00:00+00:00,169.8419189453125
2013-07-12 02:00:00+00:00,157.44178771972656
2013-07-12 03:00:00+00:00,169.92881774902344
2013-07-12 04:00:00+00:00,172.78253173828125
2013-07-12 05:00:00+00:00,206.96258544921875
2013-07-12 06:00:00+00:00,166.5670623779297
2013-07-12 07:00:00+00:00,223.17218017578125
2013-07-12 08:00:00+00:00,359.1195983886719
2013-07-12 09:00:00+00:00,490.82373046875
2013-07-12 10:00:00+00:00,556.9947509765625
2013-07-12 11:00:00+00:00,213.2593231201172
2013-07-12 12:00:00+00:00,312.7573547363281
2013-07-12 13:00:00+00:00,256.9707946777344
2013-07-12 14:00:00+00:00,345.35516357421875
2013-07-12 15:00:00+00:00,206.77452087402344
2013-07-12 16:00:00+00:00,766.5298461914062
2013-07-12 17:00:00+00:00,423.75482177734375
2013-07-12 18:00:00+00:00,442.22735595703125
2013-07-12 19:00:00+00:00,443.15924072265625
2013-07-12 20:00:00+00:00,433.498291015625
2013-07-12 21:00:00+00:00,406.66265869140625
2013-07-12 22:00:00+00:00,180.9109649658203
2013-07-12 23:00:00+00:00,173.95712280273438
2013-07-13 00:00:00+00:00,172.85008239746094
2013-07-13 01:00:00+00:00,180.44886779785156
2013-07-13 02:00:00+00:00,168.60513305664062
2013-07-13 03:00:00+00:00,171.30560302734375
2013-07-13 04:00:00+00:00,171.74310302734375
2013-07-13 05:00:00+00:00,178.7283477783203
2013-07-13 06:00:00+00:00,162.930908203125
2013-07-13 07:00:00+00:00,173.1572723388672
2013-07-13 08:00:00+00:00,499.48504638671875
2013-07-13 09:00:00+00:00,197.15924072265625
2013-07-13 10:00:00+00:00,352.038330078125
2013-07-13 11:00:00+00:00,306.70867919921875
2013-07-13 12:00:00+00:00,391.39898681640625
2013-07-13 13:00:00+00:00,394.01513671875
2013-07-13 14:00:00+00:00,206.5757598876953
2013-07-13 15:00:00+00:00,192.10101318359375
2013-07-13 16:00:00+00:00,453.46795654296875
2013-07-13 17:00:00+00:00,381.5641784667969
2013-07-13 18:00:00+00:00,300.60504150390625
2013-07-13 19:00:00+00:00,429.7852478027344
2013-07-13 20:00:00+00:00,400.884033203125
2013-07-13 21:00:00+00:00,367.26007080078125
2013-07-13 22:00:00+00:00,242.16329956054688
2013-07-13 23:00:00+00:00,224.04705810546875
2013-07-14 00:00:00+00:00,227.48989868164062
2013-07-14 01:00:00+00:00,213.46205139160156
2013-07-14 02:00:00+00:00,181.634521484375
2013-07-14 03:00:00+00:00,169.40977478027344
2013-07-14 04:00:00+00:00,174.71163940429688
2013-07-14 05:00:00+00:00,179.51438903808594
2013-07-14 06:00:00+00:00,174.3423309326172
2013-07-14 07:00:00+00:00,311.5188903808594
2013-07-14 08:00:00+00:00,310.04412841796875
2013-07-14 09:00:00+00:00,235.5851593017578
2013-07-14 10:00:00+00:00,220.57310485839844
2013-07-14 11:00:00+00:00,329.5255126953125
2013-07-14 12:00:00+00:00,894.4285888671875
2013-07-14 13:00:00+00:00,1946.1895751953125
2013-07-14 14:00:00+00:00,402.5979309082031
2013-07-14 15:00:00+00:00,209.09564208984375
2013-07-14 16:00:00+00:00,399.5059814453125
2013-07-14 17:00:00+00:00,376.2248840332031
2013-07-14 18:00:00+00:00,442.5826110839844
2013-07-14 19:00:00+00:00,388.3815002441406
2013-07-14 20:00:00+00:00,386.64093017578125
2013-07-14 21:00:00+00:00,246.25881958007812
2013-07-14 22:00:00+00:00,188.06398010253906
2013-07-14 23:00:00+00:00,186.74789428710938
2013-07-15 00:00:00+00:00,190.8739471435547
2013-07-15 01:00:00+00:00,199.61148071289062
2013-07-15 02:00:00+00:00,188.50083923339844
2013-07-15 03:00:00+00:00,172.13131713867188
2013-07-15 04:00:00+00:00,172.93434143066406
2013-07-15 05:00:00+00:00,186.20741271972656
2013-07-15 06:00:00+00:00,408.22607421875
2013-07-15 07:00:00+00:00,205.4418182373047
2013-07-15 08:00:00+00:00,221.091064453125
2013-07-15 09:00:00+00:00,207.80775451660156
2013-07-15 10:00:00+00:00,220.61007690429688
2013-07-15 11:00:00+00:00,219.34454345703125
2013-07-15 12:00:00+00:00,228.8905792236328
2013-07-15 13:00:00+00:00,209.39932250976562
2013-07-15 14:00:00+00:00,214.06385803222656
2013-07-15 15:00:00+00:00,190.27395629882812
2013-07-15 16:00:00+00:00,193.64764404296875
2013-07-15 17:00:00+00:00,268.345947265625
2013-07-15 18:00:00+00:00,404.5778503417969
2013-07-15 19:00:00+00:00,462.16864013671875
2013-07-15 20:00:00+00:00,446.1632995605469
2013-07-15 21:00:00+00:00,337.57647705078125
2013-07-15 22:00:00+00:00,231.80369567871094
2013-07-15 23:00:00+00:00,202.11744689941406
2013-07-16 00:00:00+00:00,239.5514373779297
2013-07-16 01:00:00+00:00,216.3260498046875
2013-07-16 02:00:00+00:00,201.61680603027344
2013-07-16 03:00:00+00:00,202.4637451171875
2013-07-16 04:00:00+00:00,193.125
2013-07-16 05:00:00+00:00,198.6425018310547
2013-07-16 06:00:00+00:00,434.3232727050781
2013-07-16 07:00:00+00:00,871.1428833007812
2013-07-16 08:00:00+00:00,1117.954345703125
2013-07-16 09:00:00+00:00,494.53173828125
2013-07-16 10:00:00+00:00,628.2327880859375
2013-07-16 11:00:00+00:00,353.5323181152344
2013-07-16 12:00:00+00:00,979.67333984375
2013-07-16 13:00:00+00:00,455.9516296386719
2013-07-16 14:00:00+00:00,409.4292907714844
2013-07-16 15:00:00+00:00,487.8310241699219
2013-07-16 16:00:00+00:00,695.14111328125
2013-07-16 17:00:00+00:00,255.14915466308594
2013-07-16 18:00:00+00:00,545.9822387695312
2013-07-16 19:00:00+00:00,421.13629150390625
2013-07-16 20:00:00+00:00,438.6661071777344
2013-07-16 21:00:00+00:00,385.7942810058594
2013-07-16 22:00:00+00:00,250.67172241210938
2013-07-16 23:00:00+00:00,253.78787231445312
2013-07-17 00:00:00+00:00,229.49832153320312
2013-07-17 01:00:00+00:00,235.91091918945312
2013-07-17 02:00:00+00:00,277.48992919921875
2013-07-17 03:00:00+00:00,268.4655456542969
2013-07-17 04:00:00+00:00,227.2289581298828
2013-07-17 05:00:00+00:00,242.8067169189453
2013-07-17 06:00:00+00:00,461.02105712890625
2013-07-17 07:00:00+00:00,284.1203308105469
2013-07-17 08:00:00+00:00,278.6252136230469
2013-07-17 09:00:00+00:00,271.83026123046875
2013-07-17 10:00:00+00:00,271.85858154296875
2013-07-17 11:00:00+00:00,272.7892150878906
2013-07-17 12:00:00+00:00,284.29949951171875
2013-07-17 13:00:00+00:00,263.6078186035156
2013-07-17 14:00:00+00:00,269.41357421875
2013-07-17 15:00:00+00:00,328.93865966796875
2013-07-17 16:00:00+00:00,638.748291015625
2013-07-17 17:00:00+00:00,342.0306701660156
2013-07-17 18:00:00+00:00,1041.30126953125
2013-07-17 19:00:00+00:00,581.47412109375
2013-07-17 20:00:00+00:00,466.7796630859375
2013-07-17 21:00:00+00:00,429.59796142578125
2013-07-17 22:00:00+00:00,605.0762939453125
2013-07-17 23:00:00+00:00,770.8453369140625
2013-07-18 00:00:00+00:00,250.93959045410156
2013-07-18 01:00:00+00:00,225.4730682373047
2013-07-18 02:00:00+00:00,242.79832458496094
2013-07-18 03:00:00+00:00,235.81312561035156
2013-07-18 04:00:00+00:00,243.14141845703125
2013-07-18 05:00:00+00:00,221.28956604003906
2013-07-18 06:00:00+00:00,453.4858703613281
2013-07-18 07:00:00+00:00,193.8817596435547
2013-07-18 08:00:00+00:00,253.4451904296875
2013-07-18 09:00:00+00:00,235.6403350830078
2013-07-18 10:00:00+00:00,208.05714416503906
2013-07-18 11:00:00+00:00,203.6083984375
2013-07-18 12:00:00+00:00,188.51177978515625
2013-07-18 13:00:00+00:00,203.5673370361328
2013-07-18 14:00:00+00:00,218.8218536376953
2013-07-18 15:00:00+00:00,191.4141387939453
2013-07-18 16:00:00+00:00,199.45286560058594
2013-07-18 17:00:00+00:00,208.644775390625
2013-07-18 18:00:00+00:00,216.4545440673828
2013-07-18 19:00:00+00:00,166.30201721191406
2013-07-18 20:00:00+00:00,181.32659912109375
2013-07-18 21:00:00+00:00,213.79698181152344
2013-07-18 22:00:00+00:00,227.5414581298828
2013-07-18 23:00:00+00:00,283.3316650390625
2013-07-19 00:00:00+00:00,240.36532592773438
2013-07-19 01:00:00+00:00,172.40472412109375
2013-07-19 02:00:00+00:00,153.49411010742188
2013-07-19 03:00:00+00:00,178.24789428710938
2013-07-19 04:00:00+00:00,179.5598602294922
2013-07-19 05:00:00+00:00,172.15176391601562
2013-07-19 06:00:00+00:00,176.70489501953125
2013-07-19 07:00:00+00:00,176.77403259277344
2013-07-19 08:00:00+00:00,196.6947784423828
2013-07-19 09:00:00+00:00,188.10923767089844
2013-07-19 10:00:00+00:00,196.58416748046875
2013-07-19 11:00:00+00:00,206.85882568359375
2013-07-19 12:00:00+00:00,179.072265625
2013-07-19 13:00:00+00:00,224.23529052734375
2013-07-19 14:00:00+00:00,219.26219177246094
2013-07-19 15:00:00+00:00,169.5419464111328
2013-07-19 16:00:00+00:00,162.2151336669922
2013-07-19 17:00:00+00:00,166.171142578125
2013-07-19 18:00:00+00:00,187.79159545898438
2013-07-19 19:00:00+00:00,165.04873657226562
2013-07-19 20:00:00+00:00,181.3865509033203
2013-07-19 21:00:00+00:00,214.06385803222656
2013-07-19 22:00:00+00:00,174.30755615234375
2013-07-19 23:00:00+00:00,173.6851806640625
2013-07-20 00:00:00+00:00,169.05397033691406
2013-07-20 01:00:00+00:00,172.83837890625
2013-07-20 02:00:00+00:00,154.6969757080078
2013-07-20 03:00:00+00:00,172.00843811035156
2013-07-20 04:00:00+00:00,179.50758361816406
2013-07-20 05:00:00+00:00,224.9848175048828
2013-07-20 06:00:00+00:00,173.12669372558594
2013-07-20 07:00:00+00:00,177.7512664794922
2013-07-20 08:00:00+00:00,179.98817443847656
2013-07-20 09:00:00+00:00,187.3783721923828
2013-07-20 10:00:00+00:00,168.03384399414062
2013-07-20 11:00:00+00:00,172.30404663085938
2013-07-20 12:00:00+00:00,166.81756591796875
2013-07-20 13:00:00+00:00,177.75717163085938
2013-07-20 14:00:00+00:00,205.71115112304688
2013-07-20 15:00:00+00:00,176.41989135742188
2013-07-20 16:00:00+00:00,186.24957275390625
2013-07-20 17:00:00+00:00,172.28427124023438
2013-07-20 18:00:00+00:00,168.9325408935547
2013-07-20 19:00:00+00:00,198.04898071289062
2013-07-20 20:00:00+00:00,210.1711883544922
2013-07-20 21:00:00+00:00,169.2533721923828
2013-07-20 22:00:00+00:00,160.69491577148438
2013-07-20 23:00:00+00:00,174.78341674804688
2013-07-21 00:00:00+00:00,169.04229736328125
2013-07-21 01:00:00+00:00,152.66836547851562
2013-07-21 02:00:00+00:00,163.9016876220703
2013-07-21 03:00:00+00:00,175.56683349609375
2013-07-21 04:00:00+00:00,154.6999969482422
2013-07-21 05:00:00+00:00,178.7891082763672
2013-07-21 06:00:00+00:00,178.36717224121094
2013-07-21 07:00:00+00:00,162.93389892578125
2013-07-21 08:00:00+00:00,168.4013671875
2013-07-21 09:00:00+00:00,167.91651916503906
2013-07-21 10:00:00+00:00,213.04583740234375
2013-07-21 11:00:00+00:00,207.78982543945312
2013-07-21 12:00:00+00:00,191.05752563476562
2013-07-21 13:00:00+00:00,190.56101989746094
2013-07-21 14:00:00+00:00,190.90185546875
2013-07-21 15:00:00+00:00,192.48223876953125
2013-07-21 16:00:00+00:00,187.30795288085938
2013-07-21 17:00:00+00:00,164.93243408203125
2013-07-21 18:00:00+00:00,183.89358520507812
2013-07-21 19:00:00+00:00,160.1875
2013-07-21 20:00:00+00:00,175.96446228027344
2013-07-21 21:00:00+00:00,185.375
2013-07-21 22:00:00+00:00,156.74618530273438
2013-07-21 23:00:00+00:00,178.8291015625
2013-07-22 00:00:00+00:00,172.08798217773438
2013-07-22 01:00:00+00:00,209.93569946289062
2013-07-22 02:00:00+00:00,169.0728759765625
2013-07-22 03:00:00+00:00,177.1015167236328
2013-07-22 04:00:00+00:00,154.9627685546875
2013-07-22 05:00:00+00:00,176.17428588867188
2013-07-22 06:00:00+00:00,183.50083923339844
2013-07-22 07:00:00+00:00,159.27334594726562
2013-07-22 08:00:00+00:00,180.2115020751953
2013-07-22 09:00:00+00:00,204.69204711914062
2013-07-22 10:00:00+00:00,177.51858520507812
2013-07-22 11:00:00+00:00,200.24282836914062
2013-07-22 12:00:00+00:00,190.968017578125
2013-07-22 13:00:00+00:00,157.96290588378906
2013-07-22 14:00:00+00:00,168.2255859375
2013-07-22 15:00:00+00:00,200.4033660888672
2013-07-22 16:00:00+00:00,183.91246032714844
2013-07-22 17:00:00+00:00,169.47555541992188
2013-07-22 18:00:00+00:00,209.81680297851562
2013-07-22 19:00:00+00:00,184.89915466308594
2013-07-22 20:00:00+00:00,221.60504150390625
2013-07-22 21:00:00+00:00,242.33670043945312
2013-07-22 22:00:00+00:00,216.76133728027344
2013-07-22 23:00:00+00:00,175.87059020996094
2013-07-23 00:00:00+00:00,186.39393615722656
2013-07-23 01:00:00+00:00,203.7710418701172
2013-07-23 02:00:00+00:00,174.3148193359375
2013-07-23 03:00:00+00:00,155.68350219726562
2013-07-23 04:00:00+00:00,173.82968139648438
2013-07-23 05:00:00+00:00,186.8922576904297
2013-07-23 06:00:00+00:00,202.6178436279297
2013-07-23 07:00:00+00:00,179.83670043945312
2013-07-23 08:00:00+00:00,175.44107055664062
2013-07-23 09:00:00+00:00,192.3602752685547
2013-07-23 10:00:00+00:00,183.29075622558594
2013-07-23 11:00:00+00:00,178.89076232910156
2013-07-23 12:00:00+00:00,208.25546264648438
2013-07-23 13:00:00+00:00,170.66946411132812
2013-07-23 14:00:00+00:00,192.66891479492188
2013-07-23 15:00:00+00:00,180.4562225341797
2013-07-23 16:00:00+00:00,169.76174926757812
2013-07-23 17:00:00+00:00,159.2057342529297
2013-07-23 18:00:00+00:00,179.3926239013672
2013-07-23 19:00:00+00:00,184.3942413330078
2013-07-23 20:00:00+00:00,223.36195373535156
2013-07-23 21:00:00+00:00,226.43698120117188
2013-07-23 22:00:00+00:00,192.78318786621094
2013-07-23 23:00:00+00:00,176.36807250976562
2013-07-24 00:00:00+00:00,154.73109436035156
2013-07-24 01:00:00+00:00,169.75588989257812
2013-07-24 02:00:00+00:00,170.02020263671875
2013-07-24 03:00:00+00:00,162.67677307128906
2013-07-24 04:00:00+00:00,172.37710571289062
2013-07-24 05:00:00+00:00,177.625
2013-07-24 06:00:00+00:00,176.13827514648438
2013-07-24 07:00:00+00:00,166.5143280029297
2013-07-24 08:00:00+00:00,190.73568725585938
2013-07-24 09:00:00+00:00,192.2276611328125
2013-07-24 10:00:00+00:00,178.90908813476562
2013-07-24 11:00:00+00:00,202.3198699951172
2013-07-24 12:00:00+00:00,237.75294494628906
2013-07-24 13:00:00+00:00,195.77777099609375
2013-07-24 14:00:00+00:00,175.29461669921875
2013-07-24 15:00:00+00:00,177.52357482910156
2013-07-24 16:00:00+00:00,161.32269287109375
2013-07-24 17:00:00+00:00,164.99156188964844
2013-07-24 18:00:00+00:00,193.23321533203125
2013-07-24 19:00:00+00:00,235.22857666015625
2013-07-24 20:00:00+00:00,219.0050506591797
2013-07-24 21:00:00+00:00,241.8787841796875
2013-07-24 22:00:00+00:00,200.62857055664062
2013-07-24 23:00:00+00:00,172.32827758789062
2013-07-25 00:00:00+00:00,167.2929229736328
2013-07-25 01:00:00+00:00,166.2276611328125
2013-07-25 02:00:00+00:00,184.6043701171875
2013-07-25 03:00:00+00:00,199.06239318847656
2013-07-25 04:00:00+00:00,174.82154846191406
2013-07-25 05:00:00+00:00,169.6121368408203
2013-07-25 06:00:00+00:00,179.73480224609375
2013-07-25 07:00:00+00:00,182.81956481933594
2013-07-25 08:00:00+00:00,166.75885009765625
2013-07-25 09:00:00+00:00,179.68687438964844
2013-07-25 10:00:00+00:00,174.693603515625
2013-07-25 11:00:00+00:00,195.8905792236328
2013-07-25 12:00:00+00:00,187.88851928710938
2013-07-25 13:00:00+00:00,195.3501739501953
2013-07-25 14:00:00+00:00,205.96632385253906
2013-07-25 15:00:00+00:00,176.1260528564453
2013-07-25 16:00:00+00:00,171.0386505126953
2013-07-25 17:00:00+00:00,188.7609405517578
2013-07-25 18:00:00+00:00,204.10755920410156
2013-07-25 19:00:00+00:00,176.3546142578125
2013-07-25 20:00:00+00:00,181.6481475830078
2013-07-25 21:00:00+00:00,170.21585083007812
2013-07-25 22:00:00+00:00,173.07408142089844
2013-07-25 23:00:00+00:00,243.82095336914062
2013-07-26 00:00:00+00:00,164.242431640625
2013-07-26 01:00:00+00:00,171.50253295898438
2013-07-26 02:00:00+00:00,170.68919372558594
2013-07-26 03:00:00+00:00,165.8716278076172
2013-07-26 04:00:00+00:00,169.48648071289062
2013-07-26 05:00:00+00:00,179.10304260253906
2013-07-26 06:00:00+00:00,175.55404663085938
2013-07-26 07:00:00+00:00,168.479736328125
2013-07-26 08:00:00+00:00,219.0625
2013-07-26 09:00:00+00:00,192.08262634277344
2013-07-26 10:00:00+00:00,188.01351928710938
2013-07-26 11:00:00+00:00,208.0151824951172
2013-07-26 12:00:00+00:00,186.3468017578125
2013-07-26 13:00:00+00:00,198.091064453125
2013-07-26 14:00:00+00:00,196.08753967285156
2013-07-26 15:00:00+00:00,195.47474670410156
2013-07-26 16:00:00+00:00,163.745361328125
2013-07-26 17:00:00+00:00,166.19898986816406
2013-07-26 18:00:00+00:00,188.08094787597656
2013-07-26 19:00:00+00:00,158.9006805419922
2013-07-26 20:00:00+00:00,180.76559448242188
2013-07-26 21:00:00+00:00,219.0101318359375
2013-07-26 22:00:00+00:00,198.05892944335938
2013-07-26 23:00:00+00:00,202.81756591796875
2013-07-27 00:00:00+00:00,169.1146697998047
2013-07-27 01:00:00+00:00,161.47885131835938
2013-07-27 02:00:00+00:00,168.32884216308594
2013-07-27 03:00:00+00:00,180.32095336914062
2013-07-27 04:00:00+00:00,155.88832092285156
2013-07-27 05:00:00+00:00,184.23817443847656
2013-07-27 06:00:00+00:00,178.25042724609375
2013-07-27 07:00:00+00:00,162.1908721923828
2013-07-27 08:00:00+00:00,177.2030487060547
2013-07-27 09:00:00+00:00,194.16554260253906
2013-07-27 10:00:00+00:00,186.61148071289062
2013-07-27 11:00:00+00:00,195.895263671875
2013-07-27 12:00:00+00:00,192.11279296875
2013-07-27 13:00:00+00:00,188.24789428710938
2013-07-27 14:00:00+00:00,221.4629669189453
2013-07-27 15:00:00+00:00,230.3905792236328
2013-07-27 16:00:00+00:00,199.28451538085938
2013-07-27 17:00:00+00:00,935.1055297851562
2013-07-27 18:00:00+00:00,502.3494873046875
2013-07-27 19:00:00+00:00,503.771484375
2013-07-27 20:00:00+00:00,448.47979736328125
2013-07-27 21:00:00+00:00,312.5801086425781
2013-07-27 22:00:00+00:00,269.2428283691406
2013-07-27 23:00:00+00:00,252.19729614257812
2013-07-28 00:00:00+00:00,240.10792541503906
2013-07-28 01:00:00+00:00,205.9494171142578
2013-07-28 02:00:00+00:00,195.13536071777344
2013-07-28 03:00:00+00:00,180.59190368652344
2013-07-28 04:00:00+00:00,213.22634887695312
2013-07-28 05:00:00+00:00,179.44839477539062
2013-07-28 06:00:00+00:00,268.86370849609375
2013-07-28 07:00:00+00:00,301.6490173339844
2013-07-28 08:00:00+00:00,1162.9483642578125
2013-07-28 09:00:00+00:00,362.4965515136719
2013-07-28 10:00:00+00:00,264.0977783203125
2013-07-28 11:00:00+00:00,248.2294464111328
2013-07-28 12:00:00+00:00,339.53924560546875
2013-07-28 13:00:00+00:00,388.020263671875
2013-07-28 14:00:00+00:00,236.80203247070312
2013-07-28 15:00:00+00:00,601.2836303710938
2013-07-28 16:00:00+00:00,427.67254638671875
2013-07-28 17:00:00+00:00,226.23220825195312
2013-07-28 18:00:00+00:00,398.3254089355469
2013-07-28 19:00:00+00:00,420.71185302734375
2013-07-28 20:00:00+00:00,388.2318115234375
2013-07-28 21:00:00+00:00,273.3688659667969
2013-07-28 22:00:00+00:00,185.43707275390625
2013-07-28 23:00:00+00:00,190.14382934570312
2013-07-29 00:00:00+00:00,171.09507751464844
2013-07-29 01:00:00+00:00,183.8321990966797
2013-07-29 02:00:00+00:00,179.54515075683594
2013-07-29 03:00:00+00:00,176.0984649658203
2013-07-29 04:00:00+00:00,180.0528106689453
2013-07-29 05:00:00+00:00,180.25680541992188
2013-07-29 06:00:00+00:00,265.8310546875
2013-07-29 07:00:00+00:00,368.88848876953125
2013-07-29 08:00:00+00:00,338.41864013671875
2013-07-29 09:00:00+00:00,362.86224365234375
2013-07-29 10:00:00+00:00,371.6163024902344
2013-07-29 11:00:00+00:00,607.134521484375
2013-07-29 12:00:00+00:00,954.4598999023438
2013-07-29 13:00:00+00:00,424.7657165527344
2013-07-29 14:00:00+00:00,268.8986511230469
2013-07-29 15:00:00+00:00,274.9407653808594
2013-07-29 16:00:00+00:00,642.4249267578125
2013-07-29 17:00:00+00:00,595.2379150390625
2013-07-29 18:00:00+00:00,446.8913269042969
2013-07-29 19:00:00+00:00,593.9017333984375
2013-07-29 20:00:00+00:00,683.2601928710938
2013-07-29 21:00:00+00:00,586.9896850585938
2013-07-29 22:00:00+00:00,624.7530517578125
2013-07-29 23:00:00+00:00,493.3717346191406
2013-07-30 00:00:00+00:00,628.9896850585938
2013-07-30 01:00:00+00:00,203.1448211669922
2013-07-30 02:00:00+00:00,183.88526916503906
2013-07-30 03:00:00+00:00,176.8000030517578
2013-07-30 04:00:00+00:00,170.7069854736328
2013-07-30 05:00:00+00:00,179.777587890625
2013-07-30 06:00:00+00:00,178.8691864013672
2013-07-30 07:00:00+00:00,277.52777099609375
2013-07-30 08:00:00+00:00,251.20925903320312
2013-07-30 09:00:00+00:00,181.31369018554688
2013-07-30 10:00:00+00:00,180.48785400390625
2013-07-30 11:00:00+00:00,188.86380004882812
2013-07-30 12:00:00+00:00,207.52487182617188
2013-07-30 13:00:00+00:00,246.12457275390625
2013-07-30 14:00:00+00:00,179.96917724609375
2013-07-30 15:00:00+00:00,246.9499969482422
2013-07-30 16:00:00+00:00,257.1649169921875
2013-07-30 17:00:00+00:00,368.4166564941406
2013-07-30 18:00:00+00:00,320.19964599609375
2013-07-30 19:00:00+00:00,390.1794738769531
2013-07-30 20:00:00+00:00,397.48468017578125
2013-07-30 21:00:00+00:00,279.0698547363281
2013-07-30 22:00:00+00:00,246.2508544921875
2013-07-30 23:00:00+00:00,221.35556030273438
2013-07-31 00:00:00+00:00,193.26779174804688
2013-07-31 01:00:00+00:00,191.8651885986328
2013-07-31 02:00:00+00:00,165.15213012695312
2013-07-31 03:00:00+00:00,179.9142303466797
2013-07-31 04:00:00+00:00,187.2874298095703
2013-07-31 05:00:00+00:00,203.73162841796875
2013-07-31 06:00:00+00:00,374.8768005371094
2013-07-31 07:00:00+00:00,282.6369934082031
2013-07-31 08:00:00+00:00,294.64398193359375
2013-07-31 09:00:00+00:00,343.2491455078125
2013-07-31 10:00:00+00:00,342.7742919921875
2013-07-31 11:00:00+00:00,421.41552734375
2013-07-31 12:00:00+00:00,307.5144348144531
2013-07-31 13:00:00+00:00,343.3572692871094
2013-07-31 14:00:00+00:00,299.4873046875
2013-07-31 15:00:00+00:00,255.1708984375
2013-07-31 16:00:00+00:00,713.5462646484375
2013-07-31 17:00:00+00:00,769.877685546875
2013-07-31 18:00:00+00:00,494.8561706542969
2013-07-31 19:00:00+00:00,617.4602661132812
2013-07-31 20:00:00+00:00,481.8084716796875
2013-07-31 21:00:00+00:00,675.2513427734375
2013-07-31 22:00:00+00:00,588.6368408203125
2013-07-31 23:00:00+00:00,387.5042724609375
2013-08-01 00:00:00+00:00,186.8240203857422
2013-08-01 01:00:00+00:00,184.6999969482422
2013-08-01 02:00:00+00:00,177.56802368164062
2013-08-01 03:00:00+00:00,184.4810333251953
2013-08-01 04:00:00+00:00,164.59417724609375
2013-08-01 05:00:00+00:00,183.45704650878906
2013-08-01 06:00:00+00:00,358.79473876953125
2013-08-01 07:00:00+00:00,625.5875244140625
2013-08-01 08:00:00+00:00,1031.4920654296875
2013-08-01 09:00:00+00:00,418.2593078613281
2013-08-01 10:00:00+00:00,360.1028747558594
2013-08-01 11:00:00+00:00,1220.88330078125
2013-08-01 12:00:00+00:00,560.8140258789062
2013-08-01 13:00:00+00:00,373.97979736328125
2013-08-01 14:00:00+00:00,381.5834655761719
2013-08-01 15:00:00+00:00,364.6218566894531
2013-08-01 16:00:00+00:00,488.38946533203125
2013-08-01 17:00:00+00:00,466.12457275390625
2013-08-01 18:00:00+00:00,340.4840393066406
2013-08-01 19:00:00+00:00,406.3642578125
2013-08-01 20:00:00+00:00,364.8282775878906
2013-08-01 21:00:00+00:00,321.22186279296875
2013-08-01 22:00:00+00:00,270.0704650878906
2013-08-01 23:00:00+00:00,265.30975341796875
2013-08-02 00:00:00+00:00,248.1787567138672
2013-08-02 01:00:00+00:00,276.4570007324219
2013-08-02 02:00:00+00:00,253.27777099609375
2013-08-02 03:00:00+00:00,212.79124450683594
2013-08-02 04:00:00+00:00,211.41554260253906
2013-08-02 05:00:00+00:00,218.2630615234375
2013-08-02 06:00:00+00:00,399.1011962890625
2013-08-02 07:00:00+00:00,340.4200744628906
2013-08-02 08:00:00+00:00,276.0
2013-08-02 09:00:00+00:00,187.8293914794922
2013-08-02 10:00:00+00:00,225.20066833496094
2013-08-02 11:00:00+00:00,296.13775634765625
2013-08-02 12:00:00+00:00,373.53546142578125
2013-08-02 13:00:00+00:00,450.3541259765625
2013-08-02 14:00:00+00:00,224.2609405517578
2013-08-02 15:00:00+00:00,213.1481475830078
2013-08-02 16:00:00+00:00,391.23638916015625
2013-08-02 17:00:00+00:00,327.58935546875
2013-08-02 18:00:00+00:00,398.2284240722656
2013-08-02 19:00:00+00:00,412.968017578125
2013-08-02 20:00:00+00:00,457.8254089355469
2013-08-02 21:00:00+00:00,301.5942687988281
2013-08-02 22:00:00+00:00,189.80743408203125
2013-08-02 23:00:00+00:00,188.5784149169922
2013-08-03 00:00:00+00:00,196.29510498046875
2013-08-03 01:00:00+00:00,168.79864501953125
2013-08-03 02:00:00+00:00,188.02871704101562
2013-08-03 03:00:00+00:00,177.4966278076172
2013-08-03 04:00:00+00:00,185.49746704101562
2013-08-03 05:00:00+00:00,186.79864501953125
2013-08-03 06:00:00+00:00,372.00872802734375
2013-08-03 07:00:00+00:00,565.6746826171875
2013-08-03 08:00:00+00:00,551.0521850585938
2013-08-03 09:00:00+00:00,219.3096466064453
2013-08-03 10:00:00+00:00,216.57867431640625
2013-08-03 11:00:00+00:00,198.47128295898438
2013-08-03 12:00:00+00:00,211.0812225341797
2013-08-03 13:00:00+00:00,262.39691162109375
2013-08-03 14:00:00+00:00,193.66384887695312
2013-08-03 15:00:00+00:00,383.4598388671875
2013-08-03 16:00:00+00:00,767.7680053710938
2013-08-03 17:00:00+00:00,1090.0782470703125
2013-08-03 18:00:00+00:00,494.34967041015625
2013-08-03 19:00:00+00:00,450.6067810058594
2013-08-03 20:00:00+00:00,448.78778076171875
2013-08-03 21:00:00+00:00,391.4433288574219
2013-08-03 22:00:00+00:00,601.7942504882812
2013-08-03 23:00:00+00:00,736.0791015625
2013-08-04 00:00:00+00:00,270.4179382324219
2013-08-04 01:00:00+00:00,278.88323974609375
2013-08-04 02:00:00+00:00,240.56558227539062
2013-08-04 03:00:00+00:00,263.17626953125
2013-08-04 04:00:00+00:00,267.58673095703125
2013-08-04 05:00:00+00:00,240.8163299560547
2013-08-04 06:00:00+00:00,306.1473083496094
2013-08-04 07:00:00+00:00,377.8576354980469
2013-08-04 08:00:00+00:00,259.6271057128906
2013-08-04 09:00:00+00:00,271.096435546875
2013-08-04 10:00:00+00:00,251.11167907714844
2013-08-04 11:00:00+00:00,269.4712829589844
2013-08-04 12:00:00+00:00,273.0084533691406
2013-08-04 13:00:00+00:00,309.207763671875
2013-08-04 14:00:00+00:00,267.6571044921875
2013-08-04 15:00:00+00:00,255.8578643798828
2013-08-04 16:00:00+00:00,264.55743408203125
2013-08-04 17:00:00+00:00,292.271484375
2013-08-04 18:00:00+00:00,262.69964599609375
2013-08-04 19:00:00+00:00,385.9187927246094
2013-08-04 20:00:00+00:00,424.7032470703125
2013-08-04 21:00:00+00:00,237.93887329101562
2013-08-04 22:00:00+00:00,241.0287628173828
2013-08-04 23:00:00+00:00,206.7152557373047
2013-08-05 00:00:00+00:00,166.52203369140625
2013-08-05 01:00:00+00:00,183.52720642089844
2013-08-05 02:00:00+00:00,177.02037048339844
2013-08-05 03:00:00+00:00,206.78082275390625
2013-08-05 04:00:00+00:00,209.77435302734375
2013-08-05 05:00:00+00:00,167.9659881591797
2013-08-05 06:00:00+00:00,461.3302917480469
2013-08-05 07:00:00+00:00,406.378662109375
2013-08-05 08:00:00+00:00,495.9660949707031
2013-08-05 09:00:00+00:00,522.7508544921875
2013-08-05 10:00:00+00:00,499.0650634765625
2013-08-05 11:00:00+00:00,513.5714111328125
2013-08-05 12:00:00+00:00,526.4785766601562
2013-08-05 13:00:00+00:00,509.3999938964844
2013-08-05 14:00:00+00:00,454.9136962890625
2013-08-05 15:00:00+00:00,186.25888061523438
2013-08-05 16:00:00+00:00,334.0467224121094
2013-08-05 17:00:00+00:00,447.14410400390625
2013-08-05 18:00:00+00:00,345.5102844238281
2013-08-05 19:00:00+00:00,465.9573974609375
2013-08-05 20:00:00+00:00,380.2470397949219
2013-08-05 21:00:00+00:00,234.50253295898438
2013-08-05 22:00:00+00:00,236.75381469726562
2013-08-05 23:00:00+00:00,231.794921875
2013-08-06 00:00:00+00:00,238.80271911621094
2013-08-06 01:00:00+00:00,164.2906036376953
2013-08-06 02:00:00+00:00,184.29812622070312
2013-08-06 03:00:00+00:00,181.3505096435547
2013-08-06 04:00:00+00:00,173.22906494140625
2013-08-06 05:00:00+00:00,180.5326385498047
2013-08-06 06:00:00+00:00,261.45989990234375
2013-08-06 07:00:00+00:00,289.6241149902344
2013-08-06 08:00:00+00:00,210.72401428222656
2013-08-06 09:00:00+00:00,257.28253173828125
2013-08-06 10:00:00+00:00,369.4991455078125
2013-08-06 11:00:00+00:00,222.34576416015625
2013-08-06 12:00:00+00:00,258.5008544921875
2013-08-06 13:00:00+00:00,212.70388793945312
2013-08-06 14:00:00+00:00,216.7091827392578
2013-08-06 15:00:00+00:00,350.43804931640625
2013-08-06 16:00:00+00:00,374.30206298828125
2013-08-06 17:00:00+00:00,360.3316345214844
2013-08-06 18:00:00+00:00,325.65875244140625
2013-08-06 19:00:00+00:00,393.51019287109375
2013-08-06 20:00:00+00:00,452.8934020996094
2013-08-06 21:00:00+00:00,276.2033996582031
2013-08-06 22:00:00+00:00,259.4668884277344
2013-08-06 23:00:00+00:00,220.77264404296875
2013-08-07 00:00:00+00:00,208.04116821289062
2013-08-07 01:00:00+00:00,194.62306213378906
2013-08-07 02:00:00+00:00,172.1027374267578
2013-08-07 03:00:00+00:00,184.8189697265625
2013-08-07 04:00:00+00:00,190.67181396484375
2013-08-07 05:00:00+00:00,171.46180725097656
2013-08-07 06:00:00+00:00,558.7938842773438
2013-08-07 07:00:00+00:00,260.58740234375
2013-08-07 08:00:00+00:00,765.9285888671875
2013-08-07 09:00:00+00:00,737.3414916992188
2013-08-07 10:00:00+00:00,209.12757873535156
2013-08-07 11:00:00+00:00,220.3982696533203
2013-08-07 12:00:00+00:00,710.1589965820312
2013-08-07 13:00:00+00:00,484.826171875
2013-08-07 14:00:00+00:00,382.7806091308594
2013-08-07 15:00:00+00:00,234.70628356933594
2013-08-07 16:00:00+00:00,380.5140380859375
2013-08-07 17:00:00+00:00,757.3892822265625
2013-08-07 18:00:00+00:00,417.9268798828125
2013-08-07 19:00:00+00:00,416.0821838378906
2013-08-07 20:00:00+00:00,418.0120544433594
2013-08-07 21:00:00+00:00,255.994873046875
2013-08-07 22:00:00+00:00,173.43923950195312
2013-08-07 23:00:00+00:00,185.92013549804688
2013-08-08 00:00:00+00:00,183.535400390625
2013-08-08 01:00:00+00:00,176.16494750976562
2013-08-08 02:00:00+00:00,175.155029296875
2013-08-08 03:00:00+00:00,179.2278289794922
2013-08-08 04:00:00+00:00,178.79238891601562
2013-08-08 05:00:00+00:00,224.6940155029297
2013-08-08 06:00:00+00:00,276.3111877441406
2013-08-08 07:00:00+00:00,499.7122497558594
2013-08-08 08:00:00+00:00,194.10292053222656
2013-08-08 09:00:00+00:00,202.36959838867188
2013-08-08 10:00:00+00:00,425.913818359375
2013-08-08 11:00:00+00:00,220.19554138183594
2013-08-08 12:00:00+00:00,435.720703125
2013-08-08 13:00:00+00:00,289.1689453125
2013-08-08 14:00:00+00:00,264.0915222167969
2013-08-08 15:00:00+00:00,376.7308349609375
2013-08-08 16:00:00+00:00,279.8961181640625
2013-08-08 17:00:00+00:00,430.7420959472656
2013-08-08 18:00:00+00:00,323.85369873046875
2013-08-08 19:00:00+00:00,553.5816040039062
2013-08-08 20:00:00+00:00,481.97625732421875
2013-08-08 21:00:00+00:00,449.78118896484375
2013-08-08 22:00:00+00:00,245.52122497558594
2013-08-08 23:00:00+00:00,191.2986297607422
2013-08-09 00:00:00+00:00,245.9761962890625
2013-08-09 01:00:00+00:00,191.5557403564453
2013-08-09 02:00:00+00:00,175.92796325683594
2013-08-09 03:00:00+00:00,183.1846160888672
2013-08-09 04:00:00+00:00,189.42710876464844
2013-08-09 05:00:00+00:00,167.26632690429688
2013-08-09 06:00:00+00:00,183.75985717773438
2013-08-09 07:00:00+00:00,424.0369567871094
2013-08-09 08:00:00+00:00,355.95574951171875
2013-08-09 09:00:00+00:00,212.14878845214844
2013-08-09 10:00:00+00:00,250.0359649658203
2013-08-09 11:00:00+00:00,242.77435302734375
2013-08-09 12:00:00+00:00,379.013916015625
2013-08-09 13:00:00+00:00,879.0484008789062
2013-08-09 14:00:00+00:00,505.4266052246094
2013-08-09 15:00:00+00:00,572.7470092773438
2013-08-09 16:00:00+00:00,841.55712890625
2013-08-09 17:00:00+00:00,245.05709838867188
2013-08-09 18:00:00+00:00,474.4561462402344
2013-08-09 19:00:00+00:00,425.3288269042969
2013-08-09 20:00:00+00:00,404.5533142089844
2013-08-09 21:00:00+00:00,484.603759765625
2013-08-09 22:00:00+00:00,254.2037353515625
2013-08-09 23:00:00+00:00,245.01202392578125
2013-08-10 00:00:00+00:00,217.10345458984375
2013-08-10 01:00:00+00:00,220.3373565673828
2013-08-10 02:00:00+00:00,192.42123413085938
2013-08-10 03:00:00+00:00,187.10562133789062
2013-08-10 04:00:00+00:00,187.2353973388672
2013-08-10 05:00:00+00:00,168.73666381835938
2013-08-10 06:00:00+00:00,214.48263549804688
2013-08-10 07:00:00+00:00,372.59368896484375
2013-08-10 08:00:00+00:00,396.7698974609375
2013-08-10 09:00:00+00:00,738.9426879882812
2013-08-10 10:00:00+00:00,270.1876220703125
2013-08-10 11:00:00+00:00,359.1989440917969
2013-08-10 12:00:00+00:00,265.5738830566406
2013-08-10 13:00:00+00:00,626.9664306640625
2013-08-10 14:00:00+00:00,810.3568725585938
2013-08-10 15:00:00+00:00,238.78707885742188
2013-08-10 16:00:00+00:00,316.4268493652344
2013-08-10 17:00:00+00:00,281.44482421875
2013-08-10 18:00:00+00:00,316.167236328125
2013-08-10 19:00:00+00:00,389.5979309082031
2013-08-10 20:00:00+00:00,437.04144287109375
2013-08-10 21:00:00+00:00,249.00686645507812
2013-08-10 22:00:00+00:00,190.57958984375
2013-08-10 23:00:00+00:00,181.12026977539062
2013-08-11 00:00:00+00:00,173.96539306640625
2013-08-11 01:00:00+00:00,177.27366638183594
2013-08-11 02:00:00+00:00,182.6620635986328
2013-08-11 03:00:00+00:00,182.42857360839844
2013-08-11 04:00:00+00:00,169.43418884277344
2013-08-11 05:00:00+00:00,178.2711639404297
2013-08-11 06:00:00+00:00,198.9242706298828
2013-08-11 07:00:00+00:00,546.1027221679688
2013-08-11 08:00:00+00:00,212.3109893798828
2013-08-11 09:00:00+00:00,219.05831909179688
2013-08-11 10:00:00+00:00,197.3213653564453
2013-08-11 11:00:00+00:00,207.63841247558594
2013-08-11 12:00:00+00:00,205.45469665527344
2013-08-11 13:00:00+00:00,205.8686065673828
2013-08-11 14:00:00+00:00,194.57456970214844
2013-08-11 15:00:00+00:00,240.12754821777344
2013-08-11 16:00:00+00:00,342.31866455078125
2013-08-11 17:00:00+00:00,218.67747497558594
2013-08-11 18:00:00+00:00,399.1316223144531
2013-08-11 19:00:00+00:00,476.140380859375
2013-08-11 20:00:00+00:00,414.9047546386719
2013-08-11 21:00:00+00:00,638.7256469726562
2013-08-11 22:00:00+00:00,764.2003784179688
2013-08-11 23:00:00+00:00,185.78965759277344
2013-08-12 00:00:00+00:00,180.81552124023438
2013-08-12 01:00:00+00:00,175.61273193359375
2013-08-12 02:00:00+00:00,178.43792724609375
2013-08-12 03:00:00+00:00,180.98106384277344
2013-08-12 04:00:00+00:00,168.50686645507812
2013-08-12 05:00:00+00:00,176.50514221191406
2013-08-12 06:00:00+00:00,388.2115478515625
2013-08-12 07:00:00+00:00,163.20481872558594
2013-08-12 08:00:00+00:00,272.9413757324219
2013-08-12 09:00:00+00:00,216.19178771972656
2013-08-12 10:00:00+00:00,195.62606811523438
2013-08-12 11:00:00+00:00,220.1433563232422
2013-08-12 12:00:00+00:00,240.5229949951172
2013-08-12 13:00:00+00:00,195.12478637695312
2013-08-12 14:00:00+00:00,202.20068359375
2013-08-12 15:00:00+00:00,214.60067749023438
2013-08-12 16:00:00+00:00,190.7594451904297
2013-08-12 17:00:00+00:00,178.25778198242188
2013-08-12 18:00:00+00:00,180.46815490722656
2013-08-12 19:00:00+00:00,161.04452514648438
2013-08-12 20:00:00+00:00,178.37693786621094
2013-08-12 21:00:00+00:00,365.8084411621094
2013-08-12 22:00:00+00:00,377.2091979980469
2013-08-12 23:00:00+00:00,189.15199279785156
2013-08-13 00:00:00+00:00,190.5232391357422
2013-08-13 01:00:00+00:00,171.59519958496094
2013-08-13 02:00:00+00:00,205.47169494628906
2013-08-13 03:00:00+00:00,203.57167053222656
2013-08-13 04:00:00+00:00,168.48199462890625
2013-08-13 05:00:00+00:00,168.1869659423828
2013-08-13 06:00:00+00:00,179.14634704589844
2013-08-13 07:00:00+00:00,304.0
2013-08-13 08:00:00+00:00,241.0294189453125
2013-08-13 09:00:00+00:00,347.7945556640625
2013-08-13 10:00:00+00:00,284.4455871582031
2013-08-13 11:00:00+00:00,187.3734893798828
2013-08-13 12:00:00+00:00,205.02920532226562
2013-08-13 13:00:00+00:00,194.99302673339844
2013-08-13 14:00:00+00:00,161.64035034179688
2013-08-13 15:00:00+00:00,175.682373046875
2013-08-13 16:00:00+00:00,180.0563201904297
2013-08-13 17:00:00+00:00,205.15411376953125
2013-08-13 18:00:00+00:00,184.3190460205078
2013-08-13 19:00:00+00:00,174.57435607910156
2013-08-13 20:00:00+00:00,171.5191650390625
2013-08-13 21:00:00+00:00,305.779296875
2013-08-13 22:00:00+00:00,324.0735168457031
2013-08-13 23:00:00+00:00,219.2602081298828
2013-08-14 00:00:00+00:00,199.39451599121094
2013-08-14 01:00:00+00:00,182.19760131835938
2013-08-14 02:00:00+00:00,170.46539306640625
2013-08-14 03:00:00+00:00,178.0901336669922
2013-08-14 04:00:00+00:00,168.57435607910156
2013-08-14 05:00:00+00:00,168.86941528320312
2013-08-14 06:00:00+00:00,181.68267822265625
2013-08-14 07:00:00+00:00,209.9126739501953
2013-08-14 08:00:00+00:00,278.44293212890625
2013-08-14 09:00:00+00:00,379.2800598144531
2013-08-14 10:00:00+00:00,343.2384948730469
2013-08-14 11:00:00+00:00,340.6485595703125
2013-08-14 12:00:00+00:00,511.93463134765625
2013-08-14 13:00:00+00:00,358.8122863769531
2013-08-14 14:00:00+00:00,332.5430908203125
2013-08-14 15:00:00+00:00,345.0909118652344
2013-08-14 16:00:00+00:00,195.4421844482422
2013-08-14 17:00:00+00:00,162.0516357421875
2013-08-14 18:00:00+00:00,178.46527099609375
2013-08-14 19:00:00+00:00,239.68385314941406
2013-08-14 20:00:00+00:00,166.50257873535156
2013-08-14 21:00:00+00:00,176.95205688476562
2013-08-14 22:00:00+00:00,198.92068481445312
2013-08-14 23:00:00+00:00,217.875
2013-08-15 00:00:00+00:00,176.66151428222656
2013-08-15 01:00:00+00:00,184.75387573242188
2013-08-15 02:00:00+00:00,169.55271911621094
2013-08-15 03:00:00+00:00,175.64013671875
2013-08-15 04:00:00+00:00,174.02740478515625
2013-08-15 05:00:00+00:00,168.77171325683594
2013-08-15 06:00:00+00:00,180.62181091308594
2013-08-15 07:00:00+00:00,528.2161865234375
2013-08-15 08:00:00+00:00,1175.3790283203125
2013-08-15 09:00:00+00:00,199.8419189453125
2013-08-15 10:00:00+00:00,188.9740447998047
2013-08-15 11:00:00+00:00,524.406005859375
2013-08-15 12:00:00+00:00,214.5584259033203
2013-08-15 13:00:00+00:00,308.41766357421875
2013-08-15 14:00:00+00:00,503.7194519042969
2013-08-15 15:00:00+00:00,447.9878845214844
2013-08-15 16:00:00+00:00,383.3878173828125
2013-08-15 17:00:00+00:00,291.6871643066406
2013-08-15 18:00:00+00:00,474.7702941894531
2013-08-15 19:00:00+00:00,415.2474365234375
2013-08-15 20:00:00+00:00,412.91851806640625
2013-08-15 21:00:00+00:00,563.299072265625
2013-08-15 22:00:00+00:00,777.5271606445312
2013-08-15 23:00:00+00:00,180.3022003173828
2013-08-16 00:00:00+00:00,178.53819274902344
2013-08-16 01:00:00+00:00,188.39414978027344
2013-08-16 02:00:00+00:00,169.91175842285156
2013-08-16 03:00:00+00:00,175.87606811523438
2013-08-16 04:00:00+00:00,214.8674774169922
2013-08-16 05:00:00+00:00,198.64137268066406
2013-08-16 06:00:00+00:00,438.6410827636719
2013-08-16 07:00:00+00:00,222.1860809326172
2013-08-16 08:00:00+00:00,388.7835388183594
2013-08-16 09:00:00+00:00,540.2636108398438
2013-08-16 10:00:00+00:00,224.8333282470703
2013-08-16 11:00:00+00:00,285.2768249511719
2013-08-16 12:00:00+00:00,977.2732543945312
2013-08-16 13:00:00+00:00,566.7879028320312
2013-08-16 14:00:00+00:00,242.15646362304688
2013-08-16 15:00:00+00:00,217.30560302734375
2013-08-16 16:00:00+00:00,369.1663818359375
2013-08-16 17:00:00+00:00,256.95733642578125
2013-08-16 18:00:00+00:00,264.0442810058594
2013-08-16 19:00:00+00:00,614.4990844726562
2013-08-16 20:00:00+00:00,429.62628173828125
2013-08-16 21:00:00+00:00,230.9175262451172
2013-08-16 22:00:00+00:00,196.8782196044922
2013-08-16 23:00:00+00:00,186.4427032470703
2013-08-17 00:00:00+00:00,168.82615661621094
2013-08-17 01:00:00+00:00,183.12158203125
2013-08-17 02:00:00+00:00,177.64151000976562
2013-08-17 03:00:00+00:00,183.68661499023438
2013-08-17 04:00:00+00:00,165.00523376464844
2013-08-17 05:00:00+00:00,381.5827331542969
2013-08-17 06:00:00+00:00,194.0532684326172
2013-08-17 07:00:00+00:00,222.14089965820312
2013-08-17 08:00:00+00:00,216.92662048339844
2013-08-17 09:00:00+00:00,220.57313537597656
2013-08-17 10:00:00+00:00,267.57904052734375
2013-08-17 11:00:00+00:00,215.29452514648438
2013-08-17 12:00:00+00:00,217.50514221191406
2013-08-17 13:00:00+00:00,231.01023864746094
2013-08-17 14:00:00+00:00,192.5240478515625
2013-08-17 15:00:00+00:00,186.6382293701172
2013-08-17 16:00:00+00:00,226.92347717285156
2013-08-17 17:00:00+00:00,198.70819091796875
2013-08-17 18:00:00+00:00,178.89862060546875
2013-08-17 19:00:00+00:00,193.57606506347656
2013-08-17 20:00:00+00:00,200.22984313964844
2013-08-17 21:00:00+00:00,225.87673950195312
2013-08-17 22:00:00+00:00,183.48968505859375
2013-08-17 23:00:00+00:00,181.01393127441406
2013-08-18 00:00:00+00:00,209.84854125976562
2013-08-18 01:00:00+00:00,213.4845428466797
2013-08-18 02:00:00+00:00,169.01742553710938
2013-08-18 03:00:00+00:00,182.02392578125
2013-08-18 04:00:00+00:00,184.24525451660156
2013-08-18 05:00:00+00:00,168.7979278564453
2013-08-18 06:00:00+00:00,176.28768920898438
2013-08-18 07:00:00+00:00,232.30795288085938
2013-08-18 08:00:00+00:00,440.3054504394531
2013-08-18 09:00:00+00:00,210.671875
2013-08-18 10:00:00+00:00,207.32989501953125
2013-08-18 11:00:00+00:00,199.65921020507812
2013-08-18 12:00:00+00:00,191.32534790039062
2013-08-18 13:00:00+00:00,199.2231903076172
2013-08-18 14:00:00+00:00,196.76026916503906
2013-08-18 15:00:00+00:00,284.02777099609375
2013-08-18 16:00:00+00:00,246.9383544921875
2013-08-18 17:00:00+00:00,973.7670288085938
2013-08-18 18:00:00+00:00,615.0462646484375
2013-08-18 19:00:00+00:00,495.3304748535156
2013-08-18 20:00:00+00:00,750.5606079101562
2013-08-18 21:00:00+00:00,789.7288818359375
2013-08-18 22:00:00+00:00,250.97381591796875
2013-08-18 23:00:00+00:00,220.84722900390625
2013-08-19 00:00:00+00:00,188.8445587158203
2013-08-19 01:00:00+00:00,185.74305725097656
2013-08-19 02:00:00+00:00,173.4776611328125
2013-08-19 03:00:00+00:00,184.11624145507812
2013-08-19 04:00:00+00:00,180.56068420410156
2013-08-19 05:00:00+00:00,175.44061279296875
2013-08-19 06:00:00+00:00,318.7236633300781
2013-08-19 07:00:00+00:00,314.793701171875
2013-08-19 08:00:00+00:00,698.911865234375
2013-08-19 09:00:00+00:00,703.2081909179688
2013-08-19 10:00:00+00:00,216.68511962890625
2013-08-19 11:00:00+00:00,287.9134826660156
2013-08-19 12:00:00+00:00,214.79209899902344
2013-08-19 13:00:00+00:00,185.87649536132812
2013-08-19 14:00:00+00:00,201.90646362304688
2013-08-19 15:00:00+00:00,209.7633819580078
2013-08-19 16:00:00+00:00,279.30419921875
2013-08-19 17:00:00+00:00,299.8719787597656
2013-08-19 18:00:00+00:00,332.7530212402344
2013-08-19 19:00:00+00:00,431.4939270019531
2013-08-19 20:00:00+00:00,418.6027526855469
2013-08-19 21:00:00+00:00,189.3494873046875
2013-08-19 22:00:00+00:00,175.9369659423828
2013-08-19 23:00:00+00:00,226.44520568847656
2013-08-20 00:00:00+00:00,170.47341918945312
2013-08-20 01:00:00+00:00,185.399658203125
2013-08-20 02:00:00+00:00,183.233154296875
2013-08-20 03:00:00+00:00,167.15635681152344
2013-08-20 04:00:00+00:00,180.1689453125
2013-08-20 05:00:00+00:00,162.0137939453125
2013-08-20 06:00:00+00:00,175.52151489257812
2013-08-20 07:00:00+00:00,496.256103515625
2013-08-20 08:00:00+00:00,353.55059814453125
2013-08-20 09:00:00+00:00,230.87564086914062
2013-08-20 10:00:00+00:00,251.38246154785156
2013-08-20 11:00:00+00:00,269.3333435058594
2013-08-20 12:00:00+00:00,216.92347717285156
2013-08-20 13:00:00+00:00,278.5906677246094
2013-08-20 14:00:00+00:00,252.9982452392578
2013-08-20 15:00:00+00:00,198.96238708496094
2013-08-20 16:00:00+00:00,269.90087890625
2013-08-20 17:00:00+00:00,215.04827880859375
2013-08-20 18:00:00+00:00,460.1451110839844
2013-08-20 19:00:00+00:00,393.873291015625
2013-08-20 20:00:00+00:00,433.0617370605469
2013-08-20 21:00:00+00:00,390.4266357421875
2013-08-20 22:00:00+00:00,539.695556640625
2013-08-20 23:00:00+00:00,740.6631469726562
2013-08-21 00:00:00+00:00,191.00172424316406
2013-08-21 01:00:00+00:00,174.95875549316406
2013-08-21 02:00:00+00:00,238.2852325439453
2013-08-21 03:00:00+00:00,185.04965209960938
2013-08-21 04:00:00+00:00,223.07020568847656
2013-08-21 05:00:00+00:00,238.88601684570312
2013-08-21 06:00:00+00:00,445.247802734375
2013-08-21 07:00:00+00:00,318.83160400390625
2013-08-21 08:00:00+00:00,408.1559753417969
2013-08-21 09:00:00+00:00,342.7727966308594
2013-08-21 10:00:00+00:00,389.61407470703125
2013-08-21 11:00:00+00:00,505.98944091796875
2013-08-21 12:00:00+00:00,737.0632934570312
2013-08-21 13:00:00+00:00,643.6432495117188
2013-08-21 14:00:00+00:00,427.2898864746094
2013-08-21 15:00:00+00:00,391.4660949707031
2013-08-21 16:00:00+00:00,467.3880310058594
2013-08-21 17:00:00+00:00,271.6871643066406
2013-08-21 18:00:00+00:00,569.8031005859375
2013-08-21 19:00:00+00:00,576.1776733398438
2013-08-21 20:00:00+00:00,435.9966125488281
2013-08-21 21:00:00+00:00,194.7508544921875
2013-08-21 22:00:00+00:00,191.97799682617188
2013-08-21 23:00:00+00:00,186.87965393066406
2013-08-22 00:00:00+00:00,176.74575805664062
2013-08-22 01:00:00+00:00,180.64686584472656
2013-08-22 02:00:00+00:00,187.53504943847656
2013-08-22 03:00:00+00:00,171.91525268554688
2013-08-22 04:00:00+00:00,180.07313537597656
2013-08-22 05:00:00+00:00,229.3494873046875
2013-08-22 06:00:00+00:00,251.20274353027344
2013-08-22 07:00:00+00:00,375.31793212890625
2013-08-22 08:00:00+00:00,339.95050048828125
2013-08-22 09:00:00+00:00,367.6402893066406
2013-08-22 10:00:00+00:00,423.59368896484375
2013-08-22 11:00:00+00:00,527.13525390625
2013-08-22 12:00:00+00:00,276.0379943847656
2013-08-22 13:00:00+00:00,276.34375
2013-08-22 14:00:00+00:00,390.0289001464844
2013-08-22 15:00:00+00:00,412.00341796875
2013-08-22 16:00:00+00:00,701.9677124023438
2013-08-22 17:00:00+00:00,358.2229919433594
2013-08-22 18:00:00+00:00,335.2345886230469
2013-08-22 19:00:00+00:00,463.0636901855469
2013-08-22 20:00:00+00:00,414.9288024902344
2013-08-22 21:00:00+00:00,259.63714599609375
2013-08-22 22:00:00+00:00,173.3072967529297
2013-08-22 23:00:00+00:00,190.88755798339844
2013-08-23 00:00:00+00:00,217.63265991210938
2013-08-23 01:00:00+00:00,186.0637969970703
2013-08-23 02:00:00+00:00,187.44102478027344
2013-08-23 03:00:00+00:00,179.73196411132812
2013-08-23 04:00:00+00:00,176.8780059814453
2013-08-23 05:00:00+00:00,183.1241455078125
2013-08-23 06:00:00+00:00,441.74603271484375
2013-08-23 07:00:00+00:00,281.56097412109375
2013-08-23 08:00:00+00:00,207.4241943359375
2013-08-23 09:00:00+00:00,630.5701904296875
2013-08-23 10:00:00+00:00,745.529296875
2013-08-23 11:00:00+00:00,211.9645233154297
2013-08-23 12:00:00+00:00,215.38917541503906
2013-08-23 13:00:00+00:00,192.10659790039062
2013-08-23 14:00:00+00:00,226.30067443847656
2013-08-23 15:00:00+00:00,217.53050231933594
2013-08-23 16:00:00+00:00,166.16554260253906
2013-08-23 17:00:00+00:00,289.59423828125
2013-08-23 18:00:00+00:00,443.0442199707031
2013-08-23 19:00:00+00:00,703.2052612304688
2013-08-23 20:00:00+00:00,343.01019287109375
2013-08-23 21:00:00+00:00,213.66949462890625
2013-08-23 22:00:00+00:00,201.3395538330078
2013-08-23 23:00:00+00:00,166.116943359375
2013-08-24 00:00:00+00:00,183.81695556640625
2013-08-24 01:00:00+00:00,189.06948852539062
2013-08-24 02:00:00+00:00,163.91966247558594
2013-08-24 03:00:00+00:00,180.112060546875
2013-08-24 04:00:00+00:00,188.71939086914062
2013-08-24 05:00:00+00:00,207.18228149414062
2013-08-24 06:00:00+00:00,389.152099609375
2013-08-24 07:00:00+00:00,325.4132080078125
2013-08-24 08:00:00+00:00,203.7406768798828
2013-08-24 09:00:00+00:00,174.13333129882812
2013-08-24 10:00:00+00:00,202.19113159179688
2013-08-24 11:00:00+00:00,193.06678771972656
2013-08-24 12:00:00+00:00,172.4193572998047
2013-08-24 13:00:00+00:00,180.3773651123047
2013-08-24 14:00:00+00:00,184.24314880371094
2013-08-24 15:00:00+00:00,191.24612426757812
2013-08-24 16:00:00+00:00,370.5166320800781
2013-08-24 17:00:00+00:00,1294.3834228515625
2013-08-24 18:00:00+00:00,1019.3464965820312
2013-08-24 19:00:00+00:00,489.654052734375
2013-08-24 20:00:00+00:00,453.899658203125
2013-08-24 21:00:00+00:00,280.6365051269531
2013-08-24 22:00:00+00:00,220.37777709960938
2013-08-24 23:00:00+00:00,200.39654541015625
2013-08-25 00:00:00+00:00,226.88316345214844
2013-08-25 01:00:00+00:00,207.08590698242188
2013-08-25 02:00:00+00:00,199.7044677734375
2013-08-25 03:00:00+00:00,183.58203125
2013-08-25 04:00:00+00:00,184.96226501464844
2013-08-25 05:00:00+00:00,493.9436950683594
2013-08-25 06:00:00+00:00,359.9358825683594
2013-08-25 07:00:00+00:00,194.62139892578125
2013-08-25 08:00:00+00:00,224.4739532470703
2013-08-25 09:00:00+00:00,307.7996520996094
2013-08-25 10:00:00+00:00,219.37693786621094
2013-08-25 11:00:00+00:00,323.29669189453125
2013-08-25 12:00:00+00:00,517.8353881835938
2013-08-25 13:00:00+00:00,738.327392578125
2013-08-25 14:00:00+00:00,358.7101135253906
2013-08-25 15:00:00+00:00,270.6408996582031
2013-08-25 16:00:00+00:00,393.28253173828125
2013-08-25 17:00:00+00:00,276.35394287109375
2013-08-25 18:00:00+00:00,244.61962890625
2013-08-25 19:00:00+00:00,289.7266540527344
2013-08-25 20:00:00+00:00,353.75946044921875
2013-08-25 21:00:00+00:00,202.38699340820312
2013-08-25 22:00:00+00:00,180.819580078125
2013-08-25 23:00:00+00:00,184.96510314941406
2013-08-26 00:00:00+00:00,182.96551513671875
2013-08-26 01:00:00+00:00,183.51890563964844
2013-08-26 02:00:00+00:00,227.9536895751953
2013-08-26 03:00:00+00:00,179.31304931640625
2013-08-26 04:00:00+00:00,184.8456268310547
2013-08-26 05:00:00+00:00,187.8865966796875
2013-08-26 06:00:00+00:00,242.0886993408203
2013-08-26 07:00:00+00:00,1413.09521484375
2013-08-26 08:00:00+00:00,991.3143920898438
2013-08-26 09:00:00+00:00,791.8048706054688
2013-08-26 10:00:00+00:00,570.3901977539062
2013-08-26 11:00:00+00:00,333.94097900390625
2013-08-26 12:00:00+00:00,318.9965515136719
2013-08-26 13:00:00+00:00,267.3836669921875
2013-08-26 14:00:00+00:00,204.64686584472656
2013-08-26 15:00:00+00:00,311.02545166015625
2013-08-26 16:00:00+00:00,301.9759521484375
2013-08-26 17:00:00+00:00,342.0720520019531
2013-08-26 18:00:00+00:00,629.858154296875
2013-08-26 19:00:00+00:00,511.4514465332031
2013-08-26 20:00:00+00:00,409.0967712402344
2013-08-26 21:00:00+00:00,306.49566650390625
2013-08-26 22:00:00+00:00,198.76541137695312
2013-08-26 23:00:00+00:00,183.3373260498047
2013-08-27 00:00:00+00:00,217.92820739746094
2013-08-27 01:00:00+00:00,185.4349365234375
2013-08-27 02:00:00+00:00,190.7172393798828
2013-08-27 03:00:00+00:00,173.41368103027344
2013-08-27 04:00:00+00:00,182.98785400390625
2013-08-27 05:00:00+00:00,492.3819885253906
2013-08-27 06:00:00+00:00,308.538330078125
2013-08-27 07:00:00+00:00,273.9432067871094
2013-08-27 08:00:00+00:00,1006.1498413085938
2013-08-27 09:00:00+00:00,978.270263671875
2013-08-27 10:00:00+00:00,779.4625854492188
2013-08-27 11:00:00+00:00,216.0546112060547
2013-08-27 12:00:00+00:00,194.00515747070312
2013-08-27 13:00:00+00:00,202.85179138183594
2013-08-27 14:00:00+00:00,398.8756408691406
2013-08-27 15:00:00+00:00,408.7124938964844
2013-08-27 16:00:00+00:00,310.9720153808594
2013-08-27 17:00:00+00:00,297.2108154296875
2013-08-27 18:00:00+00:00,230.27978515625
2013-08-27 19:00:00+00:00,498.0260009765625
2013-08-27 20:00:00+00:00,444.1537170410156
2013-08-27 21:00:00+00:00,279.73150634765625
2013-08-27 22:00:00+00:00,258.7643127441406
2013-08-27 23:00:00+00:00,245.2034149169922
2013-08-28 00:00:00+00:00,295.9480895996094
2013-08-28 01:00:00+00:00,257.21490478515625
2013-08-28 02:00:00+00:00,256.24566650390625
2013-08-28 03:00:00+00:00,199.88275146484375
2013-08-28 04:00:00+00:00,257.6041259765625
2013-08-28 05:00:00+00:00,420.3719787597656
2013-08-28 06:00:00+00:00,358.91229248046875
2013-08-28 07:00:00+00:00,739.1171264648438
2013-08-28 08:00:00+00:00,459.66497802734375
2013-08-28 09:00:00+00:00,202.5111541748047
2013-08-28 10:00:00+00:00,259.1107177734375
2013-08-28 11:00:00+00:00,200.13941955566406
2013-08-28 12:00:00+00:00,204.3041229248047
2013-08-28 13:00:00+00:00,202.23841857910156
2013-08-28 14:00:00+00:00,189.0535430908203
2013-08-28 15:00:00+00:00,200.15213012695312
2013-08-28 16:00:00+00:00,373.83905029296875
2013-08-28 17:00:00+00:00,356.544189453125
2013-08-28 18:00:00+00:00,400.20635986328125
2013-08-28 19:00:00+00:00,583.0663452148438
2013-08-28 20:00:00+00:00,469.36395263671875
2013-08-28 21:00:00+00:00,221.93814086914062
2013-08-28 22:00:00+00:00,184.68429565429688
2013-08-28 23:00:00+00:00,188.43771362304688
2013-08-29 00:00:00+00:00,163.24658203125
2013-08-29 01:00:00+00:00,179.77874755859375
2013-08-29 02:00:00+00:00,175.80584716796875
2013-08-29 03:00:00+00:00,170.5647735595703
2013-08-29 04:00:00+00:00,177.5866241455078
2013-08-29 05:00:00+00:00,160.34536743164062
2013-08-29 06:00:00+00:00,421.324462890625
2013-08-29 07:00:00+00:00,368.78631591796875
2013-08-29 08:00:00+00:00,309.8171081542969
2013-08-29 09:00:00+00:00,422.1383972167969
2013-08-29 10:00:00+00:00,864.7329711914062
2013-08-29 11:00:00+00:00,822.564453125
2013-08-29 12:00:00+00:00,1284.380126953125
2013-08-29 13:00:00+00:00,495.8264465332031
2013-08-29 14:00:00+00:00,367.0967712402344
2013-08-29 15:00:00+00:00,450.9726867675781
2013-08-29 16:00:00+00:00,467.39337158203125
2013-08-29 17:00:00+00:00,331.7474365234375
2013-08-29 18:00:00+00:00,472.8929138183594
2013-08-29 19:00:00+00:00,522.2101440429688
2013-08-29 20:00:00+00:00,633.301025390625
2013-08-29 21:00:00+00:00,471.97198486328125
2013-08-29 22:00:00+00:00,582.9029541015625
2013-08-29 23:00:00+00:00,182.10940551757812
2013-08-30 00:00:00+00:00,175.63870239257812
2013-08-30 01:00:00+00:00,192.43321228027344
2013-08-30 02:00:00+00:00,205.87242126464844
2013-08-30 03:00:00+00:00,174.3020782470703
2013-08-30 04:00:00+00:00,168.9097137451172
2013-08-30 05:00:00+00:00,207.7386016845703
2013-08-30 06:00:00+00:00,285.93145751953125
2013-08-30 07:00:00+00:00,332.71575927734375
2013-08-30 08:00:00+00:00,526.6614379882812
2013-08-30 09:00:00+00:00,268.6123352050781
2013-08-30 10:00:00+00:00,211.1358184814453
2013-08-30 11:00:00+00:00,393.2834777832031
2013-08-30 12:00:00+00:00,540.1343994140625
2013-08-30 13:00:00+00:00,457.80035400390625
2013-08-30 14:00:00+00:00,370.9593811035156
2013-08-30 15:00:00+00:00,474.62109375
2013-08-30 16:00:00+00:00,217.9830780029297
2013-08-30 17:00:00+00:00,332.5654602050781
2013-08-30 18:00:00+00:00,406.36041259765625
2013-08-30 19:00:00+00:00,1115.8646240234375
2013-08-30 20:00:00+00:00,544.3215942382812
2013-08-30 21:00:00+00:00,249.7261962890625
2013-08-30 22:00:00+00:00,180.65989685058594
2013-08-30 23:00:00+00:00,174.4322052001953
2013-08-31 00:00:00+00:00,176.1751708984375
2013-08-31 01:00:00+00:00,181.8858642578125
2013-08-31 02:00:00+00:00,176.26962280273438
2013-08-31 03:00:00+00:00,171.3094024658203
2013-08-31 04:00:00+00:00,176.2061309814453
2013-08-31 05:00:00+00:00,186.5042724609375
2013-08-31 06:00:00+00:00,382.7814025878906
2013-08-31 07:00:00+00:00,1001.1917114257812
2013-08-31 08:00:00+00:00,308.6632080078125
2013-08-31 09:00:00+00:00,306.71746826171875
2013-08-31 10:00:00+00:00,192.34483337402344
2013-08-31 11:00:00+00:00,580.0777587890625
2013-08-31 12:00:00+00:00,284.59381103515625
2013-08-31 13:00:00+00:00,374.047607421875
2013-08-31 14:00:00+00:00,430.6048583984375
2013-08-31 15:00:00+00:00,319.17181396484375
2013-08-31 16:00:00+00:00,185.0856170654297
2013-08-31 17:00:00+00:00,407.6278991699219
2013-08-31 18:00:00+00:00,169.397216796875
2013-08-31 19:00:00+00:00,326.6354064941406
2013-08-31 20:00:00+00:00,564.3410034179688
2013-08-31 21:00:00+00:00,678.8502807617188
2013-08-31 22:00:00+00:00,523.2692260742188
2013-08-31 23:00:00+00:00,193.7599334716797
2013-09-01 00:00:00+00:00,179.9641571044922
2013-09-01 01:00:00+00:00,180.8091278076172
2013-09-01 02:00:00+00:00,175.4923858642578
2013-09-01 03:00:00+00:00,175.17294311523438
2013-09-01 04:00:00+00:00,172.45330810546875
2013-09-01 05:00:00+00:00,178.16807556152344
2013-09-01 06:00:00+00:00,167.1001739501953
2013-09-01 07:00:00+00:00,279.02880859375
2013-09-01 08:00:00+00:00,225.53253173828125
2013-09-01 09:00:00+00:00,200.02206420898438
2013-09-01 10:00:00+00:00,205.95748901367188
2013-09-01 11:00:00+00:00,206.26271057128906
2013-09-01 12:00:00+00:00,219.52047729492188
2013-09-01 13:00:00+00:00,288.7063903808594
2013-09-01 14:00:00+00:00,268.2010192871094
2013-09-01 15:00:00+00:00,189.2888946533203
2013-09-01 16:00:00+00:00,306.5627136230469
2013-09-01 17:00:00+00:00,286.3655090332031
2013-09-01 18:00:00+00:00,313.4569091796875
2013-09-01 19:00:00+00:00,471.2241516113281
2013-09-01 20:00:00+00:00,397.13458251953125
2013-09-01 21:00:00+00:00,687.1513061523438
2013-09-01 22:00:00+00:00,801.3516845703125
2013-09-01 23:00:00+00:00,224.35385131835938
2013-09-02 00:00:00+00:00,173.7546844482422
2013-09-02 01:00:00+00:00,201.10427856445312
2013-09-02 02:00:00+00:00,171.8150634765625
2013-09-02 03:00:00+00:00,216.7921600341797
2013-09-02 04:00:00+00:00,197.6405487060547
2013-09-02 05:00:00+00:00,179.3045654296875
2013-09-02 06:00:00+00:00,342.61566162109375
2013-09-02 07:00:00+00:00,415.9759521484375
2013-09-02 08:00:00+00:00,438.4295654296875
2013-09-02 09:00:00+00:00,344.3588562011719
2013-09-02 10:00:00+00:00,341.653076171875
2013-09-02 11:00:00+00:00,616.0087280273438
2013-09-02 12:00:00+00:00,528.8594360351562
2013-09-02 13:00:00+00:00,368.5171203613281
2013-09-02 14:00:00+00:00,405.0187072753906
2013-09-02 15:00:00+00:00,502.2437744140625
2013-09-02 16:00:00+00:00,352.7024230957031
2013-09-02 17:00:00+00:00,398.71728515625
2013-09-02 18:00:00+00:00,464.9298095703125
2013-09-02 19:00:00+00:00,585.8284912109375
2013-09-02 20:00:00+00:00,428.4786376953125
2013-09-02 21:00:00+00:00,233.47422790527344
2013-09-02 22:00:00+00:00,183.55059814453125
2013-09-02 23:00:00+00:00,182.6896514892578
2013-09-03 00:00:00+00:00,168.94827270507812
2013-09-03 01:00:00+00:00,183.13674926757812
2013-09-03 02:00:00+00:00,164.4641571044922
2013-09-03 03:00:00+00:00,184.04151916503906
2013-09-03 04:00:00+00:00,176.527587890625
2013-09-03 05:00:00+00:00,172.65516662597656
2013-09-03 06:00:00+00:00,435.8024597167969
2013-09-03 07:00:00+00:00,294.3869934082031
2013-09-03 08:00:00+00:00,309.41680908203125
2013-09-03 09:00:00+00:00,353.0974426269531
2013-09-03 10:00:00+00:00,225.15679931640625
2013-09-03 11:00:00+00:00,362.6940612792969
2013-09-03 12:00:00+00:00,203.48709106445312
2013-09-03 13:00:00+00:00,202.91896057128906
2013-09-03 14:00:00+00:00,829.7019653320312
2013-09-03 15:00:00+00:00,375.3856506347656
2013-09-03 16:00:00+00:00,283.12225341796875
2013-09-03 17:00:00+00:00,338.73028564453125
2013-09-03 18:00:00+00:00,526.8134765625
2013-09-03 19:00:00+00:00,452.6911315917969
2013-09-03 20:00:00+00:00,424.65240478515625
2013-09-03 21:00:00+00:00,317.5900573730469
2013-09-03 22:00:00+00:00,235.1641082763672
2013-09-03 23:00:00+00:00,274.78558349609375
2013-09-04 00:00:00+00:00,274.61407470703125
2013-09-04 01:00:00+00:00,224.05679321289062
2013-09-04 02:00:00+00:00,232.90255737304688
2013-09-04 03:00:00+00:00,234.59246826171875
2013-09-04 04:00:00+00:00,229.06207275390625
2013-09-04 05:00:00+00:00,293.30926513671875
2013-09-04 06:00:00+00:00,640.3031616210938
2013-09-04 07:00:00+00:00,435.6881408691406
2013-09-04 08:00:00+00:00,747.8666381835938
2013-09-04 09:00:00+00:00,480.3427429199219
2013-09-04 10:00:00+00:00,205.03219604492188
2013-09-04 11:00:00+00:00,315.9029541015625
2013-09-04 12:00:00+00:00,587.5393676757812
2013-09-04 13:00:00+00:00,344.71282958984375
2013-09-04 14:00:00+00:00,253.9966278076172
2013-09-04 15:00:00+00:00,225.8293914794922
2013-09-04 16:00:00+00:00,310.7942199707031
2013-09-04 17:00:00+00:00,295.88116455078125
2013-09-04 18:00:00+00:00,356.85980224609375
2013-09-04 19:00:00+00:00,492.95269775390625
2013-09-04 20:00:00+00:00,497.74786376953125
2013-09-04 21:00:00+00:00,471.3466796875
2013-09-04 22:00:00+00:00,517.8410034179688
2013-09-04 23:00:00+00:00,642.9451293945312
2013-09-05 00:00:00+00:00,186.41793823242188
2013-09-05 01:00:00+00:00,180.31134033203125
2013-09-05 02:00:00+00:00,177.3679656982422
2013-09-05 03:00:00+00:00,173.04095458984375
2013-09-05 04:00:00+00:00,186.49571228027344
2013-09-05 05:00:00+00:00,219.96421813964844
2013-09-05 06:00:00+00:00,300.8094482421875
2013-09-05 07:00:00+00:00,338.9654541015625
2013-09-05 08:00:00+00:00,183.83876037597656
2013-09-05 09:00:00+00:00,217.12115478515625
2013-09-05 10:00:00+00:00,200.54745483398438
2013-09-05 11:00:00+00:00,343.7927551269531
2013-09-05 12:00:00+00:00,213.6942596435547
2013-09-05 13:00:00+00:00,330.0519104003906
2013-09-05 14:00:00+00:00,211.59121704101562
2013-09-05 15:00:00+00:00,321.630126953125
2013-09-05 16:00:00+00:00,254.2233428955078
2013-09-05 17:00:00+00:00,442.816162109375
2013-09-05 18:00:00+00:00,410.71453857421875
2013-09-05 19:00:00+00:00,456.5656433105469
2013-09-05 20:00:00+00:00,454.5736083984375
2013-09-05 21:00:00+00:00,257.3828125
2013-09-05 22:00:00+00:00,252.3378448486328
2013-09-05 23:00:00+00:00,225.6807403564453
2013-09-06 00:00:00+00:00,237.634521484375
2013-09-06 01:00:00+00:00,230.88851928710938
2013-09-06 02:00:00+00:00,242.75634765625
2013-09-06 03:00:00+00:00,215.75506591796875
2013-09-06 04:00:00+00:00,235.93728637695312
2013-09-06 05:00:00+00:00,238.51776123046875
2013-09-06 06:00:00+00:00,404.88714599609375
2013-09-06 07:00:00+00:00,411.585205078125
2013-09-06 08:00:00+00:00,382.3905029296875
2013-09-06 09:00:00+00:00,793.8519287109375
2013-09-06 10:00:00+00:00,495.8643493652344
2013-09-06 11:00:00+00:00,322.79864501953125
2013-09-06 12:00:00+00:00,429.0820617675781
2013-09-06 13:00:00+00:00,379.1455078125
2013-09-06 14:00:00+00:00,370.17596435546875
2013-09-06 15:00:00+00:00,406.33673095703125
2013-09-06 16:00:00+00:00,474.83245849609375
2013-09-06 17:00:00+00:00,482.828369140625
2013-09-06 18:00:00+00:00,260.7027587890625
2013-09-06 19:00:00+00:00,358.58160400390625
2013-09-06 20:00:00+00:00,1508.132568359375
2013-09-06 21:00:00+00:00,570.6049194335938
2013-09-06 22:00:00+00:00,206.1017303466797
2013-09-06 23:00:00+00:00,197.71304321289062
2013-09-07 00:00:00+00:00,178.13941955566406
2013-09-07 01:00:00+00:00,227.28668212890625
2013-09-07 02:00:00+00:00,216.3310546875
2013-09-07 03:00:00+00:00,171.2832794189453
2013-09-07 04:00:00+00:00,246.5687255859375
2013-09-07 05:00:00+00:00,494.1945495605469
2013-09-07 06:00:00+00:00,209.3146209716797
2013-09-07 07:00:00+00:00,423.02630615234375
2013-09-07 08:00:00+00:00,296.4586181640625
2013-09-07 09:00:00+00:00,561.221435546875
2013-09-07 10:00:00+00:00,722.6533813476562
2013-09-07 11:00:00+00:00,396.0672607421875
2013-09-07 12:00:00+00:00,329.6883544921875
2013-09-07 13:00:00+00:00,630.4772338867188
2013-09-07 14:00:00+00:00,271.7577819824219
2013-09-07 15:00:00+00:00,174.03436279296875
2013-09-07 16:00:00+00:00,238.6923065185547
2013-09-07 17:00:00+00:00,303.90069580078125
2013-09-07 18:00:00+00:00,302.7996520996094
2013-09-07 19:00:00+00:00,470.4862976074219
2013-09-07 20:00:00+00:00,404.1993103027344
2013-09-07 21:00:00+00:00,406.4745788574219
2013-09-07 22:00:00+00:00,268.5146179199219
2013-09-07 23:00:00+00:00,182.0307159423828
2013-09-08 00:00:00+00:00,186.83192443847656
2013-09-08 01:00:00+00:00,198.24490356445312
2013-09-08 02:00:00+00:00,177.072998046875
2013-09-08 03:00:00+00:00,188.95516967773438
2013-09-08 04:00:00+00:00,196.16183471679688
2013-09-08 05:00:00+00:00,188.1222381591797
2013-09-08 06:00:00+00:00,231.198974609375
2013-09-08 07:00:00+00:00,396.442138671875
2013-09-08 08:00:00+00:00,191.222412109375
2013-09-08 09:00:00+00:00,206.95748901367188
2013-09-08 10:00:00+00:00,339.30035400390625
2013-09-08 11:00:00+00:00,198.2163543701172
2013-09-08 12:00:00+00:00,324.22467041015625
2013-09-08 13:00:00+00:00,458.2336730957031
2013-09-08 14:00:00+00:00,238.46507263183594
2013-09-08 15:00:00+00:00,328.74652099609375
2013-09-08 16:00:00+00:00,211.49916076660156
2013-09-08 17:00:00+00:00,368.1080627441406
2013-09-08 18:00:00+00:00,342.0255432128906
2013-09-08 19:00:00+00:00,407.7291259765625
2013-09-08 20:00:00+00:00,428.3333435058594
2013-09-08 21:00:00+00:00,386.2235412597656
2013-09-08 22:00:00+00:00,256.8559265136719
2013-09-08 23:00:00+00:00,228.37200927734375
2013-09-09 00:00:00+00:00,166.463623046875
2013-09-09 01:00:00+00:00,172.87179565429688
2013-09-09 02:00:00+00:00,190.734130859375
2013-09-09 03:00:00+00:00,180.36158752441406
2013-09-09 04:00:00+00:00,184.9182586669922
2013-09-09 05:00:00+00:00,382.827880859375
2013-09-09 06:00:00+00:00,491.94671630859375
2013-09-09 07:00:00+00:00,228.15225219726562
2013-09-09 08:00:00+00:00,249.16226196289062
2013-09-09 09:00:00+00:00,169.18641662597656
2013-09-09 10:00:00+00:00,179.54086303710938
2013-09-09 11:00:00+00:00,214.0637969970703
2013-09-09 12:00:00+00:00,1056.928466796875
2013-09-09 13:00:00+00:00,1369.091552734375
2013-09-09 14:00:00+00:00,448.0738830566406
2013-09-09 15:00:00+00:00,170.15853881835938
2013-09-09 16:00:00+00:00,304.6108093261719
2013-09-09 17:00:00+00:00,461.9693603515625
2013-09-09 18:00:00+00:00,453.6461486816406
2013-09-09 19:00:00+00:00,539.905517578125
2013-09-09 20:00:00+00:00,504.69549560546875
2013-09-09 21:00:00+00:00,309.25860595703125
2013-09-09 22:00:00+00:00,275.33563232421875
2013-09-09 23:00:00+00:00,261.3531494140625
2013-09-10 00:00:00+00:00,236.0208282470703
2013-09-10 01:00:00+00:00,233.6332244873047
2013-09-10 02:00:00+00:00,222.31478881835938
2013-09-10 03:00:00+00:00,271.0721740722656
2013-09-10 04:00:00+00:00,238.7288360595703
2013-09-10 05:00:00+00:00,238.87046813964844
2013-09-10 06:00:00+00:00,433.03729248046875
2013-09-10 07:00:00+00:00,340.30865478515625
2013-09-10 08:00:00+00:00,325.217529296875
2013-09-10 09:00:00+00:00,361.5526428222656
2013-09-10 10:00:00+00:00,291.7779541015625
2013-09-10 11:00:00+00:00,946.931396484375
2013-09-10 12:00:00+00:00,599.257568359375
2013-09-10 13:00:00+00:00,398.2581787109375
2013-09-10 14:00:00+00:00,755.664306640625
2013-09-10 15:00:00+00:00,505.6776428222656
2013-09-10 16:00:00+00:00,456.6723937988281
2013-09-10 17:00:00+00:00,371.02880859375
2013-09-10 18:00:00+00:00,280.15618896484375
2013-09-10 19:00:00+00:00,480.8743591308594
2013-09-10 20:00:00+00:00,455.8705139160156
2013-09-10 21:00:00+00:00,687.0916748046875
2013-09-10 22:00:00+00:00,848.1045532226562
2013-09-10 23:00:00+00:00,196.89157104492188
2013-09-11 00:00:00+00:00,204.7418212890625
2013-09-11 01:00:00+00:00,169.80862426757812
2013-09-11 02:00:00+00:00,228.78485107421875
2013-09-11 03:00:00+00:00,165.7552032470703
2013-09-11 04:00:00+00:00,162.8097686767578
2013-09-11 05:00:00+00:00,695.3104858398438
2013-09-11 06:00:00+00:00,892.7703247070312
2013-09-11 07:00:00+00:00,253.017333984375
2013-09-11 08:00:00+00:00,269.8814392089844
2013-09-11 09:00:00+00:00,237.89500427246094
2013-09-11 10:00:00+00:00,187.23890686035156
2013-09-11 11:00:00+00:00,224.2119598388672
2013-09-11 12:00:00+00:00,179.68438720703125
2013-09-11 13:00:00+00:00,200.69847106933594
2013-09-11 14:00:00+00:00,174.72882080078125
2013-09-11 15:00:00+00:00,195.59027099609375
2013-09-11 16:00:00+00:00,458.51629638671875
2013-09-11 17:00:00+00:00,363.09368896484375
2013-09-11 18:00:00+00:00,366.6247863769531
2013-09-11 19:00:00+00:00,493.87841796875
2013-09-11 20:00:00+00:00,414.5838928222656
2013-09-11 21:00:00+00:00,346.0784912109375
2013-09-11 22:00:00+00:00,176.6513671875
2013-09-11 23:00:00+00:00,223.39590454101562
2013-09-12 00:00:00+00:00,199.61300659179688
2013-09-12 01:00:00+00:00,190.94329833984375
2013-09-12 02:00:00+00:00,191.93838500976562
2013-09-12 03:00:00+00:00,175.64134216308594
2013-09-12 04:00:00+00:00,187.76922607421875
2013-09-12 05:00:00+00:00,176.99484252929688
2013-09-12 06:00:00+00:00,212.90451049804688
2013-09-12 07:00:00+00:00,262.6219177246094
2013-09-12 08:00:00+00:00,309.26806640625
2013-09-12 09:00:00+00:00,184.90121459960938
2013-09-12 10:00:00+00:00,295.9620666503906
2013-09-12 11:00:00+00:00,235.87542724609375
2013-09-12 12:00:00+00:00,203.7478485107422
2013-09-12 13:00:00+00:00,220.29151916503906
2013-09-12 14:00:00+00:00,200.94691467285156
2013-09-12 15:00:00+00:00,213.70989990234375
2013-09-12 16:00:00+00:00,188.40582275390625
2013-09-12 17:00:00+00:00,195.0253448486328
2013-09-12 18:00:00+00:00,310.9173889160156
2013-09-12 19:00:00+00:00,328.6819763183594
2013-09-12 20:00:00+00:00,411.36053466796875
2013-09-12 21:00:00+00:00,317.6372985839844
2013-09-12 22:00:00+00:00,263.0050964355469
2013-09-12 23:00:00+00:00,231.1794891357422
2013-09-13 00:00:00+00:00,198.11395263671875
2013-09-13 01:00:00+00:00,179.4991455078125
2013-09-13 02:00:00+00:00,195.99151611328125
2013-09-13 03:00:00+00:00,175.4746551513672
2013-09-13 04:00:00+00:00,232.2881317138672
2013-09-13 05:00:00+00:00,198.95213317871094
2013-09-13 06:00:00+00:00,205.7305145263672
2013-09-13 07:00:00+00:00,174.4178009033203
2013-09-13 08:00:00+00:00,332.0330505371094
2013-09-13 09:00:00+00:00,342.5008544921875
2013-09-13 10:00:00+00:00,229.70050048828125
2013-09-13 11:00:00+00:00,197.02418518066406
2013-09-13 12:00:00+00:00,186.68814086914062
2013-09-13 13:00:00+00:00,184.82064819335938
2013-09-13 14:00:00+00:00,193.074951171875
2013-09-13 15:00:00+00:00,180.11073303222656
2013-09-13 16:00:00+00:00,206.84300231933594
2013-09-13 17:00:00+00:00,175.40170288085938
2013-09-13 18:00:00+00:00,195.05982971191406
2013-09-13 19:00:00+00:00,425.3868713378906
2013-09-13 20:00:00+00:00,1727.541259765625
2013-09-13 21:00:00+00:00,749.273681640625
2013-09-13 22:00:00+00:00,196.44387817382812
2013-09-13 23:00:00+00:00,196.44351196289062
2013-09-14 00:00:00+00:00,204.40545654296875
2013-09-14 01:00:00+00:00,181.4837646484375
2013-09-14 02:00:00+00:00,191.97413635253906
2013-09-14 03:00:00+00:00,179.87478637695312
2013-09-14 04:00:00+00:00,188.53460693359375
2013-09-14 05:00:00+00:00,198.36581420898438
2013-09-14 06:00:00+00:00,191.64593505859375
2013-09-14 07:00:00+00:00,435.7549133300781
2013-09-14 08:00:00+00:00,369.2090148925781
2013-09-14 09:00:00+00:00,262.45361328125
2013-09-14 10:00:00+00:00,315.82342529296875
2013-09-14 11:00:00+00:00,511.1397399902344
2013-09-14 12:00:00+00:00,418.40277099609375
2013-09-14 13:00:00+00:00,258.1828918457031
2013-09-14 14:00:00+00:00,227.99484252929688
2013-09-14 15:00:00+00:00,651.112060546875
2013-09-14 16:00:00+00:00,799.619384765625
2013-09-14 17:00:00+00:00,497.3199157714844
2013-09-14 18:00:00+00:00,495.1109313964844
2013-09-14 19:00:00+00:00,500.9454040527344
2013-09-14 20:00:00+00:00,443.01025390625
2013-09-14 21:00:00+00:00,207.4837646484375
2013-09-14 22:00:00+00:00,202.30795288085938
2013-09-14 23:00:00+00:00,203.927001953125
2013-09-15 00:00:00+00:00,206.45408630371094
2013-09-15 01:00:00+00:00,222.5741424560547
2013-09-15 02:00:00+00:00,188.02777099609375
2013-09-15 03:00:00+00:00,185.86941528320312
2013-09-15 04:00:00+00:00,207.44020080566406
2013-09-15 05:00:00+00:00,185.7335662841797
2013-09-15 06:00:00+00:00,212.20069885253906
2013-09-15 07:00:00+00:00,497.34307861328125
2013-09-15 08:00:00+00:00,495.7679748535156
2013-09-15 09:00:00+00:00,705.8156127929688
2013-09-15 10:00:00+00:00,194.23248291015625
2013-09-15 11:00:00+00:00,191.81431579589844
2013-09-15 12:00:00+00:00,180.31228637695312
2013-09-15 13:00:00+00:00,177.25811767578125
2013-09-15 14:00:00+00:00,242.68846130371094
2013-09-15 15:00:00+00:00,344.7795104980469
2013-09-15 16:00:00+00:00,390.3631591796875
2013-09-15 17:00:00+00:00,325.3863220214844
2013-09-15 18:00:00+00:00,486.9622497558594
2013-09-15 19:00:00+00:00,454.6535949707031
2013-09-15 20:00:00+00:00,355.25982666015625
2013-09-15 21:00:00+00:00,185.87796020507812
2013-09-15 22:00:00+00:00,191.1904754638672
2013-09-15 23:00:00+00:00,166.11355590820312
2013-09-16 00:00:00+00:00,181.051025390625
2013-09-16 01:00:00+00:00,166.15924072265625
2013-09-16 02:00:00+00:00,180.13739013671875
2013-09-16 03:00:00+00:00,171.4090118408203
2013-09-16 04:00:00+00:00,176.50344848632812
2013-09-16 05:00:00+00:00,193.90243530273438
2013-09-16 06:00:00+00:00,551.3832397460938
2013-09-16 07:00:00+00:00,321.8336181640625
2013-09-16 08:00:00+00:00,312.93609619140625
2013-09-16 09:00:00+00:00,462.9378356933594
2013-09-16 10:00:00+00:00,715.415771484375
2013-09-16 11:00:00+00:00,452.1140441894531
2013-09-16 12:00:00+00:00,197.6847381591797
2013-09-16 13:00:00+00:00,203.03602600097656
2013-09-16 14:00:00+00:00,190.48109436035156
2013-09-16 15:00:00+00:00,207.36502075195312
2013-09-16 16:00:00+00:00,449.2327575683594
2013-09-16 17:00:00+00:00,271.3184814453125
2013-09-16 18:00:00+00:00,434.2362976074219
2013-09-16 19:00:00+00:00,479.29400634765625
2013-09-16 20:00:00+00:00,286.2637023925781
2013-09-16 21:00:00+00:00,240.3440704345703
2013-09-16 22:00:00+00:00,230.26370239257812
2013-09-16 23:00:00+00:00,226.4622039794922
2013-09-17 00:00:00+00:00,176.7130584716797
2013-09-17 01:00:00+00:00,173.22203063964844
2013-09-17 02:00:00+00:00,187.57659912109375
2013-09-17 03:00:00+00:00,168.52796936035156
2013-09-17 04:00:00+00:00,186.84146118164062
2013-09-17 05:00:00+00:00,174.40631103515625
2013-09-17 06:00:00+00:00,366.3651123046875
2013-09-17 07:00:00+00:00,387.0765075683594
2013-09-17 08:00:00+00:00,300.02777099609375
2013-09-17 09:00:00+00:00,344.3177185058594
2013-09-17 10:00:00+00:00,305.5516662597656
2013-09-17 11:00:00+00:00,328.5903625488281
2013-09-17 12:00:00+00:00,414.1511535644531
2013-09-17 13:00:00+00:00,291.5025939941406
2013-09-17 14:00:00+00:00,339.32470703125
2013-09-17 15:00:00+00:00,317.3155212402344
2013-09-17 16:00:00+00:00,221.14212036132812
2013-09-17 17:00:00+00:00,457.0089111328125
2013-09-17 18:00:00+00:00,204.67413330078125
2013-09-17 19:00:00+00:00,774.354248046875
2013-09-17 20:00:00+00:00,819.8535766601562
2013-09-17 21:00:00+00:00,271.64410400390625
2013-09-17 22:00:00+00:00,197.49481201171875
2013-09-17 23:00:00+00:00,173.54844665527344
2013-09-18 00:00:00+00:00,186.32000732421875
2013-09-18 01:00:00+00:00,182.61013793945312
2013-09-18 02:00:00+00:00,283.8336181640625
2013-09-18 03:00:00+00:00,190.95840454101562
2013-09-18 04:00:00+00:00,166.55535888671875
2013-09-18 05:00:00+00:00,187.8890838623047
2013-09-18 06:00:00+00:00,177.1443634033203
2013-09-18 07:00:00+00:00,503.1791687011719
2013-09-18 08:00:00+00:00,227.44097900390625
2013-09-18 09:00:00+00:00,203.8517303466797
2013-09-18 10:00:00+00:00,215.54086303710938
2013-09-18 11:00:00+00:00,194.12608337402344
2013-09-18 12:00:00+00:00,207.57958984375
2013-09-18 13:00:00+00:00,194.82179260253906
2013-09-18 14:00:00+00:00,195.29217529296875
2013-09-18 15:00:00+00:00,214.99481201171875
2013-09-18 16:00:00+00:00,292.3013916015625
2013-09-18 17:00:00+00:00,1051.81494140625
2013-09-18 18:00:00+00:00,531.0316162109375
2013-09-18 19:00:00+00:00,425.55230712890625
2013-09-18 20:00:00+00:00,449.0589294433594
2013-09-18 21:00:00+00:00,366.0523681640625
2013-09-18 22:00:00+00:00,237.05821228027344
2013-09-18 23:00:00+00:00,213.48876953125
2013-09-19 00:00:00+00:00,168.32872009277344
2013-09-19 01:00:00+00:00,235.0294189453125
2013-09-19 02:00:00+00:00,187.70486450195312
2013-09-19 03:00:00+00:00,167.31423950195312
2013-09-19 04:00:00+00:00,188.60208129882812
2013-09-19 05:00:00+00:00,170.5407257080078
2013-09-19 06:00:00+00:00,191.6458282470703
2013-09-19 07:00:00+00:00,412.7181701660156
2013-09-19 08:00:00+00:00,280.5105285644531
2013-09-19 09:00:00+00:00,199.9408721923828
2013-09-19 10:00:00+00:00,197.15663146972656
2013-09-19 11:00:00+00:00,933.897705078125
2013-09-19 12:00:00+00:00,641.3259887695312
2013-09-19 13:00:00+00:00,1080.8155517578125
2013-09-19 14:00:00+00:00,671.6986083984375
2013-09-19 15:00:00+00:00,236.33563232421875
2013-09-19 16:00:00+00:00,352.29290771484375
2013-09-19 17:00:00+00:00,500.38580322265625
2013-09-19 18:00:00+00:00,258.12109375
2013-09-19 19:00:00+00:00,429.0103759765625
2013-09-19 20:00:00+00:00,418.7940673828125
2013-09-19 21:00:00+00:00,279.4748840332031
2013-09-19 22:00:00+00:00,268.134033203125
2013-09-19 23:00:00+00:00,237.175048828125
2013-09-20 00:00:00+00:00,182.93345642089844
2013-09-20 01:00:00+00:00,169.1306610107422
2013-09-20 02:00:00+00:00,206.8037872314453
2013-09-20 03:00:00+00:00,172.2928924560547
2013-09-20 04:00:00+00:00,180.28152465820312
2013-09-20 05:00:00+00:00,179.68275451660156
2013-09-20 06:00:00+00:00,217.96527099609375
2013-09-20 07:00:00+00:00,495.1070861816406
2013-09-20 08:00:00+00:00,199.15936279296875
2013-09-20 09:00:00+00:00,210.15383911132812
2013-09-20 10:00:00+00:00,321.35589599609375
2013-09-20 11:00:00+00:00,354.2464904785156
2013-09-20 12:00:00+00:00,458.6654968261719
2013-09-20 13:00:00+00:00,398.04827880859375
2013-09-20 14:00:00+00:00,371.6062316894531
2013-09-20 15:00:00+00:00,365.65985107421875
2013-09-20 16:00:00+00:00,219.53379821777344
2013-09-20 17:00:00+00:00,421.0262756347656
2013-09-20 18:00:00+00:00,251.15199279785156
2013-09-20 19:00:00+00:00,606.6528930664062
2013-09-20 20:00:00+00:00,1001.10302734375
2013-09-20 21:00:00+00:00,292.7383728027344
2013-09-20 22:00:00+00:00,648.7034301757812
2013-09-20 23:00:00+00:00,754.2890625
2013-09-21 00:00:00+00:00,231.99655151367188
2013-09-21 01:00:00+00:00,228.13864135742188
2013-09-21 02:00:00+00:00,200.23509216308594
2013-09-21 03:00:00+00:00,183.49740600585938
2013-09-21 04:00:00+00:00,240.37347412109375
2013-09-21 05:00:00+00:00,205.33042907714844
2013-09-21 06:00:00+00:00,301.18408203125
2013-09-21 07:00:00+00:00,468.7549133300781
2013-09-21 08:00:00+00:00,502.554931640625
2013-09-21 09:00:00+00:00,302.5919494628906
2013-09-21 10:00:00+00:00,236.8243408203125
2013-09-21 11:00:00+00:00,317.84429931640625
2013-09-21 12:00:00+00:00,220.42086791992188
2013-09-21 13:00:00+00:00,303.8616943359375
2013-09-21 14:00:00+00:00,313.847900390625
2013-09-21 15:00:00+00:00,443.58465576171875
2013-09-21 16:00:00+00:00,430.2431640625
2013-09-21 17:00:00+00:00,459.4186706542969
2013-09-21 18:00:00+00:00,440.29541015625
2013-09-21 19:00:00+00:00,491.1290283203125
2013-09-21 20:00:00+00:00,474.235595703125
2013-09-21 21:00:00+00:00,449.6988220214844
2013-09-21 22:00:00+00:00,202.21768188476562
2013-09-21 23:00:00+00:00,171.77947998046875
2013-09-22 00:00:00+00:00,184.1863250732422
2013-09-22 01:00:00+00:00,179.25
2013-09-22 02:00:00+00:00,175.6977996826172
2013-09-22 03:00:00+00:00,183.94017028808594
2013-09-22 04:00:00+00:00,170.1606903076172
2013-09-22 05:00:00+00:00,195.21258544921875
2013-09-22 06:00:00+00:00,183.64796447753906
2013-09-22 07:00:00+00:00,409.0086364746094
2013-09-22 08:00:00+00:00,180.4709930419922
2013-09-22 09:00:00+00:00,289.41796875
2013-09-22 10:00:00+00:00,253.62051391601562
2013-09-22 11:00:00+00:00,211.94915771484375
2013-09-22 12:00:00+00:00,214.1846160888672
2013-09-22 13:00:00+00:00,176.544189453125
2013-09-22 14:00:00+00:00,195.7113800048828
2013-09-22 15:00:00+00:00,173.3179473876953
2013-09-22 16:00:00+00:00,194.68994140625
2013-09-22 17:00:00+00:00,459.630859375
2013-09-22 18:00:00+00:00,375.77398681640625
2013-09-22 19:00:00+00:00,454.79010009765625
2013-09-22 20:00:00+00:00,639.4699096679688
2013-09-22 21:00:00+00:00,559.776611328125
2013-09-22 22:00:00+00:00,666.1333618164062
2013-09-22 23:00:00+00:00,186.10617065429688
2013-09-23 00:00:00+00:00,199.100341796875
2013-09-23 01:00:00+00:00,199.37628173828125
2013-09-23 02:00:00+00:00,225.6524658203125
2013-09-23 03:00:00+00:00,223.53741455078125
2013-09-23 04:00:00+00:00,183.48060607910156
2013-09-23 05:00:00+00:00,208.06756591796875
2013-09-23 06:00:00+00:00,211.7542724609375
2013-09-23 07:00:00+00:00,897.9544067382812
2013-09-23 08:00:00+00:00,1275.8516845703125
2013-09-23 09:00:00+00:00,455.5411071777344
2013-09-23 10:00:00+00:00,239.98794555664062
2013-09-23 11:00:00+00:00,257.13043212890625
2013-09-23 12:00:00+00:00,203.10696411132812
2013-09-23 13:00:00+00:00,193.0492401123047
2013-09-23 14:00:00+00:00,217.65650939941406
2013-09-23 15:00:00+00:00,201.337890625
2013-09-23 16:00:00+00:00,1006.2996215820312
2013-09-23 17:00:00+00:00,476.5599365234375
2013-09-23 18:00:00+00:00,236.9080047607422
2013-09-23 19:00:00+00:00,360.5188293457031
2013-09-23 20:00:00+00:00,448.7449035644531
2013-09-23 21:00:00+00:00,296.9350280761719
2013-09-23 22:00:00+00:00,195.44732666015625
2013-09-23 23:00:00+00:00,193.35958862304688
2013-09-24 00:00:00+00:00,192.8600616455078
2013-09-24 01:00:00+00:00,180.10308837890625
2013-09-24 02:00:00+00:00,192.36473083496094
2013-09-24 03:00:00+00:00,176.81207275390625
2013-09-24 04:00:00+00:00,193.39895629882812
2013-09-24 05:00:00+00:00,182.04490661621094
2013-09-24 06:00:00+00:00,206.0034942626953
2013-09-24 07:00:00+00:00,552.8218383789062
2013-09-24 08:00:00+00:00,292.7635803222656
2013-09-24 09:00:00+00:00,257.263427734375
2013-09-24 10:00:00+00:00,212.7564697265625
2013-09-24 11:00:00+00:00,378.86083984375
2013-09-24 12:00:00+00:00,205.34686279296875
2013-09-24 13:00:00+00:00,204.3440704345703
2013-09-24 14:00:00+00:00,205.29180908203125
2013-09-24 15:00:00+00:00,191.94845581054688
2013-09-24 16:00:00+00:00,383.9344787597656
2013-09-24 17:00:00+00:00,284.5256042480469
2013-09-24 18:00:00+00:00,245.8863983154297
2013-09-24 19:00:00+00:00,390.26654052734375
2013-09-24 20:00:00+00:00,344.4302673339844
2013-09-24 21:00:00+00:00,257.8274230957031
2013-09-24 22:00:00+00:00,197.270263671875
2013-09-24 23:00:00+00:00,233.33558654785156
2013-09-25 00:00:00+00:00,180.28668212890625
2013-09-25 01:00:00+00:00,190.45237731933594
2013-09-25 02:00:00+00:00,231.17706298828125
2013-09-25 03:00:00+00:00,178.43869018554688
2013-09-25 04:00:00+00:00,173.85887145996094
2013-09-25 05:00:00+00:00,186.850341796875
2013-09-25 06:00:00+00:00,330.9222717285156
2013-09-25 07:00:00+00:00,245.11473083496094
2013-09-25 08:00:00+00:00,187.12110900878906
2013-09-25 09:00:00+00:00,215.15780639648438
2013-09-25 10:00:00+00:00,196.4559326171875
2013-09-25 11:00:00+00:00,217.97119140625
2013-09-25 12:00:00+00:00,194.9674072265625
2013-09-25 13:00:00+00:00,253.15672302246094
2013-09-25 14:00:00+00:00,223.8175506591797
2013-09-25 15:00:00+00:00,210.87649536132812
2013-09-25 16:00:00+00:00,269.7783508300781
2013-09-25 17:00:00+00:00,1365.343505859375
2013-09-25 18:00:00+00:00,1522.8131103515625
2013-09-25 19:00:00+00:00,763.627197265625
2013-09-25 20:00:00+00:00,480.42034912109375
2013-09-25 21:00:00+00:00,301.8598327636719
2013-09-25 22:00:00+00:00,195.8839569091797
2013-09-25 23:00:00+00:00,180.0646209716797
2013-09-26 00:00:00+00:00,179.0
2013-09-26 01:00:00+00:00,183.2957305908203
2013-09-26 02:00:00+00:00,169.79759216308594
2013-09-26 03:00:00+00:00,183.81646728515625
2013-09-26 04:00:00+00:00,219.7294464111328
2013-09-26 05:00:00+00:00,194.2876434326172
2013-09-26 06:00:00+00:00,185.2724151611328
2013-09-26 07:00:00+00:00,488.1426086425781
2013-09-26 08:00:00+00:00,350.068603515625
2013-09-26 09:00:00+00:00,339.6988220214844
2013-09-26 10:00:00+00:00,259.7040710449219
2013-09-26 11:00:00+00:00,206.86102294921875
2013-09-26 12:00:00+00:00,201.6010284423828
2013-09-26 13:00:00+00:00,194.5238037109375
2013-09-26 14:00:00+00:00,820.584228515625
2013-09-26 15:00:00+00:00,351.7716369628906
2013-09-26 16:00:00+00:00,1650.7630615234375
2013-09-26 17:00:00+00:00,399.7787170410156
2013-09-26 18:00:00+00:00,633.3689575195312
2013-09-26 19:00:00+00:00,957.8203735351562
2013-09-26 20:00:00+00:00,502.3088684082031
2013-09-26 21:00:00+00:00,400.71527099609375
2013-09-26 22:00:00+00:00,674.4913330078125
2013-09-26 23:00:00+00:00,773.3120727539062
2013-09-27 00:00:00+00:00,206.11317443847656
2013-09-27 01:00:00+00:00,189.43389892578125
2013-09-27 02:00:00+00:00,203.58030700683594
2013-09-27 03:00:00+00:00,183.24061584472656
2013-09-27 04:00:00+00:00,201.29342651367188
2013-09-27 05:00:00+00:00,184.93197631835938
2013-09-27 06:00:00+00:00,397.7051696777344
2013-09-27 07:00:00+00:00,223.7670135498047
2013-09-27 08:00:00+00:00,805.4046020507812
2013-09-27 09:00:00+00:00,426.7311706542969
2013-09-27 10:00:00+00:00,851.1151733398438
2013-09-27 11:00:00+00:00,438.56671142578125
2013-09-27 12:00:00+00:00,399.85198974609375
2013-09-27 13:00:00+00:00,455.1241455078125
2013-09-27 14:00:00+00:00,284.85101318359375
2013-09-27 15:00:00+00:00,218.06324768066406
2013-09-27 16:00:00+00:00,359.034912109375
2013-09-27 17:00:00+00:00,470.0226745605469
2013-09-27 18:00:00+00:00,462.42034912109375
2013-09-27 19:00:00+00:00,471.5321960449219
2013-09-27 20:00:00+00:00,372.4619140625
2013-09-27 21:00:00+00:00,258.1486511230469
2013-09-27 22:00:00+00:00,249.90863037109375
2013-09-27 23:00:00+00:00,208.7908172607422
2013-09-28 00:00:00+00:00,204.5836181640625
2013-09-28 01:00:00+00:00,253.04095458984375
2013-09-28 02:00:00+00:00,195.65008544921875
2013-09-28 03:00:00+00:00,168.79251098632812
2013-09-28 04:00:00+00:00,182.97409057617188
2013-09-28 05:00:00+00:00,168.7817840576172
2013-09-28 06:00:00+00:00,199.24020385742188
2013-09-28 07:00:00+00:00,511.63409423828125
2013-09-28 08:00:00+00:00,349.09185791015625
2013-09-28 09:00:00+00:00,234.03236389160156
2013-09-28 10:00:00+00:00,200.17181396484375
2013-09-28 11:00:00+00:00,401.4575500488281
2013-09-28 12:00:00+00:00,194.65528869628906
2013-09-28 13:00:00+00:00,195.16468811035156
2013-09-28 14:00:00+00:00,168.4831085205078
2013-09-28 15:00:00+00:00,224.13845825195312
2013-09-28 16:00:00+00:00,322.2216491699219
2013-09-28 17:00:00+00:00,594.591064453125
2013-09-28 18:00:00+00:00,490.6000061035156
2013-09-28 19:00:00+00:00,406.7903747558594
2013-09-28 20:00:00+00:00,421.6723327636719
2013-09-28 21:00:00+00:00,306.2813415527344
2013-09-28 22:00:00+00:00,188.60137939453125
2013-09-28 23:00:00+00:00,179.54388427734375
2013-09-29 00:00:00+00:00,204.20169067382812
2013-09-29 01:00:00+00:00,218.4463348388672
2013-09-29 02:00:00+00:00,170.0440673828125
2013-09-29 03:00:00+00:00,182.453125
2013-09-29 04:00:00+00:00,169.47512817382812
2013-09-29 05:00:00+00:00,185.65008544921875
2013-09-29 06:00:00+00:00,240.76075744628906
2013-09-29 07:00:00+00:00,303.7375793457031
2013-09-29 08:00:00+00:00,364.715576171875
2013-09-29 09:00:00+00:00,220.7487030029297
2013-09-29 10:00:00+00:00,865.0086669921875
2013-09-29 11:00:00+00:00,1217.4990234375
2013-09-29 12:00:00+00:00,630.0068969726562
2013-09-29 13:00:00+00:00,269.4259033203125
2013-09-29 14:00:00+00:00,648.8441162109375
2013-09-29 15:00:00+00:00,299.9947509765625
2013-09-29 16:00:00+00:00,298.78857421875
2013-09-29 17:00:00+00:00,455.9196472167969
2013-09-29 18:00:00+00:00,745.657958984375
2013-09-29 19:00:00+00:00,458.3396301269531
2013-09-29 20:00:00+00:00,432.41552734375
2013-09-29 21:00:00+00:00,334.9376220703125
2013-09-29 22:00:00+00:00,218.28253173828125
2013-09-29 23:00:00+00:00,191.4320068359375
2013-09-30 00:00:00+00:00,205.759033203125
2013-09-30 01:00:00+00:00,197.0413818359375
2013-09-30 02:00:00+00:00,191.464599609375
2013-09-30 03:00:00+00:00,196.8973846435547
2013-09-30 04:00:00+00:00,184.2965545654297
2013-09-30 05:00:00+00:00,202.5218963623047
2013-09-30 06:00:00+00:00,200.48709106445312
2013-09-30 07:00:00+00:00,463.0182189941406
2013-09-30 08:00:00+00:00,241.8910369873047
2013-09-30 09:00:00+00:00,212.1617431640625
2013-09-30 10:00:00+00:00,681.0230712890625
2013-09-30 11:00:00+00:00,484.3954772949219
2013-09-30 12:00:00+00:00,233.10362243652344
2013-09-30 13:00:00+00:00,207.29421997070312
2013-09-30 14:00:00+00:00,177.54530334472656
2013-09-30 15:00:00+00:00,1716.0399169921875
2013-09-30 16:00:00+00:00,703.8865356445312
2013-09-30 17:00:00+00:00,558.3460083007812
2013-09-30 18:00:00+00:00,495.91522216796875
2013-09-30 19:00:00+00:00,448.001708984375
2013-09-30 20:00:00+00:00,447.75897216796875
2013-09-30 21:00:00+00:00,251.1494903564453
2013-09-30 22:00:00+00:00,260.5459289550781
2013-09-30 23:00:00+00:00,186.91378784179688
2013-10-01 00:00:00+00:00,200.2478485107422
2013-10-01 01:00:00+00:00,180.25430297851562
2013-10-01 02:00:00+00:00,243.12521362304688
2013-10-01 03:00:00+00:00,201.42706298828125
2013-10-01 04:00:00+00:00,202.33160400390625
2013-10-01 05:00:00+00:00,184.3121795654297
2013-10-01 06:00:00+00:00,321.0814208984375
2013-10-01 07:00:00+00:00,507.2572021484375
2013-10-01 08:00:00+00:00,366.00518798828125
2013-10-01 09:00:00+00:00,443.6943054199219
2013-10-01 10:00:00+00:00,949.9415283203125
2013-10-01 11:00:00+00:00,513.2763671875
2013-10-01 12:00:00+00:00,333.5043029785156
2013-10-01 13:00:00+00:00,492.7123107910156
2013-10-01 14:00:00+00:00,337.1675109863281
2013-10-01 15:00:00+00:00,347.15625
2013-10-01 16:00:00+00:00,277.5906066894531
2013-10-01 17:00:00+00:00,402.93475341796875
2013-10-01 18:00:00+00:00,251.86538696289062
2013-10-01 19:00:00+00:00,378.9073486328125
2013-10-01 20:00:00+00:00,383.59893798828125
2013-10-01 21:00:00+00:00,229.01046752929688
2013-10-01 22:00:00+00:00,183.65858459472656
2013-10-01 23:00:00+00:00,195.7609100341797
2013-10-02 00:00:00+00:00,172.37413024902344
2013-10-02 01:00:00+00:00,195.64471435546875
2013-10-02 02:00:00+00:00,222.0729217529297
2013-10-02 03:00:00+00:00,191.98272705078125
2013-10-02 04:00:00+00:00,167.05345153808594
2013-10-02 05:00:00+00:00,186.13816833496094
2013-10-02 06:00:00+00:00,255.0735626220703
2013-10-02 07:00:00+00:00,582.033935546875
2013-10-02 08:00:00+00:00,500.47406005859375
2013-10-02 09:00:00+00:00,582.8870849609375
2013-10-02 10:00:00+00:00,211.3702392578125
2013-10-02 11:00:00+00:00,457.1842041015625
2013-10-02 12:00:00+00:00,200.4776611328125
2013-10-02 13:00:00+00:00,227.99307250976562
2013-10-02 14:00:00+00:00,212.2857208251953
2013-10-02 15:00:00+00:00,216.98275756835938
2013-10-02 16:00:00+00:00,242.726806640625
2013-10-02 17:00:00+00:00,521.6205444335938
2013-10-02 18:00:00+00:00,280.9931335449219
2013-10-02 19:00:00+00:00,437.73638916015625
2013-10-02 20:00:00+00:00,546.216796875
2013-10-02 21:00:00+00:00,265.2389221191406
2013-10-02 22:00:00+00:00,258.5885314941406
2013-10-02 23:00:00+00:00,247.50257873535156
2013-10-03 00:00:00+00:00,206.8600616455078
2013-10-03 01:00:00+00:00,184.9931640625
2013-10-03 02:00:00+00:00,206.4006805419922
2013-10-03 03:00:00+00:00,184.84854125976562
2013-10-03 04:00:00+00:00,204.59689331054688
2013-10-03 05:00:00+00:00,186.67596435546875
2013-10-03 06:00:00+00:00,389.1651916503906
2013-10-03 07:00:00+00:00,234.75259399414062
2013-10-03 08:00:00+00:00,219.8519744873047
2013-10-03 09:00:00+00:00,235.5493927001953
2013-10-03 10:00:00+00:00,270.2815246582031
2013-10-03 11:00:00+00:00,219.9070587158203
2013-10-03 12:00:00+00:00,199.93653869628906
2013-10-03 13:00:00+00:00,213.8216094970703
2013-10-03 14:00:00+00:00,228.46551513671875
2013-10-03 15:00:00+00:00,197.25767517089844
2013-10-03 16:00:00+00:00,440.0171813964844
2013-10-03 17:00:00+00:00,976.3462524414062
2013-10-03 18:00:00+00:00,351.1538391113281
2013-10-03 19:00:00+00:00,496.1510925292969
2013-10-03 20:00:00+00:00,312.17376708984375
2013-10-03 21:00:00+00:00,283.7724914550781
2013-10-03 22:00:00+00:00,249.14309692382812
2013-10-03 23:00:00+00:00,235.21221923828125
2013-10-04 00:00:00+00:00,186.2128448486328
2013-10-04 01:00:00+00:00,206.57725524902344
2013-10-04 02:00:00+00:00,184.40777587890625
2013-10-04 03:00:00+00:00,207.0186767578125
2013-10-04 04:00:00+00:00,212.42007446289062
2013-10-04 05:00:00+00:00,229.7086944580078
2013-10-04 06:00:00+00:00,203.90426635742188
2013-10-04 07:00:00+00:00,478.40069580078125
2013-10-04 08:00:00+00:00,303.2461853027344
2013-10-04 09:00:00+00:00,199.43441772460938
2013-10-04 10:00:00+00:00,194.12158203125
2013-10-04 11:00:00+00:00,325.9811096191406
2013-10-04 12:00:00+00:00,208.59353637695312
2013-10-04 13:00:00+00:00,202.16468811035156
2013-10-04 14:00:00+00:00,195.49575805664062
2013-10-04 15:00:00+00:00,711.5993041992188
2013-10-04 16:00:00+00:00,439.3564147949219
2013-10-04 17:00:00+00:00,295.87841796875
2013-10-04 18:00:00+00:00,228.22486877441406
2013-10-04 19:00:00+00:00,1227.3785400390625
2013-10-04 20:00:00+00:00,676.2461547851562
2013-10-04 21:00:00+00:00,665.4273681640625
2013-10-04 22:00:00+00:00,799.608642578125
2013-10-04 23:00:00+00:00,204.31748962402344
2013-10-05 00:00:00+00:00,191.86441040039062
2013-10-05 01:00:00+00:00,203.52069091796875
2013-10-05 02:00:00+00:00,196.4675750732422
2013-10-05 03:00:00+00:00,191.30508422851562
2013-10-05 04:00:00+00:00,206.25685119628906
2013-10-05 05:00:00+00:00,181.72634887695312
2013-10-05 06:00:00+00:00,411.34783935546875
2013-10-05 07:00:00+00:00,307.5272216796875
2013-10-05 08:00:00+00:00,454.1617431640625
2013-10-05 09:00:00+00:00,1106.5654296875
2013-10-05 10:00:00+00:00,792.9706420898438
2013-10-05 11:00:00+00:00,311.3775939941406
2013-10-05 12:00:00+00:00,203.0068359375
2013-10-05 13:00:00+00:00,177.8096923828125
2013-10-05 14:00:00+00:00,649.4464111328125
2013-10-05 15:00:00+00:00,725.1698608398438
2013-10-05 16:00:00+00:00,439.2100830078125
2013-10-05 17:00:00+00:00,334.4974365234375
2013-10-05 18:00:00+00:00,317.86395263671875
2013-10-05 19:00:00+00:00,355.28546142578125
2013-10-05 20:00:00+00:00,449.6309509277344
2013-10-05 21:00:00+00:00,437.346923828125
2013-10-05 22:00:00+00:00,449.1513671875
2013-10-05 23:00:00+00:00,281.6095886230469
2013-10-06 00:00:00+00:00,286.0559387207031
2013-10-06 01:00:00+00:00,278.4974365234375
2013-10-06 02:00:00+00:00,206.76451110839844
2013-10-06 03:00:00+00:00,186.39389038085938
2013-10-06 04:00:00+00:00,209.48695373535156
2013-10-06 05:00:00+00:00,189.08888244628906
2013-10-06 06:00:00+00:00,280.9965515136719
2013-10-06 07:00:00+00:00,507.7117614746094
2013-10-06 08:00:00+00:00,980.0017700195312
2013-10-06 09:00:00+00:00,1117.044189453125
2013-10-06 10:00:00+00:00,366.67535400390625
2013-10-06 11:00:00+00:00,271.5393981933594
2013-10-06 12:00:00+00:00,275.4376220703125
2013-10-06 13:00:00+00:00,530.779541015625
2013-10-06 14:00:00+00:00,415.8092041015625
2013-10-06 15:00:00+00:00,447.1185607910156
2013-10-06 16:00:00+00:00,273.71673583984375
2013-10-06 17:00:00+00:00,339.62542724609375
2013-10-06 18:00:00+00:00,474.3407287597656
2013-10-06 19:00:00+00:00,423.969482421875
2013-10-06 20:00:00+00:00,425.6061096191406
2013-10-06 21:00:00+00:00,274.927001953125
2013-10-06 22:00:00+00:00,253.78741455078125
2013-10-06 23:00:00+00:00,234.96609497070312
2013-10-07 00:00:00+00:00,182.41397094726562
2013-10-07 01:00:00+00:00,182.4516143798828
2013-10-07 02:00:00+00:00,182.7025604248047
2013-10-07 03:00:00+00:00,181.35194396972656
2013-10-07 04:00:00+00:00,182.399658203125
2013-10-07 05:00:00+00:00,179.70748901367188
2013-10-07 06:00:00+00:00,248.5875244140625
2013-10-07 07:00:00+00:00,432.1077880859375
2013-10-07 08:00:00+00:00,317.65069580078125
2013-10-07 09:00:00+00:00,729.5933227539062
2013-10-07 10:00:00+00:00,518.3934936523438
2013-10-07 11:00:00+00:00,371.4178161621094
2013-10-07 12:00:00+00:00,759.4894409179688
2013-10-07 13:00:00+00:00,323.8683776855469
2013-10-07 14:00:00+00:00,181.61904907226562
2013-10-07 15:00:00+00:00,206.3705596923828
2013-10-07 16:00:00+00:00,386.55499267578125
2013-10-07 17:00:00+00:00,345.0616455078125
2013-10-07 18:00:00+00:00,197.03225708007812
2013-10-07 19:00:00+00:00,814.9757690429688
2013-10-07 20:00:00+00:00,1007.0069580078125
2013-10-07 21:00:00+00:00,247.94198608398438
2013-10-07 22:00:00+00:00,182.2767333984375
2013-10-07 23:00:00+00:00,196.5240478515625
2013-10-08 00:00:00+00:00,181.89761352539062
2013-10-08 01:00:00+00:00,251.99830627441406
2013-10-08 02:00:00+00:00,197.0525360107422
2013-10-08 03:00:00+00:00,198.4169464111328
2013-10-08 04:00:00+00:00,200.365478515625
2013-10-08 05:00:00+00:00,436.4710998535156
2013-10-08 06:00:00+00:00,425.9122314453125
2013-10-08 07:00:00+00:00,398.7340393066406
2013-10-08 08:00:00+00:00,218.667236328125
2013-10-08 09:00:00+00:00,252.4702911376953
2013-10-08 10:00:00+00:00,202.96095275878906
2013-10-08 11:00:00+00:00,263.1052551269531
2013-10-08 12:00:00+00:00,250.2180633544922
2013-10-08 13:00:00+00:00,180.80650329589844
2013-10-08 14:00:00+00:00,279.533447265625
2013-10-08 15:00:00+00:00,264.41851806640625
2013-10-08 16:00:00+00:00,388.03759765625
2013-10-08 17:00:00+00:00,580.06640625
2013-10-08 18:00:00+00:00,372.0754699707031
2013-10-08 19:00:00+00:00,469.7193908691406
2013-10-08 20:00:00+00:00,417.4540710449219
2013-10-08 21:00:00+00:00,295.2419128417969
2013-10-08 22:00:00+00:00,255.18942260742188
2013-10-08 23:00:00+00:00,258.0989685058594
2013-10-09 00:00:00+00:00,252.61129760742188
2013-10-09 01:00:00+00:00,256.27410888671875
2013-10-09 02:00:00+00:00,327.0187683105469
2013-10-09 03:00:00+00:00,267.5762634277344
2013-10-09 04:00:00+00:00,231.60714721679688
2013-10-09 05:00:00+00:00,250.95416259765625
2013-10-09 06:00:00+00:00,264.2040710449219
2013-10-09 07:00:00+00:00,378.6099548339844
2013-10-09 08:00:00+00:00,240.56431579589844
2013-10-09 09:00:00+00:00,173.54173278808594
2013-10-09 10:00:00+00:00,326.619873046875
2013-10-09 11:00:00+00:00,239.15240478515625
2013-10-09 12:00:00+00:00,430.9364318847656
2013-10-09 13:00:00+00:00,472.9611511230469
2013-10-09 14:00:00+00:00,248.5371551513672
2013-10-09 15:00:00+00:00,226.1641082763672
2013-10-09 16:00:00+00:00,531.721435546875
2013-10-09 17:00:00+00:00,1094.1600341796875
2013-10-09 18:00:00+00:00,857.153564453125
2013-10-09 19:00:00+00:00,494.7074890136719
2013-10-09 20:00:00+00:00,446.79998779296875
2013-10-09 21:00:00+00:00,405.6450500488281
2013-10-09 22:00:00+00:00,289.3463439941406
2013-10-09 23:00:00+00:00,260.5321960449219
2013-10-10 00:00:00+00:00,233.75213623046875
2013-10-10 01:00:00+00:00,221.75897216796875
2013-10-10 02:00:00+00:00,288.1563720703125
2013-10-10 03:00:00+00:00,221.33909606933594
2013-10-10 04:00:00+00:00,223.45094299316406
2013-10-10 05:00:00+00:00,306.37261962890625
